Time,WindSpeed_100m_mps,WindDirection_100m_deg,Pressure_Pa,Latitude,Longitude,Temperature,Hour,Day,Month,DayOfYear
2017-01-01 00:00:00+00:00,5.1,48.6,10102.0,21.667046,-157.95213,3079.0,0,1,1,1
2017-01-01 01:00:00+00:00,5.06,48.01,10100.0,21.667046,-157.95213,2904.0,1,1,1,1
2017-01-01 02:00:00+00:00,5.32,45.99,10103.0,21.667046,-157.95213,2663.0,2,1,1,1
2017-01-01 03:00:00+00:00,4.83,49.89,10109.0,21.667046,-157.95213,2387.0,3,1,1,1
2017-01-01 04:00:00+00:00,5.48,46.18,10110.0,21.667046,-157.95213,1641.0,4,1,1,1
2017-01-01 05:00:00+00:00,5.76,60.66,10115.0,21.667046,-157.95213,1648.0,5,1,1,1
2017-01-01 06:00:00+00:00,6.16,53.87,10122.0,21.667046,-157.95213,1470.0,6,1,1,1
2017-01-01 07:00:00+00:00,6.5,47.36,10125.0,21.667046,-157.95213,1452.0,7,1,1,1
2017-01-01 08:00:00+00:00,6.43,46.3,10130.0,21.667046,-157.95213,1377.0,8,1,1,1
2017-01-01 09:00:00+00:00,6.44,47.16,10128.0,21.667046,-157.95213,1330.0,9,1,1,1
2017-01-01 10:00:00+00:00,6.08,47.5,10125.0,21.667046,-157.95213,1579.0,10,1,1,1
2017-01-01 11:00:00+00:00,6.28,49.41,10122.0,21.667046,-157.95213,1549.0,11,1,1,1
2017-01-01 12:00:00+00:00,6.11,50.71,10116.0,21.667046,-157.95213,1477.0,12,1,1,1
2017-01-01 13:00:00+00:00,5.94,62.24,10109.0,21.667046,-157.95213,1218.0,13,1,1,1
2017-01-01 14:00:00+00:00,5.66,58.21,10110.0,21.667046,-157.95213,1251.0,14,1,1,1
2017-01-01 15:00:00+00:00,5.62,57.13,10109.0,21.667046,-157.95213,1456.0,15,1,1,1
2017-01-01 16:00:00+00:00,5.55,52.8,10113.0,21.667046,-157.95213,1269.0,16,1,1,1
2017-01-01 17:00:00+00:00,5.56,50.97,10116.0,21.667046,-157.95213,1185.0,17,1,1,1
2017-01-01 18:00:00+00:00,5.59,65.45,10121.0,21.667046,-157.95213,2116.0,18,1,1,1
2017-01-01 19:00:00+00:00,6.03,60.53,10127.0,21.667046,-157.95213,2160.0,19,1,1,1
2017-01-01 20:00:00+00:00,5.58,55.8,10131.0,21.667046,-157.95213,2616.0,20,1,1,1
2017-01-01 21:00:00+00:00,5.53,56.15,10127.0,21.667046,-157.95213,2895.0,21,1,1,1
2017-01-01 22:00:00+00:00,5.6,55.92,10118.0,21.667046,-157.95213,3095.0,22,1,1,1
2017-01-01 23:00:00+00:00,5.28,62.73,10108.0,21.667046,-157.95213,3110.0,23,1,1,1
2017-01-02 00:00:00+00:00,5.36,62.68,10101.0,21.667046,-157.95213,3055.0,0,2,1,2
2017-01-02 01:00:00+00:00,5.33,56.67,10101.0,21.667046,-157.95213,2891.0,1,2,1,2
2017-01-02 02:00:00+00:00,5.84,55.0,10104.0,21.667046,-157.95213,2595.0,2,2,1,2
2017-01-02 03:00:00+00:00,5.78,58.77,10107.0,21.667046,-157.95213,2373.0,3,2,1,2
2017-01-02 04:00:00+00:00,6.5,53.97,10111.0,21.667046,-157.95213,1893.0,4,2,1,2
2017-01-02 05:00:00+00:00,6.33,62.79,10113.0,21.667046,-157.95213,1814.0,5,2,1,2
2017-01-02 06:00:00+00:00,6.48,63.54,10119.0,21.667046,-157.95213,1463.0,6,2,1,2
2017-01-02 07:00:00+00:00,6.31,67.64,10122.0,21.667046,-157.95213,1419.0,7,2,1,2
2017-01-02 08:00:00+00:00,6.45,70.08,10125.0,21.667046,-157.95213,1447.0,8,2,1,2
2017-01-02 09:00:00+00:00,6.13,62.44,10124.0,21.667046,-157.95213,1463.0,9,2,1,2
2017-01-02 10:00:00+00:00,6.31,61.75,10120.0,21.667046,-157.95213,1913.0,10,2,1,2
2017-01-02 11:00:00+00:00,5.43,59.11,10117.0,21.667046,-157.95213,1762.0,11,2,1,2
2017-01-02 12:00:00+00:00,5.81,53.85,10110.0,21.667046,-157.95213,1892.0,12,2,1,2
2017-01-02 13:00:00+00:00,6.16,49.67,10108.0,21.667046,-157.95213,1768.0,13,2,1,2
2017-01-02 14:00:00+00:00,2.81,54.89,10105.0,21.667046,-157.95213,1791.0,14,2,1,2
2017-01-02 15:00:00+00:00,2.01,135.95,10108.0,21.667046,-157.95213,1897.0,15,2,1,2
2017-01-02 16:00:00+00:00,4.88,49.17,10111.0,21.667046,-157.95213,1922.0,16,2,1,2
2017-01-02 17:00:00+00:00,4.07,57.73,10115.0,21.667046,-157.95213,1809.0,17,2,1,2
2017-01-02 18:00:00+00:00,2.11,163.1,10116.0,21.667046,-157.95213,2080.0,18,2,1,2
2017-01-02 19:00:00+00:00,1.97,144.92,10121.0,21.667046,-157.95213,2389.0,19,2,1,2
2017-01-02 20:00:00+00:00,4.09,77.96,10122.0,21.667046,-157.95213,2692.0,20,2,1,2
2017-01-02 21:00:00+00:00,4.48,76.8,10120.0,21.667046,-157.95213,2844.0,21,2,1,2
2017-01-02 22:00:00+00:00,4.72,69.79,10112.0,21.667046,-157.95213,3041.0,22,2,1,2
2017-01-02 23:00:00+00:00,5.13,61.64,10104.0,21.667046,-157.95213,3084.0,23,2,1,2
2017-01-03 00:00:00+00:00,5.12,52.93,10100.0,21.667046,-157.95213,3042.0,0,3,1,3
2017-01-03 01:00:00+00:00,4.72,46.44,10102.0,21.667046,-157.95213,2891.0,1,3,1,3
2017-01-03 02:00:00+00:00,4.4,40.88,10106.0,21.667046,-157.95213,2639.0,2,3,1,3
2017-01-03 03:00:00+00:00,4.18,38.61,10110.0,21.667046,-157.95213,2411.0,3,3,1,3
2017-01-03 04:00:00+00:00,4.03,41.75,10113.0,21.667046,-157.95213,1735.0,4,3,1,3
2017-01-03 05:00:00+00:00,4.21,48.99,10116.0,21.667046,-157.95213,1660.0,5,3,1,3
2017-01-03 06:00:00+00:00,4.65,49.86,10120.0,21.667046,-157.95213,1434.0,6,3,1,3
2017-01-03 07:00:00+00:00,4.57,57.87,10120.0,21.667046,-157.95213,1436.0,7,3,1,3
2017-01-03 08:00:00+00:00,4.47,69.36,10119.0,21.667046,-157.95213,1424.0,8,3,1,3
2017-01-03 09:00:00+00:00,4.36,75.98,10118.0,21.667046,-157.95213,1426.0,9,3,1,3
2017-01-03 10:00:00+00:00,3.87,75.74,10114.0,21.667046,-157.95213,1401.0,10,3,1,3
2017-01-03 11:00:00+00:00,2.99,79.42,10110.0,21.667046,-157.95213,1409.0,11,3,1,3
2017-01-03 12:00:00+00:00,2.7,82.52,10110.0,21.667046,-157.95213,1395.0,12,3,1,3
2017-01-03 13:00:00+00:00,1.91,83.03,10106.0,21.667046,-157.95213,1479.0,13,3,1,3
2017-01-03 14:00:00+00:00,1.08,69.46,10109.0,21.667046,-157.95213,1524.0,14,3,1,3
2017-01-03 15:00:00+00:00,1.42,73.56,10111.0,21.667046,-157.95213,1459.0,15,3,1,3
2017-01-03 16:00:00+00:00,0.95,57.47,10112.0,21.667046,-157.95213,1638.0,16,3,1,3
2017-01-03 17:00:00+00:00,0.4,169.26,10119.0,21.667046,-157.95213,1742.0,17,3,1,3
2017-01-03 18:00:00+00:00,0.29,329.58,10124.0,21.667046,-157.95213,2081.0,18,3,1,3
2017-01-03 19:00:00+00:00,2.84,35.04,10130.0,21.667046,-157.95213,2535.0,19,3,1,3
2017-01-03 20:00:00+00:00,2.87,38.18,10133.0,21.667046,-157.95213,2855.0,20,3,1,3
2017-01-03 21:00:00+00:00,3.92,50.27,10129.0,21.667046,-157.95213,2974.0,21,3,1,3
2017-01-03 22:00:00+00:00,4.34,44.64,10120.0,21.667046,-157.95213,3099.0,22,3,1,3
2017-01-03 23:00:00+00:00,4.6,39.07,10109.0,21.667046,-157.95213,3122.0,23,3,1,3
2017-01-04 00:00:00+00:00,4.56,41.11,10099.0,21.667046,-157.95213,3093.0,0,4,1,4
2017-01-04 01:00:00+00:00,4.38,46.74,10098.0,21.667046,-157.95213,2955.0,1,4,1,4
2017-01-04 02:00:00+00:00,4.48,46.4,10101.0,21.667046,-157.95213,2718.0,2,4,1,4
2017-01-04 03:00:00+00:00,4.43,51.99,10102.0,21.667046,-157.95213,2379.0,3,4,1,4
2017-01-04 04:00:00+00:00,4.59,58.43,10105.0,21.667046,-157.95213,1534.0,4,4,1,4
2017-01-04 05:00:00+00:00,5.37,58.9,10112.0,21.667046,-157.95213,1488.0,5,4,1,4
2017-01-04 06:00:00+00:00,5.91,67.43,10118.0,21.667046,-157.95213,2023.0,6,4,1,4
2017-01-04 07:00:00+00:00,5.67,77.92,10123.0,21.667046,-157.95213,1511.0,7,4,1,4
2017-01-04 08:00:00+00:00,5.72,77.34,10124.0,21.667046,-157.95213,1468.0,8,4,1,4
2017-01-04 09:00:00+00:00,6.2,88.72,10121.0,21.667046,-157.95213,1476.0,9,4,1,4
2017-01-04 10:00:00+00:00,6.3,104.33,10114.0,21.667046,-157.95213,1491.0,10,4,1,4
2017-01-04 11:00:00+00:00,5.22,100.62,10109.0,21.667046,-157.95213,1453.0,11,4,1,4
2017-01-04 12:00:00+00:00,3.61,122.06,10108.0,21.667046,-157.95213,1733.0,12,4,1,4
2017-01-04 13:00:00+00:00,3.92,145.35,10107.0,21.667046,-157.95213,1678.0,13,4,1,4
2017-01-04 14:00:00+00:00,4.21,105.4,10108.0,21.667046,-157.95213,1924.0,14,4,1,4
2017-01-04 15:00:00+00:00,3.59,117.68,10106.0,21.667046,-157.95213,1656.0,15,4,1,4
2017-01-04 16:00:00+00:00,3.05,140.77,10104.0,21.667046,-157.95213,1898.0,16,4,1,4
2017-01-04 17:00:00+00:00,3.66,92.15,10109.0,21.667046,-157.95213,1880.0,17,4,1,4
2017-01-04 18:00:00+00:00,6.55,61.28,10114.0,21.667046,-157.95213,2061.0,18,4,1,4
2017-01-04 19:00:00+00:00,5.97,75.59,10120.0,21.667046,-157.95213,2279.0,19,4,1,4
2017-01-04 20:00:00+00:00,5.82,77.73,10122.0,21.667046,-157.95213,2452.0,20,4,1,4
2017-01-04 21:00:00+00:00,5.43,89.89,10123.0,21.667046,-157.95213,2462.0,21,4,1,4
2017-01-04 22:00:00+00:00,5.53,70.48,10116.0,21.667046,-157.95213,2403.0,22,4,1,4
2017-01-04 23:00:00+00:00,7.24,69.11,10111.0,21.667046,-157.95213,2716.0,23,4,1,4
2017-01-05 00:00:00+00:00,6.15,51.13,10101.0,21.667046,-157.95213,2794.0,0,5,1,5
2017-01-05 01:00:00+00:00,9.09,51.96,10106.0,21.667046,-157.95213,2497.0,1,5,1,5
2017-01-05 02:00:00+00:00,6.53,54.47,10112.0,21.667046,-157.95213,2402.0,2,5,1,5
2017-01-05 03:00:00+00:00,4.29,42.14,10118.0,21.667046,-157.95213,2014.0,3,5,1,5
2017-01-05 04:00:00+00:00,4.52,54.27,10119.0,21.667046,-157.95213,1940.0,4,5,1,5
2017-01-05 05:00:00+00:00,6.17,69.24,10125.0,21.667046,-157.95213,1939.0,5,5,1,5
2017-01-05 06:00:00+00:00,6.01,53.92,10129.0,21.667046,-157.95213,1890.0,6,5,1,5
2017-01-05 07:00:00+00:00,4.63,68.95,10131.0,21.667046,-157.95213,1905.0,7,5,1,5
2017-01-05 08:00:00+00:00,4.17,93.67,10133.0,21.667046,-157.95213,1872.0,8,5,1,5
2017-01-05 09:00:00+00:00,4.62,135.62,10131.0,21.667046,-157.95213,1783.0,9,5,1,5
2017-01-05 10:00:00+00:00,1.71,147.24,10129.0,21.667046,-157.95213,1727.0,10,5,1,5
2017-01-05 11:00:00+00:00,1.32,76.92,10126.0,21.667046,-157.95213,1633.0,11,5,1,5
2017-01-05 12:00:00+00:00,2.79,150.49,10120.0,21.667046,-157.95213,1734.0,12,5,1,5
2017-01-05 13:00:00+00:00,2.05,153.36,10118.0,21.667046,-157.95213,1756.0,13,5,1,5
2017-01-05 14:00:00+00:00,3.89,18.29,10117.0,21.667046,-157.95213,1797.0,14,5,1,5
2017-01-05 15:00:00+00:00,1.25,68.25,10113.0,21.667046,-157.95213,1727.0,15,5,1,5
2017-01-05 16:00:00+00:00,5.79,23.02,10116.0,21.667046,-157.95213,1686.0,16,5,1,5
2017-01-05 17:00:00+00:00,6.79,20.9,10120.0,21.667046,-157.95213,1868.0,17,5,1,5
2017-01-05 18:00:00+00:00,5.11,21.91,10127.0,21.667046,-157.95213,1954.0,18,5,1,5
2017-01-05 19:00:00+00:00,4.52,27.14,10133.0,21.667046,-157.95213,2183.0,19,5,1,5
2017-01-05 20:00:00+00:00,4.99,17.72,10137.0,21.667046,-157.95213,2255.0,20,5,1,5
2017-01-05 21:00:00+00:00,5.25,11.14,10136.0,21.667046,-157.95213,2340.0,21,5,1,5
2017-01-05 22:00:00+00:00,0.57,101.92,10130.0,21.667046,-157.95213,2204.0,22,5,1,5
2017-01-05 23:00:00+00:00,5.25,20.81,10120.0,21.667046,-157.95213,2746.0,23,5,1,5
2017-01-06 00:00:00+00:00,5.24,24.98,10110.0,21.667046,-157.95213,2312.0,0,6,1,6
2017-01-06 01:00:00+00:00,5.1,5.36,10108.0,21.667046,-157.95213,2671.0,1,6,1,6
2017-01-06 02:00:00+00:00,4.29,12.6,10109.0,21.667046,-157.95213,2549.0,2,6,1,6
2017-01-06 03:00:00+00:00,4.22,12.09,10111.0,21.667046,-157.95213,2372.0,3,6,1,6
2017-01-06 04:00:00+00:00,4.64,9.83,10115.0,21.667046,-157.95213,1416.0,4,6,1,6
2017-01-06 05:00:00+00:00,4.97,9.31,10121.0,21.667046,-157.95213,1389.0,5,6,1,6
2017-01-06 06:00:00+00:00,4.6,16.95,10124.0,21.667046,-157.95213,1342.0,6,6,1,6
2017-01-06 07:00:00+00:00,5.06,12.57,10130.0,21.667046,-157.95213,1400.0,7,6,1,6
2017-01-06 08:00:00+00:00,5.24,15.65,10134.0,21.667046,-157.95213,1333.0,8,6,1,6
2017-01-06 09:00:00+00:00,4.86,21.8,10133.0,21.667046,-157.95213,1296.0,9,6,1,6
2017-01-06 10:00:00+00:00,3.76,45.61,10126.0,21.667046,-157.95213,1254.0,10,6,1,6
2017-01-06 11:00:00+00:00,3.42,41.56,10120.0,21.667046,-157.95213,1342.0,11,6,1,6
2017-01-06 12:00:00+00:00,3.46,12.48,10122.0,21.667046,-157.95213,1221.0,12,6,1,6
2017-01-06 13:00:00+00:00,3.21,11.98,10115.0,21.667046,-157.95213,1317.0,13,6,1,6
2017-01-06 14:00:00+00:00,3.63,356.47,10114.0,21.667046,-157.95213,1686.0,14,6,1,6
2017-01-06 15:00:00+00:00,4.16,8.71,10114.0,21.667046,-157.95213,1164.0,15,6,1,6
2017-01-06 16:00:00+00:00,3.92,1.21,10118.0,21.667046,-157.95213,1258.0,16,6,1,6
2017-01-06 17:00:00+00:00,4.33,9.92,10124.0,21.667046,-157.95213,1199.0,17,6,1,6
2017-01-06 18:00:00+00:00,4.0,27.64,10128.0,21.667046,-157.95213,1977.0,18,6,1,6
2017-01-06 19:00:00+00:00,4.17,13.61,10137.0,21.667046,-157.95213,2509.0,19,6,1,6
2017-01-06 20:00:00+00:00,4.43,12.23,10136.0,21.667046,-157.95213,2776.0,20,6,1,6
2017-01-06 21:00:00+00:00,4.45,7.81,10134.0,21.667046,-157.95213,3011.0,21,6,1,6
2017-01-06 22:00:00+00:00,4.55,14.65,10125.0,21.667046,-157.95213,3098.0,22,6,1,6
2017-01-06 23:00:00+00:00,4.46,7.49,10115.0,21.667046,-157.95213,3127.0,23,6,1,6
2017-01-07 00:00:00+00:00,5.04,359.82,10105.0,21.667046,-157.95213,3043.0,0,7,1,7
2017-01-07 01:00:00+00:00,5.02,354.28,10105.0,21.667046,-157.95213,2889.0,1,7,1,7
2017-01-07 02:00:00+00:00,4.39,4.41,10106.0,21.667046,-157.95213,2623.0,2,7,1,7
2017-01-07 03:00:00+00:00,4.49,349.91,10107.0,21.667046,-157.95213,2359.0,3,7,1,7
2017-01-07 04:00:00+00:00,4.48,332.17,10113.0,21.667046,-157.95213,1412.0,4,7,1,7
2017-01-07 05:00:00+00:00,5.59,349.79,10120.0,21.667046,-157.95213,1887.0,5,7,1,7
2017-01-07 06:00:00+00:00,7.96,356.08,10125.0,21.667046,-157.95213,1492.0,6,7,1,7
2017-01-07 07:00:00+00:00,7.31,4.24,10125.0,21.667046,-157.95213,1606.0,7,7,1,7
2017-01-07 08:00:00+00:00,7.32,3.0,10128.0,21.667046,-157.95213,1354.0,8,7,1,7
2017-01-07 09:00:00+00:00,6.34,9.34,10123.0,21.667046,-157.95213,1664.0,9,7,1,7
2017-01-07 10:00:00+00:00,6.18,9.78,10118.0,21.667046,-157.95213,1278.0,10,7,1,7
2017-01-07 11:00:00+00:00,6.16,1.48,10116.0,21.667046,-157.95213,1295.0,11,7,1,7
2017-01-07 12:00:00+00:00,6.41,358.7,10113.0,21.667046,-157.95213,1294.0,12,7,1,7
2017-01-07 13:00:00+00:00,6.48,359.49,10112.0,21.667046,-157.95213,1442.0,13,7,1,7
2017-01-07 14:00:00+00:00,6.54,2.43,10108.0,21.667046,-157.95213,1334.0,14,7,1,7
2017-01-07 15:00:00+00:00,7.3,356.17,10109.0,21.667046,-157.95213,1424.0,15,7,1,7
2017-01-07 16:00:00+00:00,5.33,9.77,10110.0,21.667046,-157.95213,1276.0,16,7,1,7
2017-01-07 17:00:00+00:00,5.19,8.6,10115.0,21.667046,-157.95213,1768.0,17,7,1,7
2017-01-07 18:00:00+00:00,6.02,23.0,10120.0,21.667046,-157.95213,2056.0,18,7,1,7
2017-01-07 19:00:00+00:00,4.82,28.6,10124.0,21.667046,-157.95213,2476.0,19,7,1,7
2017-01-07 20:00:00+00:00,5.07,33.44,10129.0,21.667046,-157.95213,2663.0,20,7,1,7
2017-01-07 21:00:00+00:00,4.69,40.45,10130.0,21.667046,-157.95213,2898.0,21,7,1,7
2017-01-07 22:00:00+00:00,5.94,54.4,10125.0,21.667046,-157.95213,2668.0,22,7,1,7
2017-01-07 23:00:00+00:00,6.24,29.99,10123.0,21.667046,-157.95213,2394.0,23,7,1,7
2017-01-08 00:00:00+00:00,4.9,41.44,10111.0,21.667046,-157.95213,2365.0,0,8,1,8
2017-01-08 01:00:00+00:00,5.62,36.68,10111.0,21.667046,-157.95213,2634.0,1,8,1,8
2017-01-08 02:00:00+00:00,4.86,40.79,10116.0,21.667046,-157.95213,2500.0,2,8,1,8
2017-01-08 03:00:00+00:00,5.52,38.49,10119.0,21.667046,-157.95213,2264.0,3,8,1,8
2017-01-08 04:00:00+00:00,6.34,50.74,10126.0,21.667046,-157.95213,1999.0,4,8,1,8
2017-01-08 05:00:00+00:00,5.35,36.27,10129.0,21.667046,-157.95213,1319.0,5,8,1,8
2017-01-08 06:00:00+00:00,5.86,43.08,10134.0,21.667046,-157.95213,1858.0,6,8,1,8
2017-01-08 07:00:00+00:00,6.33,51.72,10138.0,21.667046,-157.95213,1946.0,7,8,1,8
2017-01-08 08:00:00+00:00,6.16,44.35,10143.0,21.667046,-157.95213,1296.0,8,8,1,8
2017-01-08 09:00:00+00:00,7.86,51.4,10146.0,21.667046,-157.95213,1792.0,9,8,1,8
2017-01-08 10:00:00+00:00,6.09,58.36,10143.0,21.667046,-157.95213,1293.0,10,8,1,8
2017-01-08 11:00:00+00:00,7.0,62.07,10140.0,21.667046,-157.95213,1934.0,11,8,1,8
2017-01-08 12:00:00+00:00,6.54,73.17,10137.0,21.667046,-157.95213,1673.0,12,8,1,8
2017-01-08 13:00:00+00:00,5.24,77.3,10135.0,21.667046,-157.95213,1163.0,13,8,1,8
2017-01-08 14:00:00+00:00,7.04,76.63,10134.0,21.667046,-157.95213,1812.0,14,8,1,8
2017-01-08 15:00:00+00:00,7.48,82.81,10136.0,21.667046,-157.95213,1884.0,15,8,1,8
2017-01-08 16:00:00+00:00,7.45,88.63,10140.0,21.667046,-157.95213,1572.0,16,8,1,8
2017-01-08 17:00:00+00:00,6.83,95.5,10144.0,21.667046,-157.95213,1184.0,17,8,1,8
2017-01-08 18:00:00+00:00,5.98,80.48,10148.0,21.667046,-157.95213,2112.0,18,8,1,8
2017-01-08 19:00:00+00:00,6.63,86.56,10154.0,21.667046,-157.95213,2532.0,19,8,1,8
2017-01-08 20:00:00+00:00,6.9,93.01,10155.0,21.667046,-157.95213,2765.0,20,8,1,8
2017-01-08 21:00:00+00:00,7.58,91.11,10149.0,21.667046,-157.95213,2937.0,21,8,1,8
2017-01-08 22:00:00+00:00,8.14,95.4,10138.0,21.667046,-157.95213,3011.0,22,8,1,8
2017-01-08 23:00:00+00:00,7.87,106.16,10128.0,21.667046,-157.95213,3089.0,23,8,1,8
2017-01-09 00:00:00+00:00,7.97,108.28,10116.0,21.667046,-157.95213,3008.0,0,9,1,9
2017-01-09 01:00:00+00:00,7.64,115.87,10115.0,21.667046,-157.95213,2888.0,1,9,1,9
2017-01-09 02:00:00+00:00,6.36,111.73,10121.0,21.667046,-157.95213,2671.0,2,9,1,9
2017-01-09 03:00:00+00:00,6.02,115.96,10127.0,21.667046,-157.95213,2414.0,3,9,1,9
2017-01-09 04:00:00+00:00,5.99,118.39,10132.0,21.667046,-157.95213,1567.0,4,9,1,9
2017-01-09 05:00:00+00:00,4.59,136.82,10137.0,21.667046,-157.95213,1593.0,5,9,1,9
2017-01-09 06:00:00+00:00,3.69,137.95,10144.0,21.667046,-157.95213,1615.0,6,9,1,9
2017-01-09 07:00:00+00:00,2.68,141.41,10150.0,21.667046,-157.95213,1626.0,7,9,1,9
2017-01-09 08:00:00+00:00,1.9,142.91,10153.0,21.667046,-157.95213,1655.0,8,9,1,9
2017-01-09 09:00:00+00:00,2.38,150.74,10151.0,21.667046,-157.95213,1607.0,9,9,1,9
2017-01-09 10:00:00+00:00,2.92,150.45,10150.0,21.667046,-157.95213,1610.0,10,9,1,9
2017-01-09 11:00:00+00:00,3.32,152.49,10145.0,21.667046,-157.95213,1593.0,11,9,1,9
2017-01-09 12:00:00+00:00,3.2,148.61,10139.0,21.667046,-157.95213,1566.0,12,9,1,9
2017-01-09 13:00:00+00:00,2.97,143.67,10135.0,21.667046,-157.95213,1564.0,13,9,1,9
2017-01-09 14:00:00+00:00,2.58,142.8,10126.0,21.667046,-157.95213,1570.0,14,9,1,9
2017-01-09 15:00:00+00:00,1.57,147.11,10132.0,21.667046,-157.95213,1592.0,15,9,1,9
2017-01-09 16:00:00+00:00,1.78,149.59,10130.0,21.667046,-157.95213,1782.0,16,9,1,9
2017-01-09 17:00:00+00:00,1.73,151.18,10134.0,21.667046,-157.95213,1729.0,17,9,1,9
2017-01-09 18:00:00+00:00,2.0,148.76,10137.0,21.667046,-157.95213,2222.0,18,9,1,9
2017-01-09 19:00:00+00:00,2.67,131.14,10143.0,21.667046,-157.95213,2471.0,19,9,1,9
2017-01-09 20:00:00+00:00,3.81,118.73,10144.0,21.667046,-157.95213,2828.0,20,9,1,9
2017-01-09 21:00:00+00:00,4.39,113.43,10143.0,21.667046,-157.95213,2879.0,21,9,1,9
2017-01-09 22:00:00+00:00,4.28,110.59,10139.0,21.667046,-157.95213,3045.0,22,9,1,9
2017-01-09 23:00:00+00:00,4.11,101.07,10133.0,21.667046,-157.95213,2930.0,23,9,1,9
2017-01-10 00:00:00+00:00,3.69,76.43,10126.0,21.667046,-157.95213,2964.0,0,10,1,10
2017-01-10 01:00:00+00:00,3.27,73.37,10123.0,21.667046,-157.95213,2923.0,1,10,1,10
2017-01-10 02:00:00+00:00,3.17,81.94,10127.0,21.667046,-157.95213,2663.0,2,10,1,10
2017-01-10 03:00:00+00:00,2.98,101.17,10132.0,21.667046,-157.95213,2510.0,3,10,1,10
2017-01-10 04:00:00+00:00,3.21,117.81,10134.0,21.667046,-157.95213,1830.0,4,10,1,10
2017-01-10 05:00:00+00:00,3.27,145.98,10137.0,21.667046,-157.95213,1989.0,5,10,1,10
2017-01-10 06:00:00+00:00,3.79,141.24,10141.0,21.667046,-157.95213,2006.0,6,10,1,10
2017-01-10 07:00:00+00:00,3.39,137.28,10146.0,21.667046,-157.95213,1894.0,7,10,1,10
2017-01-10 08:00:00+00:00,3.57,134.78,10148.0,21.667046,-157.95213,2118.0,8,10,1,10
2017-01-10 09:00:00+00:00,3.08,143.41,10149.0,21.667046,-157.95213,2109.0,9,10,1,10
2017-01-10 10:00:00+00:00,3.43,132.35,10148.0,21.667046,-157.95213,1987.0,10,10,1,10
2017-01-10 11:00:00+00:00,3.63,135.58,10145.0,21.667046,-157.95213,1799.0,11,10,1,10
2017-01-10 12:00:00+00:00,3.89,132.35,10140.0,21.667046,-157.95213,1750.0,12,10,1,10
2017-01-10 13:00:00+00:00,3.25,152.17,10141.0,21.667046,-157.95213,1724.0,13,10,1,10
2017-01-10 14:00:00+00:00,3.32,145.22,10142.0,21.667046,-157.95213,1730.0,14,10,1,10
2017-01-10 15:00:00+00:00,3.27,148.27,10143.0,21.667046,-157.95213,1728.0,15,10,1,10
2017-01-10 16:00:00+00:00,3.4,137.26,10142.0,21.667046,-157.95213,1698.0,16,10,1,10
2017-01-10 17:00:00+00:00,4.21,147.55,10146.0,21.667046,-157.95213,1731.0,17,10,1,10
2017-01-10 18:00:00+00:00,4.7,142.21,10149.0,21.667046,-157.95213,2263.0,18,10,1,10
2017-01-10 19:00:00+00:00,5.49,110.24,10154.0,21.667046,-157.95213,2584.0,19,10,1,10
2017-01-10 20:00:00+00:00,5.62,102.38,10158.0,21.667046,-157.95213,2723.0,20,10,1,10
2017-01-10 21:00:00+00:00,5.11,107.37,10157.0,21.667046,-157.95213,2559.0,21,10,1,10
2017-01-10 22:00:00+00:00,5.36,109.18,10150.0,21.667046,-157.95213,3052.0,22,10,1,10
2017-01-10 23:00:00+00:00,5.55,107.77,10143.0,21.667046,-157.95213,2708.0,23,10,1,10
2017-01-11 00:00:00+00:00,5.58,105.8,10130.0,21.667046,-157.95213,3054.0,0,11,1,11
2017-01-11 01:00:00+00:00,6.18,102.94,10128.0,21.667046,-157.95213,3047.0,1,11,1,11
2017-01-11 02:00:00+00:00,6.12,108.35,10127.0,21.667046,-157.95213,2590.0,2,11,1,11
2017-01-11 03:00:00+00:00,6.95,117.57,10126.0,21.667046,-157.95213,2448.0,3,11,1,11
2017-01-11 04:00:00+00:00,7.8,119.91,10124.0,21.667046,-157.95213,2117.0,4,11,1,11
2017-01-11 05:00:00+00:00,6.58,133.16,10129.0,21.667046,-157.95213,1860.0,5,11,1,11
2017-01-11 06:00:00+00:00,6.36,138.07,10138.0,21.667046,-157.95213,1845.0,6,11,1,11
2017-01-11 07:00:00+00:00,5.58,148.23,10146.0,21.667046,-157.95213,1849.0,7,11,1,11
2017-01-11 08:00:00+00:00,5.03,147.01,10149.0,21.667046,-157.95213,1814.0,8,11,1,11
2017-01-11 09:00:00+00:00,3.78,150.5,10149.0,21.667046,-157.95213,1797.0,9,11,1,11
2017-01-11 10:00:00+00:00,3.51,149.77,10149.0,21.667046,-157.95213,1832.0,10,11,1,11
2017-01-11 11:00:00+00:00,2.83,142.49,10145.0,21.667046,-157.95213,1818.0,11,11,1,11
2017-01-11 12:00:00+00:00,2.66,148.82,10137.0,21.667046,-157.95213,1799.0,12,11,1,11
2017-01-11 13:00:00+00:00,2.2,142.15,10135.0,21.667046,-157.95213,1871.0,13,11,1,11
2017-01-11 14:00:00+00:00,2.59,142.55,10130.0,21.667046,-157.95213,1731.0,14,11,1,11
2017-01-11 15:00:00+00:00,4.61,140.38,10128.0,21.667046,-157.95213,1695.0,15,11,1,11
2017-01-11 16:00:00+00:00,5.78,140.88,10128.0,21.667046,-157.95213,1699.0,16,11,1,11
2017-01-11 17:00:00+00:00,5.19,135.28,10136.0,21.667046,-157.95213,1720.0,17,11,1,11
2017-01-11 18:00:00+00:00,4.51,132.63,10140.0,21.667046,-157.95213,2245.0,18,11,1,11
2017-01-11 19:00:00+00:00,3.22,130.46,10144.0,21.667046,-157.95213,2756.0,19,11,1,11
2017-01-11 20:00:00+00:00,3.41,112.95,10146.0,21.667046,-157.95213,3057.0,20,11,1,11
2017-01-11 21:00:00+00:00,4.72,114.4,10143.0,21.667046,-157.95213,3207.0,21,11,1,11
2017-01-11 22:00:00+00:00,5.01,116.77,10137.0,21.667046,-157.95213,3310.0,22,11,1,11
2017-01-11 23:00:00+00:00,4.58,93.4,10128.0,21.667046,-157.95213,3299.0,23,11,1,11
2017-01-12 00:00:00+00:00,4.48,49.99,10120.0,21.667046,-157.95213,3336.0,0,12,1,12
2017-01-12 01:00:00+00:00,4.41,35.88,10122.0,21.667046,-157.95213,3177.0,1,12,1,12
2017-01-12 02:00:00+00:00,4.62,40.73,10123.0,21.667046,-157.95213,2951.0,2,12,1,12
2017-01-12 03:00:00+00:00,3.82,22.35,10129.0,21.667046,-157.95213,2692.0,3,12,1,12
2017-01-12 04:00:00+00:00,4.14,36.35,10133.0,21.667046,-157.95213,1984.0,4,12,1,12
2017-01-12 05:00:00+00:00,3.75,48.4,10136.0,21.667046,-157.95213,1997.0,5,12,1,12
2017-01-12 06:00:00+00:00,0.68,307.39,10142.0,21.667046,-157.95213,2022.0,6,12,1,12
2017-01-12 07:00:00+00:00,2.84,223.23,10144.0,21.667046,-157.95213,1994.0,7,12,1,12
2017-01-12 08:00:00+00:00,2.27,138.13,10149.0,21.667046,-157.95213,1905.0,8,12,1,12
2017-01-12 09:00:00+00:00,2.65,140.29,10151.0,21.667046,-157.95213,1842.0,9,12,1,12
2017-01-12 10:00:00+00:00,3.06,141.87,10150.0,21.667046,-157.95213,1813.0,10,12,1,12
2017-01-12 11:00:00+00:00,3.53,142.64,10149.0,21.667046,-157.95213,1878.0,11,12,1,12
2017-01-12 12:00:00+00:00,4.15,139.27,10143.0,21.667046,-157.95213,1853.0,12,12,1,12
2017-01-12 13:00:00+00:00,4.8,140.34,10139.0,21.667046,-157.95213,1860.0,13,12,1,12
2017-01-12 14:00:00+00:00,4.39,148.32,10135.0,21.667046,-157.95213,1862.0,14,12,1,12
2017-01-12 15:00:00+00:00,4.84,149.61,10136.0,21.667046,-157.95213,1904.0,15,12,1,12
2017-01-12 16:00:00+00:00,4.49,147.96,10139.0,21.667046,-157.95213,1877.0,16,12,1,12
2017-01-12 17:00:00+00:00,4.1,142.89,10141.0,21.667046,-157.95213,1875.0,17,12,1,12
2017-01-12 18:00:00+00:00,5.04,145.71,10145.0,21.667046,-157.95213,2338.0,18,12,1,12
2017-01-12 19:00:00+00:00,5.07,130.75,10148.0,21.667046,-157.95213,2746.0,19,12,1,12
2017-01-12 20:00:00+00:00,6.56,125.35,10151.0,21.667046,-157.95213,3057.0,20,12,1,12
2017-01-12 21:00:00+00:00,6.9,122.95,10147.0,21.667046,-157.95213,3240.0,21,12,1,12
2017-01-12 22:00:00+00:00,6.64,114.12,10138.0,21.667046,-157.95213,3393.0,22,12,1,12
2017-01-12 23:00:00+00:00,6.53,113.65,10127.0,21.667046,-157.95213,3411.0,23,12,1,12
2017-01-13 00:00:00+00:00,3.77,102.36,10117.0,21.667046,-157.95213,3389.0,0,13,1,13
2017-01-13 01:00:00+00:00,3.37,111.09,10115.0,21.667046,-157.95213,3226.0,1,13,1,13
2017-01-13 02:00:00+00:00,2.76,114.52,10118.0,21.667046,-157.95213,2807.0,2,13,1,13
2017-01-13 03:00:00+00:00,2.08,116.07,10127.0,21.667046,-157.95213,2659.0,3,13,1,13
2017-01-13 04:00:00+00:00,0.85,111.49,10133.0,21.667046,-157.95213,2050.0,4,13,1,13
2017-01-13 05:00:00+00:00,1.23,317.57,10138.0,21.667046,-157.95213,2190.0,5,13,1,13
2017-01-13 06:00:00+00:00,0.81,315.44,10143.0,21.667046,-157.95213,1999.0,6,13,1,13
2017-01-13 07:00:00+00:00,0.8,344.18,10148.0,21.667046,-157.95213,1992.0,7,13,1,13
2017-01-13 08:00:00+00:00,1.74,74.92,10150.0,21.667046,-157.95213,1850.0,8,13,1,13
2017-01-13 09:00:00+00:00,3.8,123.67,10149.0,21.667046,-157.95213,1925.0,9,13,1,13
2017-01-13 10:00:00+00:00,5.82,132.5,10143.0,21.667046,-157.95213,1955.0,10,13,1,13
2017-01-13 11:00:00+00:00,6.33,137.99,10140.0,21.667046,-157.95213,2080.0,11,13,1,13
2017-01-13 12:00:00+00:00,7.35,142.34,10137.0,21.667046,-157.95213,1933.0,12,13,1,13
2017-01-13 13:00:00+00:00,6.54,135.12,10133.0,21.667046,-157.95213,1930.0,13,13,1,13
2017-01-13 14:00:00+00:00,7.09,126.39,10132.0,21.667046,-157.95213,2112.0,14,13,1,13
2017-01-13 15:00:00+00:00,5.66,121.79,10131.0,21.667046,-157.95213,1752.0,15,13,1,13
2017-01-13 16:00:00+00:00,4.42,139.31,10134.0,21.667046,-157.95213,1870.0,16,13,1,13
2017-01-13 17:00:00+00:00,3.69,149.03,10137.0,21.667046,-157.95213,1838.0,17,13,1,13
2017-01-13 18:00:00+00:00,2.01,203.82,10143.0,21.667046,-157.95213,2266.0,18,13,1,13
2017-01-13 19:00:00+00:00,0.95,199.41,10145.0,21.667046,-157.95213,2751.0,19,13,1,13
2017-01-13 20:00:00+00:00,1.65,79.04,10149.0,21.667046,-157.95213,3136.0,20,13,1,13
2017-01-13 21:00:00+00:00,3.24,94.4,10146.0,21.667046,-157.95213,3295.0,21,13,1,13
2017-01-13 22:00:00+00:00,3.35,82.29,10139.0,21.667046,-157.95213,3246.0,22,13,1,13
2017-01-13 23:00:00+00:00,2.7,64.79,10130.0,21.667046,-157.95213,3086.0,23,13,1,13
2017-01-14 00:00:00+00:00,2.54,24.18,10122.0,21.667046,-157.95213,2685.0,0,14,1,14
2017-01-14 01:00:00+00:00,2.31,10.63,10124.0,21.667046,-157.95213,2604.0,1,14,1,14
2017-01-14 02:00:00+00:00,1.88,49.48,10123.0,21.667046,-157.95213,2626.0,2,14,1,14
2017-01-14 03:00:00+00:00,2.47,78.51,10126.0,21.667046,-157.95213,2521.0,3,14,1,14
2017-01-14 04:00:00+00:00,2.37,89.02,10128.0,21.667046,-157.95213,2164.0,4,14,1,14
2017-01-14 05:00:00+00:00,1.68,48.03,10133.0,21.667046,-157.95213,2154.0,5,14,1,14
2017-01-14 06:00:00+00:00,1.28,38.38,10138.0,21.667046,-157.95213,1977.0,6,14,1,14
2017-01-14 07:00:00+00:00,1.07,80.77,10138.0,21.667046,-157.95213,2064.0,7,14,1,14
2017-01-14 08:00:00+00:00,0.81,123.37,10141.0,21.667046,-157.95213,1876.0,8,14,1,14
2017-01-14 09:00:00+00:00,1.02,165.91,10139.0,21.667046,-157.95213,1850.0,9,14,1,14
2017-01-14 10:00:00+00:00,1.21,156.69,10137.0,21.667046,-157.95213,1826.0,10,14,1,14
2017-01-14 11:00:00+00:00,0.91,170.17,10134.0,21.667046,-157.95213,1766.0,11,14,1,14
2017-01-14 12:00:00+00:00,0.77,194.79,10133.0,21.667046,-157.95213,1750.0,12,14,1,14
2017-01-14 13:00:00+00:00,0.25,271.38,10137.0,21.667046,-157.95213,1744.0,13,14,1,14
2017-01-14 14:00:00+00:00,0.23,40.82,10136.0,21.667046,-157.95213,1790.0,14,14,1,14
2017-01-14 15:00:00+00:00,0.15,194.24,10138.0,21.667046,-157.95213,1740.0,15,14,1,14
2017-01-14 16:00:00+00:00,0.74,130.57,10141.0,21.667046,-157.95213,1746.0,16,14,1,14
2017-01-14 17:00:00+00:00,0.6,135.06,10146.0,21.667046,-157.95213,1711.0,17,14,1,14
2017-01-14 18:00:00+00:00,0.78,130.22,10151.0,21.667046,-157.95213,2281.0,18,14,1,14
2017-01-14 19:00:00+00:00,1.08,84.61,10155.0,21.667046,-157.95213,2878.0,19,14,1,14
2017-01-14 20:00:00+00:00,2.65,60.86,10160.0,21.667046,-157.95213,3145.0,20,14,1,14
2017-01-14 21:00:00+00:00,3.31,46.24,10157.0,21.667046,-157.95213,3318.0,21,14,1,14
2017-01-14 22:00:00+00:00,3.26,47.51,10147.0,21.667046,-157.95213,3431.0,22,14,1,14
2017-01-14 23:00:00+00:00,3.42,42.77,10135.0,21.667046,-157.95213,3435.0,23,14,1,14
2017-01-15 00:00:00+00:00,3.36,42.21,10127.0,21.667046,-157.95213,3341.0,0,15,1,15
2017-01-15 01:00:00+00:00,3.29,51.24,10127.0,21.667046,-157.95213,3081.0,1,15,1,15
2017-01-15 02:00:00+00:00,2.86,50.84,10130.0,21.667046,-157.95213,2866.0,2,15,1,15
2017-01-15 03:00:00+00:00,2.48,41.12,10137.0,21.667046,-157.95213,2623.0,3,15,1,15
2017-01-15 04:00:00+00:00,2.52,59.39,10141.0,21.667046,-157.95213,1888.0,4,15,1,15
2017-01-15 05:00:00+00:00,2.32,81.7,10146.0,21.667046,-157.95213,1844.0,5,15,1,15
2017-01-15 06:00:00+00:00,2.65,124.05,10147.0,21.667046,-157.95213,1928.0,6,15,1,15
2017-01-15 07:00:00+00:00,4.89,109.45,10149.0,21.667046,-157.95213,1743.0,7,15,1,15
2017-01-15 08:00:00+00:00,6.83,112.03,10149.0,21.667046,-157.95213,1934.0,8,15,1,15
2017-01-15 09:00:00+00:00,6.29,128.4,10149.0,21.667046,-157.95213,1982.0,9,15,1,15
2017-01-15 10:00:00+00:00,6.57,121.01,10148.0,21.667046,-157.95213,1946.0,10,15,1,15
2017-01-15 11:00:00+00:00,6.68,114.38,10147.0,21.667046,-157.95213,1747.0,11,15,1,15
2017-01-15 12:00:00+00:00,5.56,112.64,10145.0,21.667046,-157.95213,1696.0,12,15,1,15
2017-01-15 13:00:00+00:00,6.49,102.23,10143.0,21.667046,-157.95213,1798.0,13,15,1,15
2017-01-15 14:00:00+00:00,5.7,102.53,10142.0,21.667046,-157.95213,1779.0,14,15,1,15
2017-01-15 15:00:00+00:00,6.11,114.15,10141.0,21.667046,-157.95213,1800.0,15,15,1,15
2017-01-15 16:00:00+00:00,9.08,102.5,10143.0,21.667046,-157.95213,1960.0,16,15,1,15
2017-01-15 17:00:00+00:00,8.52,106.21,10148.0,21.667046,-157.95213,1910.0,17,15,1,15
2017-01-15 18:00:00+00:00,8.27,109.25,10149.0,21.667046,-157.95213,2304.0,18,15,1,15
2017-01-15 19:00:00+00:00,9.49,119.56,10151.0,21.667046,-157.95213,2678.0,19,15,1,15
2017-01-15 20:00:00+00:00,9.93,118.66,10152.0,21.667046,-157.95213,2904.0,20,15,1,15
2017-01-15 21:00:00+00:00,10.71,125.79,10148.0,21.667046,-157.95213,3147.0,21,15,1,15
2017-01-15 22:00:00+00:00,9.41,121.44,10143.0,21.667046,-157.95213,3183.0,22,15,1,15
2017-01-15 23:00:00+00:00,8.69,121.58,10131.0,21.667046,-157.95213,3280.0,23,15,1,15
2017-01-16 00:00:00+00:00,8.3,116.47,10123.0,21.667046,-157.95213,3286.0,0,16,1,16
2017-01-16 01:00:00+00:00,6.38,120.13,10126.0,21.667046,-157.95213,2766.0,1,16,1,16
2017-01-16 02:00:00+00:00,4.81,114.54,10131.0,21.667046,-157.95213,2667.0,2,16,1,16
2017-01-16 03:00:00+00:00,5.05,108.51,10137.0,21.667046,-157.95213,2601.0,3,16,1,16
2017-01-16 04:00:00+00:00,5.16,111.94,10143.0,21.667046,-157.95213,2170.0,4,16,1,16
2017-01-16 05:00:00+00:00,5.19,112.33,10147.0,21.667046,-157.95213,1754.0,5,16,1,16
2017-01-16 06:00:00+00:00,5.87,111.39,10152.0,21.667046,-157.95213,1739.0,6,16,1,16
2017-01-16 07:00:00+00:00,5.87,105.85,10152.0,21.667046,-157.95213,1698.0,7,16,1,16
2017-01-16 08:00:00+00:00,8.13,112.79,10151.0,21.667046,-157.95213,1777.0,8,16,1,16
2017-01-16 09:00:00+00:00,9.88,118.02,10146.0,21.667046,-157.95213,2053.0,9,16,1,16
2017-01-16 10:00:00+00:00,9.41,113.08,10143.0,21.667046,-157.95213,2033.0,10,16,1,16
2017-01-16 11:00:00+00:00,8.95,100.75,10142.0,21.667046,-157.95213,1949.0,11,16,1,16
2017-01-16 12:00:00+00:00,8.84,103.25,10139.0,21.667046,-157.95213,1992.0,12,16,1,16
2017-01-16 13:00:00+00:00,9.49,104.75,10136.0,21.667046,-157.95213,2115.0,13,16,1,16
2017-01-16 14:00:00+00:00,8.94,106.21,10135.0,21.667046,-157.95213,1942.0,14,16,1,16
2017-01-16 15:00:00+00:00,10.46,93.96,10139.0,21.667046,-157.95213,2192.0,15,16,1,16
2017-01-16 16:00:00+00:00,9.05,115.74,10143.0,21.667046,-157.95213,1987.0,16,16,1,16
2017-01-16 17:00:00+00:00,7.72,105.36,10147.0,21.667046,-157.95213,1762.0,17,16,1,16
2017-01-16 18:00:00+00:00,6.7,108.1,10156.0,21.667046,-157.95213,2212.0,18,16,1,16
2017-01-16 19:00:00+00:00,7.85,105.45,10156.0,21.667046,-157.95213,2660.0,19,16,1,16
2017-01-16 20:00:00+00:00,8.09,110.77,10158.0,21.667046,-157.95213,2827.0,20,16,1,16
2017-01-16 21:00:00+00:00,10.12,108.63,10150.0,21.667046,-157.95213,3054.0,21,16,1,16
2017-01-16 22:00:00+00:00,7.43,105.99,10143.0,21.667046,-157.95213,3264.0,22,16,1,16
2017-01-16 23:00:00+00:00,7.06,117.39,10134.0,21.667046,-157.95213,3309.0,23,16,1,16
2017-01-17 00:00:00+00:00,6.9,107.2,10126.0,21.667046,-157.95213,3266.0,0,17,1,17
2017-01-17 01:00:00+00:00,6.59,110.32,10124.0,21.667046,-157.95213,2924.0,1,17,1,17
2017-01-17 02:00:00+00:00,6.86,102.87,10127.0,21.667046,-157.95213,2916.0,2,17,1,17
2017-01-17 03:00:00+00:00,7.97,94.03,10133.0,21.667046,-157.95213,2571.0,3,17,1,17
2017-01-17 04:00:00+00:00,5.91,92.43,10140.0,21.667046,-157.95213,2291.0,4,17,1,17
2017-01-17 05:00:00+00:00,6.21,79.29,10144.0,21.667046,-157.95213,2100.0,5,17,1,17
2017-01-17 06:00:00+00:00,5.54,80.19,10146.0,21.667046,-157.95213,1730.0,6,17,1,17
2017-01-17 07:00:00+00:00,7.46,90.94,10150.0,21.667046,-157.95213,1992.0,7,17,1,17
2017-01-17 08:00:00+00:00,7.52,93.09,10147.0,21.667046,-157.95213,2244.0,8,17,1,17
2017-01-17 09:00:00+00:00,9.09,94.57,10145.0,21.667046,-157.95213,2096.0,9,17,1,17
2017-01-17 10:00:00+00:00,11.15,101.56,10138.0,21.667046,-157.95213,2179.0,10,17,1,17
2017-01-17 11:00:00+00:00,10.07,112.57,10138.0,21.667046,-157.95213,2195.0,11,17,1,17
2017-01-17 12:00:00+00:00,10.64,109.04,10138.0,21.667046,-157.95213,2141.0,12,17,1,17
2017-01-17 13:00:00+00:00,8.21,108.47,10133.0,21.667046,-157.95213,1889.0,13,17,1,17
2017-01-17 14:00:00+00:00,9.51,126.84,10132.0,21.667046,-157.95213,2070.0,14,17,1,17
2017-01-17 15:00:00+00:00,6.31,120.45,10137.0,21.667046,-157.95213,2080.0,15,17,1,17
2017-01-17 16:00:00+00:00,4.75,100.31,10138.0,21.667046,-157.95213,1766.0,16,17,1,17
2017-01-17 17:00:00+00:00,6.3,87.59,10144.0,21.667046,-157.95213,1858.0,17,17,1,17
2017-01-17 18:00:00+00:00,5.41,107.69,10151.0,21.667046,-157.95213,2186.0,18,17,1,17
2017-01-17 19:00:00+00:00,6.59,85.47,10156.0,21.667046,-157.95213,2559.0,19,17,1,17
2017-01-17 20:00:00+00:00,5.97,103.24,10160.0,21.667046,-157.95213,2956.0,20,17,1,17
2017-01-17 21:00:00+00:00,7.01,80.53,10156.0,21.667046,-157.95213,3040.0,21,17,1,17
2017-01-17 22:00:00+00:00,6.77,89.96,10150.0,21.667046,-157.95213,3013.0,22,17,1,17
2017-01-17 23:00:00+00:00,7.39,87.29,10144.0,21.667046,-157.95213,3327.0,23,17,1,17
2017-01-18 00:00:00+00:00,7.39,86.89,10138.0,21.667046,-157.95213,3221.0,0,18,1,18
2017-01-18 01:00:00+00:00,7.31,88.19,10140.0,21.667046,-157.95213,3092.0,1,18,1,18
2017-01-18 02:00:00+00:00,7.38,93.68,10139.0,21.667046,-157.95213,2878.0,2,18,1,18
2017-01-18 03:00:00+00:00,8.27,82.08,10145.0,21.667046,-157.95213,2540.0,3,18,1,18
2017-01-18 04:00:00+00:00,8.91,98.1,10146.0,21.667046,-157.95213,2189.0,4,18,1,18
2017-01-18 05:00:00+00:00,7.89,93.76,10152.0,21.667046,-157.95213,2262.0,5,18,1,18
2017-01-18 06:00:00+00:00,8.93,103.59,10154.0,21.667046,-157.95213,2219.0,6,18,1,18
2017-01-18 07:00:00+00:00,9.28,101.88,10156.0,21.667046,-157.95213,2293.0,7,18,1,18
2017-01-18 08:00:00+00:00,9.07,93.58,10157.0,21.667046,-157.95213,2190.0,8,18,1,18
2017-01-18 09:00:00+00:00,9.22,96.9,10156.0,21.667046,-157.95213,2131.0,9,18,1,18
2017-01-18 10:00:00+00:00,8.88,88.69,10154.0,21.667046,-157.95213,2104.0,10,18,1,18
2017-01-18 11:00:00+00:00,9.82,96.41,10153.0,21.667046,-157.95213,2238.0,11,18,1,18
2017-01-18 12:00:00+00:00,9.37,99.28,10146.0,21.667046,-157.95213,2186.0,12,18,1,18
2017-01-18 13:00:00+00:00,10.44,81.98,10142.0,21.667046,-157.95213,2267.0,13,18,1,18
2017-01-18 14:00:00+00:00,10.69,87.73,10136.0,21.667046,-157.95213,2168.0,14,18,1,18
2017-01-18 15:00:00+00:00,11.22,85.83,10138.0,21.667046,-157.95213,2210.0,15,18,1,18
2017-01-18 16:00:00+00:00,11.66,80.85,10142.0,21.667046,-157.95213,2228.0,16,18,1,18
2017-01-18 17:00:00+00:00,11.7,91.41,10149.0,21.667046,-157.95213,2211.0,17,18,1,18
2017-01-18 18:00:00+00:00,12.03,94.15,10151.0,21.667046,-157.95213,2416.0,18,18,1,18
2017-01-18 19:00:00+00:00,11.3,106.57,10156.0,21.667046,-157.95213,2346.0,19,18,1,18
2017-01-18 20:00:00+00:00,11.09,107.21,10159.0,21.667046,-157.95213,2810.0,20,18,1,18
2017-01-18 21:00:00+00:00,11.09,102.06,10160.0,21.667046,-157.95213,3016.0,21,18,1,18
2017-01-18 22:00:00+00:00,10.63,107.32,10158.0,21.667046,-157.95213,3212.0,22,18,1,18
2017-01-18 23:00:00+00:00,8.77,101.85,10154.0,21.667046,-157.95213,3068.0,23,18,1,18
2017-01-19 00:00:00+00:00,8.21,100.14,10141.0,21.667046,-157.95213,3028.0,0,19,1,19
2017-01-19 01:00:00+00:00,9.04,97.18,10141.0,21.667046,-157.95213,2812.0,1,19,1,19
2017-01-19 02:00:00+00:00,9.76,102.23,10138.0,21.667046,-157.95213,2833.0,2,19,1,19
2017-01-19 03:00:00+00:00,8.41,110.16,10141.0,21.667046,-157.95213,2616.0,3,19,1,19
2017-01-19 04:00:00+00:00,7.97,111.72,10145.0,21.667046,-157.95213,2146.0,4,19,1,19
2017-01-19 05:00:00+00:00,7.1,112.92,10150.0,21.667046,-157.95213,1700.0,5,19,1,19
2017-01-19 06:00:00+00:00,6.37,100.71,10157.0,21.667046,-157.95213,1655.0,6,19,1,19
2017-01-19 07:00:00+00:00,8.07,89.6,10161.0,21.667046,-157.95213,2179.0,7,19,1,19
2017-01-19 08:00:00+00:00,7.75,83.37,10165.0,21.667046,-157.95213,2169.0,8,19,1,19
2017-01-19 09:00:00+00:00,8.23,87.21,10166.0,21.667046,-157.95213,1947.0,9,19,1,19
2017-01-19 10:00:00+00:00,7.66,89.35,10166.0,21.667046,-157.95213,1707.0,10,19,1,19
2017-01-19 11:00:00+00:00,8.23,87.9,10164.0,21.667046,-157.95213,1982.0,11,19,1,19
2017-01-19 12:00:00+00:00,8.25,88.51,10161.0,21.667046,-157.95213,2029.0,12,19,1,19
2017-01-19 13:00:00+00:00,5.78,93.99,10160.0,21.667046,-157.95213,1781.0,13,19,1,19
2017-01-19 14:00:00+00:00,7.9,96.23,10160.0,21.667046,-157.95213,1803.0,14,19,1,19
2017-01-19 15:00:00+00:00,6.91,80.95,10160.0,21.667046,-157.95213,1776.0,15,19,1,19
2017-01-19 16:00:00+00:00,9.55,93.54,10164.0,21.667046,-157.95213,2083.0,16,19,1,19
2017-01-19 17:00:00+00:00,8.2,81.49,10173.0,21.667046,-157.95213,1971.0,17,19,1,19
2017-01-19 18:00:00+00:00,4.97,90.79,10179.0,21.667046,-157.95213,2240.0,18,19,1,19
2017-01-19 19:00:00+00:00,7.74,108.24,10184.0,21.667046,-157.95213,2235.0,19,19,1,19
2017-01-19 20:00:00+00:00,9.18,92.17,10186.0,21.667046,-157.95213,2589.0,20,19,1,19
2017-01-19 21:00:00+00:00,8.6,93.42,10184.0,21.667046,-157.95213,2761.0,21,19,1,19
2017-01-19 22:00:00+00:00,8.05,98.74,10180.0,21.667046,-157.95213,2855.0,22,19,1,19
2017-01-19 23:00:00+00:00,8.11,94.72,10174.0,21.667046,-157.95213,3261.0,23,19,1,19
2017-01-20 00:00:00+00:00,7.47,97.97,10163.0,21.667046,-157.95213,3135.0,0,20,1,20
2017-01-20 01:00:00+00:00,8.91,98.71,10161.0,21.667046,-157.95213,2912.0,1,20,1,20
2017-01-20 02:00:00+00:00,8.47,98.09,10158.0,21.667046,-157.95213,2723.0,2,20,1,20
2017-01-20 03:00:00+00:00,8.45,91.79,10160.0,21.667046,-157.95213,2528.0,3,20,1,20
2017-01-20 04:00:00+00:00,8.6,97.84,10161.0,21.667046,-157.95213,2171.0,4,20,1,20
2017-01-20 05:00:00+00:00,9.21,101.89,10167.0,21.667046,-157.95213,2109.0,5,20,1,20
2017-01-20 06:00:00+00:00,9.35,103.76,10172.0,21.667046,-157.95213,2056.0,6,20,1,20
2017-01-20 07:00:00+00:00,8.94,100.41,10173.0,21.667046,-157.95213,2101.0,7,20,1,20
2017-01-20 08:00:00+00:00,7.86,100.67,10175.0,21.667046,-157.95213,1985.0,8,20,1,20
2017-01-20 09:00:00+00:00,8.91,100.12,10175.0,21.667046,-157.95213,2048.0,9,20,1,20
2017-01-20 10:00:00+00:00,8.12,100.56,10172.0,21.667046,-157.95213,1907.0,10,20,1,20
2017-01-20 11:00:00+00:00,8.34,97.78,10170.0,21.667046,-157.95213,2143.0,11,20,1,20
2017-01-20 12:00:00+00:00,7.07,117.45,10166.0,21.667046,-157.95213,2101.0,12,20,1,20
2017-01-20 13:00:00+00:00,9.39,115.76,10161.0,21.667046,-157.95213,2021.0,13,20,1,20
2017-01-20 14:00:00+00:00,2.46,121.02,10156.0,21.667046,-157.95213,2022.0,14,20,1,20
2017-01-20 15:00:00+00:00,5.09,129.38,10156.0,21.667046,-157.95213,2104.0,15,20,1,20
2017-01-20 16:00:00+00:00,6.18,96.49,10160.0,21.667046,-157.95213,2099.0,16,20,1,20
2017-01-20 17:00:00+00:00,3.58,62.13,10166.0,21.667046,-157.95213,2033.0,17,20,1,20
2017-01-20 18:00:00+00:00,2.14,36.37,10174.0,21.667046,-157.95213,2185.0,18,20,1,20
2017-01-20 19:00:00+00:00,3.37,192.56,10178.0,21.667046,-157.95213,2182.0,19,20,1,20
2017-01-20 20:00:00+00:00,2.46,256.18,10182.0,21.667046,-157.95213,2159.0,20,20,1,20
2017-01-20 21:00:00+00:00,1.54,59.26,10180.0,21.667046,-157.95213,2578.0,21,20,1,20
2017-01-20 22:00:00+00:00,4.21,43.24,10173.0,21.667046,-157.95213,2929.0,22,20,1,20
2017-01-20 23:00:00+00:00,5.7,28.85,10164.0,21.667046,-157.95213,3150.0,23,20,1,20
2017-01-21 00:00:00+00:00,5.22,30.04,10155.0,21.667046,-157.95213,3195.0,0,21,1,21
2017-01-21 01:00:00+00:00,5.15,32.25,10153.0,21.667046,-157.95213,3029.0,1,21,1,21
2017-01-21 02:00:00+00:00,5.59,28.83,10151.0,21.667046,-157.95213,2716.0,2,21,1,21
2017-01-21 03:00:00+00:00,5.6,24.85,10156.0,21.667046,-157.95213,2535.0,3,21,1,21
2017-01-21 04:00:00+00:00,5.33,21.24,10160.0,21.667046,-157.95213,2031.0,4,21,1,21
2017-01-21 05:00:00+00:00,5.52,25.14,10160.0,21.667046,-157.95213,1605.0,5,21,1,21
2017-01-21 06:00:00+00:00,6.92,26.01,10168.0,21.667046,-157.95213,1666.0,6,21,1,21
2017-01-21 07:00:00+00:00,7.36,16.94,10172.0,21.667046,-157.95213,1654.0,7,21,1,21
2017-01-21 08:00:00+00:00,11.39,30.58,10177.0,21.667046,-157.95213,1912.0,8,21,1,21
2017-01-21 09:00:00+00:00,8.29,27.04,10177.0,21.667046,-157.95213,1655.0,9,21,1,21
2017-01-21 10:00:00+00:00,7.93,33.39,10174.0,21.667046,-157.95213,1745.0,10,21,1,21
2017-01-21 11:00:00+00:00,8.16,34.94,10171.0,21.667046,-157.95213,1805.0,11,21,1,21
2017-01-21 12:00:00+00:00,8.92,38.5,10164.0,21.667046,-157.95213,1925.0,12,21,1,21
2017-01-21 13:00:00+00:00,8.71,38.77,10158.0,21.667046,-157.95213,1919.0,13,21,1,21
2017-01-21 14:00:00+00:00,9.35,37.94,10156.0,21.667046,-157.95213,1942.0,14,21,1,21
2017-01-21 15:00:00+00:00,10.12,36.41,10156.0,21.667046,-157.95213,2001.0,15,21,1,21
2017-01-21 16:00:00+00:00,13.06,48.37,10163.0,21.667046,-157.95213,1964.0,16,21,1,21
2017-01-21 17:00:00+00:00,14.35,50.81,10166.0,21.667046,-157.95213,1957.0,17,21,1,21
2017-01-21 18:00:00+00:00,15.54,52.04,10173.0,21.667046,-157.95213,2056.0,18,21,1,21
2017-01-21 19:00:00+00:00,15.64,52.34,10177.0,21.667046,-157.95213,2042.0,19,21,1,21
2017-01-21 20:00:00+00:00,14.84,52.8,10181.0,21.667046,-157.95213,2407.0,20,21,1,21
2017-01-21 21:00:00+00:00,15.16,50.89,10179.0,21.667046,-157.95213,2565.0,21,21,1,21
2017-01-21 22:00:00+00:00,15.68,48.83,10173.0,21.667046,-157.95213,2817.0,22,21,1,21
2017-01-21 23:00:00+00:00,15.88,51.58,10167.0,21.667046,-157.95213,2875.0,23,21,1,21
2017-01-22 00:00:00+00:00,16.25,52.21,10158.0,21.667046,-157.95213,2865.0,0,22,1,22
2017-01-22 01:00:00+00:00,17.32,51.1,10161.0,21.667046,-157.95213,2742.0,1,22,1,22
2017-01-22 02:00:00+00:00,17.78,53.4,10164.0,21.667046,-157.95213,2524.0,2,22,1,22
2017-01-22 03:00:00+00:00,18.05,53.95,10173.0,21.667046,-157.95213,2323.0,3,22,1,22
2017-01-22 04:00:00+00:00,18.37,55.43,10175.0,21.667046,-157.95213,2064.0,4,22,1,22
2017-01-22 05:00:00+00:00,18.94,58.0,10180.0,21.667046,-157.95213,2003.0,5,22,1,22
2017-01-22 06:00:00+00:00,19.06,58.76,10182.0,21.667046,-157.95213,1992.0,6,22,1,22
2017-01-22 07:00:00+00:00,18.87,63.05,10185.0,21.667046,-157.95213,1983.0,7,22,1,22
2017-01-22 08:00:00+00:00,18.85,65.49,10184.0,21.667046,-157.95213,1966.0,8,22,1,22
2017-01-22 09:00:00+00:00,18.53,70.87,10189.0,21.667046,-157.95213,1959.0,9,22,1,22
2017-01-22 10:00:00+00:00,18.87,72.59,10187.0,21.667046,-157.95213,1951.0,10,22,1,22
2017-01-22 11:00:00+00:00,18.95,75.15,10187.0,21.667046,-157.95213,1947.0,11,22,1,22
2017-01-22 12:00:00+00:00,18.01,78.6,10181.0,21.667046,-157.95213,1944.0,12,22,1,22
2017-01-22 13:00:00+00:00,18.26,79.86,10178.0,21.667046,-157.95213,1941.0,13,22,1,22
2017-01-22 14:00:00+00:00,18.07,79.73,10177.0,21.667046,-157.95213,1940.0,14,22,1,22
2017-01-22 15:00:00+00:00,18.23,80.25,10179.0,21.667046,-157.95213,1936.0,15,22,1,22
2017-01-22 16:00:00+00:00,16.87,81.81,10183.0,21.667046,-157.95213,1945.0,16,22,1,22
2017-01-22 17:00:00+00:00,16.0,82.74,10190.0,21.667046,-157.95213,1947.0,17,22,1,22
2017-01-22 18:00:00+00:00,15.59,86.37,10194.0,21.667046,-157.95213,2142.0,18,22,1,22
2017-01-22 19:00:00+00:00,15.56,86.25,10197.0,21.667046,-157.95213,2367.0,19,22,1,22
2017-01-22 20:00:00+00:00,16.14,84.53,10198.0,21.667046,-157.95213,2475.0,20,22,1,22
2017-01-22 21:00:00+00:00,15.51,87.46,10195.0,21.667046,-157.95213,2650.0,21,22,1,22
2017-01-22 22:00:00+00:00,16.48,88.2,10186.0,21.667046,-157.95213,2705.0,22,22,1,22
2017-01-22 23:00:00+00:00,15.78,92.08,10181.0,21.667046,-157.95213,2674.0,23,22,1,22
2017-01-23 00:00:00+00:00,15.18,91.11,10170.0,21.667046,-157.95213,2297.0,0,23,1,23
2017-01-23 01:00:00+00:00,13.9,93.16,10168.0,21.667046,-157.95213,2461.0,1,23,1,23
2017-01-23 02:00:00+00:00,13.5,93.75,10170.0,21.667046,-157.95213,2472.0,2,23,1,23
2017-01-23 03:00:00+00:00,14.66,93.88,10173.0,21.667046,-157.95213,2327.0,3,23,1,23
2017-01-23 04:00:00+00:00,12.99,95.7,10177.0,21.667046,-157.95213,2180.0,4,23,1,23
2017-01-23 05:00:00+00:00,13.73,96.28,10183.0,21.667046,-157.95213,2098.0,5,23,1,23
2017-01-23 06:00:00+00:00,13.5,98.94,10187.0,21.667046,-157.95213,2107.0,6,23,1,23
2017-01-23 07:00:00+00:00,13.01,96.73,10189.0,21.667046,-157.95213,2180.0,7,23,1,23
2017-01-23 08:00:00+00:00,13.63,101.06,10191.0,21.667046,-157.95213,2161.0,8,23,1,23
2017-01-23 09:00:00+00:00,13.27,108.36,10191.0,21.667046,-157.95213,2187.0,9,23,1,23
2017-01-23 10:00:00+00:00,12.92,111.68,10190.0,21.667046,-157.95213,2181.0,10,23,1,23
2017-01-23 11:00:00+00:00,12.96,113.25,10184.0,21.667046,-157.95213,2112.0,11,23,1,23
2017-01-23 12:00:00+00:00,12.95,113.66,10178.0,21.667046,-157.95213,2060.0,12,23,1,23
2017-01-23 13:00:00+00:00,12.09,112.63,10174.0,21.667046,-157.95213,2050.0,13,23,1,23
2017-01-23 14:00:00+00:00,11.5,112.19,10176.0,21.667046,-157.95213,2035.0,14,23,1,23
2017-01-23 15:00:00+00:00,10.77,111.15,10173.0,21.667046,-157.95213,2027.0,15,23,1,23
2017-01-23 16:00:00+00:00,10.24,111.89,10177.0,21.667046,-157.95213,2011.0,16,23,1,23
2017-01-23 17:00:00+00:00,9.31,105.84,10179.0,21.667046,-157.95213,1954.0,17,23,1,23
2017-01-23 18:00:00+00:00,9.22,106.7,10187.0,21.667046,-157.95213,2241.0,18,23,1,23
2017-01-23 19:00:00+00:00,6.96,108.52,10190.0,21.667046,-157.95213,2018.0,19,23,1,23
2017-01-23 20:00:00+00:00,7.98,113.22,10197.0,21.667046,-157.95213,2316.0,20,23,1,23
2017-01-23 21:00:00+00:00,8.28,113.27,10193.0,21.667046,-157.95213,2594.0,21,23,1,23
2017-01-23 22:00:00+00:00,8.82,114.1,10184.0,21.667046,-157.95213,2766.0,22,23,1,23
2017-01-23 23:00:00+00:00,8.05,106.8,10176.0,21.667046,-157.95213,3047.0,23,23,1,23
2017-01-24 00:00:00+00:00,8.99,105.97,10165.0,21.667046,-157.95213,2788.0,0,24,1,24
2017-01-24 01:00:00+00:00,8.29,108.7,10163.0,21.667046,-157.95213,2442.0,1,24,1,24
2017-01-24 02:00:00+00:00,8.59,107.57,10162.0,21.667046,-157.95213,2634.0,2,24,1,24
2017-01-24 03:00:00+00:00,7.58,105.7,10166.0,21.667046,-157.95213,2286.0,3,24,1,24
2017-01-24 04:00:00+00:00,8.67,100.6,10166.0,21.667046,-157.95213,2215.0,4,24,1,24
2017-01-24 05:00:00+00:00,8.29,103.61,10172.0,21.667046,-157.95213,2215.0,5,24,1,24
2017-01-24 06:00:00+00:00,9.49,102.08,10175.0,21.667046,-157.95213,2157.0,6,24,1,24
2017-01-24 07:00:00+00:00,9.7,105.03,10177.0,21.667046,-157.95213,2198.0,7,24,1,24
2017-01-24 08:00:00+00:00,9.62,105.16,10176.0,21.667046,-157.95213,2105.0,8,24,1,24
2017-01-24 09:00:00+00:00,9.38,103.41,10174.0,21.667046,-157.95213,2100.0,9,24,1,24
2017-01-24 10:00:00+00:00,8.11,105.33,10173.0,21.667046,-157.95213,2077.0,10,24,1,24
2017-01-24 11:00:00+00:00,9.22,113.46,10167.0,21.667046,-157.95213,2103.0,11,24,1,24
2017-01-24 12:00:00+00:00,8.05,114.22,10162.0,21.667046,-157.95213,2108.0,12,24,1,24
2017-01-24 13:00:00+00:00,8.6,119.11,10161.0,21.667046,-157.95213,2047.0,13,24,1,24
2017-01-24 14:00:00+00:00,6.6,105.18,10156.0,21.667046,-157.95213,1999.0,14,24,1,24
2017-01-24 15:00:00+00:00,8.11,103.8,10155.0,21.667046,-157.95213,2021.0,15,24,1,24
2017-01-24 16:00:00+00:00,7.81,109.92,10156.0,21.667046,-157.95213,1939.0,16,24,1,24
2017-01-24 17:00:00+00:00,8.1,111.62,10160.0,21.667046,-157.95213,1917.0,17,24,1,24
2017-01-24 18:00:00+00:00,7.29,102.56,10164.0,21.667046,-157.95213,2136.0,18,24,1,24
2017-01-24 19:00:00+00:00,6.45,94.98,10168.0,21.667046,-157.95213,2377.0,19,24,1,24
2017-01-24 20:00:00+00:00,5.6,75.75,10175.0,21.667046,-157.95213,2252.0,20,24,1,24
2017-01-24 21:00:00+00:00,4.49,11.02,10181.0,21.667046,-157.95213,1970.0,21,24,1,24
2017-01-24 22:00:00+00:00,6.31,32.73,10166.0,21.667046,-157.95213,2549.0,22,24,1,24
2017-01-24 23:00:00+00:00,6.39,70.74,10163.0,21.667046,-157.95213,2469.0,23,24,1,24
2017-01-25 00:00:00+00:00,7.1,72.12,10151.0,21.667046,-157.95213,2672.0,0,25,1,25
2017-01-25 01:00:00+00:00,8.09,70.69,10149.0,21.667046,-157.95213,2783.0,1,25,1,25
2017-01-25 02:00:00+00:00,10.55,84.81,10146.0,21.667046,-157.95213,2234.0,2,25,1,25
2017-01-25 03:00:00+00:00,8.02,74.35,10149.0,21.667046,-157.95213,2510.0,3,25,1,25
2017-01-25 04:00:00+00:00,10.06,67.01,10153.0,21.667046,-157.95213,2221.0,4,25,1,25
2017-01-25 05:00:00+00:00,8.96,69.86,10159.0,21.667046,-157.95213,2063.0,5,25,1,25
2017-01-25 06:00:00+00:00,9.53,72.87,10164.0,21.667046,-157.95213,2041.0,6,25,1,25
2017-01-25 07:00:00+00:00,10.23,77.73,10164.0,21.667046,-157.95213,2072.0,7,25,1,25
2017-01-25 08:00:00+00:00,9.76,75.98,10168.0,21.667046,-157.95213,2066.0,8,25,1,25
2017-01-25 09:00:00+00:00,9.5,71.68,10168.0,21.667046,-157.95213,2027.0,9,25,1,25
2017-01-25 10:00:00+00:00,9.67,72.41,10169.0,21.667046,-157.95213,2048.0,10,25,1,25
2017-01-25 11:00:00+00:00,9.05,68.91,10169.0,21.667046,-157.95213,2003.0,11,25,1,25
2017-01-25 12:00:00+00:00,9.07,75.25,10162.0,21.667046,-157.95213,2041.0,12,25,1,25
2017-01-25 13:00:00+00:00,9.47,72.8,10159.0,21.667046,-157.95213,2009.0,13,25,1,25
2017-01-25 14:00:00+00:00,9.37,73.28,10153.0,21.667046,-157.95213,1997.0,14,25,1,25
2017-01-25 15:00:00+00:00,9.44,74.54,10155.0,21.667046,-157.95213,1996.0,15,25,1,25
2017-01-25 16:00:00+00:00,8.74,74.83,10155.0,21.667046,-157.95213,1966.0,16,25,1,25
2017-01-25 17:00:00+00:00,9.1,80.21,10158.0,21.667046,-157.95213,1949.0,17,25,1,25
2017-01-25 18:00:00+00:00,9.82,76.12,10161.0,21.667046,-157.95213,2297.0,18,25,1,25
2017-01-25 19:00:00+00:00,10.54,77.27,10165.0,21.667046,-157.95213,2537.0,19,25,1,25
2017-01-25 20:00:00+00:00,10.88,81.99,10166.0,21.667046,-157.95213,2741.0,20,25,1,25
2017-01-25 21:00:00+00:00,10.83,86.13,10163.0,21.667046,-157.95213,2946.0,21,25,1,25
2017-01-25 22:00:00+00:00,10.64,82.87,10158.0,21.667046,-157.95213,3000.0,22,25,1,25
2017-01-25 23:00:00+00:00,10.64,86.44,10151.0,21.667046,-157.95213,3119.0,23,25,1,25
2017-01-26 00:00:00+00:00,10.91,90.45,10137.0,21.667046,-157.95213,2932.0,0,26,1,26
2017-01-26 01:00:00+00:00,9.98,93.69,10137.0,21.667046,-157.95213,2877.0,1,26,1,26
2017-01-26 02:00:00+00:00,9.98,94.23,10136.0,21.667046,-157.95213,2686.0,2,26,1,26
2017-01-26 03:00:00+00:00,10.09,92.84,10141.0,21.667046,-157.95213,2500.0,3,26,1,26
2017-01-26 04:00:00+00:00,10.02,93.44,10144.0,21.667046,-157.95213,2189.0,4,26,1,26
2017-01-26 05:00:00+00:00,9.66,90.67,10149.0,21.667046,-157.95213,2042.0,5,26,1,26
2017-01-26 06:00:00+00:00,10.64,87.98,10155.0,21.667046,-157.95213,2074.0,6,26,1,26
2017-01-26 07:00:00+00:00,11.09,91.51,10158.0,21.667046,-157.95213,2056.0,7,26,1,26
2017-01-26 08:00:00+00:00,11.11,89.35,10159.0,21.667046,-157.95213,2051.0,8,26,1,26
2017-01-26 09:00:00+00:00,11.92,86.49,10158.0,21.667046,-157.95213,2078.0,9,26,1,26
2017-01-26 10:00:00+00:00,12.28,84.28,10158.0,21.667046,-157.95213,2067.0,10,26,1,26
2017-01-26 11:00:00+00:00,11.68,81.6,10155.0,21.667046,-157.95213,2050.0,11,26,1,26
2017-01-26 12:00:00+00:00,12.04,83.08,10151.0,21.667046,-157.95213,2064.0,12,26,1,26
2017-01-26 13:00:00+00:00,11.52,82.99,10147.0,21.667046,-157.95213,2044.0,13,26,1,26
2017-01-26 14:00:00+00:00,11.57,89.49,10143.0,21.667046,-157.95213,2042.0,14,26,1,26
2017-01-26 15:00:00+00:00,10.46,84.22,10145.0,21.667046,-157.95213,2030.0,15,26,1,26
2017-01-26 16:00:00+00:00,10.81,94.97,10147.0,21.667046,-157.95213,1992.0,16,26,1,26
2017-01-26 17:00:00+00:00,10.96,89.67,10152.0,21.667046,-157.95213,2006.0,17,26,1,26
2017-01-26 18:00:00+00:00,8.71,94.48,10155.0,21.667046,-157.95213,2178.0,18,26,1,26
2017-01-26 19:00:00+00:00,10.18,94.55,10161.0,21.667046,-157.95213,2619.0,19,26,1,26
2017-01-26 20:00:00+00:00,10.24,102.84,10165.0,21.667046,-157.95213,2796.0,20,26,1,26
2017-01-26 21:00:00+00:00,9.89,109.69,10162.0,21.667046,-157.95213,3011.0,21,26,1,26
2017-01-26 22:00:00+00:00,7.85,107.08,10157.0,21.667046,-157.95213,3192.0,22,26,1,26
2017-01-26 23:00:00+00:00,6.83,100.06,10149.0,21.667046,-157.95213,3169.0,23,26,1,26
2017-01-27 00:00:00+00:00,6.23,100.47,10142.0,21.667046,-157.95213,3237.0,0,27,1,27
2017-01-27 01:00:00+00:00,5.28,96.92,10139.0,21.667046,-157.95213,3111.0,1,27,1,27
2017-01-27 02:00:00+00:00,5.33,95.68,10140.0,21.667046,-157.95213,2783.0,2,27,1,27
2017-01-27 03:00:00+00:00,4.59,88.58,10143.0,21.667046,-157.95213,2580.0,3,27,1,27
2017-01-27 04:00:00+00:00,4.72,99.03,10147.0,21.667046,-157.95213,2045.0,4,27,1,27
2017-01-27 05:00:00+00:00,4.06,108.22,10151.0,21.667046,-157.95213,1759.0,5,27,1,27
2017-01-27 06:00:00+00:00,4.54,103.88,10154.0,21.667046,-157.95213,1609.0,6,27,1,27
2017-01-27 07:00:00+00:00,3.84,106.52,10156.0,21.667046,-157.95213,1578.0,7,27,1,27
2017-01-27 08:00:00+00:00,5.69,91.79,10159.0,21.667046,-157.95213,1594.0,8,27,1,27
2017-01-27 09:00:00+00:00,4.37,80.32,10160.0,21.667046,-157.95213,1593.0,9,27,1,27
2017-01-27 10:00:00+00:00,5.4,68.71,10160.0,21.667046,-157.95213,1646.0,10,27,1,27
2017-01-27 11:00:00+00:00,5.62,76.53,10158.0,21.667046,-157.95213,1536.0,11,27,1,27
2017-01-27 12:00:00+00:00,5.8,67.16,10152.0,21.667046,-157.95213,1462.0,12,27,1,27
2017-01-27 13:00:00+00:00,5.47,70.39,10147.0,21.667046,-157.95213,1438.0,13,27,1,27
2017-01-27 14:00:00+00:00,6.67,65.69,10144.0,21.667046,-157.95213,1506.0,14,27,1,27
2017-01-27 15:00:00+00:00,6.42,76.84,10145.0,21.667046,-157.95213,1440.0,15,27,1,27
2017-01-27 16:00:00+00:00,6.45,77.89,10146.0,21.667046,-157.95213,1456.0,16,27,1,27
2017-01-27 17:00:00+00:00,6.44,86.03,10147.0,21.667046,-157.95213,1442.0,17,27,1,27
2017-01-27 18:00:00+00:00,7.53,88.96,10151.0,21.667046,-157.95213,2163.0,18,27,1,27
2017-01-27 19:00:00+00:00,7.67,91.1,10156.0,21.667046,-157.95213,2465.0,19,27,1,27
2017-01-27 20:00:00+00:00,6.68,118.23,10160.0,21.667046,-157.95213,2630.0,20,27,1,27
2017-01-27 21:00:00+00:00,7.61,96.66,10161.0,21.667046,-157.95213,2961.0,21,27,1,27
2017-01-27 22:00:00+00:00,6.79,98.9,10154.0,21.667046,-157.95213,2926.0,22,27,1,27
2017-01-27 23:00:00+00:00,5.76,106.89,10146.0,21.667046,-157.95213,3206.0,23,27,1,27
2017-01-28 00:00:00+00:00,5.83,100.05,10137.0,21.667046,-157.95213,3124.0,0,28,1,28
2017-01-28 01:00:00+00:00,5.09,94.33,10137.0,21.667046,-157.95213,3045.0,1,28,1,28
2017-01-28 02:00:00+00:00,4.89,88.04,10135.0,21.667046,-157.95213,2835.0,2,28,1,28
2017-01-28 03:00:00+00:00,4.32,87.31,10139.0,21.667046,-157.95213,2507.0,3,28,1,28
2017-01-28 04:00:00+00:00,4.47,73.56,10140.0,21.667046,-157.95213,1957.0,4,28,1,28
2017-01-28 05:00:00+00:00,4.48,78.3,10145.0,21.667046,-157.95213,1531.0,5,28,1,28
2017-01-28 06:00:00+00:00,3.94,84.31,10149.0,21.667046,-157.95213,1527.0,6,28,1,28
2017-01-28 07:00:00+00:00,3.66,63.27,10153.0,21.667046,-157.95213,1499.0,7,28,1,28
2017-01-28 08:00:00+00:00,4.27,56.24,10156.0,21.667046,-157.95213,1478.0,8,28,1,28
2017-01-28 09:00:00+00:00,5.15,51.5,10154.0,21.667046,-157.95213,1774.0,9,28,1,28
2017-01-28 10:00:00+00:00,5.33,71.62,10154.0,21.667046,-157.95213,1645.0,10,28,1,28
2017-01-28 11:00:00+00:00,6.09,52.41,10152.0,21.667046,-157.95213,1491.0,11,28,1,28
2017-01-28 12:00:00+00:00,4.09,85.51,10141.0,21.667046,-157.95213,1933.0,12,28,1,28
2017-01-28 13:00:00+00:00,4.66,69.78,10137.0,21.667046,-157.95213,1468.0,13,28,1,28
2017-01-28 14:00:00+00:00,5.01,53.51,10135.0,21.667046,-157.95213,1459.0,14,28,1,28
2017-01-28 15:00:00+00:00,4.27,54.14,10134.0,21.667046,-157.95213,1456.0,15,28,1,28
2017-01-28 16:00:00+00:00,4.63,46.29,10136.0,21.667046,-157.95213,1374.0,16,28,1,28
2017-01-28 17:00:00+00:00,4.16,42.9,10140.0,21.667046,-157.95213,1439.0,17,28,1,28
2017-01-28 18:00:00+00:00,3.13,56.64,10142.0,21.667046,-157.95213,2148.0,18,28,1,28
2017-01-28 19:00:00+00:00,3.96,55.77,10146.0,21.667046,-157.95213,2607.0,19,28,1,28
2017-01-28 20:00:00+00:00,4.23,53.08,10151.0,21.667046,-157.95213,2838.0,20,28,1,28
2017-01-28 21:00:00+00:00,4.43,51.03,10148.0,21.667046,-157.95213,3034.0,21,28,1,28
2017-01-28 22:00:00+00:00,4.38,54.07,10143.0,21.667046,-157.95213,3196.0,22,28,1,28
2017-01-28 23:00:00+00:00,4.46,53.09,10136.0,21.667046,-157.95213,3212.0,23,28,1,28
2017-01-29 00:00:00+00:00,4.57,40.81,10127.0,21.667046,-157.95213,3133.0,0,29,1,29
2017-01-29 01:00:00+00:00,4.88,26.71,10129.0,21.667046,-157.95213,2936.0,1,29,1,29
2017-01-29 02:00:00+00:00,6.03,19.85,10132.0,21.667046,-157.95213,2697.0,2,29,1,29
2017-01-29 03:00:00+00:00,5.66,16.07,10134.0,21.667046,-157.95213,2529.0,3,29,1,29
2017-01-29 04:00:00+00:00,5.35,13.35,10137.0,21.667046,-157.95213,2018.0,4,29,1,29
2017-01-29 05:00:00+00:00,5.58,13.22,10142.0,21.667046,-157.95213,1518.0,5,29,1,29
2017-01-29 06:00:00+00:00,5.52,12.67,10147.0,21.667046,-157.95213,1590.0,6,29,1,29
2017-01-29 07:00:00+00:00,5.84,17.76,10151.0,21.667046,-157.95213,1573.0,7,29,1,29
2017-01-29 08:00:00+00:00,6.48,5.92,10150.0,21.667046,-157.95213,2044.0,8,29,1,29
2017-01-29 09:00:00+00:00,5.9,15.67,10151.0,21.667046,-157.95213,1660.0,9,29,1,29
2017-01-29 10:00:00+00:00,10.35,11.29,10153.0,21.667046,-157.95213,1927.0,10,29,1,29
2017-01-29 11:00:00+00:00,9.83,20.56,10148.0,21.667046,-157.95213,2031.0,11,29,1,29
2017-01-29 12:00:00+00:00,10.8,12.43,10142.0,21.667046,-157.95213,2058.0,12,29,1,29
2017-01-29 13:00:00+00:00,10.19,15.41,10138.0,21.667046,-157.95213,2059.0,13,29,1,29
2017-01-29 14:00:00+00:00,9.87,13.6,10137.0,21.667046,-157.95213,2047.0,14,29,1,29
2017-01-29 15:00:00+00:00,9.02,21.31,10140.0,21.667046,-157.95213,2029.0,15,29,1,29
2017-01-29 16:00:00+00:00,8.62,18.33,10143.0,21.667046,-157.95213,1930.0,16,29,1,29
2017-01-29 17:00:00+00:00,9.19,19.14,10152.0,21.667046,-157.95213,1806.0,17,29,1,29
2017-01-29 18:00:00+00:00,9.58,11.11,10162.0,21.667046,-157.95213,2136.0,18,29,1,29
2017-01-29 19:00:00+00:00,10.21,7.39,10173.0,21.667046,-157.95213,2437.0,19,29,1,29
2017-01-29 20:00:00+00:00,9.81,15.46,10176.0,21.667046,-157.95213,2622.0,20,29,1,29
2017-01-29 21:00:00+00:00,9.27,21.23,10174.0,21.667046,-157.95213,2780.0,21,29,1,29
2017-01-29 22:00:00+00:00,8.31,19.02,10168.0,21.667046,-157.95213,2940.0,22,29,1,29
2017-01-29 23:00:00+00:00,8.72,20.06,10158.0,21.667046,-157.95213,2959.0,23,29,1,29
2017-01-30 00:00:00+00:00,8.34,12.19,10150.0,21.667046,-157.95213,2908.0,0,30,1,30
2017-01-30 01:00:00+00:00,7.86,22.32,10154.0,21.667046,-157.95213,2801.0,1,30,1,30
2017-01-30 02:00:00+00:00,8.65,12.4,10150.0,21.667046,-157.95213,2524.0,2,30,1,30
2017-01-30 03:00:00+00:00,8.23,17.4,10156.0,21.667046,-157.95213,2333.0,3,30,1,30
2017-01-30 04:00:00+00:00,8.83,27.13,10158.0,21.667046,-157.95213,2063.0,4,30,1,30
2017-01-30 05:00:00+00:00,9.69,24.59,10168.0,21.667046,-157.95213,1839.0,5,30,1,30
2017-01-30 06:00:00+00:00,8.66,24.67,10171.0,21.667046,-157.95213,1860.0,6,30,1,30
2017-01-30 07:00:00+00:00,9.11,21.08,10173.0,21.667046,-157.95213,1865.0,7,30,1,30
2017-01-30 08:00:00+00:00,10.04,21.71,10174.0,21.667046,-157.95213,1809.0,8,30,1,30
2017-01-30 09:00:00+00:00,9.13,21.92,10175.0,21.667046,-157.95213,1789.0,9,30,1,30
2017-01-30 10:00:00+00:00,8.46,23.59,10174.0,21.667046,-157.95213,1900.0,10,30,1,30
2017-01-30 11:00:00+00:00,9.17,45.5,10170.0,21.667046,-157.95213,1936.0,11,30,1,30
2017-01-30 12:00:00+00:00,9.74,47.31,10169.0,21.667046,-157.95213,1784.0,12,30,1,30
2017-01-30 13:00:00+00:00,9.23,32.59,10166.0,21.667046,-157.95213,1859.0,13,30,1,30
2017-01-30 14:00:00+00:00,11.28,41.89,10163.0,21.667046,-157.95213,1841.0,14,30,1,30
2017-01-30 15:00:00+00:00,9.99,42.27,10165.0,21.667046,-157.95213,1911.0,15,30,1,30
2017-01-30 16:00:00+00:00,11.16,47.74,10171.0,21.667046,-157.95213,1844.0,16,30,1,30
2017-01-30 17:00:00+00:00,10.06,40.01,10176.0,21.667046,-157.95213,1924.0,17,30,1,30
2017-01-30 18:00:00+00:00,7.97,45.49,10179.0,21.667046,-157.95213,2097.0,18,30,1,30
2017-01-30 19:00:00+00:00,9.5,59.67,10180.0,21.667046,-157.95213,2251.0,19,30,1,30
2017-01-30 20:00:00+00:00,8.14,51.08,10183.0,21.667046,-157.95213,2653.0,20,30,1,30
2017-01-30 21:00:00+00:00,8.82,57.77,10180.0,21.667046,-157.95213,2450.0,21,30,1,30
2017-01-30 22:00:00+00:00,9.17,52.09,10175.0,21.667046,-157.95213,2898.0,22,30,1,30
2017-01-30 23:00:00+00:00,9.81,49.61,10167.0,21.667046,-157.95213,2883.0,23,30,1,30
2017-01-31 00:00:00+00:00,9.2,54.25,10156.0,21.667046,-157.95213,2854.0,0,31,1,31
2017-01-31 01:00:00+00:00,10.1,53.37,10158.0,21.667046,-157.95213,2767.0,1,31,1,31
2017-01-31 02:00:00+00:00,9.81,49.12,10156.0,21.667046,-157.95213,2557.0,2,31,1,31
2017-01-31 03:00:00+00:00,10.31,61.36,10161.0,21.667046,-157.95213,2257.0,3,31,1,31
2017-01-31 04:00:00+00:00,8.28,58.04,10160.0,21.667046,-157.95213,2017.0,4,31,1,31
2017-01-31 05:00:00+00:00,9.23,57.3,10166.0,21.667046,-157.95213,1979.0,5,31,1,31
2017-01-31 06:00:00+00:00,10.5,59.85,10170.0,21.667046,-157.95213,1952.0,6,31,1,31
2017-01-31 07:00:00+00:00,10.66,50.94,10177.0,21.667046,-157.95213,2024.0,7,31,1,31
2017-01-31 08:00:00+00:00,9.26,49.85,10179.0,21.667046,-157.95213,1881.0,8,31,1,31
2017-01-31 09:00:00+00:00,8.01,61.71,10177.0,21.667046,-157.95213,1976.0,9,31,1,31
2017-01-31 10:00:00+00:00,10.3,62.67,10180.0,21.667046,-157.95213,2016.0,10,31,1,31
2017-01-31 11:00:00+00:00,8.09,50.57,10178.0,21.667046,-157.95213,1981.0,11,31,1,31
2017-01-31 12:00:00+00:00,9.11,50.77,10172.0,21.667046,-157.95213,1947.0,12,31,1,31
2017-01-31 13:00:00+00:00,8.77,41.71,10173.0,21.667046,-157.95213,1909.0,13,31,1,31
2017-01-31 14:00:00+00:00,9.11,46.78,10167.0,21.667046,-157.95213,1929.0,14,31,1,31
2017-01-31 15:00:00+00:00,9.83,64.01,10170.0,21.667046,-157.95213,1844.0,15,31,1,31
2017-01-31 16:00:00+00:00,7.81,52.59,10173.0,21.667046,-157.95213,1915.0,16,31,1,31
2017-01-31 17:00:00+00:00,8.73,66.82,10174.0,21.667046,-157.95213,1936.0,17,31,1,31
2017-01-31 18:00:00+00:00,8.84,62.96,10175.0,21.667046,-157.95213,2051.0,18,31,1,31
2017-01-31 19:00:00+00:00,8.92,85.22,10177.0,21.667046,-157.95213,2367.0,19,31,1,31
2017-01-31 20:00:00+00:00,8.34,71.86,10180.0,21.667046,-157.95213,2597.0,20,31,1,31
2017-01-31 21:00:00+00:00,8.48,67.48,10181.0,21.667046,-157.95213,2625.0,21,31,1,31
2017-01-31 22:00:00+00:00,10.31,69.29,10178.0,21.667046,-157.95213,2818.0,22,31,1,31
2017-01-31 23:00:00+00:00,8.47,65.28,10171.0,21.667046,-157.95213,2974.0,23,31,1,31
2017-02-01 00:00:00+00:00,8.2,54.71,10161.0,21.667046,-157.95213,2195.0,0,1,2,32
2017-02-01 01:00:00+00:00,7.64,67.33,10160.0,21.667046,-157.95213,2596.0,1,1,2,32
2017-02-01 02:00:00+00:00,7.72,62.65,10161.0,21.667046,-157.95213,2399.0,2,1,2,32
2017-02-01 03:00:00+00:00,7.95,65.19,10167.0,21.667046,-157.95213,2246.0,3,1,2,32
2017-02-01 04:00:00+00:00,7.99,64.68,10169.0,21.667046,-157.95213,1951.0,4,1,2,32
2017-02-01 05:00:00+00:00,8.51,59.69,10170.0,21.667046,-157.95213,1866.0,5,1,2,32
2017-02-01 06:00:00+00:00,8.49,72.97,10170.0,21.667046,-157.95213,1813.0,6,1,2,32
2017-02-01 07:00:00+00:00,8.05,67.72,10170.0,21.667046,-157.95213,1917.0,7,1,2,32
2017-02-01 08:00:00+00:00,8.0,62.35,10167.0,21.667046,-157.95213,1770.0,8,1,2,32
2017-02-01 09:00:00+00:00,9.33,64.49,10166.0,21.667046,-157.95213,1856.0,9,1,2,32
2017-02-01 10:00:00+00:00,10.03,67.96,10162.0,21.667046,-157.95213,1918.0,10,1,2,32
2017-02-01 11:00:00+00:00,6.59,84.71,10158.0,21.667046,-157.95213,1922.0,11,1,2,32
2017-02-01 12:00:00+00:00,8.85,79.58,10155.0,21.667046,-157.95213,1928.0,12,1,2,32
2017-02-01 13:00:00+00:00,6.51,76.87,10151.0,21.667046,-157.95213,1944.0,13,1,2,32
2017-02-01 14:00:00+00:00,7.85,72.54,10148.0,21.667046,-157.95213,1823.0,14,1,2,32
2017-02-01 15:00:00+00:00,6.62,98.38,10143.0,21.667046,-157.95213,1868.0,15,1,2,32
2017-02-01 16:00:00+00:00,7.13,85.78,10147.0,21.667046,-157.95213,1736.0,16,1,2,32
2017-02-01 17:00:00+00:00,8.07,95.2,10148.0,21.667046,-157.95213,1873.0,17,1,2,32
2017-02-01 18:00:00+00:00,5.28,113.54,10150.0,21.667046,-157.95213,2062.0,18,1,2,32
2017-02-01 19:00:00+00:00,5.92,86.25,10153.0,21.667046,-157.95213,2386.0,19,1,2,32
2017-02-01 20:00:00+00:00,6.67,80.72,10154.0,21.667046,-157.95213,2643.0,20,1,2,32
2017-02-01 21:00:00+00:00,6.86,86.22,10152.0,21.667046,-157.95213,2915.0,21,1,2,32
2017-02-01 22:00:00+00:00,6.91,84.61,10148.0,21.667046,-157.95213,3067.0,22,1,2,32
2017-02-01 23:00:00+00:00,6.63,93.78,10137.0,21.667046,-157.95213,3081.0,23,1,2,32
2017-02-02 00:00:00+00:00,6.04,98.68,10125.0,21.667046,-157.95213,2960.0,0,2,2,33
2017-02-02 01:00:00+00:00,6.92,102.64,10125.0,21.667046,-157.95213,2898.0,1,2,2,33
2017-02-02 02:00:00+00:00,5.99,88.96,10125.0,21.667046,-157.95213,2777.0,2,2,2,33
2017-02-02 03:00:00+00:00,5.82,84.58,10128.0,21.667046,-157.95213,2418.0,3,2,2,33
2017-02-02 04:00:00+00:00,5.82,87.46,10131.0,21.667046,-157.95213,2012.0,4,2,2,33
2017-02-02 05:00:00+00:00,5.73,92.32,10136.0,21.667046,-157.95213,1356.0,5,2,2,33
2017-02-02 06:00:00+00:00,5.18,89.41,10140.0,21.667046,-157.95213,1467.0,6,2,2,33
2017-02-02 07:00:00+00:00,5.2,60.27,10144.0,21.667046,-157.95213,1749.0,7,2,2,33
2017-02-02 08:00:00+00:00,5.79,78.39,10144.0,21.667046,-157.95213,1467.0,8,2,2,33
2017-02-02 09:00:00+00:00,5.44,75.67,10142.0,21.667046,-157.95213,1157.0,9,2,2,33
2017-02-02 10:00:00+00:00,5.69,81.08,10137.0,21.667046,-157.95213,1240.0,10,2,2,33
2017-02-02 11:00:00+00:00,4.43,95.72,10133.0,21.667046,-157.95213,1881.0,11,2,2,33
2017-02-02 12:00:00+00:00,5.38,89.45,10127.0,21.667046,-157.95213,1259.0,12,2,2,33
2017-02-02 13:00:00+00:00,4.61,94.05,10123.0,21.667046,-157.95213,1207.0,13,2,2,33
2017-02-02 14:00:00+00:00,4.65,82.25,10120.0,21.667046,-157.95213,1204.0,14,2,2,33
2017-02-02 15:00:00+00:00,7.79,147.75,10121.0,21.667046,-157.95213,1631.0,15,2,2,33
2017-02-02 16:00:00+00:00,3.37,98.11,10125.0,21.667046,-157.95213,1725.0,16,2,2,33
2017-02-02 17:00:00+00:00,1.41,108.09,10127.0,21.667046,-157.95213,1662.0,17,2,2,33
2017-02-02 18:00:00+00:00,1.83,137.45,10125.0,21.667046,-157.95213,2063.0,18,2,2,33
2017-02-02 19:00:00+00:00,3.98,119.05,10125.0,21.667046,-157.95213,2321.0,19,2,2,33
2017-02-02 20:00:00+00:00,4.63,119.94,10127.0,21.667046,-157.95213,2719.0,20,2,2,33
2017-02-02 21:00:00+00:00,5.45,111.61,10123.0,21.667046,-157.95213,2964.0,21,2,2,33
2017-02-02 22:00:00+00:00,5.68,109.48,10115.0,21.667046,-157.95213,3074.0,22,2,2,33
2017-02-02 23:00:00+00:00,5.7,113.09,10105.0,21.667046,-157.95213,2704.0,23,2,2,33
2017-02-03 00:00:00+00:00,5.36,109.44,10094.0,21.667046,-157.95213,2848.0,0,3,2,34
2017-02-03 01:00:00+00:00,4.33,108.69,10092.0,21.667046,-157.95213,2543.0,1,3,2,34
2017-02-03 02:00:00+00:00,3.49,103.85,10092.0,21.667046,-157.95213,2552.0,2,3,2,34
2017-02-03 03:00:00+00:00,2.94,108.22,10099.0,21.667046,-157.95213,2419.0,3,3,2,34
2017-02-03 04:00:00+00:00,4.06,138.16,10106.0,21.667046,-157.95213,2005.0,4,3,2,34
2017-02-03 05:00:00+00:00,4.4,145.78,10110.0,21.667046,-157.95213,1518.0,5,3,2,34
2017-02-03 06:00:00+00:00,4.36,150.64,10110.0,21.667046,-157.95213,1525.0,6,3,2,34
2017-02-03 07:00:00+00:00,2.51,139.15,10111.0,21.667046,-157.95213,1533.0,7,3,2,34
2017-02-03 08:00:00+00:00,3.31,146.41,10113.0,21.667046,-157.95213,1921.0,8,3,2,34
2017-02-03 09:00:00+00:00,2.79,136.82,10111.0,21.667046,-157.95213,1937.0,9,3,2,34
2017-02-03 10:00:00+00:00,2.38,159.37,10110.0,21.667046,-157.95213,1897.0,10,3,2,34
2017-02-03 11:00:00+00:00,0.42,161.11,10109.0,21.667046,-157.95213,1849.0,11,3,2,34
2017-02-03 12:00:00+00:00,0.27,108.54,10104.0,21.667046,-157.95213,1919.0,12,3,2,34
2017-02-03 13:00:00+00:00,1.93,297.89,10105.0,21.667046,-157.95213,1686.0,13,3,2,34
2017-02-03 14:00:00+00:00,2.22,312.8,10101.0,21.667046,-157.95213,1571.0,14,3,2,34
2017-02-03 15:00:00+00:00,2.74,307.4,10107.0,21.667046,-157.95213,1497.0,15,3,2,34
2017-02-03 16:00:00+00:00,2.89,307.53,10108.0,21.667046,-157.95213,1496.0,16,3,2,34
2017-02-03 17:00:00+00:00,2.06,302.38,10107.0,21.667046,-157.95213,1474.0,17,3,2,34
2017-02-03 18:00:00+00:00,1.67,304.7,10111.0,21.667046,-157.95213,2177.0,18,3,2,34
2017-02-03 19:00:00+00:00,1.09,343.56,10115.0,21.667046,-157.95213,2723.0,19,3,2,34
2017-02-03 20:00:00+00:00,2.84,25.76,10116.0,21.667046,-157.95213,2985.0,20,3,2,34
2017-02-03 21:00:00+00:00,3.18,41.13,10117.0,21.667046,-157.95213,3144.0,21,3,2,34
2017-02-03 22:00:00+00:00,3.45,42.06,10111.0,21.667046,-157.95213,3319.0,22,3,2,34
2017-02-03 23:00:00+00:00,3.57,44.24,10101.0,21.667046,-157.95213,3346.0,23,3,2,34
2017-02-04 00:00:00+00:00,3.56,52.6,10089.0,21.667046,-157.95213,3295.0,0,4,2,35
2017-02-04 01:00:00+00:00,3.36,58.14,10087.0,21.667046,-157.95213,3060.0,1,4,2,35
2017-02-04 02:00:00+00:00,3.55,89.43,10086.0,21.667046,-157.95213,2713.0,2,4,2,35
2017-02-04 03:00:00+00:00,3.5,103.05,10091.0,21.667046,-157.95213,2513.0,3,4,2,35
2017-02-04 04:00:00+00:00,3.1,102.87,10094.0,21.667046,-157.95213,2201.0,4,4,2,35
2017-02-04 05:00:00+00:00,2.49,123.66,10103.0,21.667046,-157.95213,1479.0,5,4,2,35
2017-02-04 06:00:00+00:00,2.96,146.92,10108.0,21.667046,-157.95213,1733.0,6,4,2,35
2017-02-04 07:00:00+00:00,2.63,155.64,10114.0,21.667046,-157.95213,1620.0,7,4,2,35
2017-02-04 08:00:00+00:00,1.73,148.69,10118.0,21.667046,-157.95213,1584.0,8,4,2,35
2017-02-04 09:00:00+00:00,2.28,142.45,10117.0,21.667046,-157.95213,1558.0,9,4,2,35
2017-02-04 10:00:00+00:00,3.33,142.28,10115.0,21.667046,-157.95213,1546.0,10,4,2,35
2017-02-04 11:00:00+00:00,4.49,147.34,10108.0,21.667046,-157.95213,1560.0,11,4,2,35
2017-02-04 12:00:00+00:00,4.82,145.52,10097.0,21.667046,-157.95213,1513.0,12,4,2,35
2017-02-04 13:00:00+00:00,4.89,145.99,10096.0,21.667046,-157.95213,1490.0,13,4,2,35
2017-02-04 14:00:00+00:00,3.85,148.64,10095.0,21.667046,-157.95213,1549.0,14,4,2,35
2017-02-04 15:00:00+00:00,2.97,176.37,10096.0,21.667046,-157.95213,1544.0,15,4,2,35
2017-02-04 16:00:00+00:00,3.51,178.2,10100.0,21.667046,-157.95213,1524.0,16,4,2,35
2017-02-04 17:00:00+00:00,2.4,192.22,10103.0,21.667046,-157.95213,1583.0,17,4,2,35
2017-02-04 18:00:00+00:00,2.26,178.04,10105.0,21.667046,-157.95213,2226.0,18,4,2,35
2017-02-04 19:00:00+00:00,1.35,85.83,10107.0,21.667046,-157.95213,2770.0,19,4,2,35
2017-02-04 20:00:00+00:00,1.97,81.93,10108.0,21.667046,-157.95213,3126.0,20,4,2,35
2017-02-04 21:00:00+00:00,2.99,53.87,10107.0,21.667046,-157.95213,3315.0,21,4,2,35
2017-02-04 22:00:00+00:00,2.87,29.55,10102.0,21.667046,-157.95213,3069.0,22,4,2,35
2017-02-04 23:00:00+00:00,3.6,18.78,10094.0,21.667046,-157.95213,3299.0,23,4,2,35
2017-02-05 00:00:00+00:00,4.61,24.63,10078.0,21.667046,-157.95213,2984.0,0,5,2,36
2017-02-05 01:00:00+00:00,4.06,55.02,10075.0,21.667046,-157.95213,3253.0,1,5,2,36
2017-02-05 02:00:00+00:00,3.64,126.37,10075.0,21.667046,-157.95213,3092.0,2,5,2,36
2017-02-05 03:00:00+00:00,3.21,155.32,10082.0,21.667046,-157.95213,2778.0,3,5,2,36
2017-02-05 04:00:00+00:00,3.75,213.14,10085.0,21.667046,-157.95213,2104.0,4,5,2,36
2017-02-05 05:00:00+00:00,10.52,206.24,10090.0,21.667046,-157.95213,1501.0,5,5,2,36
2017-02-05 06:00:00+00:00,11.87,205.97,10089.0,21.667046,-157.95213,1533.0,6,5,2,36
2017-02-05 07:00:00+00:00,12.14,208.25,10089.0,21.667046,-157.95213,1493.0,7,5,2,36
2017-02-05 08:00:00+00:00,11.82,208.46,10089.0,21.667046,-157.95213,1398.0,8,5,2,36
2017-02-05 09:00:00+00:00,10.61,202.74,10085.0,21.667046,-157.95213,1287.0,9,5,2,36
2017-02-05 10:00:00+00:00,10.43,204.74,10082.0,21.667046,-157.95213,1483.0,10,5,2,36
2017-02-05 11:00:00+00:00,11.99,216.71,10072.0,21.667046,-157.95213,1637.0,11,5,2,36
2017-02-05 12:00:00+00:00,14.05,216.88,10064.0,21.667046,-157.95213,1578.0,12,5,2,36
2017-02-05 13:00:00+00:00,13.43,221.44,10062.0,21.667046,-157.95213,1841.0,13,5,2,36
2017-02-05 14:00:00+00:00,12.31,222.49,10060.0,21.667046,-157.95213,1543.0,14,5,2,36
2017-02-05 15:00:00+00:00,12.67,217.11,10054.0,21.667046,-157.95213,1486.0,15,5,2,36
2017-02-05 16:00:00+00:00,13.53,216.48,10056.0,21.667046,-157.95213,1908.0,16,5,2,36
2017-02-05 17:00:00+00:00,14.76,214.05,10059.0,21.667046,-157.95213,1922.0,17,5,2,36
2017-02-05 18:00:00+00:00,13.97,214.93,10063.0,21.667046,-157.95213,2297.0,18,5,2,36
2017-02-05 19:00:00+00:00,12.53,214.58,10065.0,21.667046,-157.95213,2745.0,19,5,2,36
2017-02-05 20:00:00+00:00,11.58,215.71,10064.0,21.667046,-157.95213,3186.0,20,5,2,36
2017-02-05 21:00:00+00:00,10.54,220.94,10064.0,21.667046,-157.95213,3454.0,21,5,2,36
2017-02-05 22:00:00+00:00,11.4,221.09,10057.0,21.667046,-157.95213,3598.0,22,5,2,36
2017-02-05 23:00:00+00:00,11.65,224.06,10047.0,21.667046,-157.95213,3615.0,23,5,2,36
2017-02-06 00:00:00+00:00,12.46,227.78,10039.0,21.667046,-157.95213,3516.0,0,6,2,37
2017-02-06 01:00:00+00:00,12.31,226.86,10038.0,21.667046,-157.95213,3361.0,1,6,2,37
2017-02-06 02:00:00+00:00,11.64,227.7,10036.0,21.667046,-157.95213,3162.0,2,6,2,37
2017-02-06 03:00:00+00:00,11.06,230.62,10042.0,21.667046,-157.95213,2846.0,3,6,2,37
2017-02-06 04:00:00+00:00,10.7,231.78,10047.0,21.667046,-157.95213,2366.0,4,6,2,37
2017-02-06 05:00:00+00:00,14.89,224.93,10048.0,21.667046,-157.95213,1879.0,5,6,2,37
2017-02-06 06:00:00+00:00,12.59,233.48,10058.0,21.667046,-157.95213,1717.0,6,6,2,37
2017-02-06 07:00:00+00:00,12.94,232.28,10059.0,21.667046,-157.95213,1914.0,7,6,2,37
2017-02-06 08:00:00+00:00,12.25,238.54,10062.0,21.667046,-157.95213,1678.0,8,6,2,37
2017-02-06 09:00:00+00:00,11.52,240.95,10059.0,21.667046,-157.95213,1650.0,9,6,2,37
2017-02-06 10:00:00+00:00,15.92,236.49,10047.0,21.667046,-157.95213,1964.0,10,6,2,37
2017-02-06 11:00:00+00:00,15.62,228.63,10043.0,21.667046,-157.95213,1697.0,11,6,2,37
2017-02-06 12:00:00+00:00,16.68,221.26,10028.0,21.667046,-157.95213,1918.0,12,6,2,37
2017-02-06 13:00:00+00:00,13.98,222.35,10027.0,21.667046,-157.95213,1922.0,13,6,2,37
2017-02-06 14:00:00+00:00,14.99,223.52,10022.0,21.667046,-157.95213,1674.0,14,6,2,37
2017-02-06 15:00:00+00:00,13.57,224.61,10018.0,21.667046,-157.95213,1697.0,15,6,2,37
2017-02-06 16:00:00+00:00,13.37,223.91,10025.0,21.667046,-157.95213,1748.0,16,6,2,37
2017-02-06 17:00:00+00:00,15.45,223.06,10027.0,21.667046,-157.95213,1813.0,17,6,2,37
2017-02-06 18:00:00+00:00,12.78,226.58,10033.0,21.667046,-157.95213,2411.0,18,6,2,37
2017-02-06 19:00:00+00:00,13.43,223.34,10033.0,21.667046,-157.95213,2169.0,19,6,2,37
2017-02-06 20:00:00+00:00,7.54,312.11,10052.0,21.667046,-157.95213,2098.0,20,6,2,37
2017-02-06 21:00:00+00:00,5.66,286.57,10055.0,21.667046,-157.95213,2122.0,21,6,2,37
2017-02-06 22:00:00+00:00,4.05,296.35,10054.0,21.667046,-157.95213,2262.0,22,6,2,37
2017-02-06 23:00:00+00:00,2.9,298.45,10046.0,21.667046,-157.95213,2396.0,23,6,2,37
2017-02-07 00:00:00+00:00,3.2,286.42,10042.0,21.667046,-157.95213,2423.0,0,7,2,38
2017-02-07 01:00:00+00:00,4.79,280.45,10039.0,21.667046,-157.95213,2116.0,1,7,2,38
2017-02-07 02:00:00+00:00,4.86,278.15,10046.0,21.667046,-157.95213,2085.0,2,7,2,38
2017-02-07 03:00:00+00:00,5.82,295.09,10046.0,21.667046,-157.95213,2281.0,3,7,2,38
2017-02-07 04:00:00+00:00,5.87,291.58,10054.0,21.667046,-157.95213,2106.0,4,7,2,38
2017-02-07 05:00:00+00:00,4.78,280.61,10061.0,21.667046,-157.95213,1939.0,5,7,2,38
2017-02-07 06:00:00+00:00,5.02,266.55,10068.0,21.667046,-157.95213,2023.0,6,7,2,38
2017-02-07 07:00:00+00:00,4.42,279.4,10072.0,21.667046,-157.95213,1904.0,7,7,2,38
2017-02-07 08:00:00+00:00,4.57,287.13,10074.0,21.667046,-157.95213,1922.0,8,7,2,38
2017-02-07 09:00:00+00:00,4.41,293.38,10073.0,21.667046,-157.95213,1747.0,9,7,2,38
2017-02-07 10:00:00+00:00,3.05,269.16,10071.0,21.667046,-157.95213,1727.0,10,7,2,38
2017-02-07 11:00:00+00:00,3.22,256.36,10066.0,21.667046,-157.95213,1729.0,11,7,2,38
2017-02-07 12:00:00+00:00,4.36,254.34,10063.0,21.667046,-157.95213,1684.0,12,7,2,38
2017-02-07 13:00:00+00:00,4.43,284.79,10064.0,21.667046,-157.95213,1842.0,13,7,2,38
2017-02-07 14:00:00+00:00,3.28,292.51,10059.0,21.667046,-157.95213,1732.0,14,7,2,38
2017-02-07 15:00:00+00:00,4.92,252.89,10059.0,21.667046,-157.95213,1905.0,15,7,2,38
2017-02-07 16:00:00+00:00,0.72,274.27,10059.0,21.667046,-157.95213,1585.0,16,7,2,38
2017-02-07 17:00:00+00:00,3.86,290.58,10067.0,21.667046,-157.95213,1839.0,17,7,2,38
2017-02-07 18:00:00+00:00,2.83,307.29,10072.0,21.667046,-157.95213,2062.0,18,7,2,38
2017-02-07 19:00:00+00:00,4.27,305.8,10072.0,21.667046,-157.95213,2466.0,19,7,2,38
2017-02-07 20:00:00+00:00,5.02,278.04,10076.0,21.667046,-157.95213,2898.0,20,7,2,38
2017-02-07 21:00:00+00:00,6.2,295.28,10076.0,21.667046,-157.95213,3074.0,21,7,2,38
2017-02-07 22:00:00+00:00,7.28,308.35,10076.0,21.667046,-157.95213,3226.0,22,7,2,38
2017-02-07 23:00:00+00:00,7.09,304.28,10069.0,21.667046,-157.95213,3167.0,23,7,2,38
2017-02-08 00:00:00+00:00,7.14,306.73,10056.0,21.667046,-157.95213,3121.0,0,8,2,39
2017-02-08 01:00:00+00:00,7.37,299.16,10059.0,21.667046,-157.95213,3033.0,1,8,2,39
2017-02-08 02:00:00+00:00,7.83,306.51,10058.0,21.667046,-157.95213,2774.0,2,8,2,39
2017-02-08 03:00:00+00:00,9.12,315.27,10068.0,21.667046,-157.95213,2424.0,3,8,2,39
2017-02-08 04:00:00+00:00,8.85,318.45,10076.0,21.667046,-157.95213,2172.0,4,8,2,39
2017-02-08 05:00:00+00:00,9.1,324.02,10085.0,21.667046,-157.95213,2074.0,5,8,2,39
2017-02-08 06:00:00+00:00,9.56,335.9,10092.0,21.667046,-157.95213,1890.0,6,8,2,39
2017-02-08 07:00:00+00:00,8.54,337.25,10099.0,21.667046,-157.95213,1828.0,7,8,2,39
2017-02-08 08:00:00+00:00,8.34,336.04,10100.0,21.667046,-157.95213,1741.0,8,8,2,39
2017-02-08 09:00:00+00:00,8.1,333.58,10102.0,21.667046,-157.95213,1528.0,9,8,2,39
2017-02-08 10:00:00+00:00,6.47,322.64,10101.0,21.667046,-157.95213,1649.0,10,8,2,39
2017-02-08 11:00:00+00:00,5.91,325.14,10098.0,21.667046,-157.95213,1845.0,11,8,2,39
2017-02-08 12:00:00+00:00,5.86,332.86,10095.0,21.667046,-157.95213,1905.0,12,8,2,39
2017-02-08 13:00:00+00:00,6.19,323.46,10091.0,21.667046,-157.95213,1587.0,13,8,2,39
2017-02-08 14:00:00+00:00,6.23,328.14,10094.0,21.667046,-157.95213,1405.0,14,8,2,39
2017-02-08 15:00:00+00:00,6.42,329.28,10095.0,21.667046,-157.95213,1674.0,15,8,2,39
2017-02-08 16:00:00+00:00,6.09,337.26,10098.0,21.667046,-157.95213,1361.0,16,8,2,39
2017-02-08 17:00:00+00:00,5.77,334.8,10103.0,21.667046,-157.95213,1546.0,17,8,2,39
2017-02-08 18:00:00+00:00,4.81,344.5,10108.0,21.667046,-157.95213,2070.0,18,8,2,39
2017-02-08 19:00:00+00:00,5.25,343.55,10113.0,21.667046,-157.95213,2320.0,19,8,2,39
2017-02-08 20:00:00+00:00,3.97,341.5,10115.0,21.667046,-157.95213,2773.0,20,8,2,39
2017-02-08 21:00:00+00:00,5.5,357.6,10118.0,21.667046,-157.95213,2922.0,21,8,2,39
2017-02-08 22:00:00+00:00,4.96,359.3,10116.0,21.667046,-157.95213,3059.0,22,8,2,39
2017-02-08 23:00:00+00:00,4.73,0.25,10112.0,21.667046,-157.95213,3053.0,23,8,2,39
2017-02-09 00:00:00+00:00,5.0,2.7,10104.0,21.667046,-157.95213,3001.0,0,9,2,40
2017-02-09 01:00:00+00:00,4.71,356.3,10102.0,21.667046,-157.95213,2864.0,1,9,2,40
2017-02-09 02:00:00+00:00,4.46,358.83,10104.0,21.667046,-157.95213,2722.0,2,9,2,40
2017-02-09 03:00:00+00:00,4.72,7.92,10111.0,21.667046,-157.95213,2444.0,3,9,2,40
2017-02-09 04:00:00+00:00,3.04,13.1,10113.0,21.667046,-157.95213,1943.0,4,9,2,40
2017-02-09 05:00:00+00:00,4.47,21.15,10119.0,21.667046,-157.95213,1377.0,5,9,2,40
2017-02-09 06:00:00+00:00,4.18,28.78,10123.0,21.667046,-157.95213,1348.0,6,9,2,40
2017-02-09 07:00:00+00:00,3.37,37.2,10126.0,21.667046,-157.95213,1352.0,7,9,2,40
2017-02-09 08:00:00+00:00,3.03,75.73,10127.0,21.667046,-157.95213,1405.0,8,9,2,40
2017-02-09 09:00:00+00:00,3.27,73.4,10126.0,21.667046,-157.95213,1349.0,9,9,2,40
2017-02-09 10:00:00+00:00,2.69,48.48,10125.0,21.667046,-157.95213,1381.0,10,9,2,40
2017-02-09 11:00:00+00:00,1.56,27.4,10123.0,21.667046,-157.95213,1426.0,11,9,2,40
2017-02-09 12:00:00+00:00,1.26,92.62,10121.0,21.667046,-157.95213,1791.0,12,9,2,40
2017-02-09 13:00:00+00:00,3.74,146.28,10118.0,21.667046,-157.95213,1604.0,13,9,2,40
2017-02-09 14:00:00+00:00,2.79,161.77,10116.0,21.667046,-157.95213,1583.0,14,9,2,40
2017-02-09 15:00:00+00:00,1.41,196.8,10118.0,21.667046,-157.95213,1791.0,15,9,2,40
2017-02-09 16:00:00+00:00,0.93,278.69,10122.0,21.667046,-157.95213,1735.0,16,9,2,40
2017-02-09 17:00:00+00:00,1.89,359.55,10129.0,21.667046,-157.95213,1398.0,17,9,2,40
2017-02-09 18:00:00+00:00,1.42,15.21,10130.0,21.667046,-157.95213,2085.0,18,9,2,40
2017-02-09 19:00:00+00:00,1.3,43.83,10133.0,21.667046,-157.95213,2574.0,19,9,2,40
2017-02-09 20:00:00+00:00,3.06,46.63,10140.0,21.667046,-157.95213,2808.0,20,9,2,40
2017-02-09 21:00:00+00:00,3.79,59.17,10140.0,21.667046,-157.95213,2964.0,21,9,2,40
2017-02-09 22:00:00+00:00,4.03,70.48,10136.0,21.667046,-157.95213,3146.0,22,9,2,40
2017-02-09 23:00:00+00:00,4.37,75.32,10128.0,21.667046,-157.95213,3182.0,23,9,2,40
2017-02-10 00:00:00+00:00,4.64,78.15,10119.0,21.667046,-157.95213,3112.0,0,10,2,41
2017-02-10 01:00:00+00:00,4.86,83.45,10117.0,21.667046,-157.95213,2672.0,1,10,2,41
2017-02-10 02:00:00+00:00,4.91,92.62,10119.0,21.667046,-157.95213,2602.0,2,10,2,41
2017-02-10 03:00:00+00:00,5.06,88.59,10121.0,21.667046,-157.95213,2351.0,3,10,2,41
2017-02-10 04:00:00+00:00,4.52,84.15,10129.0,21.667046,-157.95213,2124.0,4,10,2,41
2017-02-10 05:00:00+00:00,5.05,89.83,10129.0,21.667046,-157.95213,1742.0,5,10,2,41
2017-02-10 06:00:00+00:00,5.29,84.95,10131.0,21.667046,-157.95213,1470.0,6,10,2,41
2017-02-10 07:00:00+00:00,5.19,104.73,10132.0,21.667046,-157.95213,1430.0,7,10,2,41
2017-02-10 08:00:00+00:00,4.52,124.15,10133.0,21.667046,-157.95213,1672.0,8,10,2,41
2017-02-10 09:00:00+00:00,5.36,151.49,10131.0,21.667046,-157.95213,1734.0,9,10,2,41
2017-02-10 10:00:00+00:00,5.31,147.71,10128.0,21.667046,-157.95213,1620.0,10,10,2,41
2017-02-10 11:00:00+00:00,4.33,148.77,10127.0,21.667046,-157.95213,1644.0,11,10,2,41
2017-02-10 12:00:00+00:00,4.22,147.21,10120.0,21.667046,-157.95213,1594.0,12,10,2,41
2017-02-10 13:00:00+00:00,5.4,156.85,10119.0,21.667046,-157.95213,1640.0,13,10,2,41
2017-02-10 14:00:00+00:00,5.08,143.26,10117.0,21.667046,-157.95213,1611.0,14,10,2,41
2017-02-10 15:00:00+00:00,5.15,140.59,10118.0,21.667046,-157.95213,1561.0,15,10,2,41
2017-02-10 16:00:00+00:00,4.55,151.56,10114.0,21.667046,-157.95213,1633.0,16,10,2,41
2017-02-10 17:00:00+00:00,6.37,163.05,10113.0,21.667046,-157.95213,1388.0,17,10,2,41
2017-02-10 18:00:00+00:00,6.06,149.0,10112.0,21.667046,-157.95213,2156.0,18,10,2,41
2017-02-10 19:00:00+00:00,3.85,140.62,10117.0,21.667046,-157.95213,2556.0,19,10,2,41
2017-02-10 20:00:00+00:00,4.19,195.7,10119.0,21.667046,-157.95213,3083.0,20,10,2,41
2017-02-10 21:00:00+00:00,4.59,202.29,10117.0,21.667046,-157.95213,3283.0,21,10,2,41
2017-02-10 22:00:00+00:00,5.33,207.91,10110.0,21.667046,-157.95213,3422.0,22,10,2,41
2017-02-10 23:00:00+00:00,5.9,201.56,10098.0,21.667046,-157.95213,3503.0,23,10,2,41
2017-02-11 00:00:00+00:00,5.93,199.37,10084.0,21.667046,-157.95213,3513.0,0,11,2,42
2017-02-11 01:00:00+00:00,6.32,220.56,10081.0,21.667046,-157.95213,3375.0,1,11,2,42
2017-02-11 02:00:00+00:00,6.9,209.19,10081.0,21.667046,-157.95213,3151.0,2,11,2,42
2017-02-11 03:00:00+00:00,5.77,221.04,10086.0,21.667046,-157.95213,2857.0,3,11,2,42
2017-02-11 04:00:00+00:00,4.71,220.07,10094.0,21.667046,-157.95213,2464.0,4,11,2,42
2017-02-11 05:00:00+00:00,3.48,183.71,10093.0,21.667046,-157.95213,1891.0,5,11,2,42
2017-02-11 06:00:00+00:00,3.23,165.72,10100.0,21.667046,-157.95213,1899.0,6,11,2,42
2017-02-11 07:00:00+00:00,2.27,195.45,10106.0,21.667046,-157.95213,1917.0,7,11,2,42
2017-02-11 08:00:00+00:00,8.71,216.42,10102.0,21.667046,-157.95213,1947.0,8,11,2,42
2017-02-11 09:00:00+00:00,9.08,214.33,10102.0,21.667046,-157.95213,1927.0,9,11,2,42
2017-02-11 10:00:00+00:00,7.05,205.08,10096.0,21.667046,-157.95213,2138.0,10,11,2,42
2017-02-11 11:00:00+00:00,3.18,72.82,10097.0,21.667046,-157.95213,2108.0,11,11,2,42
2017-02-11 12:00:00+00:00,1.87,253.5,10087.0,21.667046,-157.95213,2042.0,12,11,2,42
2017-02-11 13:00:00+00:00,3.51,217.29,10078.0,21.667046,-157.95213,2152.0,13,11,2,42
2017-02-11 14:00:00+00:00,3.81,118.15,10066.0,21.667046,-157.95213,2162.0,14,11,2,42
2017-02-11 15:00:00+00:00,1.17,280.46,10069.0,21.667046,-157.95213,2135.0,15,11,2,42
2017-02-11 16:00:00+00:00,8.33,175.06,10070.0,21.667046,-157.95213,2085.0,16,11,2,42
2017-02-11 17:00:00+00:00,6.5,203.46,10070.0,21.667046,-157.95213,2073.0,17,11,2,42
2017-02-11 18:00:00+00:00,3.82,244.07,10081.0,21.667046,-157.95213,2216.0,18,11,2,42
2017-02-11 19:00:00+00:00,11.16,248.49,10083.0,21.667046,-157.95213,2264.0,19,11,2,42
2017-02-11 20:00:00+00:00,11.8,252.44,10085.0,21.667046,-157.95213,2157.0,20,11,2,42
2017-02-11 21:00:00+00:00,11.59,247.69,10096.0,21.667046,-157.95213,2152.0,21,11,2,42
2017-02-11 22:00:00+00:00,6.6,232.23,10081.0,21.667046,-157.95213,2433.0,22,11,2,42
2017-02-11 23:00:00+00:00,14.37,219.12,10070.0,21.667046,-157.95213,2395.0,23,11,2,42
2017-02-12 00:00:00+00:00,15.15,216.23,10055.0,21.667046,-157.95213,2840.0,0,12,2,43
2017-02-12 01:00:00+00:00,21.41,208.87,10033.0,21.667046,-157.95213,2934.0,1,12,2,43
2017-02-12 02:00:00+00:00,19.07,227.48,10045.0,21.667046,-157.95213,2699.0,2,12,2,43
2017-02-12 03:00:00+00:00,16.22,228.14,10055.0,21.667046,-157.95213,2574.0,3,12,2,43
2017-02-12 04:00:00+00:00,11.32,226.2,10062.0,21.667046,-157.95213,2261.0,4,12,2,43
2017-02-12 05:00:00+00:00,8.8,214.73,10076.0,21.667046,-157.95213,2015.0,5,12,2,43
2017-02-12 06:00:00+00:00,5.6,238.2,10082.0,21.667046,-157.95213,1906.0,6,12,2,43
2017-02-12 07:00:00+00:00,10.03,250.83,10079.0,21.667046,-157.95213,1853.0,7,12,2,43
2017-02-12 08:00:00+00:00,11.62,249.5,10082.0,21.667046,-157.95213,1890.0,8,12,2,43
2017-02-12 09:00:00+00:00,12.49,254.92,10083.0,21.667046,-157.95213,1873.0,9,12,2,43
2017-02-12 10:00:00+00:00,10.05,247.47,10086.0,21.667046,-157.95213,1845.0,10,12,2,43
2017-02-12 11:00:00+00:00,5.25,243.83,10084.0,21.667046,-157.95213,1751.0,11,12,2,43
2017-02-12 12:00:00+00:00,4.97,234.61,10084.0,21.667046,-157.95213,1701.0,12,12,2,43
2017-02-12 13:00:00+00:00,5.39,231.48,10081.0,21.667046,-157.95213,1488.0,13,12,2,43
2017-02-12 14:00:00+00:00,8.51,244.59,10079.0,21.667046,-157.95213,1348.0,14,12,2,43
2017-02-12 15:00:00+00:00,9.97,256.4,10082.0,21.667046,-157.95213,1421.0,15,12,2,43
2017-02-12 16:00:00+00:00,9.63,254.49,10087.0,21.667046,-157.95213,1681.0,16,12,2,43
2017-02-12 17:00:00+00:00,8.62,251.85,10091.0,21.667046,-157.95213,1690.0,17,12,2,43
2017-02-12 18:00:00+00:00,7.57,256.71,10098.0,21.667046,-157.95213,2076.0,18,12,2,43
2017-02-12 19:00:00+00:00,5.24,259.15,10107.0,21.667046,-157.95213,2444.0,19,12,2,43
2017-02-12 20:00:00+00:00,5.48,265.22,10114.0,21.667046,-157.95213,2616.0,20,12,2,43
2017-02-12 21:00:00+00:00,6.67,270.14,10112.0,21.667046,-157.95213,3028.0,21,12,2,43
2017-02-12 22:00:00+00:00,6.3,265.15,10107.0,21.667046,-157.95213,3355.0,22,12,2,43
2017-02-12 23:00:00+00:00,5.59,261.05,10094.0,21.667046,-157.95213,3475.0,23,12,2,43
2017-02-13 00:00:00+00:00,1.93,222.76,10086.0,21.667046,-157.95213,3553.0,0,13,2,44
2017-02-13 01:00:00+00:00,2.86,115.88,10084.0,21.667046,-157.95213,3391.0,1,13,2,44
2017-02-13 02:00:00+00:00,4.43,112.99,10082.0,21.667046,-157.95213,3047.0,2,13,2,44
2017-02-13 03:00:00+00:00,1.2,238.07,10082.0,21.667046,-157.95213,2901.0,3,13,2,44
2017-02-13 04:00:00+00:00,9.31,212.15,10082.0,21.667046,-157.95213,2264.0,4,13,2,44
2017-02-13 05:00:00+00:00,13.24,202.48,10087.0,21.667046,-157.95213,1982.0,5,13,2,44
2017-02-13 06:00:00+00:00,13.9,202.19,10089.0,21.667046,-157.95213,1970.0,6,13,2,44
2017-02-13 07:00:00+00:00,14.23,203.88,10095.0,21.667046,-157.95213,1761.0,7,13,2,44
2017-02-13 08:00:00+00:00,13.6,209.87,10101.0,21.667046,-157.95213,1953.0,8,13,2,44
2017-02-13 09:00:00+00:00,13.22,215.53,10103.0,21.667046,-157.95213,1982.0,9,13,2,44
2017-02-13 10:00:00+00:00,12.6,213.93,10099.0,21.667046,-157.95213,1913.0,10,13,2,44
2017-02-13 11:00:00+00:00,10.81,222.3,10099.0,21.667046,-157.95213,1941.0,11,13,2,44
2017-02-13 12:00:00+00:00,9.96,242.14,10100.0,21.667046,-157.95213,1899.0,12,13,2,44
2017-02-13 13:00:00+00:00,10.84,241.44,10096.0,21.667046,-157.95213,1859.0,13,13,2,44
2017-02-13 14:00:00+00:00,11.94,239.0,10094.0,21.667046,-157.95213,1879.0,14,13,2,44
2017-02-13 15:00:00+00:00,11.31,236.88,10088.0,21.667046,-157.95213,1655.0,15,13,2,44
2017-02-13 16:00:00+00:00,13.49,221.36,10090.0,21.667046,-157.95213,1558.0,16,13,2,44
2017-02-13 17:00:00+00:00,12.87,225.51,10095.0,21.667046,-157.95213,1947.0,17,13,2,44
2017-02-13 18:00:00+00:00,10.2,225.97,10104.0,21.667046,-157.95213,2366.0,18,13,2,44
2017-02-13 19:00:00+00:00,8.37,219.9,10109.0,21.667046,-157.95213,2798.0,19,13,2,44
2017-02-13 20:00:00+00:00,6.74,215.54,10106.0,21.667046,-157.95213,3197.0,20,13,2,44
2017-02-13 21:00:00+00:00,7.85,216.27,10104.0,21.667046,-157.95213,3431.0,21,13,2,44
2017-02-13 22:00:00+00:00,8.6,219.52,10096.0,21.667046,-157.95213,3554.0,22,13,2,44
2017-02-13 23:00:00+00:00,9.07,220.59,10090.0,21.667046,-157.95213,3591.0,23,13,2,44
2017-02-14 00:00:00+00:00,8.89,222.23,10083.0,21.667046,-157.95213,3531.0,0,14,2,45
2017-02-14 01:00:00+00:00,8.89,223.74,10079.0,21.667046,-157.95213,3348.0,1,14,2,45
2017-02-14 02:00:00+00:00,7.69,231.52,10081.0,21.667046,-157.95213,3171.0,2,14,2,45
2017-02-14 03:00:00+00:00,7.84,237.99,10085.0,21.667046,-157.95213,2836.0,3,14,2,45
2017-02-14 04:00:00+00:00,8.67,240.74,10091.0,21.667046,-157.95213,2405.0,4,14,2,45
2017-02-14 05:00:00+00:00,8.8,235.61,10095.0,21.667046,-157.95213,1870.0,5,14,2,45
2017-02-14 06:00:00+00:00,13.5,223.36,10099.0,21.667046,-157.95213,1940.0,6,14,2,45
2017-02-14 07:00:00+00:00,14.54,224.55,10100.0,21.667046,-157.95213,1990.0,7,14,2,45
2017-02-14 08:00:00+00:00,13.59,225.3,10103.0,21.667046,-157.95213,1943.0,8,14,2,45
2017-02-14 09:00:00+00:00,14.76,218.67,10102.0,21.667046,-157.95213,1946.0,9,14,2,45
2017-02-14 10:00:00+00:00,13.81,217.54,10099.0,21.667046,-157.95213,1805.0,10,14,2,45
2017-02-14 11:00:00+00:00,14.63,217.44,10095.0,21.667046,-157.95213,1810.0,11,14,2,45
2017-02-14 12:00:00+00:00,14.8,214.36,10090.0,21.667046,-157.95213,1791.0,12,14,2,45
2017-02-14 13:00:00+00:00,14.62,216.71,10089.0,21.667046,-157.95213,1808.0,13,14,2,45
2017-02-14 14:00:00+00:00,14.34,221.39,10087.0,21.667046,-157.95213,1981.0,14,14,2,45
2017-02-14 15:00:00+00:00,13.68,228.0,10089.0,21.667046,-157.95213,2004.0,15,14,2,45
2017-02-14 16:00:00+00:00,12.39,227.92,10092.0,21.667046,-157.95213,1908.0,16,14,2,45
2017-02-14 17:00:00+00:00,14.05,219.99,10095.0,21.667046,-157.95213,1885.0,17,14,2,45
2017-02-14 18:00:00+00:00,12.22,222.32,10095.0,21.667046,-157.95213,2465.0,18,14,2,45
2017-02-14 19:00:00+00:00,9.54,222.22,10101.0,21.667046,-157.95213,2925.0,19,14,2,45
2017-02-14 20:00:00+00:00,7.87,226.42,10099.0,21.667046,-157.95213,3174.0,20,14,2,45
2017-02-14 21:00:00+00:00,6.18,230.08,10100.0,21.667046,-157.95213,3559.0,21,14,2,45
2017-02-14 22:00:00+00:00,7.26,246.07,10095.0,21.667046,-157.95213,3696.0,22,14,2,45
2017-02-14 23:00:00+00:00,7.71,244.74,10089.0,21.667046,-157.95213,3717.0,23,14,2,45
2017-02-15 00:00:00+00:00,8.22,250.52,10084.0,21.667046,-157.95213,3665.0,0,15,2,46
2017-02-15 01:00:00+00:00,9.78,249.57,10079.0,21.667046,-157.95213,3468.0,1,15,2,46
2017-02-15 02:00:00+00:00,10.45,248.99,10083.0,21.667046,-157.95213,3244.0,2,15,2,46
2017-02-15 03:00:00+00:00,10.34,252.73,10086.0,21.667046,-157.95213,2922.0,3,15,2,46
2017-02-15 04:00:00+00:00,9.57,248.01,10094.0,21.667046,-157.95213,2541.0,4,15,2,46
2017-02-15 05:00:00+00:00,10.58,239.11,10095.0,21.667046,-157.95213,2072.0,5,15,2,46
2017-02-15 06:00:00+00:00,10.58,226.26,10101.0,21.667046,-157.95213,2163.0,6,15,2,46
2017-02-15 07:00:00+00:00,9.79,227.72,10104.0,21.667046,-157.95213,2060.0,7,15,2,46
2017-02-15 08:00:00+00:00,8.41,234.87,10109.0,21.667046,-157.95213,1944.0,8,15,2,46
2017-02-15 09:00:00+00:00,7.91,244.88,10112.0,21.667046,-157.95213,1937.0,9,15,2,46
2017-02-15 10:00:00+00:00,7.02,242.09,10112.0,21.667046,-157.95213,1908.0,10,15,2,46
2017-02-15 11:00:00+00:00,8.34,247.2,10109.0,21.667046,-157.95213,1873.0,11,15,2,46
2017-02-15 12:00:00+00:00,8.81,245.79,10107.0,21.667046,-157.95213,1873.0,12,15,2,46
2017-02-15 13:00:00+00:00,8.65,246.41,10103.0,21.667046,-157.95213,1847.0,13,15,2,46
2017-02-15 14:00:00+00:00,8.98,244.38,10102.0,21.667046,-157.95213,1858.0,14,15,2,46
2017-02-15 15:00:00+00:00,9.88,235.99,10102.0,21.667046,-157.95213,2049.0,15,15,2,46
2017-02-15 16:00:00+00:00,9.8,237.45,10104.0,21.667046,-157.95213,2105.0,16,15,2,46
2017-02-15 17:00:00+00:00,8.35,226.02,10110.0,21.667046,-157.95213,1912.0,17,15,2,46
2017-02-15 18:00:00+00:00,4.93,219.48,10119.0,21.667046,-157.95213,2531.0,18,15,2,46
2017-02-15 19:00:00+00:00,3.88,222.13,10127.0,21.667046,-157.95213,2346.0,19,15,2,46
2017-02-15 20:00:00+00:00,1.18,320.99,10134.0,21.667046,-157.95213,2283.0,20,15,2,46
2017-02-15 21:00:00+00:00,3.1,353.91,10139.0,21.667046,-157.95213,2280.0,21,15,2,46
2017-02-15 22:00:00+00:00,3.28,346.3,10135.0,21.667046,-157.95213,2352.0,22,15,2,46
2017-02-15 23:00:00+00:00,2.55,17.74,10125.0,21.667046,-157.95213,2636.0,23,15,2,46
2017-02-16 00:00:00+00:00,2.05,53.71,10121.0,21.667046,-157.95213,2296.0,0,16,2,47
2017-02-16 01:00:00+00:00,1.02,55.44,10119.0,21.667046,-157.95213,2284.0,1,16,2,47
2017-02-16 02:00:00+00:00,1.71,7.0,10121.0,21.667046,-157.95213,2460.0,2,16,2,47
2017-02-16 03:00:00+00:00,2.29,1.05,10127.0,21.667046,-157.95213,2243.0,3,16,2,47
2017-02-16 04:00:00+00:00,2.54,352.94,10133.0,21.667046,-157.95213,2202.0,4,16,2,47
2017-02-16 05:00:00+00:00,1.45,9.56,10138.0,21.667046,-157.95213,2166.0,5,16,2,47
2017-02-16 06:00:00+00:00,1.16,41.52,10143.0,21.667046,-157.95213,2158.0,6,16,2,47
2017-02-16 07:00:00+00:00,1.29,81.24,10150.0,21.667046,-157.95213,2160.0,7,16,2,47
2017-02-16 08:00:00+00:00,0.63,311.68,10157.0,21.667046,-157.95213,2153.0,8,16,2,47
2017-02-16 09:00:00+00:00,1.38,16.15,10157.0,21.667046,-157.95213,2142.0,9,16,2,47
2017-02-16 10:00:00+00:00,1.98,6.76,10157.0,21.667046,-157.95213,2143.0,10,16,2,47
2017-02-16 11:00:00+00:00,3.28,5.21,10155.0,21.667046,-157.95213,2119.0,11,16,2,47
2017-02-16 12:00:00+00:00,2.65,32.81,10150.0,21.667046,-157.95213,2004.0,12,16,2,47
2017-02-16 13:00:00+00:00,2.04,43.75,10146.0,21.667046,-157.95213,1992.0,13,16,2,47
2017-02-16 14:00:00+00:00,3.14,48.63,10143.0,21.667046,-157.95213,1907.0,14,16,2,47
2017-02-16 15:00:00+00:00,4.21,36.5,10144.0,21.667046,-157.95213,2107.0,15,16,2,47
2017-02-16 16:00:00+00:00,4.75,44.88,10152.0,21.667046,-157.95213,2115.0,16,16,2,47
2017-02-16 17:00:00+00:00,4.5,61.68,10155.0,21.667046,-157.95213,1994.0,17,16,2,47
2017-02-16 18:00:00+00:00,4.88,71.55,10163.0,21.667046,-157.95213,2226.0,18,16,2,47
2017-02-16 19:00:00+00:00,4.87,68.85,10169.0,21.667046,-157.95213,2467.0,19,16,2,47
2017-02-16 20:00:00+00:00,5.41,68.52,10173.0,21.667046,-157.95213,2692.0,20,16,2,47
2017-02-16 21:00:00+00:00,6.3,75.03,10173.0,21.667046,-157.95213,2981.0,21,16,2,47
2017-02-16 22:00:00+00:00,6.96,75.18,10167.0,21.667046,-157.95213,3018.0,22,16,2,47
2017-02-16 23:00:00+00:00,6.63,81.63,10161.0,21.667046,-157.95213,3242.0,23,16,2,47
2017-02-17 00:00:00+00:00,6.82,82.71,10151.0,21.667046,-157.95213,3138.0,0,17,2,48
2017-02-17 01:00:00+00:00,6.55,92.98,10147.0,21.667046,-157.95213,3002.0,1,17,2,48
2017-02-17 02:00:00+00:00,6.85,99.26,10144.0,21.667046,-157.95213,2817.0,2,17,2,48
2017-02-17 03:00:00+00:00,7.17,101.81,10148.0,21.667046,-157.95213,2518.0,3,17,2,48
2017-02-17 04:00:00+00:00,7.07,106.66,10155.0,21.667046,-157.95213,2342.0,4,17,2,48
2017-02-17 05:00:00+00:00,6.51,104.7,10162.0,21.667046,-157.95213,2124.0,5,17,2,48
2017-02-17 06:00:00+00:00,7.58,105.68,10170.0,21.667046,-157.95213,2160.0,6,17,2,48
2017-02-17 07:00:00+00:00,7.29,104.18,10175.0,21.667046,-157.95213,2172.0,7,17,2,48
2017-02-17 08:00:00+00:00,6.98,100.43,10178.0,21.667046,-157.95213,2172.0,8,17,2,48
2017-02-17 09:00:00+00:00,8.01,105.35,10177.0,21.667046,-157.95213,2180.0,9,17,2,48
2017-02-17 10:00:00+00:00,7.54,101.32,10174.0,21.667046,-157.95213,2185.0,10,17,2,48
2017-02-17 11:00:00+00:00,8.76,109.86,10170.0,21.667046,-157.95213,2189.0,11,17,2,48
2017-02-17 12:00:00+00:00,6.8,125.5,10162.0,21.667046,-157.95213,2078.0,12,17,2,48
2017-02-17 13:00:00+00:00,8.3,131.87,10155.0,21.667046,-157.95213,2150.0,13,17,2,48
2017-02-17 14:00:00+00:00,7.43,137.93,10148.0,21.667046,-157.95213,2057.0,14,17,2,48
2017-02-17 15:00:00+00:00,7.69,139.98,10146.0,21.667046,-157.95213,2022.0,15,17,2,48
2017-02-17 16:00:00+00:00,7.71,141.71,10147.0,21.667046,-157.95213,1990.0,16,17,2,48
2017-02-17 17:00:00+00:00,7.52,144.96,10151.0,21.667046,-157.95213,1999.0,17,17,2,48
2017-02-17 18:00:00+00:00,6.5,140.54,10154.0,21.667046,-157.95213,2378.0,18,17,2,48
2017-02-17 19:00:00+00:00,6.42,126.59,10157.0,21.667046,-157.95213,2685.0,19,17,2,48
2017-02-17 20:00:00+00:00,5.09,120.05,10160.0,21.667046,-157.95213,3079.0,20,17,2,48
2017-02-17 21:00:00+00:00,4.4,97.79,10158.0,21.667046,-157.95213,3282.0,21,17,2,48
2017-02-17 22:00:00+00:00,3.41,74.41,10153.0,21.667046,-157.95213,3344.0,22,17,2,48
2017-02-17 23:00:00+00:00,3.07,63.9,10145.0,21.667046,-157.95213,3424.0,23,17,2,48
2017-02-18 00:00:00+00:00,2.71,59.43,10135.0,21.667046,-157.95213,3422.0,0,18,2,49
2017-02-18 01:00:00+00:00,2.19,53.32,10136.0,21.667046,-157.95213,3055.0,1,18,2,49
2017-02-18 02:00:00+00:00,1.89,23.43,10133.0,21.667046,-157.95213,2837.0,2,18,2,49
2017-02-18 03:00:00+00:00,2.45,326.68,10139.0,21.667046,-157.95213,2509.0,3,18,2,49
2017-02-18 04:00:00+00:00,3.76,298.14,10142.0,21.667046,-157.95213,2453.0,4,18,2,49
2017-02-18 05:00:00+00:00,4.08,291.77,10150.0,21.667046,-157.95213,2309.0,5,18,2,49
2017-02-18 06:00:00+00:00,3.77,302.89,10155.0,21.667046,-157.95213,2286.0,6,18,2,49
2017-02-18 07:00:00+00:00,3.35,307.84,10158.0,21.667046,-157.95213,2062.0,7,18,2,49
2017-02-18 08:00:00+00:00,2.89,317.84,10160.0,21.667046,-157.95213,1948.0,8,18,2,49
2017-02-18 09:00:00+00:00,2.22,333.82,10159.0,21.667046,-157.95213,1924.0,9,18,2,49
2017-02-18 10:00:00+00:00,0.56,358.09,10158.0,21.667046,-157.95213,1912.0,10,18,2,49
2017-02-18 11:00:00+00:00,0.26,121.41,10156.0,21.667046,-157.95213,1890.0,11,18,2,49
2017-02-18 12:00:00+00:00,0.49,81.3,10151.0,21.667046,-157.95213,1900.0,12,18,2,49
2017-02-18 13:00:00+00:00,0.97,125.39,10147.0,21.667046,-157.95213,1851.0,13,18,2,49
2017-02-18 14:00:00+00:00,1.66,136.04,10142.0,21.667046,-157.95213,1856.0,14,18,2,49
2017-02-18 15:00:00+00:00,1.97,144.67,10145.0,21.667046,-157.95213,1926.0,15,18,2,49
2017-02-18 16:00:00+00:00,1.36,154.59,10149.0,21.667046,-157.95213,1862.0,16,18,2,49
2017-02-18 17:00:00+00:00,0.74,136.85,10155.0,21.667046,-157.95213,1847.0,17,18,2,49
2017-02-18 18:00:00+00:00,0.21,250.86,10161.0,21.667046,-157.95213,2456.0,18,18,2,49
2017-02-18 19:00:00+00:00,1.62,354.37,10163.0,21.667046,-157.95213,2850.0,19,18,2,49
2017-02-18 20:00:00+00:00,2.95,354.8,10164.0,21.667046,-157.95213,3149.0,20,18,2,49
2017-02-18 21:00:00+00:00,3.21,3.93,10164.0,21.667046,-157.95213,3347.0,21,18,2,49
2017-02-18 22:00:00+00:00,4.74,342.79,10163.0,21.667046,-157.95213,3315.0,22,18,2,49
2017-02-18 23:00:00+00:00,4.64,323.88,10156.0,21.667046,-157.95213,3289.0,23,18,2,49
2017-02-19 00:00:00+00:00,5.23,321.84,10144.0,21.667046,-157.95213,3310.0,0,19,2,50
2017-02-19 01:00:00+00:00,6.18,321.1,10143.0,21.667046,-157.95213,3301.0,1,19,2,50
2017-02-19 02:00:00+00:00,6.53,323.3,10141.0,21.667046,-157.95213,2883.0,2,19,2,50
2017-02-19 03:00:00+00:00,8.65,349.6,10148.0,21.667046,-157.95213,2211.0,3,19,2,50
2017-02-19 04:00:00+00:00,9.81,353.09,10157.0,21.667046,-157.95213,2208.0,4,19,2,50
2017-02-19 05:00:00+00:00,9.61,0.56,10161.0,21.667046,-157.95213,2129.0,5,19,2,50
2017-02-19 06:00:00+00:00,9.13,6.29,10167.0,21.667046,-157.95213,2109.0,6,19,2,50
2017-02-19 07:00:00+00:00,8.3,13.24,10170.0,21.667046,-157.95213,2109.0,7,19,2,50
2017-02-19 08:00:00+00:00,9.47,6.91,10174.0,21.667046,-157.95213,2084.0,8,19,2,50
2017-02-19 09:00:00+00:00,8.81,14.71,10177.0,21.667046,-157.95213,2067.0,9,19,2,50
2017-02-19 10:00:00+00:00,8.79,20.75,10178.0,21.667046,-157.95213,1996.0,10,19,2,50
2017-02-19 11:00:00+00:00,8.75,27.51,10175.0,21.667046,-157.95213,1919.0,11,19,2,50
2017-02-19 12:00:00+00:00,8.66,27.35,10169.0,21.667046,-157.95213,1922.0,12,19,2,50
2017-02-19 13:00:00+00:00,8.56,29.42,10166.0,21.667046,-157.95213,1816.0,13,19,2,50
2017-02-19 14:00:00+00:00,8.79,27.63,10166.0,21.667046,-157.95213,1929.0,14,19,2,50
2017-02-19 15:00:00+00:00,8.85,28.82,10171.0,21.667046,-157.95213,1892.0,15,19,2,50
2017-02-19 16:00:00+00:00,9.35,32.44,10177.0,21.667046,-157.95213,1961.0,16,19,2,50
2017-02-19 17:00:00+00:00,9.22,34.44,10180.0,21.667046,-157.95213,1915.0,17,19,2,50
2017-02-19 18:00:00+00:00,8.74,43.06,10186.0,21.667046,-157.95213,2195.0,18,19,2,50
2017-02-19 19:00:00+00:00,8.78,36.61,10195.0,21.667046,-157.95213,2363.0,19,19,2,50
2017-02-19 20:00:00+00:00,8.93,45.45,10202.0,21.667046,-157.95213,2627.0,20,19,2,50
2017-02-19 21:00:00+00:00,9.2,48.34,10200.0,21.667046,-157.95213,2797.0,21,19,2,50
2017-02-19 22:00:00+00:00,8.66,44.19,10196.0,21.667046,-157.95213,2952.0,22,19,2,50
2017-02-19 23:00:00+00:00,8.84,45.47,10187.0,21.667046,-157.95213,2973.0,23,19,2,50
2017-02-20 00:00:00+00:00,8.71,50.55,10181.0,21.667046,-157.95213,2985.0,0,20,2,51
2017-02-20 01:00:00+00:00,9.16,46.68,10181.0,21.667046,-157.95213,2786.0,1,20,2,51
2017-02-20 02:00:00+00:00,8.53,48.78,10183.0,21.667046,-157.95213,2537.0,2,20,2,51
2017-02-20 03:00:00+00:00,8.53,50.0,10187.0,21.667046,-157.95213,2369.0,3,20,2,51
2017-02-20 04:00:00+00:00,9.59,49.44,10191.0,21.667046,-157.95213,2111.0,4,20,2,51
2017-02-20 05:00:00+00:00,9.44,60.36,10197.0,21.667046,-157.95213,1999.0,5,20,2,51
2017-02-20 06:00:00+00:00,8.69,64.91,10199.0,21.667046,-157.95213,2028.0,6,20,2,51
2017-02-20 07:00:00+00:00,10.54,51.19,10204.0,21.667046,-157.95213,2033.0,7,20,2,51
2017-02-20 08:00:00+00:00,10.82,65.35,10201.0,21.667046,-157.95213,1959.0,8,20,2,51
2017-02-20 09:00:00+00:00,10.44,65.85,10205.0,21.667046,-157.95213,1982.0,9,20,2,51
2017-02-20 10:00:00+00:00,11.18,77.49,10199.0,21.667046,-157.95213,2052.0,10,20,2,51
2017-02-20 11:00:00+00:00,11.92,71.98,10198.0,21.667046,-157.95213,1964.0,11,20,2,51
2017-02-20 12:00:00+00:00,10.88,69.78,10188.0,21.667046,-157.95213,1887.0,12,20,2,51
2017-02-20 13:00:00+00:00,10.63,69.28,10186.0,21.667046,-157.95213,1922.0,13,20,2,51
2017-02-20 14:00:00+00:00,11.16,70.28,10182.0,21.667046,-157.95213,2028.0,14,20,2,51
2017-02-20 15:00:00+00:00,11.63,75.15,10187.0,21.667046,-157.95213,1980.0,15,20,2,51
2017-02-20 16:00:00+00:00,11.07,70.95,10188.0,21.667046,-157.95213,1946.0,16,20,2,51
2017-02-20 17:00:00+00:00,10.95,103.32,10200.0,21.667046,-157.95213,1873.0,17,20,2,51
2017-02-20 18:00:00+00:00,10.8,72.52,10202.0,21.667046,-157.95213,2146.0,18,20,2,51
2017-02-20 19:00:00+00:00,10.74,78.84,10207.0,21.667046,-157.95213,2400.0,19,20,2,51
2017-02-20 20:00:00+00:00,10.82,88.95,10209.0,21.667046,-157.95213,2543.0,20,20,2,51
2017-02-20 21:00:00+00:00,10.01,83.78,10208.0,21.667046,-157.95213,2922.0,21,20,2,51
2017-02-20 22:00:00+00:00,10.22,88.47,10201.0,21.667046,-157.95213,3068.0,22,20,2,51
2017-02-20 23:00:00+00:00,10.6,87.51,10193.0,21.667046,-157.95213,2933.0,23,20,2,51
2017-02-21 00:00:00+00:00,10.3,85.39,10183.0,21.667046,-157.95213,3050.0,0,21,2,52
2017-02-21 01:00:00+00:00,10.84,82.58,10179.0,21.667046,-157.95213,2916.0,1,21,2,52
2017-02-21 02:00:00+00:00,10.43,83.77,10180.0,21.667046,-157.95213,2727.0,2,21,2,52
2017-02-21 03:00:00+00:00,10.69,80.71,10184.0,21.667046,-157.95213,2421.0,3,21,2,52
2017-02-21 04:00:00+00:00,10.89,76.08,10190.0,21.667046,-157.95213,2180.0,4,21,2,52
2017-02-21 05:00:00+00:00,11.33,74.84,10196.0,21.667046,-157.95213,2024.0,5,21,2,52
2017-02-21 06:00:00+00:00,11.27,74.4,10203.0,21.667046,-157.95213,2000.0,6,21,2,52
2017-02-21 07:00:00+00:00,10.13,74.35,10209.0,21.667046,-157.95213,1981.0,7,21,2,52
2017-02-21 08:00:00+00:00,11.04,79.1,10210.0,21.667046,-157.95213,1980.0,8,21,2,52
2017-02-21 09:00:00+00:00,10.53,76.73,10212.0,21.667046,-157.95213,1942.0,9,21,2,52
2017-02-21 10:00:00+00:00,10.34,81.46,10210.0,21.667046,-157.95213,1924.0,10,21,2,52
2017-02-21 11:00:00+00:00,10.6,80.11,10206.0,21.667046,-157.95213,1925.0,11,21,2,52
2017-02-21 12:00:00+00:00,8.2,73.89,10198.0,21.667046,-157.95213,1854.0,12,21,2,52
2017-02-21 13:00:00+00:00,10.39,81.8,10196.0,21.667046,-157.95213,1904.0,13,21,2,52
2017-02-21 14:00:00+00:00,10.72,81.42,10196.0,21.667046,-157.95213,1904.0,14,21,2,52
2017-02-21 15:00:00+00:00,10.57,67.29,10198.0,21.667046,-157.95213,1957.0,15,21,2,52
2017-02-21 16:00:00+00:00,10.72,76.05,10201.0,21.667046,-157.95213,1884.0,16,21,2,52
2017-02-21 17:00:00+00:00,10.68,79.72,10206.0,21.667046,-157.95213,1885.0,17,21,2,52
2017-02-21 18:00:00+00:00,10.18,75.01,10213.0,21.667046,-157.95213,2277.0,18,21,2,52
2017-02-21 19:00:00+00:00,10.3,73.51,10218.0,21.667046,-157.95213,2503.0,19,21,2,52
2017-02-21 20:00:00+00:00,10.36,70.29,10222.0,21.667046,-157.95213,2716.0,20,21,2,52
2017-02-21 21:00:00+00:00,10.57,79.31,10220.0,21.667046,-157.95213,2810.0,21,21,2,52
2017-02-21 22:00:00+00:00,10.43,81.37,10217.0,21.667046,-157.95213,3023.0,22,21,2,52
2017-02-21 23:00:00+00:00,10.54,79.76,10210.0,21.667046,-157.95213,3045.0,23,21,2,52
2017-02-22 00:00:00+00:00,10.83,82.18,10196.0,21.667046,-157.95213,3046.0,0,22,2,53
2017-02-22 01:00:00+00:00,10.39,84.02,10194.0,21.667046,-157.95213,2870.0,1,22,2,53
2017-02-22 02:00:00+00:00,10.66,79.87,10192.0,21.667046,-157.95213,2680.0,2,22,2,53
2017-02-22 03:00:00+00:00,10.76,72.16,10199.0,21.667046,-157.95213,2408.0,3,22,2,53
2017-02-22 04:00:00+00:00,11.02,73.0,10204.0,21.667046,-157.95213,2210.0,4,22,2,53
2017-02-22 05:00:00+00:00,11.44,71.48,10208.0,21.667046,-157.95213,1995.0,5,22,2,53
2017-02-22 06:00:00+00:00,11.52,76.02,10214.0,21.667046,-157.95213,1984.0,6,22,2,53
2017-02-22 07:00:00+00:00,11.57,77.16,10216.0,21.667046,-157.95213,1989.0,7,22,2,53
2017-02-22 08:00:00+00:00,11.69,77.77,10218.0,21.667046,-157.95213,1974.0,8,22,2,53
2017-02-22 09:00:00+00:00,12.03,74.35,10219.0,21.667046,-157.95213,1966.0,9,22,2,53
2017-02-22 10:00:00+00:00,11.91,76.47,10218.0,21.667046,-157.95213,1957.0,10,22,2,53
2017-02-22 11:00:00+00:00,11.99,80.09,10210.0,21.667046,-157.95213,1946.0,11,22,2,53
2017-02-22 12:00:00+00:00,11.69,82.31,10203.0,21.667046,-157.95213,1935.0,12,22,2,53
2017-02-22 13:00:00+00:00,11.29,73.95,10202.0,21.667046,-157.95213,1921.0,13,22,2,53
2017-02-22 14:00:00+00:00,11.45,74.76,10197.0,21.667046,-157.95213,1909.0,14,22,2,53
2017-02-22 15:00:00+00:00,11.29,76.39,10201.0,21.667046,-157.95213,1913.0,15,22,2,53
2017-02-22 16:00:00+00:00,11.53,81.37,10204.0,21.667046,-157.95213,1921.0,16,22,2,53
2017-02-22 17:00:00+00:00,11.47,83.06,10208.0,21.667046,-157.95213,1907.0,17,22,2,53
2017-02-22 18:00:00+00:00,11.61,86.14,10213.0,21.667046,-157.95213,2257.0,18,22,2,53
2017-02-22 19:00:00+00:00,11.16,91.02,10215.0,21.667046,-157.95213,2521.0,19,22,2,53
2017-02-22 20:00:00+00:00,10.96,86.32,10218.0,21.667046,-157.95213,2746.0,20,22,2,53
2017-02-22 21:00:00+00:00,11.08,86.64,10217.0,21.667046,-157.95213,2881.0,21,22,2,53
2017-02-22 22:00:00+00:00,10.32,83.61,10210.0,21.667046,-157.95213,3042.0,22,22,2,53
2017-02-22 23:00:00+00:00,9.8,82.6,10202.0,21.667046,-157.95213,3075.0,23,22,2,53
2017-02-23 00:00:00+00:00,9.91,84.23,10190.0,21.667046,-157.95213,2981.0,0,23,2,54
2017-02-23 01:00:00+00:00,10.37,83.81,10186.0,21.667046,-157.95213,2938.0,1,23,2,54
2017-02-23 02:00:00+00:00,10.39,82.09,10186.0,21.667046,-157.95213,2656.0,2,23,2,54
2017-02-23 03:00:00+00:00,10.5,82.82,10186.0,21.667046,-157.95213,2470.0,3,23,2,54
2017-02-23 04:00:00+00:00,9.96,83.41,10187.0,21.667046,-157.95213,2190.0,4,23,2,54
2017-02-23 05:00:00+00:00,10.43,78.74,10191.0,21.667046,-157.95213,1953.0,5,23,2,54
2017-02-23 06:00:00+00:00,9.91,75.8,10200.0,21.667046,-157.95213,1939.0,6,23,2,54
2017-02-23 07:00:00+00:00,9.98,66.78,10208.0,21.667046,-157.95213,1934.0,7,23,2,54
2017-02-23 08:00:00+00:00,10.31,63.98,10209.0,21.667046,-157.95213,1935.0,8,23,2,54
2017-02-23 09:00:00+00:00,10.28,68.61,10206.0,21.667046,-157.95213,1914.0,9,23,2,54
2017-02-23 10:00:00+00:00,10.3,70.2,10201.0,21.667046,-157.95213,1915.0,10,23,2,54
2017-02-23 11:00:00+00:00,9.77,72.06,10194.0,21.667046,-157.95213,1886.0,11,23,2,54
2017-02-23 12:00:00+00:00,10.38,79.21,10189.0,21.667046,-157.95213,1877.0,12,23,2,54
2017-02-23 13:00:00+00:00,9.39,79.71,10182.0,21.667046,-157.95213,1871.0,13,23,2,54
2017-02-23 14:00:00+00:00,9.32,86.0,10182.0,21.667046,-157.95213,1883.0,14,23,2,54
2017-02-23 15:00:00+00:00,11.22,78.42,10182.0,21.667046,-157.95213,1874.0,15,23,2,54
2017-02-23 16:00:00+00:00,8.97,73.65,10186.0,21.667046,-157.95213,2011.0,16,23,2,54
2017-02-23 17:00:00+00:00,7.74,69.94,10192.0,21.667046,-157.95213,1745.0,17,23,2,54
2017-02-23 18:00:00+00:00,9.58,56.43,10196.0,21.667046,-157.95213,2197.0,18,23,2,54
2017-02-23 19:00:00+00:00,9.67,73.17,10200.0,21.667046,-157.95213,2550.0,19,23,2,54
2017-02-23 20:00:00+00:00,8.99,73.92,10198.0,21.667046,-157.95213,2761.0,20,23,2,54
2017-02-23 21:00:00+00:00,8.98,70.78,10196.0,21.667046,-157.95213,2902.0,21,23,2,54
2017-02-23 22:00:00+00:00,7.87,65.54,10194.0,21.667046,-157.95213,3131.0,22,23,2,54
2017-02-23 23:00:00+00:00,7.65,65.31,10182.0,21.667046,-157.95213,3166.0,23,23,2,54
2017-02-24 00:00:00+00:00,7.79,67.05,10166.0,21.667046,-157.95213,3122.0,0,24,2,55
2017-02-24 01:00:00+00:00,7.37,70.31,10165.0,21.667046,-157.95213,3002.0,1,24,2,55
2017-02-24 02:00:00+00:00,7.73,68.34,10160.0,21.667046,-157.95213,2508.0,2,24,2,55
2017-02-24 03:00:00+00:00,6.75,60.82,10161.0,21.667046,-157.95213,2377.0,3,24,2,55
2017-02-24 04:00:00+00:00,7.72,68.16,10166.0,21.667046,-157.95213,2179.0,4,24,2,55
2017-02-24 05:00:00+00:00,7.53,51.1,10166.0,21.667046,-157.95213,1912.0,5,24,2,55
2017-02-24 06:00:00+00:00,7.97,52.9,10169.0,21.667046,-157.95213,1840.0,6,24,2,55
2017-02-24 07:00:00+00:00,8.14,57.86,10170.0,21.667046,-157.95213,1820.0,7,24,2,55
2017-02-24 08:00:00+00:00,8.05,52.01,10171.0,21.667046,-157.95213,1828.0,8,24,2,55
2017-02-24 09:00:00+00:00,6.94,56.6,10170.0,21.667046,-157.95213,2031.0,9,24,2,55
2017-02-24 10:00:00+00:00,6.73,54.19,10166.0,21.667046,-157.95213,2021.0,10,24,2,55
2017-02-24 11:00:00+00:00,8.12,56.98,10164.0,21.667046,-157.95213,1915.0,11,24,2,55
2017-02-24 12:00:00+00:00,7.86,60.22,10158.0,21.667046,-157.95213,1951.0,12,24,2,55
2017-02-24 13:00:00+00:00,5.58,40.55,10155.0,21.667046,-157.95213,1926.0,13,24,2,55
2017-02-24 14:00:00+00:00,5.94,68.45,10149.0,21.667046,-157.95213,1947.0,14,24,2,55
2017-02-24 15:00:00+00:00,7.13,56.54,10151.0,21.667046,-157.95213,1558.0,15,24,2,55
2017-02-24 16:00:00+00:00,7.42,46.12,10151.0,21.667046,-157.95213,1577.0,16,24,2,55
2017-02-24 17:00:00+00:00,6.65,56.33,10153.0,21.667046,-157.95213,1359.0,17,24,2,55
2017-02-24 18:00:00+00:00,4.55,33.43,10153.0,21.667046,-157.95213,2067.0,18,24,2,55
2017-02-24 19:00:00+00:00,3.92,53.7,10155.0,21.667046,-157.95213,2451.0,19,24,2,55
2017-02-24 20:00:00+00:00,6.03,62.2,10155.0,21.667046,-157.95213,2379.0,20,24,2,55
2017-02-24 21:00:00+00:00,6.22,57.22,10152.0,21.667046,-157.95213,2555.0,21,24,2,55
2017-02-24 22:00:00+00:00,6.45,58.92,10149.0,21.667046,-157.95213,2757.0,22,24,2,55
2017-02-24 23:00:00+00:00,6.74,57.47,10146.0,21.667046,-157.95213,1971.0,23,24,2,55
2017-02-25 00:00:00+00:00,2.45,103.3,10134.0,21.667046,-157.95213,2649.0,0,25,2,56
2017-02-25 01:00:00+00:00,4.46,79.28,10134.0,21.667046,-157.95213,2225.0,1,25,2,56
2017-02-25 02:00:00+00:00,6.87,66.19,10129.0,21.667046,-157.95213,2206.0,2,25,2,56
2017-02-25 03:00:00+00:00,5.84,69.99,10135.0,21.667046,-157.95213,1947.0,3,25,2,56
2017-02-25 04:00:00+00:00,3.6,74.91,10135.0,21.667046,-157.95213,1789.0,4,25,2,56
2017-02-25 05:00:00+00:00,5.99,42.03,10137.0,21.667046,-157.95213,1882.0,5,25,2,56
2017-02-25 06:00:00+00:00,6.89,57.61,10143.0,21.667046,-157.95213,1770.0,6,25,2,56
2017-02-25 07:00:00+00:00,5.76,63.91,10144.0,21.667046,-157.95213,1492.0,7,25,2,56
2017-02-25 08:00:00+00:00,6.22,62.64,10145.0,21.667046,-157.95213,1552.0,8,25,2,56
2017-02-25 09:00:00+00:00,6.15,65.61,10145.0,21.667046,-157.95213,1660.0,9,25,2,56
2017-02-25 10:00:00+00:00,5.44,67.31,10144.0,21.667046,-157.95213,1649.0,10,25,2,56
2017-02-25 11:00:00+00:00,5.43,67.34,10139.0,21.667046,-157.95213,1716.0,11,25,2,56
2017-02-25 12:00:00+00:00,4.58,73.74,10137.0,21.667046,-157.95213,1577.0,12,25,2,56
2017-02-25 13:00:00+00:00,4.97,64.52,10133.0,21.667046,-157.95213,1485.0,13,25,2,56
2017-02-25 14:00:00+00:00,2.57,87.05,10132.0,21.667046,-157.95213,1528.0,14,25,2,56
2017-02-25 15:00:00+00:00,2.74,62.2,10134.0,21.667046,-157.95213,1540.0,15,25,2,56
2017-02-25 16:00:00+00:00,4.15,160.31,10135.0,21.667046,-157.95213,1716.0,16,25,2,56
2017-02-25 17:00:00+00:00,0.99,124.56,10139.0,21.667046,-157.95213,1662.0,17,25,2,56
2017-02-25 18:00:00+00:00,2.05,178.64,10139.0,21.667046,-157.95213,1774.0,18,25,2,56
2017-02-25 19:00:00+00:00,3.4,83.32,10143.0,21.667046,-157.95213,2121.0,19,25,2,56
2017-02-25 20:00:00+00:00,4.25,77.88,10141.0,21.667046,-157.95213,2411.0,20,25,2,56
2017-02-25 21:00:00+00:00,4.63,88.56,10141.0,21.667046,-157.95213,2750.0,21,25,2,56
2017-02-25 22:00:00+00:00,5.97,84.6,10137.0,21.667046,-157.95213,2814.0,22,25,2,56
2017-02-25 23:00:00+00:00,6.41,86.75,10132.0,21.667046,-157.95213,2862.0,23,25,2,56
2017-02-26 00:00:00+00:00,6.86,86.49,10125.0,21.667046,-157.95213,2644.0,0,26,2,57
2017-02-26 01:00:00+00:00,6.37,95.75,10123.0,21.667046,-157.95213,2515.0,1,26,2,57
2017-02-26 02:00:00+00:00,5.37,98.68,10124.0,21.667046,-157.95213,2372.0,2,26,2,57
2017-02-26 03:00:00+00:00,5.71,96.89,10123.0,21.667046,-157.95213,2276.0,3,26,2,57
2017-02-26 04:00:00+00:00,5.9,91.67,10129.0,21.667046,-157.95213,2142.0,4,26,2,57
2017-02-26 05:00:00+00:00,5.96,95.32,10130.0,21.667046,-157.95213,1823.0,5,26,2,57
2017-02-26 06:00:00+00:00,5.53,90.6,10129.0,21.667046,-157.95213,1883.0,6,26,2,57
2017-02-26 07:00:00+00:00,7.06,78.33,10135.0,21.667046,-157.95213,1850.0,7,26,2,57
2017-02-26 08:00:00+00:00,6.36,91.45,10139.0,21.667046,-157.95213,1962.0,8,26,2,57
2017-02-26 09:00:00+00:00,4.68,119.28,10144.0,21.667046,-157.95213,1747.0,9,26,2,57
2017-02-26 10:00:00+00:00,3.41,138.66,10139.0,21.667046,-157.95213,1803.0,10,26,2,57
2017-02-26 11:00:00+00:00,5.16,158.69,10137.0,21.667046,-157.95213,1971.0,11,26,2,57
2017-02-26 12:00:00+00:00,2.49,192.95,10130.0,21.667046,-157.95213,1792.0,12,26,2,57
2017-02-26 13:00:00+00:00,2.94,159.27,10125.0,21.667046,-157.95213,1787.0,13,26,2,57
2017-02-26 14:00:00+00:00,3.47,142.9,10123.0,21.667046,-157.95213,1539.0,14,26,2,57
2017-02-26 15:00:00+00:00,2.97,142.87,10122.0,21.667046,-157.95213,1603.0,15,26,2,57
2017-02-26 16:00:00+00:00,2.6,143.21,10126.0,21.667046,-157.95213,1649.0,16,26,2,57
2017-02-26 17:00:00+00:00,2.23,147.4,10132.0,21.667046,-157.95213,1657.0,17,26,2,57
2017-02-26 18:00:00+00:00,2.25,158.08,10134.0,21.667046,-157.95213,2215.0,18,26,2,57
2017-02-26 19:00:00+00:00,3.31,119.29,10138.0,21.667046,-157.95213,2766.0,19,26,2,57
2017-02-26 20:00:00+00:00,4.65,116.26,10141.0,21.667046,-157.95213,2939.0,20,26,2,57
2017-02-26 21:00:00+00:00,6.2,101.67,10140.0,21.667046,-157.95213,3112.0,21,26,2,57
2017-02-26 22:00:00+00:00,6.56,104.87,10138.0,21.667046,-157.95213,3274.0,22,26,2,57
2017-02-26 23:00:00+00:00,6.81,103.85,10130.0,21.667046,-157.95213,3290.0,23,26,2,57
2017-02-27 00:00:00+00:00,6.83,109.98,10125.0,21.667046,-157.95213,2835.0,0,27,2,58
2017-02-27 01:00:00+00:00,7.35,102.81,10123.0,21.667046,-157.95213,2959.0,1,27,2,58
2017-02-27 02:00:00+00:00,7.68,97.91,10123.0,21.667046,-157.95213,2832.0,2,27,2,58
2017-02-27 03:00:00+00:00,8.47,101.8,10123.0,21.667046,-157.95213,2513.0,3,27,2,58
2017-02-27 04:00:00+00:00,7.75,126.61,10131.0,21.667046,-157.95213,2343.0,4,27,2,58
2017-02-27 05:00:00+00:00,7.96,112.59,10133.0,21.667046,-157.95213,2026.0,5,27,2,58
2017-02-27 06:00:00+00:00,9.13,102.68,10133.0,21.667046,-157.95213,2091.0,6,27,2,58
2017-02-27 07:00:00+00:00,10.16,107.11,10139.0,21.667046,-157.95213,2183.0,7,27,2,58
2017-02-27 08:00:00+00:00,10.08,104.58,10137.0,21.667046,-157.95213,2162.0,8,27,2,58
2017-02-27 09:00:00+00:00,10.53,110.22,10139.0,21.667046,-157.95213,2089.0,9,27,2,58
2017-02-27 10:00:00+00:00,11.04,109.97,10135.0,21.667046,-157.95213,2098.0,10,27,2,58
2017-02-27 11:00:00+00:00,10.62,108.97,10130.0,21.667046,-157.95213,2058.0,11,27,2,58
2017-02-27 12:00:00+00:00,10.69,114.19,10123.0,21.667046,-157.95213,2087.0,12,27,2,58
2017-02-27 13:00:00+00:00,10.76,117.73,10117.0,21.667046,-157.95213,2128.0,13,27,2,58
2017-02-27 14:00:00+00:00,10.41,107.16,10118.0,21.667046,-157.95213,2074.0,14,27,2,58
2017-02-27 15:00:00+00:00,9.64,105.59,10116.0,21.667046,-157.95213,2134.0,15,27,2,58
2017-02-27 16:00:00+00:00,10.75,99.85,10121.0,21.667046,-157.95213,2102.0,16,27,2,58
2017-02-27 17:00:00+00:00,10.59,108.32,10123.0,21.667046,-157.95213,2049.0,17,27,2,58
2017-02-27 18:00:00+00:00,9.88,109.44,10125.0,21.667046,-157.95213,2361.0,18,27,2,58
2017-02-27 19:00:00+00:00,10.1,106.43,10124.0,21.667046,-157.95213,2421.0,19,27,2,58
2017-02-27 20:00:00+00:00,10.66,109.17,10132.0,21.667046,-157.95213,2600.0,20,27,2,58
2017-02-27 21:00:00+00:00,10.66,110.3,10132.0,21.667046,-157.95213,2663.0,21,27,2,58
2017-02-27 22:00:00+00:00,10.19,115.26,10131.0,21.667046,-157.95213,2627.0,22,27,2,58
2017-02-27 23:00:00+00:00,10.25,115.96,10126.0,21.667046,-157.95213,2672.0,23,27,2,58
2017-02-28 00:00:00+00:00,9.86,107.52,10111.0,21.667046,-157.95213,2697.0,0,28,2,59
2017-02-28 01:00:00+00:00,9.92,110.8,10111.0,21.667046,-157.95213,2795.0,1,28,2,59
2017-02-28 02:00:00+00:00,10.18,110.6,10109.0,21.667046,-157.95213,2714.0,2,28,2,59
2017-02-28 03:00:00+00:00,10.64,114.31,10110.0,21.667046,-157.95213,2468.0,3,28,2,59
2017-02-28 04:00:00+00:00,11.27,116.33,10116.0,21.667046,-157.95213,2302.0,4,28,2,59
2017-02-28 05:00:00+00:00,11.48,104.37,10116.0,21.667046,-157.95213,2218.0,5,28,2,59
2017-02-28 06:00:00+00:00,11.57,111.79,10120.0,21.667046,-157.95213,2147.0,6,28,2,59
2017-02-28 07:00:00+00:00,11.98,109.31,10123.0,21.667046,-157.95213,2177.0,7,28,2,59
2017-02-28 08:00:00+00:00,10.55,102.08,10126.0,21.667046,-157.95213,2217.0,8,28,2,59
2017-02-28 09:00:00+00:00,10.9,98.97,10127.0,21.667046,-157.95213,2175.0,9,28,2,59
2017-02-28 10:00:00+00:00,10.33,98.92,10123.0,21.667046,-157.95213,2203.0,10,28,2,59
2017-02-28 11:00:00+00:00,10.61,103.2,10118.0,21.667046,-157.95213,2162.0,11,28,2,59
2017-02-28 12:00:00+00:00,11.0,99.86,10113.0,21.667046,-157.95213,2174.0,12,28,2,59
2017-02-28 13:00:00+00:00,10.56,105.46,10105.0,21.667046,-157.95213,2148.0,13,28,2,59
2017-02-28 14:00:00+00:00,10.73,104.53,10100.0,21.667046,-157.95213,2149.0,14,28,2,59
2017-02-28 15:00:00+00:00,10.56,101.02,10101.0,21.667046,-157.95213,2165.0,15,28,2,59
2017-02-28 16:00:00+00:00,10.14,108.1,10105.0,21.667046,-157.95213,2166.0,16,28,2,59
2017-02-28 17:00:00+00:00,10.6,111.84,10109.0,21.667046,-157.95213,2147.0,17,28,2,59
2017-02-28 18:00:00+00:00,11.17,112.28,10111.0,21.667046,-157.95213,2273.0,18,28,2,59
2017-02-28 19:00:00+00:00,10.53,109.49,10112.0,21.667046,-157.95213,2372.0,19,28,2,59
2017-02-28 20:00:00+00:00,10.31,112.17,10117.0,21.667046,-157.95213,2495.0,20,28,2,59
2017-02-28 21:00:00+00:00,11.18,110.57,10114.0,21.667046,-157.95213,2579.0,21,28,2,59
2017-02-28 22:00:00+00:00,11.76,114.15,10108.0,21.667046,-157.95213,2460.0,22,28,2,59
2017-02-28 23:00:00+00:00,11.16,114.0,10105.0,21.667046,-157.95213,2606.0,23,28,2,59
2017-03-01 00:00:00+00:00,10.09,110.84,10100.0,21.667046,-157.95213,2563.0,0,1,3,60
2017-03-01 01:00:00+00:00,9.96,108.75,10093.0,21.667046,-157.95213,2451.0,1,1,3,60
2017-03-01 02:00:00+00:00,9.16,102.17,10092.0,21.667046,-157.95213,2386.0,2,1,3,60
2017-03-01 03:00:00+00:00,10.9,124.87,10096.0,21.667046,-157.95213,2050.0,3,1,3,60
2017-03-01 04:00:00+00:00,9.43,124.0,10099.0,21.667046,-157.95213,2073.0,4,1,3,60
2017-03-01 05:00:00+00:00,8.54,119.39,10099.0,21.667046,-157.95213,2025.0,5,1,3,60
2017-03-01 06:00:00+00:00,10.24,125.46,10100.0,21.667046,-157.95213,2057.0,6,1,3,60
2017-03-01 07:00:00+00:00,8.87,115.57,10101.0,21.667046,-157.95213,2074.0,7,1,3,60
2017-03-01 08:00:00+00:00,10.83,97.18,10097.0,21.667046,-157.95213,2062.0,8,1,3,60
2017-03-01 09:00:00+00:00,6.76,92.4,10099.0,21.667046,-157.95213,2072.0,9,1,3,60
2017-03-01 10:00:00+00:00,11.59,48.67,10099.0,21.667046,-157.95213,1974.0,10,1,3,60
2017-03-01 11:00:00+00:00,13.79,108.56,10095.0,21.667046,-157.95213,2018.0,11,1,3,60
2017-03-01 12:00:00+00:00,12.02,154.05,10082.0,21.667046,-157.95213,1993.0,12,1,3,60
2017-03-01 13:00:00+00:00,10.8,143.58,10080.0,21.667046,-157.95213,1945.0,13,1,3,60
2017-03-01 14:00:00+00:00,9.04,132.98,10073.0,21.667046,-157.95213,1942.0,14,1,3,60
2017-03-01 15:00:00+00:00,8.33,124.45,10061.0,21.667046,-157.95213,1897.0,15,1,3,60
2017-03-01 16:00:00+00:00,5.43,137.13,10070.0,21.667046,-157.95213,1912.0,16,1,3,60
2017-03-01 17:00:00+00:00,7.54,145.42,10072.0,21.667046,-157.95213,1907.0,17,1,3,60
2017-03-01 18:00:00+00:00,7.44,155.55,10075.0,21.667046,-157.95213,2002.0,18,1,3,60
2017-03-01 19:00:00+00:00,7.33,123.25,10083.0,21.667046,-157.95213,2064.0,19,1,3,60
2017-03-01 20:00:00+00:00,6.8,132.0,10079.0,21.667046,-157.95213,2578.0,20,1,3,60
2017-03-01 21:00:00+00:00,7.7,135.9,10078.0,21.667046,-157.95213,2143.0,21,1,3,60
2017-03-01 22:00:00+00:00,4.29,146.92,10077.0,21.667046,-157.95213,2307.0,22,1,3,60
2017-03-01 23:00:00+00:00,9.24,166.88,10069.0,21.667046,-157.95213,2816.0,23,1,3,60
2017-03-02 00:00:00+00:00,8.15,174.08,10060.0,21.667046,-157.95213,2391.0,0,2,3,61
2017-03-02 01:00:00+00:00,10.03,252.84,10063.0,21.667046,-157.95213,2050.0,1,2,3,61
2017-03-02 02:00:00+00:00,7.81,234.98,10061.0,21.667046,-157.95213,1967.0,2,2,3,61
2017-03-02 03:00:00+00:00,14.87,219.95,10065.0,21.667046,-157.95213,1893.0,3,2,3,61
2017-03-02 04:00:00+00:00,9.93,209.9,10066.0,21.667046,-157.95213,1839.0,4,2,3,61
2017-03-02 05:00:00+00:00,3.3,57.48,10073.0,21.667046,-157.95213,1819.0,5,2,3,61
2017-03-02 06:00:00+00:00,17.61,200.22,10070.0,21.667046,-157.95213,1837.0,6,2,3,61
2017-03-02 07:00:00+00:00,10.66,184.22,10078.0,21.667046,-157.95213,1839.0,7,2,3,61
2017-03-02 08:00:00+00:00,6.48,111.67,10084.0,21.667046,-157.95213,1856.0,8,2,3,61
2017-03-02 09:00:00+00:00,16.06,183.18,10080.0,21.667046,-157.95213,1910.0,9,2,3,61
2017-03-02 10:00:00+00:00,11.68,167.74,10069.0,21.667046,-157.95213,2018.0,10,2,3,61
2017-03-02 11:00:00+00:00,18.02,190.77,10071.0,21.667046,-157.95213,2043.0,11,2,3,61
2017-03-02 12:00:00+00:00,10.68,186.38,10076.0,21.667046,-157.95213,1904.0,12,2,3,61
2017-03-02 13:00:00+00:00,13.6,217.56,10073.0,21.667046,-157.95213,1886.0,13,2,3,61
2017-03-02 14:00:00+00:00,13.68,212.73,10063.0,21.667046,-157.95213,1934.0,14,2,3,61
2017-03-02 15:00:00+00:00,11.2,206.16,10062.0,21.667046,-157.95213,1960.0,15,2,3,61
2017-03-02 16:00:00+00:00,11.25,211.7,10067.0,21.667046,-157.95213,2015.0,16,2,3,61
2017-03-02 17:00:00+00:00,11.08,203.95,10077.0,21.667046,-157.95213,1994.0,17,2,3,61
2017-03-02 18:00:00+00:00,9.49,214.7,10085.0,21.667046,-157.95213,2305.0,18,2,3,61
2017-03-02 19:00:00+00:00,7.32,212.38,10095.0,21.667046,-157.95213,2627.0,19,2,3,61
2017-03-02 20:00:00+00:00,8.17,199.19,10095.0,21.667046,-157.95213,2811.0,20,2,3,61
2017-03-02 21:00:00+00:00,7.24,203.22,10095.0,21.667046,-157.95213,2216.0,21,2,3,61
2017-03-02 22:00:00+00:00,5.85,228.28,10095.0,21.667046,-157.95213,2630.0,22,2,3,61
2017-03-02 23:00:00+00:00,11.91,223.06,10101.0,21.667046,-157.95213,2045.0,23,2,3,61
2017-03-03 00:00:00+00:00,9.38,225.18,10077.0,21.667046,-157.95213,2266.0,0,3,3,62
2017-03-03 01:00:00+00:00,8.24,232.87,10078.0,21.667046,-157.95213,2916.0,1,3,3,62
2017-03-03 02:00:00+00:00,7.78,248.25,10078.0,21.667046,-157.95213,2985.0,2,3,3,62
2017-03-03 03:00:00+00:00,6.56,255.65,10084.0,21.667046,-157.95213,2697.0,3,3,3,62
2017-03-03 04:00:00+00:00,4.1,250.98,10095.0,21.667046,-157.95213,2439.0,4,3,3,62
2017-03-03 05:00:00+00:00,2.05,251.16,10102.0,21.667046,-157.95213,1966.0,5,3,3,62
2017-03-03 06:00:00+00:00,4.03,200.41,10108.0,21.667046,-157.95213,1969.0,6,3,3,62
2017-03-03 07:00:00+00:00,2.52,164.68,10114.0,21.667046,-157.95213,1752.0,7,3,3,62
2017-03-03 08:00:00+00:00,3.94,194.84,10115.0,21.667046,-157.95213,1723.0,8,3,3,62
2017-03-03 09:00:00+00:00,2.85,182.63,10116.0,21.667046,-157.95213,1680.0,9,3,3,62
2017-03-03 10:00:00+00:00,1.3,93.29,10111.0,21.667046,-157.95213,1638.0,10,3,3,62
2017-03-03 11:00:00+00:00,1.21,146.38,10110.0,21.667046,-157.95213,1651.0,11,3,3,62
2017-03-03 12:00:00+00:00,1.97,149.78,10102.0,21.667046,-157.95213,1764.0,12,3,3,62
2017-03-03 13:00:00+00:00,1.71,175.23,10099.0,21.667046,-157.95213,1770.0,13,3,3,62
2017-03-03 14:00:00+00:00,2.5,151.76,10099.0,21.667046,-157.95213,1844.0,14,3,3,62
2017-03-03 15:00:00+00:00,2.97,149.15,10099.0,21.667046,-157.95213,1834.0,15,3,3,62
2017-03-03 16:00:00+00:00,2.68,155.38,10101.0,21.667046,-157.95213,1825.0,16,3,3,62
2017-03-03 17:00:00+00:00,3.23,152.85,10108.0,21.667046,-157.95213,1684.0,17,3,3,62
2017-03-03 18:00:00+00:00,2.66,162.83,10109.0,21.667046,-157.95213,2453.0,18,3,3,62
2017-03-03 19:00:00+00:00,2.07,161.22,10115.0,21.667046,-157.95213,2926.0,19,3,3,62
2017-03-03 20:00:00+00:00,3.38,185.77,10117.0,21.667046,-157.95213,3001.0,20,3,3,62
2017-03-03 21:00:00+00:00,3.81,122.34,10117.0,21.667046,-157.95213,3331.0,21,3,3,62
2017-03-03 22:00:00+00:00,4.68,123.07,10112.0,21.667046,-157.95213,3225.0,22,3,3,62
2017-03-03 23:00:00+00:00,2.61,119.77,10101.0,21.667046,-157.95213,2931.0,23,3,3,62
2017-03-04 00:00:00+00:00,4.42,324.65,10098.0,21.667046,-157.95213,3133.0,0,4,3,63
2017-03-04 01:00:00+00:00,4.28,353.0,10091.0,21.667046,-157.95213,3019.0,1,4,3,63
2017-03-04 02:00:00+00:00,4.46,326.6,10092.0,21.667046,-157.95213,2741.0,2,4,3,63
2017-03-04 03:00:00+00:00,3.12,325.79,10094.0,21.667046,-157.95213,2653.0,3,4,3,63
2017-03-04 04:00:00+00:00,0.73,237.91,10099.0,21.667046,-157.95213,2512.0,4,4,3,63
2017-03-04 05:00:00+00:00,0.88,138.48,10105.0,21.667046,-157.95213,2027.0,5,4,3,63
2017-03-04 06:00:00+00:00,3.51,108.16,10104.0,21.667046,-157.95213,1898.0,6,4,3,63
2017-03-04 07:00:00+00:00,2.68,161.1,10105.0,21.667046,-157.95213,1845.0,7,4,3,63
2017-03-04 08:00:00+00:00,3.66,114.92,10104.0,21.667046,-157.95213,1929.0,8,4,3,63
2017-03-04 09:00:00+00:00,4.54,135.88,10104.0,21.667046,-157.95213,1831.0,9,4,3,63
2017-03-04 10:00:00+00:00,4.99,148.31,10105.0,21.667046,-157.95213,1803.0,10,4,3,63
2017-03-04 11:00:00+00:00,4.72,149.23,10101.0,21.667046,-157.95213,1762.0,11,4,3,63
2017-03-04 12:00:00+00:00,6.12,150.66,10097.0,21.667046,-157.95213,1715.0,12,4,3,63
2017-03-04 13:00:00+00:00,1.84,77.63,10096.0,21.667046,-157.95213,1875.0,13,4,3,63
2017-03-04 14:00:00+00:00,3.05,93.47,10093.0,21.667046,-157.95213,1740.0,14,4,3,63
2017-03-04 15:00:00+00:00,2.83,111.46,10095.0,21.667046,-157.95213,1685.0,15,4,3,63
2017-03-04 16:00:00+00:00,3.45,108.31,10101.0,21.667046,-157.95213,1619.0,16,4,3,63
2017-03-04 17:00:00+00:00,6.12,123.38,10102.0,21.667046,-157.95213,1923.0,17,4,3,63
2017-03-04 18:00:00+00:00,2.96,117.93,10107.0,21.667046,-157.95213,2405.0,18,4,3,63
2017-03-04 19:00:00+00:00,1.87,192.35,10118.0,21.667046,-157.95213,2829.0,19,4,3,63
2017-03-04 20:00:00+00:00,6.47,193.43,10121.0,21.667046,-157.95213,3187.0,20,4,3,63
2017-03-04 21:00:00+00:00,7.47,203.37,10119.0,21.667046,-157.95213,3378.0,21,4,3,63
2017-03-04 22:00:00+00:00,6.1,203.16,10114.0,21.667046,-157.95213,3528.0,22,4,3,63
2017-03-04 23:00:00+00:00,7.38,208.3,10102.0,21.667046,-157.95213,3444.0,23,4,3,63
2017-03-05 00:00:00+00:00,6.37,204.26,10098.0,21.667046,-157.95213,3506.0,0,5,3,64
2017-03-05 01:00:00+00:00,8.15,215.69,10098.0,21.667046,-157.95213,3216.0,1,5,3,64
2017-03-05 02:00:00+00:00,8.48,213.75,10096.0,21.667046,-157.95213,3081.0,2,5,3,64
2017-03-05 03:00:00+00:00,9.9,215.32,10093.0,21.667046,-157.95213,2844.0,3,5,3,64
2017-03-05 04:00:00+00:00,9.91,213.4,10103.0,21.667046,-157.95213,2526.0,4,5,3,64
2017-03-05 05:00:00+00:00,5.56,174.37,10106.0,21.667046,-157.95213,2170.0,5,5,3,64
2017-03-05 06:00:00+00:00,6.94,185.41,10114.0,21.667046,-157.95213,2080.0,6,5,3,64
2017-03-05 07:00:00+00:00,12.08,206.6,10118.0,21.667046,-157.95213,2071.0,7,5,3,64
2017-03-05 08:00:00+00:00,8.36,202.82,10126.0,21.667046,-157.95213,2177.0,8,5,3,64
2017-03-05 09:00:00+00:00,3.05,224.89,10127.0,21.667046,-157.95213,2129.0,9,5,3,64
2017-03-05 10:00:00+00:00,8.04,203.02,10120.0,21.667046,-157.95213,1931.0,10,5,3,64
2017-03-05 11:00:00+00:00,7.07,196.1,10111.0,21.667046,-157.95213,1971.0,11,5,3,64
2017-03-05 12:00:00+00:00,2.4,85.45,10108.0,21.667046,-157.95213,1910.0,12,5,3,64
2017-03-05 13:00:00+00:00,3.85,196.13,10108.0,21.667046,-157.95213,2027.0,13,5,3,64
2017-03-05 14:00:00+00:00,4.24,329.68,10100.0,21.667046,-157.95213,2121.0,14,5,3,64
2017-03-05 15:00:00+00:00,5.73,201.11,10103.0,21.667046,-157.95213,2096.0,15,5,3,64
2017-03-05 16:00:00+00:00,1.1,283.02,10109.0,21.667046,-157.95213,2111.0,16,5,3,64
2017-03-05 17:00:00+00:00,3.39,308.17,10117.0,21.667046,-157.95213,2096.0,17,5,3,64
2017-03-05 18:00:00+00:00,4.28,317.13,10123.0,21.667046,-157.95213,2132.0,18,5,3,64
2017-03-05 19:00:00+00:00,2.63,335.2,10127.0,21.667046,-157.95213,2141.0,19,5,3,64
2017-03-05 20:00:00+00:00,3.94,317.64,10130.0,21.667046,-157.95213,2163.0,20,5,3,64
2017-03-05 21:00:00+00:00,4.51,302.76,10128.0,21.667046,-157.95213,2227.0,21,5,3,64
2017-03-05 22:00:00+00:00,4.0,328.01,10122.0,21.667046,-157.95213,2667.0,22,5,3,64
2017-03-05 23:00:00+00:00,4.62,324.67,10117.0,21.667046,-157.95213,2428.0,23,5,3,64
2017-03-06 00:00:00+00:00,5.1,316.36,10111.0,21.667046,-157.95213,2948.0,0,6,3,65
2017-03-06 01:00:00+00:00,5.43,322.43,10105.0,21.667046,-157.95213,2519.0,1,6,3,65
2017-03-06 02:00:00+00:00,4.54,329.64,10107.0,21.667046,-157.95213,2397.0,2,6,3,65
2017-03-06 03:00:00+00:00,3.99,334.29,10108.0,21.667046,-157.95213,2342.0,3,6,3,65
2017-03-06 04:00:00+00:00,4.38,334.64,10113.0,21.667046,-157.95213,2264.0,4,6,3,65
2017-03-06 05:00:00+00:00,5.19,337.36,10117.0,21.667046,-157.95213,2164.0,5,6,3,65
2017-03-06 06:00:00+00:00,5.07,346.62,10122.0,21.667046,-157.95213,2139.0,6,6,3,65
2017-03-06 07:00:00+00:00,5.46,350.43,10127.0,21.667046,-157.95213,2124.0,7,6,3,65
2017-03-06 08:00:00+00:00,5.0,4.65,10129.0,21.667046,-157.95213,2102.0,8,6,3,65
2017-03-06 09:00:00+00:00,4.3,5.51,10129.0,21.667046,-157.95213,2102.0,9,6,3,65
2017-03-06 10:00:00+00:00,3.93,16.44,10124.0,21.667046,-157.95213,2078.0,10,6,3,65
2017-03-06 11:00:00+00:00,2.95,13.72,10120.0,21.667046,-157.95213,1767.0,11,6,3,65
2017-03-06 12:00:00+00:00,1.9,6.31,10112.0,21.667046,-157.95213,1758.0,12,6,3,65
2017-03-06 13:00:00+00:00,2.31,1.27,10110.0,21.667046,-157.95213,1743.0,13,6,3,65
2017-03-06 14:00:00+00:00,1.82,7.05,10107.0,21.667046,-157.95213,1708.0,14,6,3,65
2017-03-06 15:00:00+00:00,1.65,354.99,10107.0,21.667046,-157.95213,1768.0,15,6,3,65
2017-03-06 16:00:00+00:00,2.46,325.83,10112.0,21.667046,-157.95213,1982.0,16,6,3,65
2017-03-06 17:00:00+00:00,0.96,339.42,10115.0,21.667046,-157.95213,1820.0,17,6,3,65
2017-03-06 18:00:00+00:00,0.45,46.14,10117.0,21.667046,-157.95213,2333.0,18,6,3,65
2017-03-06 19:00:00+00:00,2.23,53.64,10119.0,21.667046,-157.95213,2678.0,19,6,3,65
2017-03-06 20:00:00+00:00,2.86,54.82,10121.0,21.667046,-157.95213,2896.0,20,6,3,65
2017-03-06 21:00:00+00:00,3.09,55.37,10119.0,21.667046,-157.95213,2986.0,21,6,3,65
2017-03-06 22:00:00+00:00,3.23,56.45,10111.0,21.667046,-157.95213,2975.0,22,6,3,65
2017-03-06 23:00:00+00:00,3.25,30.72,10104.0,21.667046,-157.95213,2989.0,23,6,3,65
2017-03-07 00:00:00+00:00,3.73,358.64,10096.0,21.667046,-157.95213,2790.0,0,7,3,66
2017-03-07 01:00:00+00:00,4.14,335.98,10096.0,21.667046,-157.95213,2701.0,1,7,3,66
2017-03-07 02:00:00+00:00,4.49,329.7,10095.0,21.667046,-157.95213,2805.0,2,7,3,66
2017-03-07 03:00:00+00:00,4.33,324.67,10099.0,21.667046,-157.95213,2529.0,3,7,3,66
2017-03-07 04:00:00+00:00,3.58,322.94,10103.0,21.667046,-157.95213,2260.0,4,7,3,66
2017-03-07 05:00:00+00:00,3.62,323.78,10106.0,21.667046,-157.95213,1780.0,5,7,3,66
2017-03-07 06:00:00+00:00,3.7,322.5,10109.0,21.667046,-157.95213,1755.0,6,7,3,66
2017-03-07 07:00:00+00:00,4.14,327.14,10113.0,21.667046,-157.95213,1727.0,7,7,3,66
2017-03-07 08:00:00+00:00,4.19,327.27,10117.0,21.667046,-157.95213,1722.0,8,7,3,66
2017-03-07 09:00:00+00:00,3.85,332.49,10119.0,21.667046,-157.95213,1684.0,9,7,3,66
2017-03-07 10:00:00+00:00,3.23,327.8,10118.0,21.667046,-157.95213,1666.0,10,7,3,66
2017-03-07 11:00:00+00:00,0.63,5.73,10116.0,21.667046,-157.95213,1806.0,11,7,3,66
2017-03-07 12:00:00+00:00,1.73,310.03,10108.0,21.667046,-157.95213,1702.0,12,7,3,66
2017-03-07 13:00:00+00:00,2.97,340.48,10105.0,21.667046,-157.95213,1653.0,13,7,3,66
2017-03-07 14:00:00+00:00,1.98,244.93,10097.0,21.667046,-157.95213,1878.0,14,7,3,66
2017-03-07 15:00:00+00:00,4.13,345.6,10104.0,21.667046,-157.95213,1740.0,15,7,3,66
2017-03-07 16:00:00+00:00,4.15,1.38,10107.0,21.667046,-157.95213,1556.0,16,7,3,66
2017-03-07 17:00:00+00:00,3.04,12.07,10113.0,21.667046,-157.95213,1601.0,17,7,3,66
2017-03-07 18:00:00+00:00,2.49,359.83,10118.0,21.667046,-157.95213,2155.0,18,7,3,66
2017-03-07 19:00:00+00:00,3.54,25.66,10123.0,21.667046,-157.95213,2352.0,19,7,3,66
2017-03-07 20:00:00+00:00,3.42,20.3,10126.0,21.667046,-157.95213,2636.0,20,7,3,66
2017-03-07 21:00:00+00:00,3.75,15.6,10125.0,21.667046,-157.95213,2993.0,21,7,3,66
2017-03-07 22:00:00+00:00,4.33,13.83,10122.0,21.667046,-157.95213,3095.0,22,7,3,66
2017-03-07 23:00:00+00:00,4.26,12.44,10116.0,21.667046,-157.95213,3044.0,23,7,3,66
2017-03-08 00:00:00+00:00,4.67,7.96,10107.0,21.667046,-157.95213,2935.0,0,8,3,67
2017-03-08 01:00:00+00:00,4.69,2.76,10105.0,21.667046,-157.95213,2745.0,1,8,3,67
2017-03-08 02:00:00+00:00,4.09,357.01,10107.0,21.667046,-157.95213,2550.0,2,8,3,67
2017-03-08 03:00:00+00:00,2.95,359.26,10111.0,21.667046,-157.95213,2572.0,3,8,3,67
2017-03-08 04:00:00+00:00,2.09,6.82,10119.0,21.667046,-157.95213,2268.0,4,8,3,67
2017-03-08 05:00:00+00:00,2.12,21.22,10120.0,21.667046,-157.95213,1540.0,5,8,3,67
2017-03-08 06:00:00+00:00,1.86,97.64,10124.0,21.667046,-157.95213,1626.0,6,8,3,67
2017-03-08 07:00:00+00:00,2.93,143.46,10130.0,21.667046,-157.95213,1612.0,7,8,3,67
2017-03-08 08:00:00+00:00,3.29,156.4,10132.0,21.667046,-157.95213,1610.0,8,8,3,67
2017-03-08 09:00:00+00:00,2.18,151.08,10134.0,21.667046,-157.95213,1581.0,9,8,3,67
2017-03-08 10:00:00+00:00,1.32,173.51,10135.0,21.667046,-157.95213,1609.0,10,8,3,67
2017-03-08 11:00:00+00:00,0.09,258.81,10134.0,21.667046,-157.95213,1594.0,11,8,3,67
2017-03-08 12:00:00+00:00,0.34,292.06,10127.0,21.667046,-157.95213,1596.0,12,8,3,67
2017-03-08 13:00:00+00:00,0.56,325.73,10124.0,21.667046,-157.95213,1838.0,13,8,3,67
2017-03-08 14:00:00+00:00,3.75,283.97,10122.0,21.667046,-157.95213,1840.0,14,8,3,67
2017-03-08 15:00:00+00:00,6.06,359.54,10126.0,21.667046,-157.95213,1853.0,15,8,3,67
2017-03-08 16:00:00+00:00,5.54,8.32,10128.0,21.667046,-157.95213,1850.0,16,8,3,67
2017-03-08 17:00:00+00:00,5.18,12.62,10137.0,21.667046,-157.95213,1581.0,17,8,3,67
2017-03-08 18:00:00+00:00,4.83,17.16,10141.0,21.667046,-157.95213,2116.0,18,8,3,67
2017-03-08 19:00:00+00:00,4.59,27.63,10144.0,21.667046,-157.95213,2347.0,19,8,3,67
2017-03-08 20:00:00+00:00,4.11,32.67,10146.0,21.667046,-157.95213,2621.0,20,8,3,67
2017-03-08 21:00:00+00:00,5.93,30.75,10146.0,21.667046,-157.95213,2503.0,21,8,3,67
2017-03-08 22:00:00+00:00,6.99,27.36,10146.0,21.667046,-157.95213,2796.0,22,8,3,67
2017-03-08 23:00:00+00:00,6.99,26.08,10138.0,21.667046,-157.95213,2726.0,23,8,3,67
2017-03-09 00:00:00+00:00,7.06,29.51,10133.0,21.667046,-157.95213,2714.0,0,9,3,68
2017-03-09 01:00:00+00:00,6.71,29.44,10128.0,21.667046,-157.95213,2361.0,1,9,3,68
2017-03-09 02:00:00+00:00,6.72,31.26,10127.0,21.667046,-157.95213,2426.0,2,9,3,68
2017-03-09 03:00:00+00:00,6.93,40.36,10130.0,21.667046,-157.95213,2158.0,3,9,3,68
2017-03-09 04:00:00+00:00,7.22,39.79,10138.0,21.667046,-157.95213,2085.0,4,9,3,68
2017-03-09 05:00:00+00:00,6.46,48.83,10143.0,21.667046,-157.95213,2057.0,5,9,3,68
2017-03-09 06:00:00+00:00,7.2,50.75,10146.0,21.667046,-157.95213,2065.0,6,9,3,68
2017-03-09 07:00:00+00:00,7.04,58.18,10153.0,21.667046,-157.95213,2074.0,7,9,3,68
2017-03-09 08:00:00+00:00,6.92,62.63,10155.0,21.667046,-157.95213,1687.0,8,9,3,68
2017-03-09 09:00:00+00:00,6.21,72.16,10156.0,21.667046,-157.95213,2023.0,9,9,3,68
2017-03-09 10:00:00+00:00,5.81,75.79,10153.0,21.667046,-157.95213,1819.0,10,9,3,68
2017-03-09 11:00:00+00:00,5.72,75.15,10150.0,21.667046,-157.95213,2030.0,11,9,3,68
2017-03-09 12:00:00+00:00,5.06,87.65,10139.0,21.667046,-157.95213,1992.0,12,9,3,68
2017-03-09 13:00:00+00:00,4.56,89.52,10136.0,21.667046,-157.95213,2018.0,13,9,3,68
2017-03-09 14:00:00+00:00,2.09,82.39,10131.0,21.667046,-157.95213,1924.0,14,9,3,68
2017-03-09 15:00:00+00:00,2.19,21.57,10130.0,21.667046,-157.95213,1853.0,15,9,3,68
2017-03-09 16:00:00+00:00,1.91,38.71,10134.0,21.667046,-157.95213,1956.0,16,9,3,68
2017-03-09 17:00:00+00:00,2.13,58.24,10140.0,21.667046,-157.95213,1954.0,17,9,3,68
2017-03-09 18:00:00+00:00,2.26,81.41,10143.0,21.667046,-157.95213,2033.0,18,9,3,68
2017-03-09 19:00:00+00:00,0.82,14.39,10146.0,21.667046,-157.95213,2141.0,19,9,3,68
2017-03-09 20:00:00+00:00,3.04,4.63,10150.0,21.667046,-157.95213,2085.0,20,9,3,68
2017-03-09 21:00:00+00:00,4.51,27.07,10149.0,21.667046,-157.95213,2160.0,21,9,3,68
2017-03-09 22:00:00+00:00,5.73,27.75,10146.0,21.667046,-157.95213,2121.0,22,9,3,68
2017-03-09 23:00:00+00:00,3.11,26.54,10140.0,21.667046,-157.95213,2385.0,23,9,3,68
2017-03-10 00:00:00+00:00,4.86,7.64,10135.0,21.667046,-157.95213,2168.0,0,10,3,69
2017-03-10 01:00:00+00:00,2.4,42.07,10126.0,21.667046,-157.95213,2268.0,1,10,3,69
2017-03-10 02:00:00+00:00,3.49,47.43,10128.0,21.667046,-157.95213,2294.0,2,10,3,69
2017-03-10 03:00:00+00:00,3.56,38.85,10124.0,21.667046,-157.95213,2367.0,3,10,3,69
2017-03-10 04:00:00+00:00,3.09,38.16,10125.0,21.667046,-157.95213,2219.0,4,10,3,69
2017-03-10 05:00:00+00:00,3.38,61.18,10130.0,21.667046,-157.95213,1987.0,5,10,3,69
2017-03-10 06:00:00+00:00,3.05,45.44,10141.0,21.667046,-157.95213,1900.0,6,10,3,69
2017-03-10 07:00:00+00:00,4.1,31.28,10143.0,21.667046,-157.95213,1942.0,7,10,3,69
2017-03-10 08:00:00+00:00,4.79,38.18,10146.0,21.667046,-157.95213,1907.0,8,10,3,69
2017-03-10 09:00:00+00:00,5.03,37.05,10146.0,21.667046,-157.95213,2041.0,9,10,3,69
2017-03-10 10:00:00+00:00,4.55,43.49,10141.0,21.667046,-157.95213,1815.0,10,10,3,69
2017-03-10 11:00:00+00:00,4.49,48.07,10137.0,21.667046,-157.95213,1688.0,11,10,3,69
2017-03-10 12:00:00+00:00,3.74,41.61,10129.0,21.667046,-157.95213,1646.0,12,10,3,69
2017-03-10 13:00:00+00:00,3.38,45.61,10128.0,21.667046,-157.95213,1674.0,13,10,3,69
2017-03-10 14:00:00+00:00,2.84,21.3,10127.0,21.667046,-157.95213,1700.0,14,10,3,69
2017-03-10 15:00:00+00:00,3.61,110.51,10127.0,21.667046,-157.95213,1964.0,15,10,3,69
2017-03-10 16:00:00+00:00,2.04,87.74,10126.0,21.667046,-157.95213,1729.0,16,10,3,69
2017-03-10 17:00:00+00:00,1.39,104.7,10128.0,21.667046,-157.95213,1873.0,17,10,3,69
2017-03-10 18:00:00+00:00,3.8,59.88,10130.0,21.667046,-157.95213,2228.0,18,10,3,69
2017-03-10 19:00:00+00:00,3.17,66.65,10135.0,21.667046,-157.95213,2432.0,19,10,3,69
2017-03-10 20:00:00+00:00,4.48,63.91,10133.0,21.667046,-157.95213,2536.0,20,10,3,69
2017-03-10 21:00:00+00:00,5.1,57.37,10135.0,21.667046,-157.95213,2801.0,21,10,3,69
2017-03-10 22:00:00+00:00,5.91,62.63,10128.0,21.667046,-157.95213,2878.0,22,10,3,69
2017-03-10 23:00:00+00:00,5.72,87.41,10119.0,21.667046,-157.95213,2261.0,23,10,3,69
2017-03-11 00:00:00+00:00,5.6,79.58,10109.0,21.667046,-157.95213,3008.0,0,11,3,70
2017-03-11 01:00:00+00:00,5.51,85.88,10103.0,21.667046,-157.95213,2807.0,1,11,3,70
2017-03-11 02:00:00+00:00,5.28,88.07,10103.0,21.667046,-157.95213,2634.0,2,11,3,70
2017-03-11 03:00:00+00:00,4.93,91.58,10107.0,21.667046,-157.95213,2494.0,3,11,3,70
2017-03-11 04:00:00+00:00,5.65,95.92,10112.0,21.667046,-157.95213,2345.0,4,11,3,70
2017-03-11 05:00:00+00:00,5.55,131.5,10114.0,21.667046,-157.95213,2212.0,5,11,3,70
2017-03-11 06:00:00+00:00,6.12,131.48,10117.0,21.667046,-157.95213,2128.0,6,11,3,70
2017-03-11 07:00:00+00:00,6.41,139.68,10121.0,21.667046,-157.95213,1965.0,7,11,3,70
2017-03-11 08:00:00+00:00,6.91,143.76,10121.0,21.667046,-157.95213,1958.0,8,11,3,70
2017-03-11 09:00:00+00:00,6.44,144.91,10123.0,21.667046,-157.95213,1922.0,9,11,3,70
2017-03-11 10:00:00+00:00,6.46,146.74,10124.0,21.667046,-157.95213,1942.0,10,11,3,70
2017-03-11 11:00:00+00:00,6.62,148.05,10123.0,21.667046,-157.95213,1898.0,11,11,3,70
2017-03-11 12:00:00+00:00,4.98,146.63,10116.0,21.667046,-157.95213,1876.0,12,11,3,70
2017-03-11 13:00:00+00:00,6.74,186.84,10112.0,21.667046,-157.95213,1636.0,13,11,3,70
2017-03-11 14:00:00+00:00,1.23,225.69,10110.0,21.667046,-157.95213,1795.0,14,11,3,70
2017-03-11 15:00:00+00:00,1.82,207.91,10113.0,21.667046,-157.95213,1650.0,15,11,3,70
2017-03-11 16:00:00+00:00,4.73,223.29,10116.0,21.667046,-157.95213,1661.0,16,11,3,70
2017-03-11 17:00:00+00:00,5.3,237.24,10121.0,21.667046,-157.95213,1833.0,17,11,3,70
2017-03-11 18:00:00+00:00,0.53,166.33,10126.0,21.667046,-157.95213,2497.0,18,11,3,70
2017-03-11 19:00:00+00:00,2.23,121.23,10131.0,21.667046,-157.95213,2924.0,19,11,3,70
2017-03-11 20:00:00+00:00,2.26,81.25,10130.0,21.667046,-157.95213,3124.0,20,11,3,70
2017-03-11 21:00:00+00:00,2.69,55.1,10131.0,21.667046,-157.95213,3357.0,21,11,3,70
2017-03-11 22:00:00+00:00,3.47,68.26,10127.0,21.667046,-157.95213,3403.0,22,11,3,70
2017-03-11 23:00:00+00:00,3.54,73.53,10121.0,21.667046,-157.95213,3376.0,23,11,3,70
2017-03-12 00:00:00+00:00,3.21,63.31,10113.0,21.667046,-157.95213,3279.0,0,12,3,71
2017-03-12 01:00:00+00:00,3.06,58.12,10109.0,21.667046,-157.95213,3134.0,1,12,3,71
2017-03-12 02:00:00+00:00,2.46,57.64,10109.0,21.667046,-157.95213,2847.0,2,12,3,71
2017-03-12 03:00:00+00:00,2.04,41.67,10112.0,21.667046,-157.95213,2730.0,3,12,3,71
2017-03-12 04:00:00+00:00,1.92,44.4,10119.0,21.667046,-157.95213,2471.0,4,12,3,71
2017-03-12 05:00:00+00:00,1.83,64.37,10125.0,21.667046,-157.95213,2017.0,5,12,3,71
2017-03-12 06:00:00+00:00,2.12,115.42,10131.0,21.667046,-157.95213,1933.0,6,12,3,71
2017-03-12 07:00:00+00:00,2.18,126.93,10136.0,21.667046,-157.95213,1993.0,7,12,3,71
2017-03-12 08:00:00+00:00,1.67,143.65,10139.0,21.667046,-157.95213,1979.0,8,12,3,71
2017-03-12 09:00:00+00:00,2.08,147.95,10140.0,21.667046,-157.95213,1938.0,9,12,3,71
2017-03-12 10:00:00+00:00,1.56,135.0,10141.0,21.667046,-157.95213,1919.0,10,12,3,71
2017-03-12 11:00:00+00:00,2.48,157.53,10135.0,21.667046,-157.95213,1904.0,11,12,3,71
2017-03-12 12:00:00+00:00,2.23,189.02,10131.0,21.667046,-157.95213,1882.0,12,12,3,71
2017-03-12 13:00:00+00:00,1.94,207.72,10127.0,21.667046,-157.95213,1874.0,13,12,3,71
2017-03-12 14:00:00+00:00,4.12,220.38,10122.0,21.667046,-157.95213,1873.0,14,12,3,71
2017-03-12 15:00:00+00:00,2.67,226.87,10123.0,21.667046,-157.95213,1881.0,15,12,3,71
2017-03-12 16:00:00+00:00,3.07,213.02,10125.0,21.667046,-157.95213,1914.0,16,12,3,71
2017-03-12 17:00:00+00:00,2.61,145.74,10134.0,21.667046,-157.95213,1958.0,17,12,3,71
2017-03-12 18:00:00+00:00,1.34,118.94,10138.0,21.667046,-157.95213,2554.0,18,12,3,71
2017-03-12 19:00:00+00:00,1.68,89.91,10141.0,21.667046,-157.95213,2823.0,19,12,3,71
2017-03-12 20:00:00+00:00,3.12,104.8,10140.0,21.667046,-157.95213,3177.0,20,12,3,71
2017-03-12 21:00:00+00:00,4.07,104.32,10136.0,21.667046,-157.95213,3231.0,21,12,3,71
2017-03-12 22:00:00+00:00,3.32,54.45,10134.0,21.667046,-157.95213,3277.0,22,12,3,71
2017-03-12 23:00:00+00:00,3.73,38.88,10135.0,21.667046,-157.95213,3150.0,23,12,3,71
2017-03-13 00:00:00+00:00,3.44,46.39,10127.0,21.667046,-157.95213,3296.0,0,13,3,72
2017-03-13 01:00:00+00:00,3.66,36.24,10128.0,21.667046,-157.95213,3079.0,1,13,3,72
2017-03-13 02:00:00+00:00,2.9,39.68,10129.0,21.667046,-157.95213,2978.0,2,13,3,72
2017-03-13 03:00:00+00:00,2.27,52.66,10127.0,21.667046,-157.95213,2758.0,3,13,3,72
2017-03-13 04:00:00+00:00,1.86,73.98,10132.0,21.667046,-157.95213,2503.0,4,13,3,72
2017-03-13 05:00:00+00:00,2.1,99.54,10137.0,21.667046,-157.95213,1953.0,5,13,3,72
2017-03-13 06:00:00+00:00,2.06,119.05,10144.0,21.667046,-157.95213,1996.0,6,13,3,72
2017-03-13 07:00:00+00:00,2.75,138.2,10148.0,21.667046,-157.95213,2015.0,7,13,3,72
2017-03-13 08:00:00+00:00,3.0,141.46,10151.0,21.667046,-157.95213,2014.0,8,13,3,72
2017-03-13 09:00:00+00:00,2.87,137.9,10153.0,21.667046,-157.95213,1998.0,9,13,3,72
2017-03-13 10:00:00+00:00,2.69,137.21,10153.0,21.667046,-157.95213,1998.0,10,13,3,72
2017-03-13 11:00:00+00:00,2.88,137.93,10152.0,21.667046,-157.95213,2004.0,11,13,3,72
2017-03-13 12:00:00+00:00,2.58,138.17,10144.0,21.667046,-157.95213,1949.0,12,13,3,72
2017-03-13 13:00:00+00:00,2.91,140.88,10140.0,21.667046,-157.95213,1917.0,13,13,3,72
2017-03-13 14:00:00+00:00,2.52,142.04,10138.0,21.667046,-157.95213,1878.0,14,13,3,72
2017-03-13 15:00:00+00:00,1.86,140.25,10139.0,21.667046,-157.95213,1845.0,15,13,3,72
2017-03-13 16:00:00+00:00,1.64,149.15,10140.0,21.667046,-157.95213,1828.0,16,13,3,72
2017-03-13 17:00:00+00:00,1.29,145.22,10143.0,21.667046,-157.95213,1883.0,17,13,3,72
2017-03-13 18:00:00+00:00,0.97,157.77,10148.0,21.667046,-157.95213,2556.0,18,13,3,72
2017-03-13 19:00:00+00:00,1.42,80.69,10153.0,21.667046,-157.95213,2962.0,19,13,3,72
2017-03-13 20:00:00+00:00,2.91,85.97,10152.0,21.667046,-157.95213,3194.0,20,13,3,72
2017-03-13 21:00:00+00:00,3.2,89.36,10152.0,21.667046,-157.95213,3331.0,21,13,3,72
2017-03-13 22:00:00+00:00,3.47,81.17,10148.0,21.667046,-157.95213,3460.0,22,13,3,72
2017-03-13 23:00:00+00:00,3.31,71.75,10145.0,21.667046,-157.95213,3327.0,23,13,3,72
2017-03-14 00:00:00+00:00,3.01,64.6,10138.0,21.667046,-157.95213,3281.0,0,14,3,73
2017-03-14 01:00:00+00:00,2.98,38.57,10136.0,21.667046,-157.95213,3149.0,1,14,3,73
2017-03-14 02:00:00+00:00,2.97,28.71,10134.0,21.667046,-157.95213,2866.0,2,14,3,73
2017-03-14 03:00:00+00:00,2.89,26.73,10136.0,21.667046,-157.95213,2641.0,3,14,3,73
2017-03-14 04:00:00+00:00,2.07,57.93,10142.0,21.667046,-157.95213,2471.0,4,14,3,73
2017-03-14 05:00:00+00:00,2.07,110.77,10147.0,21.667046,-157.95213,1942.0,5,14,3,73
2017-03-14 06:00:00+00:00,2.11,143.1,10153.0,21.667046,-157.95213,1983.0,6,14,3,73
2017-03-14 07:00:00+00:00,2.25,134.43,10153.0,21.667046,-157.95213,1970.0,7,14,3,73
2017-03-14 08:00:00+00:00,2.44,127.78,10156.0,21.667046,-157.95213,1947.0,8,14,3,73
2017-03-14 09:00:00+00:00,2.48,134.63,10155.0,21.667046,-157.95213,1931.0,9,14,3,73
2017-03-14 10:00:00+00:00,2.66,130.54,10151.0,21.667046,-157.95213,1928.0,10,14,3,73
2017-03-14 11:00:00+00:00,1.85,127.28,10145.0,21.667046,-157.95213,1899.0,11,14,3,73
2017-03-14 12:00:00+00:00,1.94,139.28,10140.0,21.667046,-157.95213,1787.0,12,14,3,73
2017-03-14 13:00:00+00:00,1.23,26.35,10138.0,21.667046,-157.95213,1847.0,13,14,3,73
2017-03-14 14:00:00+00:00,1.17,80.44,10135.0,21.667046,-157.95213,1953.0,14,14,3,73
2017-03-14 15:00:00+00:00,2.41,91.99,10136.0,21.667046,-157.95213,2117.0,15,14,3,73
2017-03-14 16:00:00+00:00,4.18,78.91,10133.0,21.667046,-157.95213,1807.0,16,14,3,73
2017-03-14 17:00:00+00:00,4.41,111.71,10138.0,21.667046,-157.95213,1921.0,17,14,3,73
2017-03-14 18:00:00+00:00,4.48,123.08,10139.0,21.667046,-157.95213,2489.0,18,14,3,73
2017-03-14 19:00:00+00:00,6.13,113.59,10142.0,21.667046,-157.95213,2783.0,19,14,3,73
2017-03-14 20:00:00+00:00,6.12,114.9,10144.0,21.667046,-157.95213,3131.0,20,14,3,73
2017-03-14 21:00:00+00:00,6.78,116.41,10143.0,21.667046,-157.95213,3303.0,21,14,3,73
2017-03-14 22:00:00+00:00,6.65,118.52,10139.0,21.667046,-157.95213,3416.0,22,14,3,73
2017-03-14 23:00:00+00:00,6.97,115.57,10131.0,21.667046,-157.95213,3442.0,23,14,3,73
2017-03-15 00:00:00+00:00,5.73,113.53,10124.0,21.667046,-157.95213,3422.0,0,15,3,74
2017-03-15 01:00:00+00:00,3.6,112.48,10126.0,21.667046,-157.95213,3216.0,1,15,3,74
2017-03-15 02:00:00+00:00,1.39,179.77,10130.0,21.667046,-157.95213,2309.0,2,15,3,74
2017-03-15 03:00:00+00:00,2.36,269.67,10137.0,21.667046,-157.95213,2330.0,3,15,3,74
2017-03-15 04:00:00+00:00,1.42,245.13,10143.0,21.667046,-157.95213,2284.0,4,15,3,74
2017-03-15 05:00:00+00:00,0.57,196.0,10148.0,21.667046,-157.95213,2196.0,5,15,3,74
2017-03-15 06:00:00+00:00,3.6,146.51,10157.0,21.667046,-157.95213,2149.0,6,15,3,74
2017-03-15 07:00:00+00:00,2.64,140.58,10157.0,21.667046,-157.95213,2020.0,7,15,3,74
2017-03-15 08:00:00+00:00,3.77,142.83,10157.0,21.667046,-157.95213,1902.0,8,15,3,74
2017-03-15 09:00:00+00:00,2.82,131.18,10156.0,21.667046,-157.95213,2094.0,9,15,3,74
2017-03-15 10:00:00+00:00,5.02,146.11,10151.0,21.667046,-157.95213,2014.0,10,15,3,74
2017-03-15 11:00:00+00:00,4.46,147.98,10148.0,21.667046,-157.95213,2073.0,11,15,3,74
2017-03-15 12:00:00+00:00,3.78,139.44,10144.0,21.667046,-157.95213,1982.0,12,15,3,74
2017-03-15 13:00:00+00:00,4.01,146.02,10143.0,21.667046,-157.95213,1922.0,13,15,3,74
2017-03-15 14:00:00+00:00,3.45,149.94,10141.0,21.667046,-157.95213,1960.0,14,15,3,74
2017-03-15 15:00:00+00:00,3.37,150.38,10141.0,21.667046,-157.95213,1930.0,15,15,3,74
2017-03-15 16:00:00+00:00,3.32,148.44,10145.0,21.667046,-157.95213,1898.0,16,15,3,74
2017-03-15 17:00:00+00:00,3.39,139.09,10152.0,21.667046,-157.95213,1982.0,17,15,3,74
2017-03-15 18:00:00+00:00,3.35,145.75,10152.0,21.667046,-157.95213,2424.0,18,15,3,74
2017-03-15 19:00:00+00:00,3.64,140.4,10156.0,21.667046,-157.95213,2652.0,19,15,3,74
2017-03-15 20:00:00+00:00,4.43,113.45,10158.0,21.667046,-157.95213,3026.0,20,15,3,74
2017-03-15 21:00:00+00:00,5.11,109.61,10158.0,21.667046,-157.95213,2921.0,21,15,3,74
2017-03-15 22:00:00+00:00,5.38,108.59,10156.0,21.667046,-157.95213,3305.0,22,15,3,74
2017-03-15 23:00:00+00:00,5.58,105.5,10148.0,21.667046,-157.95213,3396.0,23,15,3,74
2017-03-16 00:00:00+00:00,5.31,104.22,10140.0,21.667046,-157.95213,3116.0,0,16,3,75
2017-03-16 01:00:00+00:00,4.61,93.0,10136.0,21.667046,-157.95213,3090.0,1,16,3,75
2017-03-16 02:00:00+00:00,3.85,95.29,10133.0,21.667046,-157.95213,3033.0,2,16,3,75
2017-03-16 03:00:00+00:00,3.89,114.68,10136.0,21.667046,-157.95213,2748.0,3,16,3,75
2017-03-16 04:00:00+00:00,4.25,110.42,10137.0,21.667046,-157.95213,2428.0,4,16,3,75
2017-03-16 05:00:00+00:00,3.87,120.31,10142.0,21.667046,-157.95213,2015.0,5,16,3,75
2017-03-16 06:00:00+00:00,3.29,152.27,10144.0,21.667046,-157.95213,2006.0,6,16,3,75
2017-03-16 07:00:00+00:00,2.22,139.78,10149.0,21.667046,-157.95213,1931.0,7,16,3,75
2017-03-16 08:00:00+00:00,1.66,117.91,10153.0,21.667046,-157.95213,1885.0,8,16,3,75
2017-03-16 09:00:00+00:00,1.17,114.53,10153.0,21.667046,-157.95213,1887.0,9,16,3,75
2017-03-16 10:00:00+00:00,1.22,105.23,10155.0,21.667046,-157.95213,1881.0,10,16,3,75
2017-03-16 11:00:00+00:00,1.07,116.29,10148.0,21.667046,-157.95213,1861.0,11,16,3,75
2017-03-16 12:00:00+00:00,1.01,110.4,10144.0,21.667046,-157.95213,1834.0,12,16,3,75
2017-03-16 13:00:00+00:00,0.67,104.71,10139.0,21.667046,-157.95213,1842.0,13,16,3,75
2017-03-16 14:00:00+00:00,0.7,141.44,10137.0,21.667046,-157.95213,1849.0,14,16,3,75
2017-03-16 15:00:00+00:00,0.53,197.18,10138.0,21.667046,-157.95213,1801.0,15,16,3,75
2017-03-16 16:00:00+00:00,0.63,20.7,10143.0,21.667046,-157.95213,1787.0,16,16,3,75
2017-03-16 17:00:00+00:00,0.58,5.66,10147.0,21.667046,-157.95213,1867.0,17,16,3,75
2017-03-16 18:00:00+00:00,0.26,102.57,10148.0,21.667046,-157.95213,2525.0,18,16,3,75
2017-03-16 19:00:00+00:00,2.01,79.07,10154.0,21.667046,-157.95213,2924.0,19,16,3,75
2017-03-16 20:00:00+00:00,3.0,81.21,10156.0,21.667046,-157.95213,3117.0,20,16,3,75
2017-03-16 21:00:00+00:00,3.2,73.11,10156.0,21.667046,-157.95213,3209.0,21,16,3,75
2017-03-16 22:00:00+00:00,3.36,68.12,10153.0,21.667046,-157.95213,3231.0,22,16,3,75
2017-03-16 23:00:00+00:00,3.55,54.36,10146.0,21.667046,-157.95213,3379.0,23,16,3,75
2017-03-17 00:00:00+00:00,3.47,47.67,10141.0,21.667046,-157.95213,3237.0,0,17,3,76
2017-03-17 01:00:00+00:00,3.31,37.8,10136.0,21.667046,-157.95213,3197.0,1,17,3,76
2017-03-17 02:00:00+00:00,3.0,25.39,10132.0,21.667046,-157.95213,2996.0,2,17,3,76
2017-03-17 03:00:00+00:00,3.15,359.21,10133.0,21.667046,-157.95213,2783.0,3,17,3,76
2017-03-17 04:00:00+00:00,3.47,348.49,10139.0,21.667046,-157.95213,2479.0,4,17,3,76
2017-03-17 05:00:00+00:00,3.48,337.46,10142.0,21.667046,-157.95213,1964.0,5,17,3,76
2017-03-17 06:00:00+00:00,2.06,304.65,10146.0,21.667046,-157.95213,2239.0,6,17,3,76
2017-03-17 07:00:00+00:00,5.73,7.81,10153.0,21.667046,-157.95213,2162.0,7,17,3,76
2017-03-17 08:00:00+00:00,6.83,6.59,10159.0,21.667046,-157.95213,2119.0,8,17,3,76
2017-03-17 09:00:00+00:00,6.44,15.37,10157.0,21.667046,-157.95213,2097.0,9,17,3,76
2017-03-17 10:00:00+00:00,5.33,15.54,10155.0,21.667046,-157.95213,2151.0,10,17,3,76
2017-03-17 11:00:00+00:00,4.61,1.3,10150.0,21.667046,-157.95213,2098.0,11,17,3,76
2017-03-17 12:00:00+00:00,5.13,354.43,10145.0,21.667046,-157.95213,2031.0,12,17,3,76
2017-03-17 13:00:00+00:00,4.61,357.68,10140.0,21.667046,-157.95213,2090.0,13,17,3,76
2017-03-17 14:00:00+00:00,5.58,356.61,10138.0,21.667046,-157.95213,2029.0,14,17,3,76
2017-03-17 15:00:00+00:00,5.95,354.49,10137.0,21.667046,-157.95213,2008.0,15,17,3,76
2017-03-17 16:00:00+00:00,4.37,355.31,10140.0,21.667046,-157.95213,1984.0,16,17,3,76
2017-03-17 17:00:00+00:00,4.92,354.76,10146.0,21.667046,-157.95213,2001.0,17,17,3,76
2017-03-17 18:00:00+00:00,4.5,354.48,10152.0,21.667046,-157.95213,2150.0,18,17,3,76
2017-03-17 19:00:00+00:00,4.42,1.08,10158.0,21.667046,-157.95213,2415.0,19,17,3,76
2017-03-17 20:00:00+00:00,4.63,6.52,10158.0,21.667046,-157.95213,2578.0,20,17,3,76
2017-03-17 21:00:00+00:00,5.16,18.85,10155.0,21.667046,-157.95213,3039.0,21,17,3,76
2017-03-17 22:00:00+00:00,4.34,18.59,10149.0,21.667046,-157.95213,3283.0,22,17,3,76
2017-03-17 23:00:00+00:00,4.38,27.03,10142.0,21.667046,-157.95213,3290.0,23,17,3,76
2017-03-18 00:00:00+00:00,4.0,31.71,10134.0,21.667046,-157.95213,3245.0,0,18,3,77
2017-03-18 01:00:00+00:00,3.81,32.19,10126.0,21.667046,-157.95213,3109.0,1,18,3,77
2017-03-18 02:00:00+00:00,3.88,21.03,10126.0,21.667046,-157.95213,2916.0,2,18,3,77
2017-03-18 03:00:00+00:00,3.92,23.3,10126.0,21.667046,-157.95213,2630.0,3,18,3,77
2017-03-18 04:00:00+00:00,3.19,27.1,10134.0,21.667046,-157.95213,2303.0,4,18,3,77
2017-03-18 05:00:00+00:00,3.75,19.77,10137.0,21.667046,-157.95213,1624.0,5,18,3,77
2017-03-18 06:00:00+00:00,4.46,29.01,10144.0,21.667046,-157.95213,1564.0,6,18,3,77
2017-03-18 07:00:00+00:00,5.38,25.51,10151.0,21.667046,-157.95213,1760.0,7,18,3,77
2017-03-18 08:00:00+00:00,5.21,38.43,10153.0,21.667046,-157.95213,1583.0,8,18,3,77
2017-03-18 09:00:00+00:00,4.29,49.0,10152.0,21.667046,-157.95213,1699.0,9,18,3,77
2017-03-18 10:00:00+00:00,4.79,49.25,10150.0,21.667046,-157.95213,2028.0,10,18,3,77
2017-03-18 11:00:00+00:00,4.27,41.41,10147.0,21.667046,-157.95213,1595.0,11,18,3,77
2017-03-18 12:00:00+00:00,4.15,25.7,10145.0,21.667046,-157.95213,1541.0,12,18,3,77
2017-03-18 13:00:00+00:00,4.5,29.07,10139.0,21.667046,-157.95213,1697.0,13,18,3,77
2017-03-18 14:00:00+00:00,4.25,40.14,10136.0,21.667046,-157.95213,1429.0,14,18,3,77
2017-03-18 15:00:00+00:00,4.75,44.92,10138.0,21.667046,-157.95213,1431.0,15,18,3,77
2017-03-18 16:00:00+00:00,3.86,56.55,10142.0,21.667046,-157.95213,1691.0,16,18,3,77
2017-03-18 17:00:00+00:00,5.44,35.67,10147.0,21.667046,-157.95213,1972.0,17,18,3,77
2017-03-18 18:00:00+00:00,4.58,45.87,10150.0,21.667046,-157.95213,2203.0,18,18,3,77
2017-03-18 19:00:00+00:00,4.84,58.78,10152.0,21.667046,-157.95213,2709.0,19,18,3,77
2017-03-18 20:00:00+00:00,4.69,60.62,10152.0,21.667046,-157.95213,2976.0,20,18,3,77
2017-03-18 21:00:00+00:00,4.28,60.42,10153.0,21.667046,-157.95213,3196.0,21,18,3,77
2017-03-18 22:00:00+00:00,4.45,58.82,10147.0,21.667046,-157.95213,3325.0,22,18,3,77
2017-03-18 23:00:00+00:00,4.68,49.72,10143.0,21.667046,-157.95213,3267.0,23,18,3,77
2017-03-19 00:00:00+00:00,4.61,50.3,10135.0,21.667046,-157.95213,3263.0,0,19,3,78
2017-03-19 01:00:00+00:00,4.52,54.44,10130.0,21.667046,-157.95213,3141.0,1,19,3,78
2017-03-19 02:00:00+00:00,4.31,50.05,10128.0,21.667046,-157.95213,2875.0,2,19,3,78
2017-03-19 03:00:00+00:00,4.55,46.33,10129.0,21.667046,-157.95213,2669.0,3,19,3,78
2017-03-19 04:00:00+00:00,4.5,49.44,10133.0,21.667046,-157.95213,2324.0,4,19,3,78
2017-03-19 05:00:00+00:00,5.81,55.66,10135.0,21.667046,-157.95213,1887.0,5,19,3,78
2017-03-19 06:00:00+00:00,6.56,45.95,10141.0,21.667046,-157.95213,2108.0,6,19,3,78
2017-03-19 07:00:00+00:00,6.39,56.02,10146.0,21.667046,-157.95213,1919.0,7,19,3,78
2017-03-19 08:00:00+00:00,7.17,39.5,10149.0,21.667046,-157.95213,2124.0,8,19,3,78
2017-03-19 09:00:00+00:00,6.86,52.8,10149.0,21.667046,-157.95213,1951.0,9,19,3,78
2017-03-19 10:00:00+00:00,6.19,66.69,10146.0,21.667046,-157.95213,1739.0,10,19,3,78
2017-03-19 11:00:00+00:00,6.43,62.95,10144.0,21.667046,-157.95213,2127.0,11,19,3,78
2017-03-19 12:00:00+00:00,6.16,56.8,10144.0,21.667046,-157.95213,2120.0,12,19,3,78
2017-03-19 13:00:00+00:00,6.78,59.28,10139.0,21.667046,-157.95213,1985.0,13,19,3,78
2017-03-19 14:00:00+00:00,5.77,57.01,10139.0,21.667046,-157.95213,1661.0,14,19,3,78
2017-03-19 15:00:00+00:00,7.1,48.8,10141.0,21.667046,-157.95213,2040.0,15,19,3,78
2017-03-19 16:00:00+00:00,5.75,60.11,10145.0,21.667046,-157.95213,1866.0,16,19,3,78
2017-03-19 17:00:00+00:00,7.2,61.9,10150.0,21.667046,-157.95213,2099.0,17,19,3,78
2017-03-19 18:00:00+00:00,6.69,73.8,10155.0,21.667046,-157.95213,2420.0,18,19,3,78
2017-03-19 19:00:00+00:00,6.48,81.66,10159.0,21.667046,-157.95213,2674.0,19,19,3,78
2017-03-19 20:00:00+00:00,6.91,78.42,10158.0,21.667046,-157.95213,2891.0,20,19,3,78
2017-03-19 21:00:00+00:00,6.37,80.54,10158.0,21.667046,-157.95213,3200.0,21,19,3,78
2017-03-19 22:00:00+00:00,6.74,79.46,10154.0,21.667046,-157.95213,2975.0,22,19,3,78
2017-03-19 23:00:00+00:00,6.33,87.11,10145.0,21.667046,-157.95213,3118.0,23,19,3,78
2017-03-20 00:00:00+00:00,6.62,92.75,10138.0,21.667046,-157.95213,3276.0,0,20,3,79
2017-03-20 01:00:00+00:00,6.14,90.63,10131.0,21.667046,-157.95213,3122.0,1,20,3,79
2017-03-20 02:00:00+00:00,6.8,79.29,10132.0,21.667046,-157.95213,2478.0,2,20,3,79
2017-03-20 03:00:00+00:00,7.01,78.89,10132.0,21.667046,-157.95213,2561.0,3,20,3,79
2017-03-20 04:00:00+00:00,6.65,74.14,10138.0,21.667046,-157.95213,2376.0,4,20,3,79
2017-03-20 05:00:00+00:00,5.53,93.06,10144.0,21.667046,-157.95213,2180.0,5,20,3,79
2017-03-20 06:00:00+00:00,8.7,71.47,10149.0,21.667046,-157.95213,2151.0,6,20,3,79
2017-03-20 07:00:00+00:00,8.58,75.09,10155.0,21.667046,-157.95213,2208.0,7,20,3,79
2017-03-20 08:00:00+00:00,7.54,72.93,10158.0,21.667046,-157.95213,2214.0,8,20,3,79
2017-03-20 09:00:00+00:00,8.28,71.67,10160.0,21.667046,-157.95213,2170.0,9,20,3,79
2017-03-20 10:00:00+00:00,8.72,66.01,10162.0,21.667046,-157.95213,2193.0,10,20,3,79
2017-03-20 11:00:00+00:00,7.69,91.1,10160.0,21.667046,-157.95213,2199.0,11,20,3,79
2017-03-20 12:00:00+00:00,8.41,77.69,10153.0,21.667046,-157.95213,2094.0,12,20,3,79
2017-03-20 13:00:00+00:00,8.5,73.56,10149.0,21.667046,-157.95213,1974.0,13,20,3,79
2017-03-20 14:00:00+00:00,8.38,74.93,10149.0,21.667046,-157.95213,1969.0,14,20,3,79
2017-03-20 15:00:00+00:00,8.63,79.19,10152.0,21.667046,-157.95213,2043.0,15,20,3,79
2017-03-20 16:00:00+00:00,8.23,79.63,10156.0,21.667046,-157.95213,2125.0,16,20,3,79
2017-03-20 17:00:00+00:00,8.7,86.79,10162.0,21.667046,-157.95213,2153.0,17,20,3,79
2017-03-20 18:00:00+00:00,7.92,87.73,10168.0,21.667046,-157.95213,2561.0,18,20,3,79
2017-03-20 19:00:00+00:00,8.57,87.67,10176.0,21.667046,-157.95213,2657.0,19,20,3,79
2017-03-20 20:00:00+00:00,6.87,92.02,10178.0,21.667046,-157.95213,2363.0,20,20,3,79
2017-03-20 21:00:00+00:00,7.9,86.7,10178.0,21.667046,-157.95213,3173.0,21,20,3,79
2017-03-20 22:00:00+00:00,8.11,90.46,10175.0,21.667046,-157.95213,3153.0,22,20,3,79
2017-03-20 23:00:00+00:00,8.08,92.1,10167.0,21.667046,-157.95213,3217.0,23,20,3,79
2017-03-21 00:00:00+00:00,7.78,96.78,10159.0,21.667046,-157.95213,3318.0,0,21,3,80
2017-03-21 01:00:00+00:00,7.78,97.57,10155.0,21.667046,-157.95213,3214.0,1,21,3,80
2017-03-21 02:00:00+00:00,7.71,95.83,10152.0,21.667046,-157.95213,2985.0,2,21,3,80
2017-03-21 03:00:00+00:00,7.6,87.2,10153.0,21.667046,-157.95213,2707.0,3,21,3,80
2017-03-21 04:00:00+00:00,7.92,89.48,10159.0,21.667046,-157.95213,2420.0,4,21,3,80
2017-03-21 05:00:00+00:00,8.49,95.27,10162.0,21.667046,-157.95213,2217.0,5,21,3,80
2017-03-21 06:00:00+00:00,9.23,101.02,10169.0,21.667046,-157.95213,2231.0,6,21,3,80
2017-03-21 07:00:00+00:00,9.38,97.28,10173.0,21.667046,-157.95213,2315.0,7,21,3,80
2017-03-21 08:00:00+00:00,8.89,81.25,10179.0,21.667046,-157.95213,2202.0,8,21,3,80
2017-03-21 09:00:00+00:00,10.06,77.85,10179.0,21.667046,-157.95213,2215.0,9,21,3,80
2017-03-21 10:00:00+00:00,9.85,78.94,10181.0,21.667046,-157.95213,2119.0,10,21,3,80
2017-03-21 11:00:00+00:00,10.26,81.72,10177.0,21.667046,-157.95213,2128.0,11,21,3,80
2017-03-21 12:00:00+00:00,10.02,83.75,10169.0,21.667046,-157.95213,2098.0,12,21,3,80
2017-03-21 13:00:00+00:00,8.51,84.99,10166.0,21.667046,-157.95213,2063.0,13,21,3,80
2017-03-21 14:00:00+00:00,9.77,89.17,10159.0,21.667046,-157.95213,2074.0,14,21,3,80
2017-03-21 15:00:00+00:00,9.47,90.48,10164.0,21.667046,-157.95213,2062.0,15,21,3,80
2017-03-21 16:00:00+00:00,9.67,93.11,10168.0,21.667046,-157.95213,2058.0,16,21,3,80
2017-03-21 17:00:00+00:00,9.8,97.59,10174.0,21.667046,-157.95213,2156.0,17,21,3,80
2017-03-21 18:00:00+00:00,9.71,98.07,10177.0,21.667046,-157.95213,2551.0,18,21,3,80
2017-03-21 19:00:00+00:00,8.93,97.51,10181.0,21.667046,-157.95213,2802.0,19,21,3,80
2017-03-21 20:00:00+00:00,8.08,96.23,10183.0,21.667046,-157.95213,3104.0,20,21,3,80
2017-03-21 21:00:00+00:00,8.59,96.08,10182.0,21.667046,-157.95213,2934.0,21,21,3,80
2017-03-21 22:00:00+00:00,8.07,96.5,10177.0,21.667046,-157.95213,3348.0,22,21,3,80
2017-03-21 23:00:00+00:00,7.91,94.94,10170.0,21.667046,-157.95213,3338.0,23,21,3,80
2017-03-22 00:00:00+00:00,7.53,97.41,10163.0,21.667046,-157.95213,3364.0,0,22,3,81
2017-03-22 01:00:00+00:00,7.8,93.21,10162.0,21.667046,-157.95213,3178.0,1,22,3,81
2017-03-22 02:00:00+00:00,7.78,89.08,10162.0,21.667046,-157.95213,3018.0,2,22,3,81
2017-03-22 03:00:00+00:00,7.38,86.53,10165.0,21.667046,-157.95213,2765.0,3,22,3,81
2017-03-22 04:00:00+00:00,8.36,93.95,10166.0,21.667046,-157.95213,2477.0,4,22,3,81
2017-03-22 05:00:00+00:00,8.35,86.76,10170.0,21.667046,-157.95213,2186.0,5,22,3,81
2017-03-22 06:00:00+00:00,9.42,93.4,10174.0,21.667046,-157.95213,2168.0,6,22,3,81
2017-03-22 07:00:00+00:00,8.95,83.61,10179.0,21.667046,-157.95213,2204.0,7,22,3,81
2017-03-22 08:00:00+00:00,9.88,83.65,10183.0,21.667046,-157.95213,2209.0,8,22,3,81
2017-03-22 09:00:00+00:00,7.79,83.56,10181.0,21.667046,-157.95213,2154.0,9,22,3,81
2017-03-22 10:00:00+00:00,7.28,74.21,10180.0,21.667046,-157.95213,2105.0,10,22,3,81
2017-03-22 11:00:00+00:00,9.13,95.44,10177.0,21.667046,-157.95213,2000.0,11,22,3,81
2017-03-22 12:00:00+00:00,9.32,98.64,10169.0,21.667046,-157.95213,2035.0,12,22,3,81
2017-03-22 13:00:00+00:00,10.02,95.2,10167.0,21.667046,-157.95213,2053.0,13,22,3,81
2017-03-22 14:00:00+00:00,9.87,100.67,10159.0,21.667046,-157.95213,2058.0,14,22,3,81
2017-03-22 15:00:00+00:00,9.94,94.3,10164.0,21.667046,-157.95213,2047.0,15,22,3,81
2017-03-22 16:00:00+00:00,9.23,100.53,10165.0,21.667046,-157.95213,2107.0,16,22,3,81
2017-03-22 17:00:00+00:00,10.0,100.82,10172.0,21.667046,-157.95213,2148.0,17,22,3,81
2017-03-22 18:00:00+00:00,10.09,104.56,10175.0,21.667046,-157.95213,2450.0,18,22,3,81
2017-03-22 19:00:00+00:00,9.85,104.33,10177.0,21.667046,-157.95213,2785.0,19,22,3,81
2017-03-22 20:00:00+00:00,9.45,106.32,10179.0,21.667046,-157.95213,2864.0,20,22,3,81
2017-03-22 21:00:00+00:00,8.88,101.47,10179.0,21.667046,-157.95213,3075.0,21,22,3,81
2017-03-22 22:00:00+00:00,8.49,105.2,10174.0,21.667046,-157.95213,3291.0,22,22,3,81
2017-03-22 23:00:00+00:00,7.99,99.95,10169.0,21.667046,-157.95213,3285.0,23,22,3,81
2017-03-23 00:00:00+00:00,7.47,98.49,10158.0,21.667046,-157.95213,3172.0,0,23,3,82
2017-03-23 01:00:00+00:00,7.24,97.53,10157.0,21.667046,-157.95213,3042.0,1,23,3,82
2017-03-23 02:00:00+00:00,6.83,95.61,10153.0,21.667046,-157.95213,2832.0,2,23,3,82
2017-03-23 03:00:00+00:00,5.84,101.05,10157.0,21.667046,-157.95213,2659.0,3,23,3,82
2017-03-23 04:00:00+00:00,6.03,106.62,10160.0,21.667046,-157.95213,2451.0,4,23,3,82
2017-03-23 05:00:00+00:00,6.6,80.78,10163.0,21.667046,-157.95213,2143.0,5,23,3,82
2017-03-23 06:00:00+00:00,5.1,98.02,10165.0,21.667046,-157.95213,1976.0,6,23,3,82
2017-03-23 07:00:00+00:00,4.81,146.83,10170.0,21.667046,-157.95213,2211.0,7,23,3,82
2017-03-23 08:00:00+00:00,5.15,102.77,10173.0,21.667046,-157.95213,1920.0,8,23,3,82
2017-03-23 09:00:00+00:00,5.45,98.67,10174.0,21.667046,-157.95213,2179.0,9,23,3,82
2017-03-23 10:00:00+00:00,4.91,108.76,10174.0,21.667046,-157.95213,2217.0,10,23,3,82
2017-03-23 11:00:00+00:00,3.97,95.42,10172.0,21.667046,-157.95213,2199.0,11,23,3,82
2017-03-23 12:00:00+00:00,6.12,93.84,10167.0,21.667046,-157.95213,2129.0,12,23,3,82
2017-03-23 13:00:00+00:00,7.11,139.96,10163.0,21.667046,-157.95213,2177.0,13,23,3,82
2017-03-23 14:00:00+00:00,5.09,105.54,10161.0,21.667046,-157.95213,2035.0,14,23,3,82
2017-03-23 15:00:00+00:00,3.99,133.27,10163.0,21.667046,-157.95213,2015.0,15,23,3,82
2017-03-23 16:00:00+00:00,6.97,96.94,10165.0,21.667046,-157.95213,2117.0,16,23,3,82
2017-03-23 17:00:00+00:00,6.17,94.88,10170.0,21.667046,-157.95213,2116.0,17,23,3,82
2017-03-23 18:00:00+00:00,7.64,100.71,10174.0,21.667046,-157.95213,2264.0,18,23,3,82
2017-03-23 19:00:00+00:00,8.12,104.4,10178.0,21.667046,-157.95213,2409.0,19,23,3,82
2017-03-23 20:00:00+00:00,8.8,108.94,10179.0,21.667046,-157.95213,2643.0,20,23,3,82
2017-03-23 21:00:00+00:00,9.21,110.61,10177.0,21.667046,-157.95213,2960.0,21,23,3,82
2017-03-23 22:00:00+00:00,8.4,110.75,10175.0,21.667046,-157.95213,3144.0,22,23,3,82
2017-03-23 23:00:00+00:00,8.24,111.6,10168.0,21.667046,-157.95213,3220.0,23,23,3,82
2017-03-24 00:00:00+00:00,7.94,106.32,10159.0,21.667046,-157.95213,3233.0,0,24,3,83
2017-03-24 01:00:00+00:00,7.63,107.75,10152.0,21.667046,-157.95213,2876.0,1,24,3,83
2017-03-24 02:00:00+00:00,7.36,105.6,10151.0,21.667046,-157.95213,2707.0,2,24,3,83
2017-03-24 03:00:00+00:00,7.48,107.32,10152.0,21.667046,-157.95213,2701.0,3,24,3,83
2017-03-24 04:00:00+00:00,6.91,108.31,10156.0,21.667046,-157.95213,2480.0,4,24,3,83
2017-03-24 05:00:00+00:00,6.84,108.51,10162.0,21.667046,-157.95213,2200.0,5,24,3,83
2017-03-24 06:00:00+00:00,6.89,101.29,10167.0,21.667046,-157.95213,1974.0,6,24,3,83
2017-03-24 07:00:00+00:00,6.12,107.75,10172.0,21.667046,-157.95213,2138.0,7,24,3,83
2017-03-24 08:00:00+00:00,6.07,105.26,10174.0,21.667046,-157.95213,2130.0,8,24,3,83
2017-03-24 09:00:00+00:00,6.96,106.22,10174.0,21.667046,-157.95213,2145.0,9,24,3,83
2017-03-24 10:00:00+00:00,6.54,103.75,10176.0,21.667046,-157.95213,2028.0,10,24,3,83
2017-03-24 11:00:00+00:00,6.47,107.52,10176.0,21.667046,-157.95213,2251.0,11,24,3,83
2017-03-24 12:00:00+00:00,5.05,103.29,10169.0,21.667046,-157.95213,1935.0,12,24,3,83
2017-03-24 13:00:00+00:00,6.2,96.77,10166.0,21.667046,-157.95213,2188.0,13,24,3,83
2017-03-24 14:00:00+00:00,7.71,84.45,10163.0,21.667046,-157.95213,2180.0,14,24,3,83
2017-03-24 15:00:00+00:00,5.71,88.7,10165.0,21.667046,-157.95213,2023.0,15,24,3,83
2017-03-24 16:00:00+00:00,7.36,84.02,10168.0,21.667046,-157.95213,2106.0,16,24,3,83
2017-03-24 17:00:00+00:00,7.27,85.76,10177.0,21.667046,-157.95213,2224.0,17,24,3,83
2017-03-24 18:00:00+00:00,6.95,128.32,10181.0,21.667046,-157.95213,2297.0,18,24,3,83
2017-03-24 19:00:00+00:00,8.65,96.81,10188.0,21.667046,-157.95213,2578.0,19,24,3,83
2017-03-24 20:00:00+00:00,4.51,147.67,10187.0,21.667046,-157.95213,2162.0,20,24,3,83
2017-03-24 21:00:00+00:00,8.07,103.79,10188.0,21.667046,-157.95213,2419.0,21,24,3,83
2017-03-24 22:00:00+00:00,6.95,103.44,10185.0,21.667046,-157.95213,2516.0,22,24,3,83
2017-03-24 23:00:00+00:00,8.51,102.37,10178.0,21.667046,-157.95213,3061.0,23,24,3,83
2017-03-25 00:00:00+00:00,8.55,102.65,10171.0,21.667046,-157.95213,3021.0,0,25,3,84
2017-03-25 01:00:00+00:00,8.27,104.18,10169.0,21.667046,-157.95213,2924.0,1,25,3,84
2017-03-25 02:00:00+00:00,8.86,108.98,10165.0,21.667046,-157.95213,2940.0,2,25,3,84
2017-03-25 03:00:00+00:00,7.82,107.6,10167.0,21.667046,-157.95213,2739.0,3,25,3,84
2017-03-25 04:00:00+00:00,7.06,108.33,10172.0,21.667046,-157.95213,2516.0,4,25,3,84
2017-03-25 05:00:00+00:00,7.47,108.77,10179.0,21.667046,-157.95213,2111.0,5,25,3,84
2017-03-25 06:00:00+00:00,7.21,108.32,10186.0,21.667046,-157.95213,2055.0,6,25,3,84
2017-03-25 07:00:00+00:00,7.42,104.45,10192.0,21.667046,-157.95213,2035.0,7,25,3,84
2017-03-25 08:00:00+00:00,7.87,105.54,10196.0,21.667046,-157.95213,2047.0,8,25,3,84
2017-03-25 09:00:00+00:00,7.2,105.99,10196.0,21.667046,-157.95213,1925.0,9,25,3,84
2017-03-25 10:00:00+00:00,7.64,99.56,10194.0,21.667046,-157.95213,1919.0,10,25,3,84
2017-03-25 11:00:00+00:00,7.99,94.35,10193.0,21.667046,-157.95213,1967.0,11,25,3,84
2017-03-25 12:00:00+00:00,6.52,97.64,10187.0,21.667046,-157.95213,2197.0,12,25,3,84
2017-03-25 13:00:00+00:00,8.63,91.17,10183.0,21.667046,-157.95213,2110.0,13,25,3,84
2017-03-25 14:00:00+00:00,8.08,95.19,10177.0,21.667046,-157.95213,1985.0,14,25,3,84
2017-03-25 15:00:00+00:00,7.86,94.12,10180.0,21.667046,-157.95213,1996.0,15,25,3,84
2017-03-25 16:00:00+00:00,8.31,97.76,10183.0,21.667046,-157.95213,1993.0,16,25,3,84
2017-03-25 17:00:00+00:00,8.69,97.53,10190.0,21.667046,-157.95213,2173.0,17,25,3,84
2017-03-25 18:00:00+00:00,8.73,92.1,10195.0,21.667046,-157.95213,2552.0,18,25,3,84
2017-03-25 19:00:00+00:00,9.05,97.02,10200.0,21.667046,-157.95213,2883.0,19,25,3,84
2017-03-25 20:00:00+00:00,8.84,97.71,10200.0,21.667046,-157.95213,3069.0,20,25,3,84
2017-03-25 21:00:00+00:00,9.09,88.21,10198.0,21.667046,-157.95213,3043.0,21,25,3,84
2017-03-25 22:00:00+00:00,10.42,96.02,10194.0,21.667046,-157.95213,3215.0,22,25,3,84
2017-03-25 23:00:00+00:00,10.03,92.23,10188.0,21.667046,-157.95213,3313.0,23,25,3,84
2017-03-26 00:00:00+00:00,9.81,93.6,10181.0,21.667046,-157.95213,3187.0,0,26,3,85
2017-03-26 01:00:00+00:00,10.72,93.68,10172.0,21.667046,-157.95213,3142.0,1,26,3,85
2017-03-26 02:00:00+00:00,11.39,94.88,10167.0,21.667046,-157.95213,2990.0,2,26,3,85
2017-03-26 03:00:00+00:00,10.74,94.98,10166.0,21.667046,-157.95213,2737.0,3,26,3,85
2017-03-26 04:00:00+00:00,11.3,98.23,10172.0,21.667046,-157.95213,2473.0,4,26,3,85
2017-03-26 05:00:00+00:00,11.62,97.36,10181.0,21.667046,-157.95213,2236.0,5,26,3,85
2017-03-26 06:00:00+00:00,10.69,89.53,10186.0,21.667046,-157.95213,2325.0,6,26,3,85
2017-03-26 07:00:00+00:00,11.87,94.23,10193.0,21.667046,-157.95213,2298.0,7,26,3,85
2017-03-26 08:00:00+00:00,11.39,87.17,10194.0,21.667046,-157.95213,2343.0,8,26,3,85
2017-03-26 09:00:00+00:00,10.85,93.64,10195.0,21.667046,-157.95213,2222.0,9,26,3,85
2017-03-26 10:00:00+00:00,11.05,87.6,10190.0,21.667046,-157.95213,2205.0,10,26,3,85
2017-03-26 11:00:00+00:00,12.14,94.23,10187.0,21.667046,-157.95213,2234.0,11,26,3,85
2017-03-26 12:00:00+00:00,12.63,83.86,10175.0,21.667046,-157.95213,2203.0,12,26,3,85
2017-03-26 13:00:00+00:00,13.09,91.46,10171.0,21.667046,-157.95213,2213.0,13,26,3,85
2017-03-26 14:00:00+00:00,12.75,100.36,10167.0,21.667046,-157.95213,2294.0,14,26,3,85
2017-03-26 15:00:00+00:00,11.99,100.81,10174.0,21.667046,-157.95213,2158.0,15,26,3,85
2017-03-26 16:00:00+00:00,11.77,97.18,10178.0,21.667046,-157.95213,2172.0,16,26,3,85
2017-03-26 17:00:00+00:00,10.98,97.14,10185.0,21.667046,-157.95213,2275.0,17,26,3,85
2017-03-26 18:00:00+00:00,10.91,92.79,10191.0,21.667046,-157.95213,2497.0,18,26,3,85
2017-03-26 19:00:00+00:00,11.52,93.25,10197.0,21.667046,-157.95213,2840.0,19,26,3,85
2017-03-26 20:00:00+00:00,11.73,95.64,10197.0,21.667046,-157.95213,3028.0,20,26,3,85
2017-03-26 21:00:00+00:00,11.5,92.97,10195.0,21.667046,-157.95213,3133.0,21,26,3,85
2017-03-26 22:00:00+00:00,11.38,90.55,10189.0,21.667046,-157.95213,3297.0,22,26,3,85
2017-03-26 23:00:00+00:00,11.1,89.98,10179.0,21.667046,-157.95213,3201.0,23,26,3,85
2017-03-27 00:00:00+00:00,11.4,93.94,10170.0,21.667046,-157.95213,3146.0,0,27,3,86
2017-03-27 01:00:00+00:00,11.41,91.19,10166.0,21.667046,-157.95213,3068.0,1,27,3,86
2017-03-27 02:00:00+00:00,10.25,96.98,10161.0,21.667046,-157.95213,2773.0,2,27,3,86
2017-03-27 03:00:00+00:00,11.65,94.63,10159.0,21.667046,-157.95213,2670.0,3,27,3,86
2017-03-27 04:00:00+00:00,12.21,92.55,10162.0,21.667046,-157.95213,2425.0,4,27,3,86
2017-03-27 05:00:00+00:00,12.64,97.78,10162.0,21.667046,-157.95213,2260.0,5,27,3,86
2017-03-27 06:00:00+00:00,12.72,102.97,10165.0,21.667046,-157.95213,2253.0,6,27,3,86
2017-03-27 07:00:00+00:00,13.52,102.15,10166.0,21.667046,-157.95213,2248.0,7,27,3,86
2017-03-27 08:00:00+00:00,13.31,102.06,10170.0,21.667046,-157.95213,2257.0,8,27,3,86
2017-03-27 09:00:00+00:00,12.05,102.66,10171.0,21.667046,-157.95213,2210.0,9,27,3,86
2017-03-27 10:00:00+00:00,11.51,101.6,10170.0,21.667046,-157.95213,2191.0,10,27,3,86
2017-03-27 11:00:00+00:00,11.54,102.98,10168.0,21.667046,-157.95213,2273.0,11,27,3,86
2017-03-27 12:00:00+00:00,10.7,101.4,10163.0,21.667046,-157.95213,2303.0,12,27,3,86
2017-03-27 13:00:00+00:00,10.87,99.59,10158.0,21.667046,-157.95213,2238.0,13,27,3,86
2017-03-27 14:00:00+00:00,9.8,98.54,10156.0,21.667046,-157.95213,2168.0,14,27,3,86
2017-03-27 15:00:00+00:00,8.77,98.97,10158.0,21.667046,-157.95213,2103.0,15,27,3,86
2017-03-27 16:00:00+00:00,9.57,96.63,10160.0,21.667046,-157.95213,2209.0,16,27,3,86
2017-03-27 17:00:00+00:00,10.42,98.11,10163.0,21.667046,-157.95213,2302.0,17,27,3,86
2017-03-27 18:00:00+00:00,10.14,103.87,10168.0,21.667046,-157.95213,2407.0,18,27,3,86
2017-03-27 19:00:00+00:00,10.24,103.94,10171.0,21.667046,-157.95213,2754.0,19,27,3,86
2017-03-27 20:00:00+00:00,10.53,107.97,10174.0,21.667046,-157.95213,2949.0,20,27,3,86
2017-03-27 21:00:00+00:00,10.25,109.2,10172.0,21.667046,-157.95213,3126.0,21,27,3,86
2017-03-27 22:00:00+00:00,9.81,109.78,10168.0,21.667046,-157.95213,3289.0,22,27,3,86
2017-03-27 23:00:00+00:00,9.2,111.83,10162.0,21.667046,-157.95213,3084.0,23,27,3,86
2017-03-28 00:00:00+00:00,9.27,110.77,10154.0,21.667046,-157.95213,3325.0,0,28,3,87
2017-03-28 01:00:00+00:00,9.33,110.22,10151.0,21.667046,-157.95213,3108.0,1,28,3,87
2017-03-28 02:00:00+00:00,9.07,111.38,10147.0,21.667046,-157.95213,2968.0,2,28,3,87
2017-03-28 03:00:00+00:00,8.58,113.4,10149.0,21.667046,-157.95213,2668.0,3,28,3,87
2017-03-28 04:00:00+00:00,8.05,109.52,10155.0,21.667046,-157.95213,2530.0,4,28,3,87
2017-03-28 05:00:00+00:00,8.62,108.94,10159.0,21.667046,-157.95213,2174.0,5,28,3,87
2017-03-28 06:00:00+00:00,8.84,109.77,10167.0,21.667046,-157.95213,2142.0,6,28,3,87
2017-03-28 07:00:00+00:00,8.95,109.6,10170.0,21.667046,-157.95213,2169.0,7,28,3,87
2017-03-28 08:00:00+00:00,9.5,110.79,10173.0,21.667046,-157.95213,2272.0,8,28,3,87
2017-03-28 09:00:00+00:00,9.02,111.87,10171.0,21.667046,-157.95213,2157.0,9,28,3,87
2017-03-28 10:00:00+00:00,8.83,107.55,10169.0,21.667046,-157.95213,2200.0,10,28,3,87
2017-03-28 11:00:00+00:00,8.94,101.7,10164.0,21.667046,-157.95213,2198.0,11,28,3,87
2017-03-28 12:00:00+00:00,9.16,105.03,10158.0,21.667046,-157.95213,2130.0,12,28,3,87
2017-03-28 13:00:00+00:00,9.63,107.1,10153.0,21.667046,-157.95213,2150.0,13,28,3,87
2017-03-28 14:00:00+00:00,9.79,105.74,10152.0,21.667046,-157.95213,2103.0,14,28,3,87
2017-03-28 15:00:00+00:00,9.63,106.56,10154.0,21.667046,-157.95213,2067.0,15,28,3,87
2017-03-28 16:00:00+00:00,9.73,103.08,10158.0,21.667046,-157.95213,2068.0,16,28,3,87
2017-03-28 17:00:00+00:00,9.54,103.59,10164.0,21.667046,-157.95213,2239.0,17,28,3,87
2017-03-28 18:00:00+00:00,8.98,105.12,10169.0,21.667046,-157.95213,2652.0,18,28,3,87
2017-03-28 19:00:00+00:00,9.54,101.82,10171.0,21.667046,-157.95213,2768.0,19,28,3,87
2017-03-28 20:00:00+00:00,9.11,103.08,10171.0,21.667046,-157.95213,2841.0,20,28,3,87
2017-03-28 21:00:00+00:00,8.96,101.96,10168.0,21.667046,-157.95213,3190.0,21,28,3,87
2017-03-28 22:00:00+00:00,9.92,106.54,10164.0,21.667046,-157.95213,3046.0,22,28,3,87
2017-03-28 23:00:00+00:00,9.21,102.48,10153.0,21.667046,-157.95213,3222.0,23,28,3,87
2017-03-29 00:00:00+00:00,8.37,99.41,10147.0,21.667046,-157.95213,3342.0,0,29,3,88
2017-03-29 01:00:00+00:00,8.11,95.73,10142.0,21.667046,-157.95213,3050.0,1,29,3,88
2017-03-29 02:00:00+00:00,8.15,92.55,10138.0,21.667046,-157.95213,2899.0,2,29,3,88
2017-03-29 03:00:00+00:00,8.26,92.78,10138.0,21.667046,-157.95213,2681.0,3,29,3,88
2017-03-29 04:00:00+00:00,7.61,94.29,10141.0,21.667046,-157.95213,2509.0,4,29,3,88
2017-03-29 05:00:00+00:00,5.78,117.02,10150.0,21.667046,-157.95213,2146.0,5,29,3,88
2017-03-29 06:00:00+00:00,8.66,91.21,10155.0,21.667046,-157.95213,2281.0,6,29,3,88
2017-03-29 07:00:00+00:00,9.28,97.31,10160.0,21.667046,-157.95213,2209.0,7,29,3,88
2017-03-29 08:00:00+00:00,9.54,92.79,10163.0,21.667046,-157.95213,2174.0,8,29,3,88
2017-03-29 09:00:00+00:00,9.47,100.98,10166.0,21.667046,-157.95213,2118.0,9,29,3,88
2017-03-29 10:00:00+00:00,9.2,95.9,10164.0,21.667046,-157.95213,2094.0,10,29,3,88
2017-03-29 11:00:00+00:00,9.83,99.83,10164.0,21.667046,-157.95213,2097.0,11,29,3,88
2017-03-29 12:00:00+00:00,8.57,97.24,10156.0,21.667046,-157.95213,1992.0,12,29,3,88
2017-03-29 13:00:00+00:00,8.67,95.84,10151.0,21.667046,-157.95213,1976.0,13,29,3,88
2017-03-29 14:00:00+00:00,8.15,95.9,10148.0,21.667046,-157.95213,1849.0,14,29,3,88
2017-03-29 15:00:00+00:00,8.22,92.46,10151.0,21.667046,-157.95213,1882.0,15,29,3,88
2017-03-29 16:00:00+00:00,8.26,88.79,10152.0,21.667046,-157.95213,1958.0,16,29,3,88
2017-03-29 17:00:00+00:00,8.68,90.82,10157.0,21.667046,-157.95213,2236.0,17,29,3,88
2017-03-29 18:00:00+00:00,8.48,85.73,10160.0,21.667046,-157.95213,2610.0,18,29,3,88
2017-03-29 19:00:00+00:00,8.94,99.71,10165.0,21.667046,-157.95213,2829.0,19,29,3,88
2017-03-29 20:00:00+00:00,9.2,97.74,10166.0,21.667046,-157.95213,3051.0,20,29,3,88
2017-03-29 21:00:00+00:00,9.49,101.41,10166.0,21.667046,-157.95213,3245.0,21,29,3,88
2017-03-29 22:00:00+00:00,9.42,100.15,10164.0,21.667046,-157.95213,3233.0,22,29,3,88
2017-03-29 23:00:00+00:00,8.67,108.05,10159.0,21.667046,-157.95213,3363.0,23,29,3,88
2017-03-30 00:00:00+00:00,8.94,104.18,10150.0,21.667046,-157.95213,3192.0,0,30,3,89
2017-03-30 01:00:00+00:00,7.29,103.84,10146.0,21.667046,-157.95213,3136.0,1,30,3,89
2017-03-30 02:00:00+00:00,8.57,102.67,10143.0,21.667046,-157.95213,3077.0,2,30,3,89
2017-03-30 03:00:00+00:00,7.79,100.69,10143.0,21.667046,-157.95213,2852.0,3,30,3,89
2017-03-30 04:00:00+00:00,6.96,99.69,10148.0,21.667046,-157.95213,2533.0,4,30,3,89
2017-03-30 05:00:00+00:00,7.0,98.76,10153.0,21.667046,-157.95213,2089.0,5,30,3,89
2017-03-30 06:00:00+00:00,8.04,105.42,10156.0,21.667046,-157.95213,2132.0,6,30,3,89
2017-03-30 07:00:00+00:00,8.44,97.74,10160.0,21.667046,-157.95213,2235.0,7,30,3,89
2017-03-30 08:00:00+00:00,6.92,108.24,10163.0,21.667046,-157.95213,2254.0,8,30,3,89
2017-03-30 09:00:00+00:00,8.75,94.28,10162.0,21.667046,-157.95213,2106.0,9,30,3,89
2017-03-30 10:00:00+00:00,9.34,104.58,10160.0,21.667046,-157.95213,2095.0,10,30,3,89
2017-03-30 11:00:00+00:00,9.33,101.16,10157.0,21.667046,-157.95213,2170.0,11,30,3,89
2017-03-30 12:00:00+00:00,10.26,99.73,10150.0,21.667046,-157.95213,2190.0,12,30,3,89
2017-03-30 13:00:00+00:00,9.06,105.09,10146.0,21.667046,-157.95213,2103.0,13,30,3,89
2017-03-30 14:00:00+00:00,11.76,96.16,10140.0,21.667046,-157.95213,2288.0,14,30,3,89
2017-03-30 15:00:00+00:00,11.95,101.06,10142.0,21.667046,-157.95213,2187.0,15,30,3,89
2017-03-30 16:00:00+00:00,11.55,103.12,10141.0,21.667046,-157.95213,2163.0,16,30,3,89
2017-03-30 17:00:00+00:00,11.6,102.65,10147.0,21.667046,-157.95213,2304.0,17,30,3,89
2017-03-30 18:00:00+00:00,10.76,102.7,10151.0,21.667046,-157.95213,2591.0,18,30,3,89
2017-03-30 19:00:00+00:00,10.99,104.95,10154.0,21.667046,-157.95213,2936.0,19,30,3,89
2017-03-30 20:00:00+00:00,11.84,101.85,10153.0,21.667046,-157.95213,3164.0,20,30,3,89
2017-03-30 21:00:00+00:00,11.76,102.23,10152.0,21.667046,-157.95213,3185.0,21,30,3,89
2017-03-30 22:00:00+00:00,11.76,102.73,10148.0,21.667046,-157.95213,3137.0,22,30,3,89
2017-03-30 23:00:00+00:00,10.37,111.72,10143.0,21.667046,-157.95213,3435.0,23,30,3,89
2017-03-31 00:00:00+00:00,9.85,109.44,10139.0,21.667046,-157.95213,3079.0,0,31,3,90
2017-03-31 01:00:00+00:00,9.62,111.17,10134.0,21.667046,-157.95213,3134.0,1,31,3,90
2017-03-31 02:00:00+00:00,8.47,106.98,10131.0,21.667046,-157.95213,3112.0,2,31,3,90
2017-03-31 03:00:00+00:00,8.28,105.71,10133.0,21.667046,-157.95213,2841.0,3,31,3,90
2017-03-31 04:00:00+00:00,8.75,101.26,10136.0,21.667046,-157.95213,2516.0,4,31,3,90
2017-03-31 05:00:00+00:00,8.27,105.21,10139.0,21.667046,-157.95213,2100.0,5,31,3,90
2017-03-31 06:00:00+00:00,9.13,97.99,10144.0,21.667046,-157.95213,2110.0,6,31,3,90
2017-03-31 07:00:00+00:00,9.18,95.72,10147.0,21.667046,-157.95213,2123.0,7,31,3,90
2017-03-31 08:00:00+00:00,10.09,93.35,10149.0,21.667046,-157.95213,2156.0,8,31,3,90
2017-03-31 09:00:00+00:00,10.18,88.87,10148.0,21.667046,-157.95213,2198.0,9,31,3,90
2017-03-31 10:00:00+00:00,10.87,86.53,10150.0,21.667046,-157.95213,2314.0,10,31,3,90
2017-03-31 11:00:00+00:00,7.31,108.51,10149.0,21.667046,-157.95213,2120.0,11,31,3,90
2017-03-31 12:00:00+00:00,12.03,103.07,10145.0,21.667046,-157.95213,2111.0,12,31,3,90
2017-03-31 13:00:00+00:00,5.85,92.39,10145.0,21.667046,-157.95213,1870.0,13,31,3,90
2017-03-31 14:00:00+00:00,11.84,99.4,10144.0,21.667046,-157.95213,2027.0,14,31,3,90
2017-03-31 15:00:00+00:00,6.17,84.77,10142.0,21.667046,-157.95213,2125.0,15,31,3,90
2017-03-31 16:00:00+00:00,13.21,106.35,10145.0,21.667046,-157.95213,2127.0,16,31,3,90
2017-03-31 17:00:00+00:00,12.17,109.95,10151.0,21.667046,-157.95213,2238.0,17,31,3,90
2017-03-31 18:00:00+00:00,11.25,107.14,10159.0,21.667046,-157.95213,2653.0,18,31,3,90
2017-03-31 19:00:00+00:00,10.89,106.1,10163.0,21.667046,-157.95213,2881.0,19,31,3,90
2017-03-31 20:00:00+00:00,10.67,105.42,10164.0,21.667046,-157.95213,3130.0,20,31,3,90
2017-03-31 21:00:00+00:00,10.03,102.87,10161.0,21.667046,-157.95213,3125.0,21,31,3,90
2017-03-31 22:00:00+00:00,9.58,102.04,10159.0,21.667046,-157.95213,3381.0,22,31,3,90
2017-03-31 23:00:00+00:00,9.69,102.14,10154.0,21.667046,-157.95213,3351.0,23,31,3,90
2017-04-01 00:00:00+00:00,8.67,105.22,10148.0,21.667046,-157.95213,3453.0,0,1,4,91
2017-04-01 01:00:00+00:00,7.99,105.26,10144.0,21.667046,-157.95213,3326.0,1,1,4,91
2017-04-01 02:00:00+00:00,7.56,99.36,10140.0,21.667046,-157.95213,3118.0,2,1,4,91
2017-04-01 03:00:00+00:00,7.52,98.85,10143.0,21.667046,-157.95213,2843.0,3,1,4,91
2017-04-01 04:00:00+00:00,7.03,101.07,10148.0,21.667046,-157.95213,2536.0,4,1,4,91
2017-04-01 05:00:00+00:00,8.3,97.54,10154.0,21.667046,-157.95213,2153.0,5,1,4,91
2017-04-01 06:00:00+00:00,9.11,93.53,10161.0,21.667046,-157.95213,2227.0,6,1,4,91
2017-04-01 07:00:00+00:00,10.42,86.8,10167.0,21.667046,-157.95213,2295.0,7,1,4,91
2017-04-01 08:00:00+00:00,9.78,87.33,10169.0,21.667046,-157.95213,2191.0,8,1,4,91
2017-04-01 09:00:00+00:00,10.04,103.39,10168.0,21.667046,-157.95213,2218.0,9,1,4,91
2017-04-01 10:00:00+00:00,12.18,91.61,10167.0,21.667046,-157.95213,2083.0,10,1,4,91
2017-04-01 11:00:00+00:00,11.54,93.66,10165.0,21.667046,-157.95213,2103.0,11,1,4,91
2017-04-01 12:00:00+00:00,11.62,100.42,10159.0,21.667046,-157.95213,2101.0,12,1,4,91
2017-04-01 13:00:00+00:00,12.93,95.39,10156.0,21.667046,-157.95213,2154.0,13,1,4,91
2017-04-01 14:00:00+00:00,12.29,101.64,10154.0,21.667046,-157.95213,2125.0,14,1,4,91
2017-04-01 15:00:00+00:00,11.92,100.9,10158.0,21.667046,-157.95213,2125.0,15,1,4,91
2017-04-01 16:00:00+00:00,11.05,101.25,10159.0,21.667046,-157.95213,2117.0,16,1,4,91
2017-04-01 17:00:00+00:00,10.84,98.41,10162.0,21.667046,-157.95213,2304.0,17,1,4,91
2017-04-01 18:00:00+00:00,10.5,98.89,10165.0,21.667046,-157.95213,2667.0,18,1,4,91
2017-04-01 19:00:00+00:00,10.37,96.42,10168.0,21.667046,-157.95213,2940.0,19,1,4,91
2017-04-01 20:00:00+00:00,10.05,97.47,10171.0,21.667046,-157.95213,3166.0,20,1,4,91
2017-04-01 21:00:00+00:00,9.49,90.77,10170.0,21.667046,-157.95213,3289.0,21,1,4,91
2017-04-01 22:00:00+00:00,10.8,87.21,10171.0,21.667046,-157.95213,3373.0,22,1,4,91
2017-04-01 23:00:00+00:00,10.43,86.57,10166.0,21.667046,-157.95213,3226.0,23,1,4,91
2017-04-02 00:00:00+00:00,11.64,84.59,10159.0,21.667046,-157.95213,2965.0,0,2,4,92
2017-04-02 01:00:00+00:00,12.06,84.88,10155.0,21.667046,-157.95213,3149.0,1,2,4,92
2017-04-02 02:00:00+00:00,12.63,89.82,10154.0,21.667046,-157.95213,3012.0,2,2,4,92
2017-04-02 03:00:00+00:00,13.01,90.84,10153.0,21.667046,-157.95213,2740.0,3,2,4,92
2017-04-02 04:00:00+00:00,12.19,98.41,10159.0,21.667046,-157.95213,2534.0,4,2,4,92
2017-04-02 05:00:00+00:00,12.05,95.74,10162.0,21.667046,-157.95213,2233.0,5,2,4,92
2017-04-02 06:00:00+00:00,11.94,94.91,10165.0,21.667046,-157.95213,2215.0,6,2,4,92
2017-04-02 07:00:00+00:00,12.28,94.46,10171.0,21.667046,-157.95213,2215.0,7,2,4,92
2017-04-02 08:00:00+00:00,13.16,91.67,10174.0,21.667046,-157.95213,2232.0,8,2,4,92
2017-04-02 09:00:00+00:00,12.96,92.51,10174.0,21.667046,-157.95213,2210.0,9,2,4,92
2017-04-02 10:00:00+00:00,11.99,95.73,10174.0,21.667046,-157.95213,2187.0,10,2,4,92
2017-04-02 11:00:00+00:00,12.16,89.92,10170.0,21.667046,-157.95213,2196.0,11,2,4,92
2017-04-02 12:00:00+00:00,11.94,92.31,10163.0,21.667046,-157.95213,2171.0,12,2,4,92
2017-04-02 13:00:00+00:00,12.76,83.13,10159.0,21.667046,-157.95213,2173.0,13,2,4,92
2017-04-02 14:00:00+00:00,12.89,79.87,10155.0,21.667046,-157.95213,2158.0,14,2,4,92
2017-04-02 15:00:00+00:00,12.29,81.38,10160.0,21.667046,-157.95213,2142.0,15,2,4,92
2017-04-02 16:00:00+00:00,11.5,81.56,10164.0,21.667046,-157.95213,2125.0,16,2,4,92
2017-04-02 17:00:00+00:00,11.39,84.91,10169.0,21.667046,-157.95213,2332.0,17,2,4,92
2017-04-02 18:00:00+00:00,11.69,90.6,10174.0,21.667046,-157.95213,2664.0,18,2,4,92
2017-04-02 19:00:00+00:00,10.53,89.31,10177.0,21.667046,-157.95213,3010.0,19,2,4,92
2017-04-02 20:00:00+00:00,10.42,89.84,10177.0,21.667046,-157.95213,3001.0,20,2,4,92
2017-04-02 21:00:00+00:00,10.29,91.79,10174.0,21.667046,-157.95213,3137.0,21,2,4,92
2017-04-02 22:00:00+00:00,10.2,95.78,10170.0,21.667046,-157.95213,3282.0,22,2,4,92
2017-04-02 23:00:00+00:00,11.53,97.19,10161.0,21.667046,-157.95213,3471.0,23,2,4,92
2017-04-03 00:00:00+00:00,11.06,89.65,10154.0,21.667046,-157.95213,3107.0,0,3,4,93
2017-04-03 01:00:00+00:00,10.22,79.81,10148.0,21.667046,-157.95213,3090.0,1,3,4,93
2017-04-03 02:00:00+00:00,10.93,84.64,10147.0,21.667046,-157.95213,2993.0,2,3,4,93
2017-04-03 03:00:00+00:00,10.59,81.98,10149.0,21.667046,-157.95213,2697.0,3,3,4,93
2017-04-03 04:00:00+00:00,9.7,89.58,10157.0,21.667046,-157.95213,2467.0,4,3,4,93
2017-04-03 05:00:00+00:00,7.91,93.82,10158.0,21.667046,-157.95213,2071.0,5,3,4,93
2017-04-03 06:00:00+00:00,12.69,83.91,10158.0,21.667046,-157.95213,2125.0,6,3,4,93
2017-04-03 07:00:00+00:00,12.08,82.78,10162.0,21.667046,-157.95213,2089.0,7,3,4,93
2017-04-03 08:00:00+00:00,11.87,88.68,10166.0,21.667046,-157.95213,2067.0,8,3,4,93
2017-04-03 09:00:00+00:00,11.87,87.72,10163.0,21.667046,-157.95213,2067.0,9,3,4,93
2017-04-03 10:00:00+00:00,11.25,86.66,10162.0,21.667046,-157.95213,2079.0,10,3,4,93
2017-04-03 11:00:00+00:00,11.02,89.56,10157.0,21.667046,-157.95213,2090.0,11,3,4,93
2017-04-03 12:00:00+00:00,11.66,92.08,10148.0,21.667046,-157.95213,2091.0,12,3,4,93
2017-04-03 13:00:00+00:00,10.97,90.27,10145.0,21.667046,-157.95213,2073.0,13,3,4,93
2017-04-03 14:00:00+00:00,10.61,91.7,10141.0,21.667046,-157.95213,2093.0,14,3,4,93
2017-04-03 15:00:00+00:00,9.72,97.17,10148.0,21.667046,-157.95213,2080.0,15,3,4,93
2017-04-03 16:00:00+00:00,9.82,95.35,10150.0,21.667046,-157.95213,2116.0,16,3,4,93
2017-04-03 17:00:00+00:00,9.8,94.49,10156.0,21.667046,-157.95213,2356.0,17,3,4,93
2017-04-03 18:00:00+00:00,10.15,97.5,10161.0,21.667046,-157.95213,2753.0,18,3,4,93
2017-04-03 19:00:00+00:00,10.45,103.27,10165.0,21.667046,-157.95213,2956.0,19,3,4,93
2017-04-03 20:00:00+00:00,9.87,100.81,10166.0,21.667046,-157.95213,3180.0,20,3,4,93
2017-04-03 21:00:00+00:00,9.31,102.51,10166.0,21.667046,-157.95213,3466.0,21,3,4,93
2017-04-03 22:00:00+00:00,8.66,102.19,10165.0,21.667046,-157.95213,3531.0,22,3,4,93
2017-04-03 23:00:00+00:00,8.54,99.86,10159.0,21.667046,-157.95213,3582.0,23,3,4,93
2017-04-04 00:00:00+00:00,7.56,94.23,10147.0,21.667046,-157.95213,3503.0,0,4,4,94
2017-04-04 01:00:00+00:00,7.89,95.27,10141.0,21.667046,-157.95213,3331.0,1,4,4,94
2017-04-04 02:00:00+00:00,7.13,92.52,10138.0,21.667046,-157.95213,3140.0,2,4,4,94
2017-04-04 03:00:00+00:00,6.98,91.82,10137.0,21.667046,-157.95213,2886.0,3,4,4,94
2017-04-04 04:00:00+00:00,6.74,91.42,10140.0,21.667046,-157.95213,2541.0,4,4,4,94
2017-04-04 05:00:00+00:00,7.33,86.93,10144.0,21.667046,-157.95213,2028.0,5,4,4,94
2017-04-04 06:00:00+00:00,7.5,91.43,10150.0,21.667046,-157.95213,2045.0,6,4,4,94
2017-04-04 07:00:00+00:00,8.93,80.03,10153.0,21.667046,-157.95213,2123.0,7,4,4,94
2017-04-04 08:00:00+00:00,9.34,85.44,10156.0,21.667046,-157.95213,2140.0,8,4,4,94
2017-04-04 09:00:00+00:00,8.82,86.0,10154.0,21.667046,-157.95213,2103.0,9,4,4,94
2017-04-04 10:00:00+00:00,9.23,91.26,10150.0,21.667046,-157.95213,2096.0,10,4,4,94
2017-04-04 11:00:00+00:00,9.8,89.54,10147.0,21.667046,-157.95213,2170.0,11,4,4,94
2017-04-04 12:00:00+00:00,9.09,93.34,10142.0,21.667046,-157.95213,2106.0,12,4,4,94
2017-04-04 13:00:00+00:00,9.56,86.82,10136.0,21.667046,-157.95213,2095.0,13,4,4,94
2017-04-04 14:00:00+00:00,9.2,84.19,10140.0,21.667046,-157.95213,2078.0,14,4,4,94
2017-04-04 15:00:00+00:00,9.49,88.27,10139.0,21.667046,-157.95213,2061.0,15,4,4,94
2017-04-04 16:00:00+00:00,10.11,88.53,10143.0,21.667046,-157.95213,2276.0,16,4,4,94
2017-04-04 17:00:00+00:00,9.57,92.35,10149.0,21.667046,-157.95213,2346.0,17,4,4,94
2017-04-04 18:00:00+00:00,7.88,79.66,10152.0,21.667046,-157.95213,2634.0,18,4,4,94
2017-04-04 19:00:00+00:00,8.43,87.23,10156.0,21.667046,-157.95213,2932.0,19,4,4,94
2017-04-04 20:00:00+00:00,8.57,90.72,10156.0,21.667046,-157.95213,3257.0,20,4,4,94
2017-04-04 21:00:00+00:00,8.28,90.31,10154.0,21.667046,-157.95213,3319.0,21,4,4,94
2017-04-04 22:00:00+00:00,7.84,84.24,10154.0,21.667046,-157.95213,3380.0,22,4,4,94
2017-04-04 23:00:00+00:00,7.28,86.38,10149.0,21.667046,-157.95213,3615.0,23,4,4,94
2017-04-05 00:00:00+00:00,7.3,87.54,10140.0,21.667046,-157.95213,3565.0,0,5,4,95
2017-04-05 01:00:00+00:00,6.95,85.28,10137.0,21.667046,-157.95213,3339.0,1,5,4,95
2017-04-05 02:00:00+00:00,6.82,82.94,10133.0,21.667046,-157.95213,3212.0,2,5,4,95
2017-04-05 03:00:00+00:00,6.42,72.7,10136.0,21.667046,-157.95213,2830.0,3,5,4,95
2017-04-05 04:00:00+00:00,7.46,74.69,10140.0,21.667046,-157.95213,2538.0,4,5,4,95
2017-04-05 05:00:00+00:00,8.05,77.62,10145.0,21.667046,-157.95213,2133.0,5,5,4,95
2017-04-05 06:00:00+00:00,7.79,72.31,10150.0,21.667046,-157.95213,2124.0,6,5,4,95
2017-04-05 07:00:00+00:00,8.7,79.52,10154.0,21.667046,-157.95213,2120.0,7,5,4,95
2017-04-05 08:00:00+00:00,8.63,80.45,10156.0,21.667046,-157.95213,2095.0,8,5,4,95
2017-04-05 09:00:00+00:00,8.36,80.18,10156.0,21.667046,-157.95213,2067.0,9,5,4,95
2017-04-05 10:00:00+00:00,8.08,75.15,10155.0,21.667046,-157.95213,2136.0,10,5,4,95
2017-04-05 11:00:00+00:00,8.29,82.52,10151.0,21.667046,-157.95213,2043.0,11,5,4,95
2017-04-05 12:00:00+00:00,8.8,79.05,10143.0,21.667046,-157.95213,2206.0,12,5,4,95
2017-04-05 13:00:00+00:00,7.96,81.81,10138.0,21.667046,-157.95213,2000.0,13,5,4,95
2017-04-05 14:00:00+00:00,6.64,77.9,10136.0,21.667046,-157.95213,2032.0,14,5,4,95
2017-04-05 15:00:00+00:00,4.48,96.67,10137.0,21.667046,-157.95213,2148.0,15,5,4,95
2017-04-05 16:00:00+00:00,6.53,70.47,10142.0,21.667046,-157.95213,2196.0,16,5,4,95
2017-04-05 17:00:00+00:00,7.21,84.61,10146.0,21.667046,-157.95213,2344.0,17,5,4,95
2017-04-05 18:00:00+00:00,4.71,89.71,10152.0,21.667046,-157.95213,2351.0,18,5,4,95
2017-04-05 19:00:00+00:00,7.6,77.23,10156.0,21.667046,-157.95213,2709.0,19,5,4,95
2017-04-05 20:00:00+00:00,6.35,82.71,10157.0,21.667046,-157.95213,3261.0,20,5,4,95
2017-04-05 21:00:00+00:00,6.97,85.19,10156.0,21.667046,-157.95213,3433.0,21,5,4,95
2017-04-05 22:00:00+00:00,6.8,80.6,10150.0,21.667046,-157.95213,3630.0,22,5,4,95
2017-04-05 23:00:00+00:00,6.79,78.66,10147.0,21.667046,-157.95213,3542.0,23,5,4,95
2017-04-06 00:00:00+00:00,6.63,73.74,10139.0,21.667046,-157.95213,3532.0,0,6,4,96
2017-04-06 01:00:00+00:00,6.55,73.55,10139.0,21.667046,-157.95213,3383.0,1,6,4,96
2017-04-06 02:00:00+00:00,6.57,67.77,10135.0,21.667046,-157.95213,3145.0,2,6,4,96
2017-04-06 03:00:00+00:00,6.75,66.74,10137.0,21.667046,-157.95213,2809.0,3,6,4,96
2017-04-06 04:00:00+00:00,6.88,88.46,10140.0,21.667046,-157.95213,2484.0,4,6,4,96
2017-04-06 05:00:00+00:00,7.26,68.02,10143.0,21.667046,-157.95213,2154.0,5,6,4,96
2017-04-06 06:00:00+00:00,8.05,72.64,10148.0,21.667046,-157.95213,2072.0,6,6,4,96
2017-04-06 07:00:00+00:00,7.3,75.16,10152.0,21.667046,-157.95213,1996.0,7,6,4,96
2017-04-06 08:00:00+00:00,6.78,70.55,10153.0,21.667046,-157.95213,1933.0,8,6,4,96
2017-04-06 09:00:00+00:00,7.1,80.7,10152.0,21.667046,-157.95213,1942.0,9,6,4,96
2017-04-06 10:00:00+00:00,9.21,66.99,10148.0,21.667046,-157.95213,2054.0,10,6,4,96
2017-04-06 11:00:00+00:00,7.59,88.84,10147.0,21.667046,-157.95213,2076.0,11,6,4,96
2017-04-06 12:00:00+00:00,7.02,75.88,10140.0,21.667046,-157.95213,1813.0,12,6,4,96
2017-04-06 13:00:00+00:00,7.09,72.48,10137.0,21.667046,-157.95213,1807.0,13,6,4,96
2017-04-06 14:00:00+00:00,8.05,57.6,10134.0,21.667046,-157.95213,1980.0,14,6,4,96
2017-04-06 15:00:00+00:00,7.36,70.03,10139.0,21.667046,-157.95213,1959.0,15,6,4,96
2017-04-06 16:00:00+00:00,6.11,78.27,10146.0,21.667046,-157.95213,1745.0,16,6,4,96
2017-04-06 17:00:00+00:00,7.51,67.3,10157.0,21.667046,-157.95213,2314.0,17,6,4,96
2017-04-06 18:00:00+00:00,8.59,106.5,10164.0,21.667046,-157.95213,2283.0,18,6,4,96
2017-04-06 19:00:00+00:00,6.59,90.49,10167.0,21.667046,-157.95213,2500.0,19,6,4,96
2017-04-06 20:00:00+00:00,5.72,95.28,10164.0,21.667046,-157.95213,2947.0,20,6,4,96
2017-04-06 21:00:00+00:00,7.55,95.42,10162.0,21.667046,-157.95213,3496.0,21,6,4,96
2017-04-06 22:00:00+00:00,7.43,92.7,10158.0,21.667046,-157.95213,3596.0,22,6,4,96
2017-04-06 23:00:00+00:00,7.63,94.27,10151.0,21.667046,-157.95213,3444.0,23,6,4,96
2017-04-07 00:00:00+00:00,7.05,91.05,10144.0,21.667046,-157.95213,3525.0,0,7,4,97
2017-04-07 01:00:00+00:00,7.38,92.26,10141.0,21.667046,-157.95213,3216.0,1,7,4,97
2017-04-07 02:00:00+00:00,6.72,94.46,10139.0,21.667046,-157.95213,3229.0,2,7,4,97
2017-04-07 03:00:00+00:00,6.44,90.1,10141.0,21.667046,-157.95213,2892.0,3,7,4,97
2017-04-07 04:00:00+00:00,6.22,89.13,10146.0,21.667046,-157.95213,2562.0,4,7,4,97
2017-04-07 05:00:00+00:00,7.02,83.23,10152.0,21.667046,-157.95213,2149.0,5,7,4,97
2017-04-07 06:00:00+00:00,6.73,78.15,10157.0,21.667046,-157.95213,2007.0,6,7,4,97
2017-04-07 07:00:00+00:00,6.62,78.94,10162.0,21.667046,-157.95213,2299.0,7,7,4,97
2017-04-07 08:00:00+00:00,7.64,74.15,10163.0,21.667046,-157.95213,2202.0,8,7,4,97
2017-04-07 09:00:00+00:00,7.6,74.96,10163.0,21.667046,-157.95213,2066.0,9,7,4,97
2017-04-07 10:00:00+00:00,8.79,77.34,10162.0,21.667046,-157.95213,2221.0,10,7,4,97
2017-04-07 11:00:00+00:00,7.84,82.14,10160.0,21.667046,-157.95213,2050.0,11,7,4,97
2017-04-07 12:00:00+00:00,8.31,87.86,10153.0,21.667046,-157.95213,2136.0,12,7,4,97
2017-04-07 13:00:00+00:00,5.52,107.02,10150.0,21.667046,-157.95213,2137.0,13,7,4,97
2017-04-07 14:00:00+00:00,8.81,78.99,10145.0,21.667046,-157.95213,2076.0,14,7,4,97
2017-04-07 15:00:00+00:00,9.85,85.81,10146.0,21.667046,-157.95213,2166.0,15,7,4,97
2017-04-07 16:00:00+00:00,10.68,92.87,10148.0,21.667046,-157.95213,2105.0,16,7,4,97
2017-04-07 17:00:00+00:00,7.0,113.92,10154.0,21.667046,-157.95213,2202.0,17,7,4,97
2017-04-07 18:00:00+00:00,10.14,86.06,10161.0,21.667046,-157.95213,2199.0,18,7,4,97
2017-04-07 19:00:00+00:00,9.37,91.69,10166.0,21.667046,-157.95213,2834.0,19,7,4,97
2017-04-07 20:00:00+00:00,9.8,92.98,10168.0,21.667046,-157.95213,3208.0,20,7,4,97
2017-04-07 21:00:00+00:00,7.97,99.17,10167.0,21.667046,-157.95213,3379.0,21,7,4,97
2017-04-07 22:00:00+00:00,8.59,97.36,10162.0,21.667046,-157.95213,3522.0,22,7,4,97
2017-04-07 23:00:00+00:00,8.46,101.54,10157.0,21.667046,-157.95213,3573.0,23,7,4,97
2017-04-08 00:00:00+00:00,8.44,101.31,10147.0,21.667046,-157.95213,3426.0,0,8,4,98
2017-04-08 01:00:00+00:00,7.45,99.99,10144.0,21.667046,-157.95213,3301.0,1,8,4,98
2017-04-08 02:00:00+00:00,7.83,99.88,10137.0,21.667046,-157.95213,3131.0,2,8,4,98
2017-04-08 03:00:00+00:00,7.38,100.34,10139.0,21.667046,-157.95213,2786.0,3,8,4,98
2017-04-08 04:00:00+00:00,7.14,96.69,10142.0,21.667046,-157.95213,2591.0,4,8,4,98
2017-04-08 05:00:00+00:00,6.96,98.34,10146.0,21.667046,-157.95213,2032.0,5,8,4,98
2017-04-08 06:00:00+00:00,7.54,100.71,10152.0,21.667046,-157.95213,2041.0,6,8,4,98
2017-04-08 07:00:00+00:00,7.77,98.2,10153.0,21.667046,-157.95213,2055.0,7,8,4,98
2017-04-08 08:00:00+00:00,7.55,102.18,10157.0,21.667046,-157.95213,1908.0,8,8,4,98
2017-04-08 09:00:00+00:00,7.64,98.41,10156.0,21.667046,-157.95213,2027.0,9,8,4,98
2017-04-08 10:00:00+00:00,7.63,105.5,10155.0,21.667046,-157.95213,1850.0,10,8,4,98
2017-04-08 11:00:00+00:00,7.53,102.96,10149.0,21.667046,-157.95213,1874.0,11,8,4,98
2017-04-08 12:00:00+00:00,8.15,103.81,10142.0,21.667046,-157.95213,1894.0,12,8,4,98
2017-04-08 13:00:00+00:00,8.18,103.12,10136.0,21.667046,-157.95213,2048.0,13,8,4,98
2017-04-08 14:00:00+00:00,7.82,101.07,10136.0,21.667046,-157.95213,1832.0,14,8,4,98
2017-04-08 15:00:00+00:00,8.29,91.44,10137.0,21.667046,-157.95213,1846.0,15,8,4,98
2017-04-08 16:00:00+00:00,7.49,99.25,10139.0,21.667046,-157.95213,1932.0,16,8,4,98
2017-04-08 17:00:00+00:00,7.46,101.52,10146.0,21.667046,-157.95213,2342.0,17,8,4,98
2017-04-08 18:00:00+00:00,8.18,103.32,10150.0,21.667046,-157.95213,2759.0,18,8,4,98
2017-04-08 19:00:00+00:00,9.1,104.87,10157.0,21.667046,-157.95213,2985.0,19,8,4,98
2017-04-08 20:00:00+00:00,8.93,112.0,10157.0,21.667046,-157.95213,3193.0,20,8,4,98
2017-04-08 21:00:00+00:00,8.08,109.84,10155.0,21.667046,-157.95213,3235.0,21,8,4,98
2017-04-08 22:00:00+00:00,8.23,107.35,10152.0,21.667046,-157.95213,3417.0,22,8,4,98
2017-04-08 23:00:00+00:00,7.64,107.93,10142.0,21.667046,-157.95213,3528.0,23,8,4,98
2017-04-09 00:00:00+00:00,7.42,104.31,10134.0,21.667046,-157.95213,3286.0,0,9,4,99
2017-04-09 01:00:00+00:00,5.71,111.75,10128.0,21.667046,-157.95213,2743.0,1,9,4,99
2017-04-09 02:00:00+00:00,5.29,102.56,10124.0,21.667046,-157.95213,2613.0,2,9,4,99
2017-04-09 03:00:00+00:00,4.29,101.95,10122.0,21.667046,-157.95213,2642.0,3,9,4,99
2017-04-09 04:00:00+00:00,3.49,118.01,10125.0,21.667046,-157.95213,2469.0,4,9,4,99
2017-04-09 05:00:00+00:00,1.14,167.03,10128.0,21.667046,-157.95213,2331.0,5,9,4,99
2017-04-09 06:00:00+00:00,0.56,203.23,10129.0,21.667046,-157.95213,2045.0,6,9,4,99
2017-04-09 07:00:00+00:00,0.48,9.9,10132.0,21.667046,-157.95213,1902.0,7,9,4,99
2017-04-09 08:00:00+00:00,1.23,76.03,10138.0,21.667046,-157.95213,1998.0,8,9,4,99
2017-04-09 09:00:00+00:00,1.33,105.57,10138.0,21.667046,-157.95213,1963.0,9,9,4,99
2017-04-09 10:00:00+00:00,2.67,128.16,10138.0,21.667046,-157.95213,2115.0,10,9,4,99
2017-04-09 11:00:00+00:00,2.1,116.29,10133.0,21.667046,-157.95213,2088.0,11,9,4,99
2017-04-09 12:00:00+00:00,0.23,101.61,10127.0,21.667046,-157.95213,2035.0,12,9,4,99
2017-04-09 13:00:00+00:00,1.72,283.92,10120.0,21.667046,-157.95213,2023.0,13,9,4,99
2017-04-09 14:00:00+00:00,1.88,317.45,10119.0,21.667046,-157.95213,1871.0,14,9,4,99
2017-04-09 15:00:00+00:00,2.36,34.31,10118.0,21.667046,-157.95213,2046.0,15,9,4,99
2017-04-09 16:00:00+00:00,1.03,328.8,10122.0,21.667046,-157.95213,2016.0,16,9,4,99
2017-04-09 17:00:00+00:00,1.36,214.6,10127.0,21.667046,-157.95213,2075.0,17,9,4,99
2017-04-09 18:00:00+00:00,1.26,296.85,10130.0,21.667046,-157.95213,2316.0,18,9,4,99
2017-04-09 19:00:00+00:00,2.0,333.92,10133.0,21.667046,-157.95213,2577.0,19,9,4,99
2017-04-09 20:00:00+00:00,3.17,343.72,10136.0,21.667046,-157.95213,2831.0,20,9,4,99
2017-04-09 21:00:00+00:00,3.13,66.21,10138.0,21.667046,-157.95213,2348.0,21,9,4,99
2017-04-09 22:00:00+00:00,3.18,24.99,10134.0,21.667046,-157.95213,3158.0,22,9,4,99
2017-04-09 23:00:00+00:00,2.25,46.28,10128.0,21.667046,-157.95213,2546.0,23,9,4,99
2017-04-10 00:00:00+00:00,2.64,62.62,10120.0,21.667046,-157.95213,2567.0,0,10,4,100
2017-04-10 01:00:00+00:00,3.43,341.31,10115.0,21.667046,-157.95213,2907.0,1,10,4,100
2017-04-10 02:00:00+00:00,4.2,337.01,10110.0,21.667046,-157.95213,2987.0,2,10,4,100
2017-04-10 03:00:00+00:00,4.11,343.21,10111.0,21.667046,-157.95213,2861.0,3,10,4,100
2017-04-10 04:00:00+00:00,3.19,339.32,10114.0,21.667046,-157.95213,2560.0,4,10,4,100
2017-04-10 05:00:00+00:00,2.68,334.25,10120.0,21.667046,-157.95213,1803.0,5,10,4,100
2017-04-10 06:00:00+00:00,2.22,323.41,10124.0,21.667046,-157.95213,1889.0,6,10,4,100
2017-04-10 07:00:00+00:00,2.29,320.83,10130.0,21.667046,-157.95213,1881.0,7,10,4,100
2017-04-10 08:00:00+00:00,2.15,324.91,10134.0,21.667046,-157.95213,1903.0,8,10,4,100
2017-04-10 09:00:00+00:00,1.55,328.9,10136.0,21.667046,-157.95213,1898.0,9,10,4,100
2017-04-10 10:00:00+00:00,1.31,4.36,10134.0,21.667046,-157.95213,2146.0,10,10,4,100
2017-04-10 11:00:00+00:00,1.31,28.08,10129.0,21.667046,-157.95213,1883.0,11,10,4,100
2017-04-10 12:00:00+00:00,0.99,28.41,10123.0,21.667046,-157.95213,1839.0,12,10,4,100
2017-04-10 13:00:00+00:00,1.26,350.32,10118.0,21.667046,-157.95213,2064.0,13,10,4,100
2017-04-10 14:00:00+00:00,1.49,112.77,10120.0,21.667046,-157.95213,2030.0,14,10,4,100
2017-04-10 15:00:00+00:00,1.39,146.04,10120.0,21.667046,-157.95213,1938.0,15,10,4,100
2017-04-10 16:00:00+00:00,1.17,122.97,10120.0,21.667046,-157.95213,1874.0,16,10,4,100
2017-04-10 17:00:00+00:00,2.35,132.16,10127.0,21.667046,-157.95213,2136.0,17,10,4,100
2017-04-10 18:00:00+00:00,5.4,135.09,10128.0,21.667046,-157.95213,2254.0,18,10,4,100
2017-04-10 19:00:00+00:00,4.45,99.28,10131.0,21.667046,-157.95213,2716.0,19,10,4,100
2017-04-10 20:00:00+00:00,4.57,107.94,10134.0,21.667046,-157.95213,2526.0,20,10,4,100
2017-04-10 21:00:00+00:00,6.23,101.91,10136.0,21.667046,-157.95213,3047.0,21,10,4,100
2017-04-10 22:00:00+00:00,6.89,104.98,10132.0,21.667046,-157.95213,3517.0,22,10,4,100
2017-04-10 23:00:00+00:00,6.82,103.5,10124.0,21.667046,-157.95213,3504.0,23,10,4,100
2017-04-11 00:00:00+00:00,7.05,95.05,10117.0,21.667046,-157.95213,3544.0,0,11,4,101
2017-04-11 01:00:00+00:00,6.74,94.1,10110.0,21.667046,-157.95213,3272.0,1,11,4,101
2017-04-11 02:00:00+00:00,7.45,94.71,10110.0,21.667046,-157.95213,2525.0,2,11,4,101
2017-04-11 03:00:00+00:00,7.08,89.37,10112.0,21.667046,-157.95213,2789.0,3,11,4,101
2017-04-11 04:00:00+00:00,7.11,91.86,10115.0,21.667046,-157.95213,2566.0,4,11,4,101
2017-04-11 05:00:00+00:00,7.5,85.74,10121.0,21.667046,-157.95213,2135.0,5,11,4,101
2017-04-11 06:00:00+00:00,8.34,83.04,10125.0,21.667046,-157.95213,2146.0,6,11,4,101
2017-04-11 07:00:00+00:00,8.69,91.17,10128.0,21.667046,-157.95213,2137.0,7,11,4,101
2017-04-11 08:00:00+00:00,8.87,89.16,10133.0,21.667046,-157.95213,2121.0,8,11,4,101
2017-04-11 09:00:00+00:00,8.97,92.23,10132.0,21.667046,-157.95213,2185.0,9,11,4,101
2017-04-11 10:00:00+00:00,9.05,100.48,10128.0,21.667046,-157.95213,2166.0,10,11,4,101
2017-04-11 11:00:00+00:00,8.88,100.18,10120.0,21.667046,-157.95213,2117.0,11,11,4,101
2017-04-11 12:00:00+00:00,7.97,105.51,10115.0,21.667046,-157.95213,2072.0,12,11,4,101
2017-04-11 13:00:00+00:00,8.59,102.09,10111.0,21.667046,-157.95213,2097.0,13,11,4,101
2017-04-11 14:00:00+00:00,8.48,97.54,10108.0,21.667046,-157.95213,2158.0,14,11,4,101
2017-04-11 15:00:00+00:00,7.99,106.49,10109.0,21.667046,-157.95213,2235.0,15,11,4,101
2017-04-11 16:00:00+00:00,9.41,104.85,10113.0,21.667046,-157.95213,2323.0,16,11,4,101
2017-04-11 17:00:00+00:00,9.19,102.31,10120.0,21.667046,-157.95213,2461.0,17,11,4,101
2017-04-11 18:00:00+00:00,9.75,106.3,10124.0,21.667046,-157.95213,2667.0,18,11,4,101
2017-04-11 19:00:00+00:00,10.22,108.86,10128.0,21.667046,-157.95213,2952.0,19,11,4,101
2017-04-11 20:00:00+00:00,10.5,107.01,10130.0,21.667046,-157.95213,3090.0,20,11,4,101
2017-04-11 21:00:00+00:00,10.96,111.46,10129.0,21.667046,-157.95213,3458.0,21,11,4,101
2017-04-11 22:00:00+00:00,10.44,112.57,10126.0,21.667046,-157.95213,3567.0,22,11,4,101
2017-04-11 23:00:00+00:00,10.14,109.05,10122.0,21.667046,-157.95213,3411.0,23,11,4,101
2017-04-12 00:00:00+00:00,9.92,109.36,10117.0,21.667046,-157.95213,3260.0,0,12,4,102
2017-04-12 01:00:00+00:00,9.4,105.27,10111.0,21.667046,-157.95213,3190.0,1,12,4,102
2017-04-12 02:00:00+00:00,9.26,102.46,10104.0,21.667046,-157.95213,3083.0,2,12,4,102
2017-04-12 03:00:00+00:00,9.64,103.47,10112.0,21.667046,-157.95213,2377.0,3,12,4,102
2017-04-12 04:00:00+00:00,8.76,96.38,10120.0,21.667046,-157.95213,2349.0,4,12,4,102
2017-04-12 05:00:00+00:00,9.16,104.85,10120.0,21.667046,-157.95213,2343.0,5,12,4,102
2017-04-12 06:00:00+00:00,9.25,108.59,10123.0,21.667046,-157.95213,2343.0,6,12,4,102
2017-04-12 07:00:00+00:00,8.23,113.81,10128.0,21.667046,-157.95213,2169.0,7,12,4,102
2017-04-12 08:00:00+00:00,9.06,117.63,10130.0,21.667046,-157.95213,2197.0,8,12,4,102
2017-04-12 09:00:00+00:00,9.02,102.86,10130.0,21.667046,-157.95213,2180.0,9,12,4,102
2017-04-12 10:00:00+00:00,9.19,103.98,10128.0,21.667046,-157.95213,2211.0,10,12,4,102
2017-04-12 11:00:00+00:00,9.51,94.07,10119.0,21.667046,-157.95213,2211.0,11,12,4,102
2017-04-12 12:00:00+00:00,9.21,93.47,10116.0,21.667046,-157.95213,2175.0,12,12,4,102
2017-04-12 13:00:00+00:00,9.69,102.66,10114.0,21.667046,-157.95213,2184.0,13,12,4,102
2017-04-12 14:00:00+00:00,8.31,98.96,10116.0,21.667046,-157.95213,2282.0,14,12,4,102
2017-04-12 15:00:00+00:00,9.8,103.61,10118.0,21.667046,-157.95213,2188.0,15,12,4,102
2017-04-12 16:00:00+00:00,9.74,105.75,10123.0,21.667046,-157.95213,2162.0,16,12,4,102
2017-04-12 17:00:00+00:00,9.62,105.28,10129.0,21.667046,-157.95213,2474.0,17,12,4,102
2017-04-12 18:00:00+00:00,9.31,107.15,10136.0,21.667046,-157.95213,2795.0,18,12,4,102
2017-04-12 19:00:00+00:00,9.13,106.52,10138.0,21.667046,-157.95213,3079.0,19,12,4,102
2017-04-12 20:00:00+00:00,9.74,105.18,10140.0,21.667046,-157.95213,3148.0,20,12,4,102
2017-04-12 21:00:00+00:00,9.42,102.82,10139.0,21.667046,-157.95213,3372.0,21,12,4,102
2017-04-12 22:00:00+00:00,9.05,103.01,10136.0,21.667046,-157.95213,3554.0,22,12,4,102
2017-04-12 23:00:00+00:00,9.1,103.84,10129.0,21.667046,-157.95213,3614.0,23,12,4,102
2017-04-13 00:00:00+00:00,7.95,105.5,10122.0,21.667046,-157.95213,3518.0,0,13,4,103
2017-04-13 01:00:00+00:00,8.19,103.3,10119.0,21.667046,-157.95213,3463.0,1,13,4,103
2017-04-13 02:00:00+00:00,7.62,109.43,10115.0,21.667046,-157.95213,3260.0,2,13,4,103
2017-04-13 03:00:00+00:00,7.03,103.95,10117.0,21.667046,-157.95213,2963.0,3,13,4,103
2017-04-13 04:00:00+00:00,6.17,101.47,10122.0,21.667046,-157.95213,2624.0,4,13,4,103
2017-04-13 05:00:00+00:00,6.66,96.19,10126.0,21.667046,-157.95213,2136.0,5,13,4,103
2017-04-13 06:00:00+00:00,6.72,93.39,10132.0,21.667046,-157.95213,2016.0,6,13,4,103
2017-04-13 07:00:00+00:00,7.31,93.4,10135.0,21.667046,-157.95213,2059.0,7,13,4,103
2017-04-13 08:00:00+00:00,7.6,89.49,10140.0,21.667046,-157.95213,2130.0,8,13,4,103
2017-04-13 09:00:00+00:00,7.46,90.58,10140.0,21.667046,-157.95213,2162.0,9,13,4,103
2017-04-13 10:00:00+00:00,6.58,96.3,10140.0,21.667046,-157.95213,1843.0,10,13,4,103
2017-04-13 11:00:00+00:00,5.97,83.27,10137.0,21.667046,-157.95213,1983.0,11,13,4,103
2017-04-13 12:00:00+00:00,5.29,103.18,10132.0,21.667046,-157.95213,1916.0,12,13,4,103
2017-04-13 13:00:00+00:00,5.48,103.99,10130.0,21.667046,-157.95213,1807.0,13,13,4,103
2017-04-13 14:00:00+00:00,5.32,99.53,10128.0,21.667046,-157.95213,1800.0,14,13,4,103
2017-04-13 15:00:00+00:00,5.87,107.05,10130.0,21.667046,-157.95213,1830.0,15,13,4,103
2017-04-13 16:00:00+00:00,6.26,109.19,10133.0,21.667046,-157.95213,1761.0,16,13,4,103
2017-04-13 17:00:00+00:00,6.78,104.72,10137.0,21.667046,-157.95213,2408.0,17,13,4,103
2017-04-13 18:00:00+00:00,7.09,107.39,10141.0,21.667046,-157.95213,2849.0,18,13,4,103
2017-04-13 19:00:00+00:00,6.96,105.63,10141.0,21.667046,-157.95213,3102.0,19,13,4,103
2017-04-13 20:00:00+00:00,7.73,109.93,10140.0,21.667046,-157.95213,3201.0,20,13,4,103
2017-04-13 21:00:00+00:00,8.04,106.56,10137.0,21.667046,-157.95213,3283.0,21,13,4,103
2017-04-13 22:00:00+00:00,7.89,104.99,10135.0,21.667046,-157.95213,3328.0,22,13,4,103
2017-04-13 23:00:00+00:00,7.86,104.55,10127.0,21.667046,-157.95213,3482.0,23,13,4,103
2017-04-14 00:00:00+00:00,7.45,104.49,10120.0,21.667046,-157.95213,3307.0,0,14,4,104
2017-04-14 01:00:00+00:00,7.03,100.9,10115.0,21.667046,-157.95213,3390.0,1,14,4,104
2017-04-14 02:00:00+00:00,6.46,91.13,10112.0,21.667046,-157.95213,3042.0,2,14,4,104
2017-04-14 03:00:00+00:00,6.95,80.69,10115.0,21.667046,-157.95213,2717.0,3,14,4,104
2017-04-14 04:00:00+00:00,6.22,84.93,10121.0,21.667046,-157.95213,2589.0,4,14,4,104
2017-04-14 05:00:00+00:00,6.39,81.83,10122.0,21.667046,-157.95213,2167.0,5,14,4,104
2017-04-14 06:00:00+00:00,7.69,75.57,10128.0,21.667046,-157.95213,2191.0,6,14,4,104
2017-04-14 07:00:00+00:00,7.37,78.52,10134.0,21.667046,-157.95213,2142.0,7,14,4,104
2017-04-14 08:00:00+00:00,7.35,82.28,10138.0,21.667046,-157.95213,2110.0,8,14,4,104
2017-04-14 09:00:00+00:00,6.98,83.78,10137.0,21.667046,-157.95213,2022.0,9,14,4,104
2017-04-14 10:00:00+00:00,6.76,90.5,10134.0,21.667046,-157.95213,1913.0,10,14,4,104
2017-04-14 11:00:00+00:00,6.48,92.27,10128.0,21.667046,-157.95213,1847.0,11,14,4,104
2017-04-14 12:00:00+00:00,6.43,88.22,10120.0,21.667046,-157.95213,1909.0,12,14,4,104
2017-04-14 13:00:00+00:00,5.8,101.66,10115.0,21.667046,-157.95213,2095.0,13,14,4,104
2017-04-14 14:00:00+00:00,4.89,89.27,10115.0,21.667046,-157.95213,1819.0,14,14,4,104
2017-04-14 15:00:00+00:00,4.28,102.18,10117.0,21.667046,-157.95213,1745.0,15,14,4,104
2017-04-14 16:00:00+00:00,5.13,89.27,10122.0,21.667046,-157.95213,1741.0,16,14,4,104
2017-04-14 17:00:00+00:00,4.47,83.31,10124.0,21.667046,-157.95213,2417.0,17,14,4,104
2017-04-14 18:00:00+00:00,4.28,79.15,10130.0,21.667046,-157.95213,2824.0,18,14,4,104
2017-04-14 19:00:00+00:00,5.05,62.4,10132.0,21.667046,-157.95213,3039.0,19,14,4,104
2017-04-14 20:00:00+00:00,4.67,64.13,10132.0,21.667046,-157.95213,3355.0,20,14,4,104
2017-04-14 21:00:00+00:00,4.89,55.44,10131.0,21.667046,-157.95213,3527.0,21,14,4,104
2017-04-14 22:00:00+00:00,4.81,54.36,10127.0,21.667046,-157.95213,3641.0,22,14,4,104
2017-04-14 23:00:00+00:00,5.16,49.94,10122.0,21.667046,-157.95213,3531.0,23,14,4,104
2017-04-15 00:00:00+00:00,5.02,47.72,10117.0,21.667046,-157.95213,3581.0,0,15,4,105
2017-04-15 01:00:00+00:00,5.33,48.15,10114.0,21.667046,-157.95213,3447.0,1,15,4,105
2017-04-15 02:00:00+00:00,5.69,49.43,10113.0,21.667046,-157.95213,3127.0,2,15,4,105
2017-04-15 03:00:00+00:00,5.61,53.85,10114.0,21.667046,-157.95213,2897.0,3,15,4,105
2017-04-15 04:00:00+00:00,5.84,51.23,10115.0,21.667046,-157.95213,2578.0,4,15,4,105
2017-04-15 05:00:00+00:00,5.71,57.89,10118.0,21.667046,-157.95213,1825.0,5,15,4,105
2017-04-15 06:00:00+00:00,5.86,59.58,10126.0,21.667046,-157.95213,1778.0,6,15,4,105
2017-04-15 07:00:00+00:00,6.29,65.64,10131.0,21.667046,-157.95213,1753.0,7,15,4,105
2017-04-15 08:00:00+00:00,8.22,61.62,10138.0,21.667046,-157.95213,2064.0,8,15,4,105
2017-04-15 09:00:00+00:00,6.34,72.62,10136.0,21.667046,-157.95213,1734.0,9,15,4,105
2017-04-15 10:00:00+00:00,5.9,87.37,10135.0,21.667046,-157.95213,1760.0,10,15,4,105
2017-04-15 11:00:00+00:00,4.9,84.48,10131.0,21.667046,-157.95213,1758.0,11,15,4,105
2017-04-15 12:00:00+00:00,5.57,80.71,10125.0,21.667046,-157.95213,1715.0,12,15,4,105
2017-04-15 13:00:00+00:00,5.49,81.17,10120.0,21.667046,-157.95213,1686.0,13,15,4,105
2017-04-15 14:00:00+00:00,5.66,84.41,10117.0,21.667046,-157.95213,1650.0,14,15,4,105
2017-04-15 15:00:00+00:00,4.96,79.66,10118.0,21.667046,-157.95213,1623.0,15,15,4,105
2017-04-15 16:00:00+00:00,5.18,66.38,10122.0,21.667046,-157.95213,1604.0,16,15,4,105
2017-04-15 17:00:00+00:00,4.54,71.0,10129.0,21.667046,-157.95213,2352.0,17,15,4,105
2017-04-15 18:00:00+00:00,4.52,64.68,10129.0,21.667046,-157.95213,2822.0,18,15,4,105
2017-04-15 19:00:00+00:00,4.89,73.79,10133.0,21.667046,-157.95213,3093.0,19,15,4,105
2017-04-15 20:00:00+00:00,5.04,78.6,10136.0,21.667046,-157.95213,3235.0,20,15,4,105
2017-04-15 21:00:00+00:00,5.12,72.44,10137.0,21.667046,-157.95213,3417.0,21,15,4,105
2017-04-15 22:00:00+00:00,6.07,74.39,10134.0,21.667046,-157.95213,3650.0,22,15,4,105
2017-04-15 23:00:00+00:00,5.62,73.87,10128.0,21.667046,-157.95213,3706.0,23,15,4,105
2017-04-16 00:00:00+00:00,5.6,73.49,10122.0,21.667046,-157.95213,3472.0,0,16,4,106
2017-04-16 01:00:00+00:00,5.52,69.17,10117.0,21.667046,-157.95213,3425.0,1,16,4,106
2017-04-16 02:00:00+00:00,5.26,64.41,10116.0,21.667046,-157.95213,3196.0,2,16,4,106
2017-04-16 03:00:00+00:00,5.88,49.8,10115.0,21.667046,-157.95213,2787.0,3,16,4,106
2017-04-16 04:00:00+00:00,5.41,52.86,10118.0,21.667046,-157.95213,2586.0,4,16,4,106
2017-04-16 05:00:00+00:00,5.31,52.68,10121.0,21.667046,-157.95213,1915.0,5,16,4,106
2017-04-16 06:00:00+00:00,4.52,57.87,10127.0,21.667046,-157.95213,1778.0,6,16,4,106
2017-04-16 07:00:00+00:00,5.66,48.54,10135.0,21.667046,-157.95213,1854.0,7,16,4,106
2017-04-16 08:00:00+00:00,4.73,61.14,10138.0,21.667046,-157.95213,1750.0,8,16,4,106
2017-04-16 09:00:00+00:00,4.71,52.85,10141.0,21.667046,-157.95213,1763.0,9,16,4,106
2017-04-16 10:00:00+00:00,5.27,54.05,10137.0,21.667046,-157.95213,1726.0,10,16,4,106
2017-04-16 11:00:00+00:00,5.79,52.47,10135.0,21.667046,-157.95213,1676.0,11,16,4,106
2017-04-16 12:00:00+00:00,4.35,57.37,10133.0,21.667046,-157.95213,1677.0,12,16,4,106
2017-04-16 13:00:00+00:00,3.38,53.83,10130.0,21.667046,-157.95213,1711.0,13,16,4,106
2017-04-16 14:00:00+00:00,1.35,57.13,10131.0,21.667046,-157.95213,1798.0,14,16,4,106
2017-04-16 15:00:00+00:00,2.66,59.21,10132.0,21.667046,-157.95213,1921.0,15,16,4,106
2017-04-16 16:00:00+00:00,6.17,52.85,10137.0,21.667046,-157.95213,1763.0,16,16,4,106
2017-04-16 17:00:00+00:00,2.14,64.16,10142.0,21.667046,-157.95213,2334.0,17,16,4,106
2017-04-16 18:00:00+00:00,4.54,49.54,10147.0,21.667046,-157.95213,2672.0,18,16,4,106
2017-04-16 19:00:00+00:00,3.85,40.49,10153.0,21.667046,-157.95213,2999.0,19,16,4,106
2017-04-16 20:00:00+00:00,5.03,41.95,10156.0,21.667046,-157.95213,3201.0,20,16,4,106
2017-04-16 21:00:00+00:00,5.56,44.78,10159.0,21.667046,-157.95213,3431.0,21,16,4,106
2017-04-16 22:00:00+00:00,6.02,37.88,10155.0,21.667046,-157.95213,3379.0,22,16,4,106
2017-04-16 23:00:00+00:00,7.25,28.54,10152.0,21.667046,-157.95213,3015.0,23,16,4,106
2017-04-17 00:00:00+00:00,7.53,24.35,10147.0,21.667046,-157.95213,3276.0,0,17,4,107
2017-04-17 01:00:00+00:00,8.18,23.24,10147.0,21.667046,-157.95213,2894.0,1,17,4,107
2017-04-17 02:00:00+00:00,8.4,21.96,10147.0,21.667046,-157.95213,2388.0,2,17,4,107
2017-04-17 03:00:00+00:00,8.86,9.72,10151.0,21.667046,-157.95213,2180.0,3,17,4,107
2017-04-17 04:00:00+00:00,7.69,18.01,10153.0,21.667046,-157.95213,2170.0,4,17,4,107
2017-04-17 05:00:00+00:00,9.35,31.14,10160.0,21.667046,-157.95213,2195.0,5,17,4,107
2017-04-17 06:00:00+00:00,9.17,37.55,10167.0,21.667046,-157.95213,2226.0,6,17,4,107
2017-04-17 07:00:00+00:00,8.84,43.72,10169.0,21.667046,-157.95213,2243.0,7,17,4,107
2017-04-17 08:00:00+00:00,8.9,48.6,10174.0,21.667046,-157.95213,2229.0,8,17,4,107
2017-04-17 09:00:00+00:00,8.35,50.33,10174.0,21.667046,-157.95213,2227.0,9,17,4,107
2017-04-17 10:00:00+00:00,8.11,49.13,10174.0,21.667046,-157.95213,2177.0,10,17,4,107
2017-04-17 11:00:00+00:00,7.87,53.27,10168.0,21.667046,-157.95213,2186.0,11,17,4,107
2017-04-17 12:00:00+00:00,7.11,50.15,10162.0,21.667046,-157.95213,2209.0,12,17,4,107
2017-04-17 13:00:00+00:00,8.56,49.27,10161.0,21.667046,-157.95213,2215.0,13,17,4,107
2017-04-17 14:00:00+00:00,9.29,45.47,10159.0,21.667046,-157.95213,2175.0,14,17,4,107
2017-04-17 15:00:00+00:00,9.83,52.84,10160.0,21.667046,-157.95213,2195.0,15,17,4,107
2017-04-17 16:00:00+00:00,9.21,55.92,10161.0,21.667046,-157.95213,2171.0,16,17,4,107
2017-04-17 17:00:00+00:00,8.85,55.35,10169.0,21.667046,-157.95213,2298.0,17,17,4,107
2017-04-17 18:00:00+00:00,8.56,58.31,10171.0,21.667046,-157.95213,2449.0,18,17,4,107
2017-04-17 19:00:00+00:00,8.76,56.86,10176.0,21.667046,-157.95213,2325.0,19,17,4,107
2017-04-17 20:00:00+00:00,8.62,60.27,10178.0,21.667046,-157.95213,2728.0,20,17,4,107
2017-04-17 21:00:00+00:00,8.79,60.25,10178.0,21.667046,-157.95213,2940.0,21,17,4,107
2017-04-17 22:00:00+00:00,8.82,61.17,10175.0,21.667046,-157.95213,3236.0,22,17,4,107
2017-04-17 23:00:00+00:00,8.86,62.89,10171.0,21.667046,-157.95213,3116.0,23,17,4,107
2017-04-18 00:00:00+00:00,9.48,60.08,10165.0,21.667046,-157.95213,3357.0,0,18,4,108
2017-04-18 01:00:00+00:00,9.61,59.44,10164.0,21.667046,-157.95213,3080.0,1,18,4,108
2017-04-18 02:00:00+00:00,9.73,59.14,10162.0,21.667046,-157.95213,2925.0,2,18,4,108
2017-04-18 03:00:00+00:00,9.56,64.05,10163.0,21.667046,-157.95213,2588.0,3,18,4,108
2017-04-18 04:00:00+00:00,9.55,67.6,10165.0,21.667046,-157.95213,2384.0,4,18,4,108
2017-04-18 05:00:00+00:00,9.55,72.29,10167.0,21.667046,-157.95213,2078.0,5,18,4,108
2017-04-18 06:00:00+00:00,9.63,72.36,10171.0,21.667046,-157.95213,2056.0,6,18,4,108
2017-04-18 07:00:00+00:00,9.81,75.11,10172.0,21.667046,-157.95213,2052.0,7,18,4,108
2017-04-18 08:00:00+00:00,10.24,75.69,10177.0,21.667046,-157.95213,2057.0,8,18,4,108
2017-04-18 09:00:00+00:00,9.29,78.01,10178.0,21.667046,-157.95213,2038.0,9,18,4,108
2017-04-18 10:00:00+00:00,10.01,78.86,10173.0,21.667046,-157.95213,2103.0,10,18,4,108
2017-04-18 11:00:00+00:00,9.68,79.6,10167.0,21.667046,-157.95213,2033.0,11,18,4,108
2017-04-18 12:00:00+00:00,7.72,73.67,10160.0,21.667046,-157.95213,1750.0,12,18,4,108
2017-04-18 13:00:00+00:00,7.25,84.65,10154.0,21.667046,-157.95213,1845.0,13,18,4,108
2017-04-18 14:00:00+00:00,7.45,80.14,10149.0,21.667046,-157.95213,1552.0,14,18,4,108
2017-04-18 15:00:00+00:00,6.85,94.35,10149.0,21.667046,-157.95213,1566.0,15,18,4,108
2017-04-18 16:00:00+00:00,6.83,97.16,10151.0,21.667046,-157.95213,1672.0,16,18,4,108
2017-04-18 17:00:00+00:00,6.44,88.68,10156.0,21.667046,-157.95213,2272.0,17,18,4,108
2017-04-18 18:00:00+00:00,6.43,83.22,10162.0,21.667046,-157.95213,2674.0,18,18,4,108
2017-04-18 19:00:00+00:00,6.28,77.07,10166.0,21.667046,-157.95213,2771.0,19,18,4,108
2017-04-18 20:00:00+00:00,6.7,82.87,10166.0,21.667046,-157.95213,2856.0,20,18,4,108
2017-04-18 21:00:00+00:00,7.14,81.85,10163.0,21.667046,-157.95213,3041.0,21,18,4,108
2017-04-18 22:00:00+00:00,7.74,94.02,10157.0,21.667046,-157.95213,3283.0,22,18,4,108
2017-04-18 23:00:00+00:00,8.23,106.24,10150.0,21.667046,-157.95213,3361.0,23,18,4,108
2017-04-19 00:00:00+00:00,7.89,104.98,10139.0,21.667046,-157.95213,3249.0,0,19,4,109
2017-04-19 01:00:00+00:00,7.54,110.26,10136.0,21.667046,-157.95213,3093.0,1,19,4,109
2017-04-19 02:00:00+00:00,7.34,105.82,10126.0,21.667046,-157.95213,3016.0,2,19,4,109
2017-04-19 03:00:00+00:00,7.69,114.54,10126.0,21.667046,-157.95213,2770.0,3,19,4,109
2017-04-19 04:00:00+00:00,7.63,117.84,10127.0,21.667046,-157.95213,2503.0,4,19,4,109
2017-04-19 05:00:00+00:00,7.46,120.5,10131.0,21.667046,-157.95213,2044.0,5,19,4,109
2017-04-19 06:00:00+00:00,6.65,126.79,10137.0,21.667046,-157.95213,1971.0,6,19,4,109
2017-04-19 07:00:00+00:00,6.31,133.15,10141.0,21.667046,-157.95213,1952.0,7,19,4,109
2017-04-19 08:00:00+00:00,5.97,146.55,10144.0,21.667046,-157.95213,1934.0,8,19,4,109
2017-04-19 09:00:00+00:00,5.83,149.73,10142.0,21.667046,-157.95213,1947.0,9,19,4,109
2017-04-19 10:00:00+00:00,6.78,144.2,10139.0,21.667046,-157.95213,1932.0,10,19,4,109
2017-04-19 11:00:00+00:00,5.11,150.67,10133.0,21.667046,-157.95213,1899.0,11,19,4,109
2017-04-19 12:00:00+00:00,6.15,150.0,10121.0,21.667046,-157.95213,1892.0,12,19,4,109
2017-04-19 13:00:00+00:00,4.86,148.12,10116.0,21.667046,-157.95213,1817.0,13,19,4,109
2017-04-19 14:00:00+00:00,4.23,192.15,10112.0,21.667046,-157.95213,1629.0,14,19,4,109
2017-04-19 15:00:00+00:00,4.86,202.41,10115.0,21.667046,-157.95213,1660.0,15,19,4,109
2017-04-19 16:00:00+00:00,3.04,202.41,10117.0,21.667046,-157.95213,1625.0,16,19,4,109
2017-04-19 17:00:00+00:00,2.68,194.83,10122.0,21.667046,-157.95213,2418.0,17,19,4,109
2017-04-19 18:00:00+00:00,2.37,98.27,10122.0,21.667046,-157.95213,2817.0,18,19,4,109
2017-04-19 19:00:00+00:00,3.3,114.01,10121.0,21.667046,-157.95213,3177.0,19,19,4,109
2017-04-19 20:00:00+00:00,5.57,114.49,10118.0,21.667046,-157.95213,3080.0,20,19,4,109
2017-04-19 21:00:00+00:00,6.31,112.36,10120.0,21.667046,-157.95213,3062.0,21,19,4,109
2017-04-19 22:00:00+00:00,5.62,290.33,10120.0,21.667046,-157.95213,3386.0,22,19,4,109
2017-04-19 23:00:00+00:00,8.64,227.92,10112.0,21.667046,-157.95213,2465.0,23,19,4,109
2017-04-20 00:00:00+00:00,8.35,226.05,10104.0,21.667046,-157.95213,3076.0,0,20,4,110
2017-04-20 01:00:00+00:00,6.44,226.4,10102.0,21.667046,-157.95213,3434.0,1,20,4,110
2017-04-20 02:00:00+00:00,6.18,232.6,10097.0,21.667046,-157.95213,3368.0,2,20,4,110
2017-04-20 03:00:00+00:00,6.38,228.8,10096.0,21.667046,-157.95213,3138.0,3,20,4,110
2017-04-20 04:00:00+00:00,7.07,224.03,10099.0,21.667046,-157.95213,2797.0,4,20,4,110
2017-04-20 05:00:00+00:00,11.46,210.27,10100.0,21.667046,-157.95213,2094.0,5,20,4,110
2017-04-20 06:00:00+00:00,12.76,209.31,10105.0,21.667046,-157.95213,2227.0,6,20,4,110
2017-04-20 07:00:00+00:00,13.23,209.16,10108.0,21.667046,-157.95213,2234.0,7,20,4,110
2017-04-20 08:00:00+00:00,12.67,205.7,10114.0,21.667046,-157.95213,2237.0,8,20,4,110
2017-04-20 09:00:00+00:00,12.69,206.74,10115.0,21.667046,-157.95213,2225.0,9,20,4,110
2017-04-20 10:00:00+00:00,12.24,211.06,10112.0,21.667046,-157.95213,2206.0,10,20,4,110
2017-04-20 11:00:00+00:00,12.03,214.18,10110.0,21.667046,-157.95213,2211.0,11,20,4,110
2017-04-20 12:00:00+00:00,11.46,214.34,10100.0,21.667046,-157.95213,2145.0,12,20,4,110
2017-04-20 13:00:00+00:00,11.56,211.19,10100.0,21.667046,-157.95213,2175.0,13,20,4,110
2017-04-20 14:00:00+00:00,11.0,211.18,10097.0,21.667046,-157.95213,2108.0,14,20,4,110
2017-04-20 15:00:00+00:00,11.09,214.89,10101.0,21.667046,-157.95213,2048.0,15,20,4,110
2017-04-20 16:00:00+00:00,10.99,214.6,10105.0,21.667046,-157.95213,2075.0,16,20,4,110
2017-04-20 17:00:00+00:00,9.44,218.61,10113.0,21.667046,-157.95213,2562.0,17,20,4,110
2017-04-20 18:00:00+00:00,6.4,224.71,10118.0,21.667046,-157.95213,3026.0,18,20,4,110
2017-04-20 19:00:00+00:00,3.94,242.84,10122.0,21.667046,-157.95213,3209.0,19,20,4,110
2017-04-20 20:00:00+00:00,6.92,264.81,10122.0,21.667046,-157.95213,3621.0,20,20,4,110
2017-04-20 21:00:00+00:00,8.61,269.13,10124.0,21.667046,-157.95213,3500.0,21,20,4,110
2017-04-20 22:00:00+00:00,8.74,271.49,10127.0,21.667046,-157.95213,3392.0,22,20,4,110
2017-04-20 23:00:00+00:00,4.14,326.77,10126.0,21.667046,-157.95213,2930.0,23,20,4,110
2017-04-21 00:00:00+00:00,7.76,336.69,10119.0,21.667046,-157.95213,3024.0,0,21,4,111
2017-04-21 01:00:00+00:00,7.13,352.77,10123.0,21.667046,-157.95213,2864.0,1,21,4,111
2017-04-21 02:00:00+00:00,3.76,14.29,10120.0,21.667046,-157.95213,2397.0,2,21,4,111
2017-04-21 03:00:00+00:00,2.64,29.99,10126.0,21.667046,-157.95213,2345.0,3,21,4,111
2017-04-21 04:00:00+00:00,3.22,29.88,10130.0,21.667046,-157.95213,2271.0,4,21,4,111
2017-04-21 05:00:00+00:00,4.81,30.28,10139.0,21.667046,-157.95213,2227.0,5,21,4,111
2017-04-21 06:00:00+00:00,2.92,41.29,10143.0,21.667046,-157.95213,2147.0,6,21,4,111
2017-04-21 07:00:00+00:00,3.98,24.44,10147.0,21.667046,-157.95213,2156.0,7,21,4,111
2017-04-21 08:00:00+00:00,5.35,45.75,10150.0,21.667046,-157.95213,2156.0,8,21,4,111
2017-04-21 09:00:00+00:00,6.08,56.4,10148.0,21.667046,-157.95213,2169.0,9,21,4,111
2017-04-21 10:00:00+00:00,6.14,71.97,10145.0,21.667046,-157.95213,2166.0,10,21,4,111
2017-04-21 11:00:00+00:00,6.07,79.96,10142.0,21.667046,-157.95213,2161.0,11,21,4,111
2017-04-21 12:00:00+00:00,5.63,81.46,10133.0,21.667046,-157.95213,2168.0,12,21,4,111
2017-04-21 13:00:00+00:00,7.52,75.04,10133.0,21.667046,-157.95213,2145.0,13,21,4,111
2017-04-21 14:00:00+00:00,7.42,74.62,10130.0,21.667046,-157.95213,2175.0,14,21,4,111
2017-04-21 15:00:00+00:00,7.43,71.43,10135.0,21.667046,-157.95213,2201.0,15,21,4,111
2017-04-21 16:00:00+00:00,5.89,79.48,10143.0,21.667046,-157.95213,2197.0,16,21,4,111
2017-04-21 17:00:00+00:00,4.48,78.7,10151.0,21.667046,-157.95213,2353.0,17,21,4,111
2017-04-21 18:00:00+00:00,4.04,80.38,10155.0,21.667046,-157.95213,2575.0,18,21,4,111
2017-04-21 19:00:00+00:00,5.92,77.12,10153.0,21.667046,-157.95213,2655.0,19,21,4,111
2017-04-21 20:00:00+00:00,7.1,72.57,10149.0,21.667046,-157.95213,3031.0,20,21,4,111
2017-04-21 21:00:00+00:00,6.23,124.2,10151.0,21.667046,-157.95213,2226.0,21,21,4,111
2017-04-21 22:00:00+00:00,8.71,37.21,10153.0,21.667046,-157.95213,2201.0,22,21,4,111
2017-04-21 23:00:00+00:00,8.3,50.13,10148.0,21.667046,-157.95213,2228.0,23,21,4,111
2017-04-22 00:00:00+00:00,8.79,47.9,10138.0,21.667046,-157.95213,2559.0,0,22,4,112
2017-04-22 01:00:00+00:00,8.59,54.31,10135.0,21.667046,-157.95213,2579.0,1,22,4,112
2017-04-22 02:00:00+00:00,9.17,40.3,10131.0,21.667046,-157.95213,2613.0,2,22,4,112
2017-04-22 03:00:00+00:00,11.88,38.06,10136.0,21.667046,-157.95213,2165.0,3,22,4,112
2017-04-22 04:00:00+00:00,9.28,38.25,10141.0,21.667046,-157.95213,2197.0,4,22,4,112
2017-04-22 05:00:00+00:00,9.19,39.15,10143.0,21.667046,-157.95213,2184.0,5,22,4,112
2017-04-22 06:00:00+00:00,12.45,76.59,10151.0,21.667046,-157.95213,2182.0,6,22,4,112
2017-04-22 07:00:00+00:00,12.0,79.65,10155.0,21.667046,-157.95213,2181.0,7,22,4,112
2017-04-22 08:00:00+00:00,11.6,75.82,10159.0,21.667046,-157.95213,2143.0,8,22,4,112
2017-04-22 09:00:00+00:00,12.43,84.9,10159.0,21.667046,-157.95213,2150.0,9,22,4,112
2017-04-22 10:00:00+00:00,11.81,76.91,10156.0,21.667046,-157.95213,2169.0,10,22,4,112
2017-04-22 11:00:00+00:00,12.07,86.38,10149.0,21.667046,-157.95213,2187.0,11,22,4,112
2017-04-22 12:00:00+00:00,11.37,82.88,10139.0,21.667046,-157.95213,2184.0,12,22,4,112
2017-04-22 13:00:00+00:00,11.7,79.01,10138.0,21.667046,-157.95213,2186.0,13,22,4,112
2017-04-22 14:00:00+00:00,11.66,82.15,10134.0,21.667046,-157.95213,2212.0,14,22,4,112
2017-04-22 15:00:00+00:00,8.27,102.72,10136.0,21.667046,-157.95213,2169.0,15,22,4,112
2017-04-22 16:00:00+00:00,9.18,107.94,10137.0,21.667046,-157.95213,2088.0,16,22,4,112
2017-04-22 17:00:00+00:00,9.59,106.57,10145.0,21.667046,-157.95213,2276.0,17,22,4,112
2017-04-22 18:00:00+00:00,8.7,101.88,10147.0,21.667046,-157.95213,2524.0,18,22,4,112
2017-04-22 19:00:00+00:00,8.36,100.69,10149.0,21.667046,-157.95213,2729.0,19,22,4,112
2017-04-22 20:00:00+00:00,8.43,103.66,10151.0,21.667046,-157.95213,3097.0,20,22,4,112
2017-04-22 21:00:00+00:00,6.94,94.69,10151.0,21.667046,-157.95213,2908.0,21,22,4,112
2017-04-22 22:00:00+00:00,6.77,97.53,10146.0,21.667046,-157.95213,3071.0,22,22,4,112
2017-04-22 23:00:00+00:00,7.39,100.31,10141.0,21.667046,-157.95213,2955.0,23,22,4,112
2017-04-23 00:00:00+00:00,8.35,102.1,10136.0,21.667046,-157.95213,3175.0,0,23,4,113
2017-04-23 01:00:00+00:00,8.5,102.77,10131.0,21.667046,-157.95213,3054.0,1,23,4,113
2017-04-23 02:00:00+00:00,8.14,105.53,10129.0,21.667046,-157.95213,3044.0,2,23,4,113
2017-04-23 03:00:00+00:00,7.45,98.53,10127.0,21.667046,-157.95213,2817.0,3,23,4,113
2017-04-23 04:00:00+00:00,7.6,95.89,10132.0,21.667046,-157.95213,2566.0,4,23,4,113
2017-04-23 05:00:00+00:00,10.11,85.88,10135.0,21.667046,-157.95213,2319.0,5,23,4,113
2017-04-23 06:00:00+00:00,9.29,80.92,10142.0,21.667046,-157.95213,2283.0,6,23,4,113
2017-04-23 07:00:00+00:00,9.95,87.88,10145.0,21.667046,-157.95213,2255.0,7,23,4,113
2017-04-23 08:00:00+00:00,11.48,94.45,10146.0,21.667046,-157.95213,2265.0,8,23,4,113
2017-04-23 09:00:00+00:00,11.73,94.91,10146.0,21.667046,-157.95213,2291.0,9,23,4,113
2017-04-23 10:00:00+00:00,11.66,102.52,10142.0,21.667046,-157.95213,2254.0,10,23,4,113
2017-04-23 11:00:00+00:00,11.32,103.43,10140.0,21.667046,-157.95213,2252.0,11,23,4,113
2017-04-23 12:00:00+00:00,11.7,105.19,10127.0,21.667046,-157.95213,2239.0,12,23,4,113
2017-04-23 13:00:00+00:00,11.53,106.29,10127.0,21.667046,-157.95213,2251.0,13,23,4,113
2017-04-23 14:00:00+00:00,10.65,107.02,10125.0,21.667046,-157.95213,2248.0,14,23,4,113
2017-04-23 15:00:00+00:00,10.12,100.16,10133.0,21.667046,-157.95213,2281.0,15,23,4,113
2017-04-23 16:00:00+00:00,10.91,98.46,10136.0,21.667046,-157.95213,2296.0,16,23,4,113
2017-04-23 17:00:00+00:00,9.77,101.53,10147.0,21.667046,-157.95213,2483.0,17,23,4,113
2017-04-23 18:00:00+00:00,10.65,111.79,10153.0,21.667046,-157.95213,2675.0,18,23,4,113
2017-04-23 19:00:00+00:00,8.7,96.54,10153.0,21.667046,-157.95213,2518.0,19,23,4,113
2017-04-23 20:00:00+00:00,12.48,106.54,10155.0,21.667046,-157.95213,2401.0,20,23,4,113
2017-04-23 21:00:00+00:00,7.91,106.04,10153.0,21.667046,-157.95213,2228.0,21,23,4,113
2017-04-23 22:00:00+00:00,8.84,87.06,10153.0,21.667046,-157.95213,2804.0,22,23,4,113
2017-04-23 23:00:00+00:00,9.98,87.17,10147.0,21.667046,-157.95213,3155.0,23,23,4,113
2017-04-24 00:00:00+00:00,10.75,101.84,10136.0,21.667046,-157.95213,3113.0,0,24,4,114
2017-04-24 01:00:00+00:00,10.68,107.75,10133.0,21.667046,-157.95213,3177.0,1,24,4,114
2017-04-24 02:00:00+00:00,10.29,111.39,10127.0,21.667046,-157.95213,3059.0,2,24,4,114
2017-04-24 03:00:00+00:00,9.23,110.84,10127.0,21.667046,-157.95213,2821.0,3,24,4,114
2017-04-24 04:00:00+00:00,8.77,108.58,10128.0,21.667046,-157.95213,2540.0,4,24,4,114
2017-04-24 05:00:00+00:00,9.58,107.05,10133.0,21.667046,-157.95213,2179.0,5,24,4,114
2017-04-24 06:00:00+00:00,9.46,102.48,10137.0,21.667046,-157.95213,2174.0,6,24,4,114
2017-04-24 07:00:00+00:00,10.05,107.08,10142.0,21.667046,-157.95213,2185.0,7,24,4,114
2017-04-24 08:00:00+00:00,10.62,111.05,10144.0,21.667046,-157.95213,2175.0,8,24,4,114
2017-04-24 09:00:00+00:00,10.12,109.39,10143.0,21.667046,-157.95213,2149.0,9,24,4,114
2017-04-24 10:00:00+00:00,9.53,102.86,10141.0,21.667046,-157.95213,2086.0,10,24,4,114
2017-04-24 11:00:00+00:00,10.01,99.06,10137.0,21.667046,-157.95213,2096.0,11,24,4,114
2017-04-24 12:00:00+00:00,10.61,94.77,10132.0,21.667046,-157.95213,2164.0,12,24,4,114
2017-04-24 13:00:00+00:00,10.49,96.27,10128.0,21.667046,-157.95213,2147.0,13,24,4,114
2017-04-24 14:00:00+00:00,10.33,99.11,10129.0,21.667046,-157.95213,2197.0,14,24,4,114
2017-04-24 15:00:00+00:00,9.32,100.65,10133.0,21.667046,-157.95213,2107.0,15,24,4,114
2017-04-24 16:00:00+00:00,9.69,103.53,10138.0,21.667046,-157.95213,2094.0,16,24,4,114
2017-04-24 17:00:00+00:00,9.45,100.35,10147.0,21.667046,-157.95213,2463.0,17,24,4,114
2017-04-24 18:00:00+00:00,9.52,98.15,10152.0,21.667046,-157.95213,2728.0,18,24,4,114
2017-04-24 19:00:00+00:00,9.96,95.3,10156.0,21.667046,-157.95213,2988.0,19,24,4,114
2017-04-24 20:00:00+00:00,10.24,98.02,10156.0,21.667046,-157.95213,3163.0,20,24,4,114
2017-04-24 21:00:00+00:00,10.63,98.69,10157.0,21.667046,-157.95213,3252.0,21,24,4,114
2017-04-24 22:00:00+00:00,11.01,99.85,10154.0,21.667046,-157.95213,3122.0,22,24,4,114
2017-04-24 23:00:00+00:00,10.21,99.79,10150.0,21.667046,-157.95213,3284.0,23,24,4,114
2017-04-25 00:00:00+00:00,9.76,99.03,10143.0,21.667046,-157.95213,3235.0,0,25,4,115
2017-04-25 01:00:00+00:00,9.93,103.57,10137.0,21.667046,-157.95213,3185.0,1,25,4,115
2017-04-25 02:00:00+00:00,9.62,102.64,10134.0,21.667046,-157.95213,3041.0,2,25,4,115
2017-04-25 03:00:00+00:00,9.22,112.0,10135.0,21.667046,-157.95213,2853.0,3,25,4,115
2017-04-25 04:00:00+00:00,8.33,109.36,10136.0,21.667046,-157.95213,2587.0,4,25,4,115
2017-04-25 05:00:00+00:00,7.32,107.28,10140.0,21.667046,-157.95213,2165.0,5,25,4,115
2017-04-25 06:00:00+00:00,8.31,101.8,10147.0,21.667046,-157.95213,2146.0,6,25,4,115
2017-04-25 07:00:00+00:00,7.99,96.25,10154.0,21.667046,-157.95213,2133.0,7,25,4,115
2017-04-25 08:00:00+00:00,8.46,93.94,10157.0,21.667046,-157.95213,2100.0,8,25,4,115
2017-04-25 09:00:00+00:00,9.25,92.49,10159.0,21.667046,-157.95213,2141.0,9,25,4,115
2017-04-25 10:00:00+00:00,8.49,92.22,10160.0,21.667046,-157.95213,2110.0,10,25,4,115
2017-04-25 11:00:00+00:00,9.97,101.12,10159.0,21.667046,-157.95213,2280.0,11,25,4,115
2017-04-25 12:00:00+00:00,9.53,86.8,10149.0,21.667046,-157.95213,2132.0,12,25,4,115
2017-04-25 13:00:00+00:00,10.23,85.61,10145.0,21.667046,-157.95213,2225.0,13,25,4,115
2017-04-25 14:00:00+00:00,10.6,87.5,10143.0,21.667046,-157.95213,2183.0,14,25,4,115
2017-04-25 15:00:00+00:00,9.81,84.95,10145.0,21.667046,-157.95213,2147.0,15,25,4,115
2017-04-25 16:00:00+00:00,10.35,85.91,10148.0,21.667046,-157.95213,2199.0,16,25,4,115
2017-04-25 17:00:00+00:00,10.07,89.2,10152.0,21.667046,-157.95213,2454.0,17,25,4,115
2017-04-25 18:00:00+00:00,9.98,85.66,10156.0,21.667046,-157.95213,2642.0,18,25,4,115
2017-04-25 19:00:00+00:00,9.49,86.92,10159.0,21.667046,-157.95213,2912.0,19,25,4,115
2017-04-25 20:00:00+00:00,9.16,88.94,10161.0,21.667046,-157.95213,3191.0,20,25,4,115
2017-04-25 21:00:00+00:00,8.91,91.38,10162.0,21.667046,-157.95213,3225.0,21,25,4,115
2017-04-25 22:00:00+00:00,8.39,91.43,10161.0,21.667046,-157.95213,3167.0,22,25,4,115
2017-04-25 23:00:00+00:00,9.02,89.07,10157.0,21.667046,-157.95213,2997.0,23,25,4,115
2017-04-26 00:00:00+00:00,8.62,89.77,10148.0,21.667046,-157.95213,3053.0,0,26,4,116
2017-04-26 01:00:00+00:00,8.73,89.87,10143.0,21.667046,-157.95213,3085.0,1,26,4,116
2017-04-26 02:00:00+00:00,9.09,90.2,10135.0,21.667046,-157.95213,2965.0,2,26,4,116
2017-04-26 03:00:00+00:00,8.92,97.5,10135.0,21.667046,-157.95213,2785.0,3,26,4,116
2017-04-26 04:00:00+00:00,8.87,91.86,10136.0,21.667046,-157.95213,2550.0,4,26,4,116
2017-04-26 05:00:00+00:00,8.66,94.96,10141.0,21.667046,-157.95213,2309.0,5,26,4,116
2017-04-26 06:00:00+00:00,9.15,94.96,10148.0,21.667046,-157.95213,2312.0,6,26,4,116
2017-04-26 07:00:00+00:00,8.88,95.22,10154.0,21.667046,-157.95213,2389.0,7,26,4,116
2017-04-26 08:00:00+00:00,8.92,92.58,10157.0,21.667046,-157.95213,2398.0,8,26,4,116
2017-04-26 09:00:00+00:00,9.75,96.47,10159.0,21.667046,-157.95213,2306.0,9,26,4,116
2017-04-26 10:00:00+00:00,9.96,96.91,10157.0,21.667046,-157.95213,2388.0,10,26,4,116
2017-04-26 11:00:00+00:00,11.68,94.1,10150.0,21.667046,-157.95213,2276.0,11,26,4,116
2017-04-26 12:00:00+00:00,11.94,95.96,10144.0,21.667046,-157.95213,2252.0,12,26,4,116
2017-04-26 13:00:00+00:00,10.57,95.9,10142.0,21.667046,-157.95213,2219.0,13,26,4,116
2017-04-26 14:00:00+00:00,10.97,91.99,10140.0,21.667046,-157.95213,2244.0,14,26,4,116
2017-04-26 15:00:00+00:00,10.42,102.13,10144.0,21.667046,-157.95213,2123.0,15,26,4,116
2017-04-26 16:00:00+00:00,11.32,108.11,10148.0,21.667046,-157.95213,2119.0,16,26,4,116
2017-04-26 17:00:00+00:00,11.33,110.49,10152.0,21.667046,-157.95213,2376.0,17,26,4,116
2017-04-26 18:00:00+00:00,10.79,105.96,10158.0,21.667046,-157.95213,2714.0,18,26,4,116
2017-04-26 19:00:00+00:00,10.44,103.57,10161.0,21.667046,-157.95213,2972.0,19,26,4,116
2017-04-26 20:00:00+00:00,10.46,103.12,10164.0,21.667046,-157.95213,3107.0,20,26,4,116
2017-04-26 21:00:00+00:00,10.62,105.48,10162.0,21.667046,-157.95213,3364.0,21,26,4,116
2017-04-26 22:00:00+00:00,10.6,102.16,10160.0,21.667046,-157.95213,3469.0,22,26,4,116
2017-04-26 23:00:00+00:00,10.16,102.37,10154.0,21.667046,-157.95213,3495.0,23,26,4,116
2017-04-27 00:00:00+00:00,9.46,102.1,10147.0,21.667046,-157.95213,3459.0,0,27,4,117
2017-04-27 01:00:00+00:00,8.88,98.26,10143.0,21.667046,-157.95213,3285.0,1,27,4,117
2017-04-27 02:00:00+00:00,8.18,100.68,10137.0,21.667046,-157.95213,3138.0,2,27,4,117
2017-04-27 03:00:00+00:00,8.08,98.61,10133.0,21.667046,-157.95213,2871.0,3,27,4,117
2017-04-27 04:00:00+00:00,7.28,98.46,10134.0,21.667046,-157.95213,2585.0,4,27,4,117
2017-04-27 05:00:00+00:00,7.28,101.45,10138.0,21.667046,-157.95213,2154.0,5,27,4,117
2017-04-27 06:00:00+00:00,7.39,96.31,10144.0,21.667046,-157.95213,2119.0,6,27,4,117
2017-04-27 07:00:00+00:00,7.27,97.14,10148.0,21.667046,-157.95213,2108.0,7,27,4,117
2017-04-27 08:00:00+00:00,6.81,90.88,10150.0,21.667046,-157.95213,2266.0,8,27,4,117
2017-04-27 09:00:00+00:00,7.74,95.01,10150.0,21.667046,-157.95213,2145.0,9,27,4,117
2017-04-27 10:00:00+00:00,7.2,94.0,10146.0,21.667046,-157.95213,1815.0,10,27,4,117
2017-04-27 11:00:00+00:00,7.86,95.98,10141.0,21.667046,-157.95213,1829.0,11,27,4,117
2017-04-27 12:00:00+00:00,7.97,98.14,10135.0,21.667046,-157.95213,1946.0,12,27,4,117
2017-04-27 13:00:00+00:00,7.75,102.34,10130.0,21.667046,-157.95213,1924.0,13,27,4,117
2017-04-27 14:00:00+00:00,8.16,104.6,10127.0,21.667046,-157.95213,2018.0,14,27,4,117
2017-04-27 15:00:00+00:00,8.04,108.32,10125.0,21.667046,-157.95213,1994.0,15,27,4,117
2017-04-27 16:00:00+00:00,7.6,105.66,10130.0,21.667046,-157.95213,1931.0,16,27,4,117
2017-04-27 17:00:00+00:00,7.06,102.23,10133.0,21.667046,-157.95213,2488.0,17,27,4,117
2017-04-27 18:00:00+00:00,6.96,105.33,10140.0,21.667046,-157.95213,2754.0,18,27,4,117
2017-04-27 19:00:00+00:00,6.39,100.68,10142.0,21.667046,-157.95213,3090.0,19,27,4,117
2017-04-27 20:00:00+00:00,6.46,92.36,10142.0,21.667046,-157.95213,3204.0,20,27,4,117
2017-04-27 21:00:00+00:00,6.52,92.18,10139.0,21.667046,-157.95213,3424.0,21,27,4,117
2017-04-27 22:00:00+00:00,6.31,106.05,10138.0,21.667046,-157.95213,3277.0,22,27,4,117
2017-04-27 23:00:00+00:00,6.54,95.27,10132.0,21.667046,-157.95213,3325.0,23,27,4,117
2017-04-28 00:00:00+00:00,7.17,99.42,10126.0,21.667046,-157.95213,3388.0,0,28,4,118
2017-04-28 01:00:00+00:00,6.89,97.29,10120.0,21.667046,-157.95213,3095.0,1,28,4,118
2017-04-28 02:00:00+00:00,6.37,97.98,10115.0,21.667046,-157.95213,3090.0,2,28,4,118
2017-04-28 03:00:00+00:00,5.18,105.42,10114.0,21.667046,-157.95213,2723.0,3,28,4,118
2017-04-28 04:00:00+00:00,6.82,112.84,10118.0,21.667046,-157.95213,2589.0,4,28,4,118
2017-04-28 05:00:00+00:00,6.7,166.12,10123.0,21.667046,-157.95213,2187.0,5,28,4,118
2017-04-28 06:00:00+00:00,5.09,186.28,10132.0,21.667046,-157.95213,2289.0,6,28,4,118
2017-04-28 07:00:00+00:00,5.26,201.17,10136.0,21.667046,-157.95213,2161.0,7,28,4,118
2017-04-28 08:00:00+00:00,0.73,28.4,10136.0,21.667046,-157.95213,2065.0,8,28,4,118
2017-04-28 09:00:00+00:00,0.48,253.7,10135.0,21.667046,-157.95213,2089.0,9,28,4,118
2017-04-28 10:00:00+00:00,0.84,282.37,10133.0,21.667046,-157.95213,1946.0,10,28,4,118
2017-04-28 11:00:00+00:00,1.78,23.66,10129.0,21.667046,-157.95213,1805.0,11,28,4,118
2017-04-28 12:00:00+00:00,1.32,224.39,10116.0,21.667046,-157.95213,1892.0,12,28,4,118
2017-04-28 13:00:00+00:00,0.16,67.12,10118.0,21.667046,-157.95213,1848.0,13,28,4,118
2017-04-28 14:00:00+00:00,1.63,81.27,10113.0,21.667046,-157.95213,1865.0,14,28,4,118
2017-04-28 15:00:00+00:00,1.5,277.83,10114.0,21.667046,-157.95213,1824.0,15,28,4,118
2017-04-28 16:00:00+00:00,1.03,340.86,10113.0,21.667046,-157.95213,1856.0,16,28,4,118
2017-04-28 17:00:00+00:00,3.05,316.53,10119.0,21.667046,-157.95213,2417.0,17,28,4,118
2017-04-28 18:00:00+00:00,3.53,321.11,10125.0,21.667046,-157.95213,2735.0,18,28,4,118
2017-04-28 19:00:00+00:00,4.02,339.74,10123.0,21.667046,-157.95213,2958.0,19,28,4,118
2017-04-28 20:00:00+00:00,4.4,343.22,10124.0,21.667046,-157.95213,3173.0,20,28,4,118
2017-04-28 21:00:00+00:00,4.73,4.42,10120.0,21.667046,-157.95213,3249.0,21,28,4,118
2017-04-28 22:00:00+00:00,4.94,359.57,10114.0,21.667046,-157.95213,3299.0,22,28,4,118
2017-04-28 23:00:00+00:00,4.82,8.0,10109.0,21.667046,-157.95213,3445.0,23,28,4,118
2017-04-29 00:00:00+00:00,4.59,13.51,10103.0,21.667046,-157.95213,3158.0,0,29,4,119
2017-04-29 01:00:00+00:00,4.65,20.25,10098.0,21.667046,-157.95213,3136.0,1,29,4,119
2017-04-29 02:00:00+00:00,4.22,30.17,10090.0,21.667046,-157.95213,3090.0,2,29,4,119
2017-04-29 03:00:00+00:00,4.33,16.77,10089.0,21.667046,-157.95213,2722.0,3,29,4,119
2017-04-29 04:00:00+00:00,3.77,27.23,10088.0,21.667046,-157.95213,2583.0,4,29,4,119
2017-04-29 05:00:00+00:00,6.37,341.3,10091.0,21.667046,-157.95213,2094.0,5,29,4,119
2017-04-29 06:00:00+00:00,4.07,333.37,10092.0,21.667046,-157.95213,2015.0,6,29,4,119
2017-04-29 07:00:00+00:00,3.15,325.08,10099.0,21.667046,-157.95213,2014.0,7,29,4,119
2017-04-29 08:00:00+00:00,8.76,351.83,10100.0,21.667046,-157.95213,2126.0,8,29,4,119
2017-04-29 09:00:00+00:00,8.8,351.82,10098.0,21.667046,-157.95213,2103.0,9,29,4,119
2017-04-29 10:00:00+00:00,7.27,349.76,10099.0,21.667046,-157.95213,2051.0,10,29,4,119
2017-04-29 11:00:00+00:00,10.32,354.68,10089.0,21.667046,-157.95213,2029.0,11,29,4,119
2017-04-29 12:00:00+00:00,10.45,344.18,10086.0,21.667046,-157.95213,2000.0,12,29,4,119
2017-04-29 13:00:00+00:00,11.03,352.58,10080.0,21.667046,-157.95213,1966.0,13,29,4,119
2017-04-29 14:00:00+00:00,9.56,343.45,10083.0,21.667046,-157.95213,1918.0,14,29,4,119
2017-04-29 15:00:00+00:00,9.4,334.4,10084.0,21.667046,-157.95213,1858.0,15,29,4,119
2017-04-29 16:00:00+00:00,8.27,334.86,10086.0,21.667046,-157.95213,1870.0,16,29,4,119
2017-04-29 17:00:00+00:00,8.28,331.34,10091.0,21.667046,-157.95213,1890.0,17,29,4,119
2017-04-29 18:00:00+00:00,8.09,332.71,10097.0,21.667046,-157.95213,1985.0,18,29,4,119
2017-04-29 19:00:00+00:00,7.77,330.13,10100.0,21.667046,-157.95213,2119.0,19,29,4,119
2017-04-29 20:00:00+00:00,6.6,338.54,10102.0,21.667046,-157.95213,2309.0,20,29,4,119
2017-04-29 21:00:00+00:00,6.45,343.14,10096.0,21.667046,-157.95213,2451.0,21,29,4,119
2017-04-29 22:00:00+00:00,6.63,346.4,10092.0,21.667046,-157.95213,2145.0,22,29,4,119
2017-04-29 23:00:00+00:00,3.78,356.01,10091.0,21.667046,-157.95213,1773.0,23,29,4,119
2017-04-30 00:00:00+00:00,3.8,333.93,10087.0,21.667046,-157.95213,1820.0,0,30,4,120
2017-04-30 01:00:00+00:00,4.35,340.86,10080.0,21.667046,-157.95213,1754.0,1,30,4,120
2017-04-30 02:00:00+00:00,1.88,14.15,10075.0,21.667046,-157.95213,1971.0,2,30,4,120
2017-04-30 03:00:00+00:00,1.59,182.77,10074.0,21.667046,-157.95213,1743.0,3,30,4,120
2017-04-30 04:00:00+00:00,1.64,144.78,10076.0,21.667046,-157.95213,1850.0,4,30,4,120
2017-04-30 05:00:00+00:00,2.32,156.71,10081.0,21.667046,-157.95213,1686.0,5,30,4,120
2017-04-30 06:00:00+00:00,3.15,142.37,10085.0,21.667046,-157.95213,1504.0,6,30,4,120
2017-04-30 07:00:00+00:00,4.36,147.16,10088.0,21.667046,-157.95213,1474.0,7,30,4,120
2017-04-30 08:00:00+00:00,1.43,239.67,10088.0,21.667046,-157.95213,1626.0,8,30,4,120
2017-04-30 09:00:00+00:00,5.67,70.13,10097.0,21.667046,-157.95213,1677.0,9,30,4,120
2017-04-30 10:00:00+00:00,3.34,188.99,10092.0,21.667046,-157.95213,1625.0,10,30,4,120
2017-04-30 11:00:00+00:00,1.75,157.89,10091.0,21.667046,-157.95213,1601.0,11,30,4,120
2017-04-30 12:00:00+00:00,1.59,204.04,10082.0,21.667046,-157.95213,1464.0,12,30,4,120
2017-04-30 13:00:00+00:00,1.48,290.59,10074.0,21.667046,-157.95213,1341.0,13,30,4,120
2017-04-30 14:00:00+00:00,1.79,323.55,10076.0,21.667046,-157.95213,1305.0,14,30,4,120
2017-04-30 15:00:00+00:00,4.91,285.11,10085.0,21.667046,-157.95213,1398.0,15,30,4,120
2017-04-30 16:00:00+00:00,2.58,307.7,10090.0,21.667046,-157.95213,1432.0,16,30,4,120
2017-04-30 17:00:00+00:00,1.46,311.47,10099.0,21.667046,-157.95213,1887.0,17,30,4,120
2017-04-30 18:00:00+00:00,1.55,69.23,10108.0,21.667046,-157.95213,2211.0,18,30,4,120
2017-04-30 19:00:00+00:00,1.36,64.54,10101.0,21.667046,-157.95213,2383.0,19,30,4,120
2017-04-30 20:00:00+00:00,4.03,89.43,10104.0,21.667046,-157.95213,2383.0,20,30,4,120
2017-04-30 21:00:00+00:00,6.48,89.81,10104.0,21.667046,-157.95213,2756.0,21,30,4,120
2017-04-30 22:00:00+00:00,4.58,85.77,10093.0,21.667046,-157.95213,2035.0,22,30,4,120
2017-04-30 23:00:00+00:00,3.81,156.92,10110.0,21.667046,-157.95213,1962.0,23,30,4,120
2017-05-01 00:00:00+00:00,3.29,146.09,10087.0,21.667046,-157.95213,2180.0,0,1,5,121
2017-05-01 01:00:00+00:00,3.0,90.04,10077.0,21.667046,-157.95213,2364.0,1,1,5,121
2017-05-01 02:00:00+00:00,0.8,142.29,10077.0,21.667046,-157.95213,2518.0,2,1,5,121
2017-05-01 03:00:00+00:00,0.92,100.31,10076.0,21.667046,-157.95213,2558.0,3,1,5,121
2017-05-01 04:00:00+00:00,2.6,166.25,10088.0,21.667046,-157.95213,2343.0,4,1,5,121
2017-05-01 05:00:00+00:00,12.32,134.76,10088.0,21.667046,-157.95213,1796.0,5,1,5,121
2017-05-01 06:00:00+00:00,14.54,145.44,10094.0,21.667046,-157.95213,1906.0,6,1,5,121
2017-05-01 07:00:00+00:00,12.85,146.61,10103.0,21.667046,-157.95213,2004.0,7,1,5,121
2017-05-01 08:00:00+00:00,9.98,134.73,10102.0,21.667046,-157.95213,2047.0,8,1,5,121
2017-05-01 09:00:00+00:00,10.81,151.26,10112.0,21.667046,-157.95213,1990.0,9,1,5,121
2017-05-01 10:00:00+00:00,9.07,147.82,10109.0,21.667046,-157.95213,2006.0,10,1,5,121
2017-05-01 11:00:00+00:00,7.3,143.21,10107.0,21.667046,-157.95213,1963.0,11,1,5,121
2017-05-01 12:00:00+00:00,5.94,144.84,10099.0,21.667046,-157.95213,1973.0,12,1,5,121
2017-05-01 13:00:00+00:00,4.77,129.27,10096.0,21.667046,-157.95213,1938.0,13,1,5,121
2017-05-01 14:00:00+00:00,6.29,139.32,10094.0,21.667046,-157.95213,2015.0,14,1,5,121
2017-05-01 15:00:00+00:00,6.21,141.65,10099.0,21.667046,-157.95213,2055.0,15,1,5,121
2017-05-01 16:00:00+00:00,11.25,148.04,10100.0,21.667046,-157.95213,1905.0,16,1,5,121
2017-05-01 17:00:00+00:00,11.54,139.88,10110.0,21.667046,-157.95213,2413.0,17,1,5,121
2017-05-01 18:00:00+00:00,15.47,146.39,10108.0,21.667046,-157.95213,2698.0,18,1,5,121
2017-05-01 19:00:00+00:00,8.39,154.48,10115.0,21.667046,-157.95213,3099.0,19,1,5,121
2017-05-01 20:00:00+00:00,10.31,145.27,10115.0,21.667046,-157.95213,3372.0,20,1,5,121
2017-05-01 21:00:00+00:00,13.24,144.57,10119.0,21.667046,-157.95213,3414.0,21,1,5,121
2017-05-01 22:00:00+00:00,10.17,156.13,10113.0,21.667046,-157.95213,3592.0,22,1,5,121
2017-05-01 23:00:00+00:00,11.08,188.82,10108.0,21.667046,-157.95213,3676.0,23,1,5,121
2017-05-02 00:00:00+00:00,6.83,156.6,10113.0,21.667046,-157.95213,3742.0,0,2,5,122
2017-05-02 01:00:00+00:00,3.71,46.23,10115.0,21.667046,-157.95213,3639.0,1,2,5,122
2017-05-02 02:00:00+00:00,4.29,62.01,10120.0,21.667046,-157.95213,3151.0,2,2,5,122
2017-05-02 03:00:00+00:00,7.68,117.99,10113.0,21.667046,-157.95213,3113.0,3,2,5,122
2017-05-02 04:00:00+00:00,6.26,127.3,10117.0,21.667046,-157.95213,2765.0,4,2,5,122
2017-05-02 05:00:00+00:00,5.13,135.59,10117.0,21.667046,-157.95213,2256.0,5,2,5,122
2017-05-02 06:00:00+00:00,6.03,146.17,10126.0,21.667046,-157.95213,2224.0,6,2,5,122
2017-05-02 07:00:00+00:00,4.62,139.88,10128.0,21.667046,-157.95213,2166.0,7,2,5,122
2017-05-02 08:00:00+00:00,4.68,129.1,10134.0,21.667046,-157.95213,2116.0,8,2,5,122
2017-05-02 09:00:00+00:00,4.7,103.53,10136.0,21.667046,-157.95213,2045.0,9,2,5,122
2017-05-02 10:00:00+00:00,4.87,99.7,10138.0,21.667046,-157.95213,2011.0,10,2,5,122
2017-05-02 11:00:00+00:00,3.25,131.74,10136.0,21.667046,-157.95213,2085.0,11,2,5,122
2017-05-02 12:00:00+00:00,2.7,151.13,10127.0,21.667046,-157.95213,2071.0,12,2,5,122
2017-05-02 13:00:00+00:00,3.22,140.17,10126.0,21.667046,-157.95213,2060.0,13,2,5,122
2017-05-02 14:00:00+00:00,4.43,146.05,10127.0,21.667046,-157.95213,2114.0,14,2,5,122
2017-05-02 15:00:00+00:00,4.44,133.39,10130.0,21.667046,-157.95213,2062.0,15,2,5,122
2017-05-02 16:00:00+00:00,4.69,140.17,10135.0,21.667046,-157.95213,2068.0,16,2,5,122
2017-05-02 17:00:00+00:00,5.57,136.1,10140.0,21.667046,-157.95213,2595.0,17,2,5,122
2017-05-02 18:00:00+00:00,6.55,121.73,10142.0,21.667046,-157.95213,2999.0,18,2,5,122
2017-05-02 19:00:00+00:00,6.46,108.34,10140.0,21.667046,-157.95213,3245.0,19,2,5,122
2017-05-02 20:00:00+00:00,6.47,109.97,10141.0,21.667046,-157.95213,3433.0,20,2,5,122
2017-05-02 21:00:00+00:00,5.98,106.39,10138.0,21.667046,-157.95213,3683.0,21,2,5,122
2017-05-02 22:00:00+00:00,6.41,101.23,10137.0,21.667046,-157.95213,3636.0,22,2,5,122
2017-05-02 23:00:00+00:00,7.06,97.66,10132.0,21.667046,-157.95213,3739.0,23,2,5,122
2017-05-03 00:00:00+00:00,7.28,99.77,10129.0,21.667046,-157.95213,3682.0,0,3,5,123
2017-05-03 01:00:00+00:00,7.05,101.71,10126.0,21.667046,-157.95213,3533.0,1,3,5,123
2017-05-03 02:00:00+00:00,6.65,95.95,10125.0,21.667046,-157.95213,3321.0,2,3,5,123
2017-05-03 03:00:00+00:00,6.52,93.97,10129.0,21.667046,-157.95213,2992.0,3,3,5,123
2017-05-03 04:00:00+00:00,6.86,91.21,10134.0,21.667046,-157.95213,2726.0,4,3,5,123
2017-05-03 05:00:00+00:00,7.61,101.79,10140.0,21.667046,-157.95213,2368.0,5,3,5,123
2017-05-03 06:00:00+00:00,7.58,98.17,10145.0,21.667046,-157.95213,2351.0,6,3,5,123
2017-05-03 07:00:00+00:00,7.92,98.28,10150.0,21.667046,-157.95213,2358.0,7,3,5,123
2017-05-03 08:00:00+00:00,8.1,103.05,10152.0,21.667046,-157.95213,2365.0,8,3,5,123
2017-05-03 09:00:00+00:00,9.09,110.07,10153.0,21.667046,-157.95213,2408.0,9,3,5,123
2017-05-03 10:00:00+00:00,8.44,108.63,10152.0,21.667046,-157.95213,2338.0,10,3,5,123
2017-05-03 11:00:00+00:00,8.58,98.13,10147.0,21.667046,-157.95213,2350.0,11,3,5,123
2017-05-03 12:00:00+00:00,8.75,106.94,10141.0,21.667046,-157.95213,2293.0,12,3,5,123
2017-05-03 13:00:00+00:00,8.41,107.93,10136.0,21.667046,-157.95213,2248.0,13,3,5,123
2017-05-03 14:00:00+00:00,7.75,107.35,10136.0,21.667046,-157.95213,2207.0,14,3,5,123
2017-05-03 15:00:00+00:00,6.45,108.03,10139.0,21.667046,-157.95213,2086.0,15,3,5,123
2017-05-03 16:00:00+00:00,5.8,102.29,10145.0,21.667046,-157.95213,2042.0,16,3,5,123
2017-05-03 17:00:00+00:00,5.6,97.17,10151.0,21.667046,-157.95213,2627.0,17,3,5,123
2017-05-03 18:00:00+00:00,5.6,93.38,10157.0,21.667046,-157.95213,2860.0,18,3,5,123
2017-05-03 19:00:00+00:00,6.02,92.83,10158.0,21.667046,-157.95213,3178.0,19,3,5,123
2017-05-03 20:00:00+00:00,5.49,87.94,10160.0,21.667046,-157.95213,3427.0,20,3,5,123
2017-05-03 21:00:00+00:00,5.5,88.21,10161.0,21.667046,-157.95213,3617.0,21,3,5,123
2017-05-03 22:00:00+00:00,5.79,85.33,10159.0,21.667046,-157.95213,3723.0,22,3,5,123
2017-05-03 23:00:00+00:00,5.92,86.89,10154.0,21.667046,-157.95213,3735.0,23,3,5,123
2017-05-04 00:00:00+00:00,5.74,91.67,10148.0,21.667046,-157.95213,3669.0,0,4,5,124
2017-05-04 01:00:00+00:00,5.19,82.2,10144.0,21.667046,-157.95213,3469.0,1,4,5,124
2017-05-04 02:00:00+00:00,5.24,84.22,10140.0,21.667046,-157.95213,3299.0,2,4,5,124
2017-05-04 03:00:00+00:00,5.31,79.87,10142.0,21.667046,-157.95213,3035.0,3,4,5,124
2017-05-04 04:00:00+00:00,5.72,79.82,10145.0,21.667046,-157.95213,2699.0,4,4,5,124
2017-05-04 05:00:00+00:00,5.75,84.76,10148.0,21.667046,-157.95213,2284.0,5,4,5,124
2017-05-04 06:00:00+00:00,6.36,88.48,10153.0,21.667046,-157.95213,2262.0,6,4,5,124
2017-05-04 07:00:00+00:00,6.6,79.93,10158.0,21.667046,-157.95213,2255.0,7,4,5,124
2017-05-04 08:00:00+00:00,7.82,83.51,10162.0,21.667046,-157.95213,2402.0,8,4,5,124
2017-05-04 09:00:00+00:00,7.37,76.43,10164.0,21.667046,-157.95213,2274.0,9,4,5,124
2017-05-04 10:00:00+00:00,8.47,84.23,10162.0,21.667046,-157.95213,2276.0,10,4,5,124
2017-05-04 11:00:00+00:00,9.29,92.18,10155.0,21.667046,-157.95213,2381.0,11,4,5,124
2017-05-04 12:00:00+00:00,8.88,99.22,10148.0,21.667046,-157.95213,2205.0,12,4,5,124
2017-05-04 13:00:00+00:00,8.47,98.67,10144.0,21.667046,-157.95213,2200.0,13,4,5,124
2017-05-04 14:00:00+00:00,8.82,95.53,10143.0,21.667046,-157.95213,2256.0,14,4,5,124
2017-05-04 15:00:00+00:00,9.73,97.07,10144.0,21.667046,-157.95213,2180.0,15,4,5,124
2017-05-04 16:00:00+00:00,9.52,101.53,10148.0,21.667046,-157.95213,2190.0,16,4,5,124
2017-05-04 17:00:00+00:00,9.49,102.01,10154.0,21.667046,-157.95213,2525.0,17,4,5,124
2017-05-04 18:00:00+00:00,10.05,100.78,10161.0,21.667046,-157.95213,2674.0,18,4,5,124
2017-05-04 19:00:00+00:00,9.68,103.0,10159.0,21.667046,-157.95213,3060.0,19,4,5,124
2017-05-04 20:00:00+00:00,10.01,101.86,10161.0,21.667046,-157.95213,3220.0,20,4,5,124
2017-05-04 21:00:00+00:00,9.24,101.3,10159.0,21.667046,-157.95213,3419.0,21,4,5,124
2017-05-04 22:00:00+00:00,9.19,99.74,10157.0,21.667046,-157.95213,3534.0,22,4,5,124
2017-05-04 23:00:00+00:00,9.03,97.0,10151.0,21.667046,-157.95213,3447.0,23,4,5,124
2017-05-05 00:00:00+00:00,9.23,95.53,10146.0,21.667046,-157.95213,3560.0,0,5,5,125
2017-05-05 01:00:00+00:00,9.45,91.98,10142.0,21.667046,-157.95213,3355.0,1,5,5,125
2017-05-05 02:00:00+00:00,9.67,96.09,10140.0,21.667046,-157.95213,3198.0,2,5,5,125
2017-05-05 03:00:00+00:00,9.9,93.79,10142.0,21.667046,-157.95213,2934.0,3,5,5,125
2017-05-05 04:00:00+00:00,10.7,94.97,10146.0,21.667046,-157.95213,2563.0,4,5,5,125
2017-05-05 05:00:00+00:00,9.85,75.5,10151.0,21.667046,-157.95213,2361.0,5,5,5,125
2017-05-05 06:00:00+00:00,11.26,93.06,10157.0,21.667046,-157.95213,2330.0,6,5,5,125
2017-05-05 07:00:00+00:00,11.13,95.19,10162.0,21.667046,-157.95213,2324.0,7,5,5,125
2017-05-05 08:00:00+00:00,11.15,98.9,10167.0,21.667046,-157.95213,2315.0,8,5,5,125
2017-05-05 09:00:00+00:00,11.27,103.27,10164.0,21.667046,-157.95213,2311.0,9,5,5,125
2017-05-05 10:00:00+00:00,11.12,106.08,10163.0,21.667046,-157.95213,2306.0,10,5,5,125
2017-05-05 11:00:00+00:00,10.21,109.14,10160.0,21.667046,-157.95213,2277.0,11,5,5,125
2017-05-05 12:00:00+00:00,10.75,108.71,10154.0,21.667046,-157.95213,2272.0,12,5,5,125
2017-05-05 13:00:00+00:00,9.73,108.75,10152.0,21.667046,-157.95213,2288.0,13,5,5,125
2017-05-05 14:00:00+00:00,9.05,105.96,10149.0,21.667046,-157.95213,2213.0,14,5,5,125
2017-05-05 15:00:00+00:00,8.62,101.39,10153.0,21.667046,-157.95213,2376.0,15,5,5,125
2017-05-05 16:00:00+00:00,8.2,98.35,10157.0,21.667046,-157.95213,2269.0,16,5,5,125
2017-05-05 17:00:00+00:00,7.8,98.76,10166.0,21.667046,-157.95213,2614.0,17,5,5,125
2017-05-05 18:00:00+00:00,12.2,71.62,10171.0,21.667046,-157.95213,2315.0,18,5,5,125
2017-05-05 19:00:00+00:00,5.76,129.26,10172.0,21.667046,-157.95213,2299.0,19,5,5,125
2017-05-05 20:00:00+00:00,9.79,107.19,10167.0,21.667046,-157.95213,2854.0,20,5,5,125
2017-05-05 21:00:00+00:00,10.5,106.75,10166.0,21.667046,-157.95213,3401.0,21,5,5,125
2017-05-05 22:00:00+00:00,10.48,104.37,10166.0,21.667046,-157.95213,3535.0,22,5,5,125
2017-05-05 23:00:00+00:00,9.98,100.9,10160.0,21.667046,-157.95213,3550.0,23,5,5,125
2017-05-06 00:00:00+00:00,9.24,96.57,10152.0,21.667046,-157.95213,3569.0,0,6,5,126
2017-05-06 01:00:00+00:00,9.25,91.57,10147.0,21.667046,-157.95213,3376.0,1,6,5,126
2017-05-06 02:00:00+00:00,8.6,92.23,10143.0,21.667046,-157.95213,3172.0,2,6,5,126
2017-05-06 03:00:00+00:00,8.8,94.33,10147.0,21.667046,-157.95213,2975.0,3,6,5,126
2017-05-06 04:00:00+00:00,8.93,96.16,10147.0,21.667046,-157.95213,2603.0,4,6,5,126
2017-05-06 05:00:00+00:00,9.95,97.6,10151.0,21.667046,-157.95213,2333.0,5,6,5,126
2017-05-06 06:00:00+00:00,10.92,98.73,10155.0,21.667046,-157.95213,2349.0,6,6,5,126
2017-05-06 07:00:00+00:00,10.95,96.7,10159.0,21.667046,-157.95213,2329.0,7,6,5,126
2017-05-06 08:00:00+00:00,11.83,96.12,10164.0,21.667046,-157.95213,2303.0,8,6,5,126
2017-05-06 09:00:00+00:00,12.57,99.25,10163.0,21.667046,-157.95213,2290.0,9,6,5,126
2017-05-06 10:00:00+00:00,12.25,103.23,10162.0,21.667046,-157.95213,2291.0,10,6,5,126
2017-05-06 11:00:00+00:00,11.55,101.71,10158.0,21.667046,-157.95213,2243.0,11,6,5,126
2017-05-06 12:00:00+00:00,11.18,100.69,10147.0,21.667046,-157.95213,2221.0,12,6,5,126
2017-05-06 13:00:00+00:00,10.77,96.66,10149.0,21.667046,-157.95213,2215.0,13,6,5,126
2017-05-06 14:00:00+00:00,9.5,95.84,10146.0,21.667046,-157.95213,2181.0,14,6,5,126
2017-05-06 15:00:00+00:00,10.45,85.98,10151.0,21.667046,-157.95213,2248.0,15,6,5,126
2017-05-06 16:00:00+00:00,9.69,89.92,10154.0,21.667046,-157.95213,2217.0,16,6,5,126
2017-05-06 17:00:00+00:00,8.77,91.52,10162.0,21.667046,-157.95213,2344.0,17,6,5,126
2017-05-06 18:00:00+00:00,10.77,101.02,10163.0,21.667046,-157.95213,2678.0,18,6,5,126
2017-05-06 19:00:00+00:00,10.99,101.92,10165.0,21.667046,-157.95213,2865.0,19,6,5,126
2017-05-06 20:00:00+00:00,10.75,99.98,10165.0,21.667046,-157.95213,3247.0,20,6,5,126
2017-05-06 21:00:00+00:00,10.11,102.52,10164.0,21.667046,-157.95213,3379.0,21,6,5,126
2017-05-06 22:00:00+00:00,9.86,101.52,10160.0,21.667046,-157.95213,3564.0,22,6,5,126
2017-05-06 23:00:00+00:00,9.49,102.05,10153.0,21.667046,-157.95213,3575.0,23,6,5,126
2017-05-07 00:00:00+00:00,9.2,100.29,10148.0,21.667046,-157.95213,3486.0,0,7,5,127
2017-05-07 01:00:00+00:00,9.16,101.47,10142.0,21.667046,-157.95213,3309.0,1,7,5,127
2017-05-07 02:00:00+00:00,9.3,99.96,10137.0,21.667046,-157.95213,2963.0,2,7,5,127
2017-05-07 03:00:00+00:00,9.17,100.48,10135.0,21.667046,-157.95213,2934.0,3,7,5,127
2017-05-07 04:00:00+00:00,8.68,102.32,10142.0,21.667046,-157.95213,2594.0,4,7,5,127
2017-05-07 05:00:00+00:00,9.06,99.83,10145.0,21.667046,-157.95213,2295.0,5,7,5,127
2017-05-07 06:00:00+00:00,9.59,98.57,10151.0,21.667046,-157.95213,2295.0,6,7,5,127
2017-05-07 07:00:00+00:00,9.89,98.07,10157.0,21.667046,-157.95213,2282.0,7,7,5,127
2017-05-07 08:00:00+00:00,9.48,96.22,10161.0,21.667046,-157.95213,2276.0,8,7,5,127
2017-05-07 09:00:00+00:00,9.45,101.24,10165.0,21.667046,-157.95213,2259.0,9,7,5,127
2017-05-07 10:00:00+00:00,8.94,104.03,10162.0,21.667046,-157.95213,2236.0,10,7,5,127
2017-05-07 11:00:00+00:00,8.87,105.26,10156.0,21.667046,-157.95213,2205.0,11,7,5,127
2017-05-07 12:00:00+00:00,10.5,108.58,10148.0,21.667046,-157.95213,2357.0,12,7,5,127
2017-05-07 13:00:00+00:00,10.55,115.87,10144.0,21.667046,-157.95213,2223.0,13,7,5,127
2017-05-07 14:00:00+00:00,10.11,116.69,10141.0,21.667046,-157.95213,2206.0,14,7,5,127
2017-05-07 15:00:00+00:00,9.78,114.9,10144.0,21.667046,-157.95213,2173.0,15,7,5,127
2017-05-07 16:00:00+00:00,9.5,110.04,10148.0,21.667046,-157.95213,2178.0,16,7,5,127
2017-05-07 17:00:00+00:00,8.49,109.59,10153.0,21.667046,-157.95213,2607.0,17,7,5,127
2017-05-07 18:00:00+00:00,9.47,109.22,10154.0,21.667046,-157.95213,2874.0,18,7,5,127
2017-05-07 19:00:00+00:00,8.66,109.58,10155.0,21.667046,-157.95213,2902.0,19,7,5,127
2017-05-07 20:00:00+00:00,9.06,113.26,10154.0,21.667046,-157.95213,3285.0,20,7,5,127
2017-05-07 21:00:00+00:00,9.41,111.39,10155.0,21.667046,-157.95213,3256.0,21,7,5,127
2017-05-07 22:00:00+00:00,9.54,109.99,10154.0,21.667046,-157.95213,3331.0,22,7,5,127
2017-05-07 23:00:00+00:00,9.67,111.22,10147.0,21.667046,-157.95213,3448.0,23,7,5,127
2017-05-08 00:00:00+00:00,9.32,109.41,10142.0,21.667046,-157.95213,3390.0,0,8,5,128
2017-05-08 01:00:00+00:00,9.21,112.12,10139.0,21.667046,-157.95213,3297.0,1,8,5,128
2017-05-08 02:00:00+00:00,8.94,108.65,10135.0,21.667046,-157.95213,3108.0,2,8,5,128
2017-05-08 03:00:00+00:00,8.94,106.69,10134.0,21.667046,-157.95213,2958.0,3,8,5,128
2017-05-08 04:00:00+00:00,8.78,106.93,10136.0,21.667046,-157.95213,2687.0,4,8,5,128
2017-05-08 05:00:00+00:00,9.82,110.73,10138.0,21.667046,-157.95213,2324.0,5,8,5,128
2017-05-08 06:00:00+00:00,9.84,105.82,10146.0,21.667046,-157.95213,2303.0,6,8,5,128
2017-05-08 07:00:00+00:00,10.35,108.28,10151.0,21.667046,-157.95213,2289.0,7,8,5,128
2017-05-08 08:00:00+00:00,11.0,108.31,10153.0,21.667046,-157.95213,2303.0,8,8,5,128
2017-05-08 09:00:00+00:00,10.67,108.06,10154.0,21.667046,-157.95213,2286.0,9,8,5,128
2017-05-08 10:00:00+00:00,9.68,105.38,10152.0,21.667046,-157.95213,2252.0,10,8,5,128
2017-05-08 11:00:00+00:00,9.76,106.49,10146.0,21.667046,-157.95213,2309.0,11,8,5,128
2017-05-08 12:00:00+00:00,8.78,108.16,10138.0,21.667046,-157.95213,2382.0,12,8,5,128
2017-05-08 13:00:00+00:00,8.62,108.62,10136.0,21.667046,-157.95213,2375.0,13,8,5,128
2017-05-08 14:00:00+00:00,7.54,107.58,10131.0,21.667046,-157.95213,2342.0,14,8,5,128
2017-05-08 15:00:00+00:00,7.68,99.23,10130.0,21.667046,-157.95213,2220.0,15,8,5,128
2017-05-08 16:00:00+00:00,5.31,152.8,10135.0,21.667046,-157.95213,2262.0,16,8,5,128
2017-05-08 17:00:00+00:00,8.4,192.6,10140.0,21.667046,-157.95213,2274.0,17,8,5,128
2017-05-08 18:00:00+00:00,8.15,211.81,10140.0,21.667046,-157.95213,2507.0,18,8,5,128
2017-05-08 19:00:00+00:00,8.11,203.1,10144.0,21.667046,-157.95213,3132.0,19,8,5,128
2017-05-08 20:00:00+00:00,3.47,201.89,10144.0,21.667046,-157.95213,3468.0,20,8,5,128
2017-05-08 21:00:00+00:00,4.85,61.94,10146.0,21.667046,-157.95213,2768.0,21,8,5,128
2017-05-08 22:00:00+00:00,2.84,146.88,10148.0,21.667046,-157.95213,2313.0,22,8,5,128
2017-05-08 23:00:00+00:00,2.99,1.79,10150.0,21.667046,-157.95213,2179.0,23,8,5,128
2017-05-09 00:00:00+00:00,3.17,7.16,10146.0,21.667046,-157.95213,2186.0,0,9,5,129
2017-05-09 01:00:00+00:00,3.55,22.07,10143.0,21.667046,-157.95213,2168.0,1,9,5,129
2017-05-09 02:00:00+00:00,0.6,83.76,10140.0,21.667046,-157.95213,2219.0,2,9,5,129
2017-05-09 03:00:00+00:00,0.31,171.78,10136.0,21.667046,-157.95213,2262.0,3,9,5,129
2017-05-09 04:00:00+00:00,1.21,117.54,10142.0,21.667046,-157.95213,2261.0,4,9,5,129
2017-05-09 05:00:00+00:00,0.77,103.33,10145.0,21.667046,-157.95213,2195.0,5,9,5,129
2017-05-09 06:00:00+00:00,1.86,305.54,10148.0,21.667046,-157.95213,2068.0,6,9,5,129
2017-05-09 07:00:00+00:00,2.7,302.23,10152.0,21.667046,-157.95213,2017.0,7,9,5,129
2017-05-09 08:00:00+00:00,3.37,310.43,10157.0,21.667046,-157.95213,2115.0,8,9,5,129
2017-05-09 09:00:00+00:00,2.9,316.66,10153.0,21.667046,-157.95213,2119.0,9,9,5,129
2017-05-09 10:00:00+00:00,3.57,276.88,10152.0,21.667046,-157.95213,2118.0,10,9,5,129
2017-05-09 11:00:00+00:00,4.64,145.64,10148.0,21.667046,-157.95213,2058.0,11,9,5,129
2017-05-09 12:00:00+00:00,4.89,131.94,10143.0,21.667046,-157.95213,1973.0,12,9,5,129
2017-05-09 13:00:00+00:00,5.82,116.86,10138.0,21.667046,-157.95213,1898.0,13,9,5,129
2017-05-09 14:00:00+00:00,6.13,124.22,10137.0,21.667046,-157.95213,1961.0,14,9,5,129
2017-05-09 15:00:00+00:00,4.84,133.67,10138.0,21.667046,-157.95213,1922.0,15,9,5,129
2017-05-09 16:00:00+00:00,6.7,105.61,10142.0,21.667046,-157.95213,2102.0,16,9,5,129
2017-05-09 17:00:00+00:00,3.99,121.61,10149.0,21.667046,-157.95213,2262.0,17,9,5,129
2017-05-09 18:00:00+00:00,7.96,87.96,10157.0,21.667046,-157.95213,2500.0,18,9,5,129
2017-05-09 19:00:00+00:00,6.86,90.74,10161.0,21.667046,-157.95213,2685.0,19,9,5,129
2017-05-09 20:00:00+00:00,7.98,83.1,10162.0,21.667046,-157.95213,3208.0,20,9,5,129
2017-05-09 21:00:00+00:00,7.86,82.02,10160.0,21.667046,-157.95213,3051.0,21,9,5,129
2017-05-09 22:00:00+00:00,8.99,84.0,10156.0,21.667046,-157.95213,3351.0,22,9,5,129
2017-05-09 23:00:00+00:00,9.78,94.92,10154.0,21.667046,-157.95213,3185.0,23,9,5,129
2017-05-10 00:00:00+00:00,8.47,97.44,10143.0,21.667046,-157.95213,2984.0,0,10,5,130
2017-05-10 01:00:00+00:00,8.19,108.76,10140.0,21.667046,-157.95213,3219.0,1,10,5,130
2017-05-10 02:00:00+00:00,9.15,121.52,10139.0,21.667046,-157.95213,2985.0,2,10,5,130
2017-05-10 03:00:00+00:00,9.05,114.32,10140.0,21.667046,-157.95213,2796.0,3,10,5,130
2017-05-10 04:00:00+00:00,8.78,110.68,10143.0,21.667046,-157.95213,2624.0,4,10,5,130
2017-05-10 05:00:00+00:00,9.0,105.7,10149.0,21.667046,-157.95213,2304.0,5,10,5,130
2017-05-10 06:00:00+00:00,10.3,95.06,10155.0,21.667046,-157.95213,2309.0,6,10,5,130
2017-05-10 07:00:00+00:00,10.6,95.19,10161.0,21.667046,-157.95213,2306.0,7,10,5,130
2017-05-10 08:00:00+00:00,10.86,89.92,10165.0,21.667046,-157.95213,2309.0,8,10,5,130
2017-05-10 09:00:00+00:00,10.12,94.07,10165.0,21.667046,-157.95213,2275.0,9,10,5,130
2017-05-10 10:00:00+00:00,10.34,93.38,10163.0,21.667046,-157.95213,2258.0,10,10,5,130
2017-05-10 11:00:00+00:00,10.29,95.23,10156.0,21.667046,-157.95213,2334.0,11,10,5,130
2017-05-10 12:00:00+00:00,10.41,89.01,10149.0,21.667046,-157.95213,2265.0,12,10,5,130
2017-05-10 13:00:00+00:00,10.25,91.52,10143.0,21.667046,-157.95213,2216.0,13,10,5,130
2017-05-10 14:00:00+00:00,10.26,91.2,10140.0,21.667046,-157.95213,2216.0,14,10,5,130
2017-05-10 15:00:00+00:00,9.91,95.92,10140.0,21.667046,-157.95213,2215.0,15,10,5,130
2017-05-10 16:00:00+00:00,10.06,96.11,10145.0,21.667046,-157.95213,2208.0,16,10,5,130
2017-05-10 17:00:00+00:00,9.89,98.71,10149.0,21.667046,-157.95213,2447.0,17,10,5,130
2017-05-10 18:00:00+00:00,9.47,98.11,10154.0,21.667046,-157.95213,2602.0,18,10,5,130
2017-05-10 19:00:00+00:00,9.82,93.19,10154.0,21.667046,-157.95213,2913.0,19,10,5,130
2017-05-10 20:00:00+00:00,9.63,94.19,10155.0,21.667046,-157.95213,3158.0,20,10,5,130
2017-05-10 21:00:00+00:00,9.59,93.79,10152.0,21.667046,-157.95213,3253.0,21,10,5,130
2017-05-10 22:00:00+00:00,9.75,93.79,10151.0,21.667046,-157.95213,3214.0,22,10,5,130
2017-05-10 23:00:00+00:00,10.14,91.06,10146.0,21.667046,-157.95213,3300.0,23,10,5,130
2017-05-11 00:00:00+00:00,9.13,89.0,10139.0,21.667046,-157.95213,3311.0,0,11,5,131
2017-05-11 01:00:00+00:00,9.19,95.24,10133.0,21.667046,-157.95213,3144.0,1,11,5,131
2017-05-11 02:00:00+00:00,9.7,93.68,10132.0,21.667046,-157.95213,3058.0,2,11,5,131
2017-05-11 03:00:00+00:00,8.87,88.73,10132.0,21.667046,-157.95213,2730.0,3,11,5,131
2017-05-11 04:00:00+00:00,9.51,92.44,10133.0,21.667046,-157.95213,2573.0,4,11,5,131
2017-05-11 05:00:00+00:00,9.96,102.85,10136.0,21.667046,-157.95213,2262.0,5,11,5,131
2017-05-11 06:00:00+00:00,9.73,99.43,10141.0,21.667046,-157.95213,2250.0,6,11,5,131
2017-05-11 07:00:00+00:00,10.71,107.0,10143.0,21.667046,-157.95213,2268.0,7,11,5,131
2017-05-11 08:00:00+00:00,10.0,104.56,10148.0,21.667046,-157.95213,2235.0,8,11,5,131
2017-05-11 09:00:00+00:00,11.74,92.18,10149.0,21.667046,-157.95213,2230.0,9,11,5,131
2017-05-11 10:00:00+00:00,9.83,111.09,10146.0,21.667046,-157.95213,2234.0,10,11,5,131
2017-05-11 11:00:00+00:00,10.31,104.97,10144.0,21.667046,-157.95213,2229.0,11,11,5,131
2017-05-11 12:00:00+00:00,10.18,105.18,10134.0,21.667046,-157.95213,2208.0,12,11,5,131
2017-05-11 13:00:00+00:00,9.71,104.51,10135.0,21.667046,-157.95213,2192.0,13,11,5,131
2017-05-11 14:00:00+00:00,10.01,112.57,10131.0,21.667046,-157.95213,2181.0,14,11,5,131
2017-05-11 15:00:00+00:00,9.99,109.01,10130.0,21.667046,-157.95213,2147.0,15,11,5,131
2017-05-11 16:00:00+00:00,10.09,110.43,10130.0,21.667046,-157.95213,2137.0,16,11,5,131
2017-05-11 17:00:00+00:00,9.77,109.1,10136.0,21.667046,-157.95213,2531.0,17,11,5,131
2017-05-11 18:00:00+00:00,9.43,109.95,10142.0,21.667046,-157.95213,2842.0,18,11,5,131
2017-05-11 19:00:00+00:00,9.02,107.05,10143.0,21.667046,-157.95213,3085.0,19,11,5,131
2017-05-11 20:00:00+00:00,9.39,107.77,10144.0,21.667046,-157.95213,3289.0,20,11,5,131
2017-05-11 21:00:00+00:00,9.41,109.15,10143.0,21.667046,-157.95213,3407.0,21,11,5,131
2017-05-11 22:00:00+00:00,9.79,103.37,10140.0,21.667046,-157.95213,3378.0,22,11,5,131
2017-05-11 23:00:00+00:00,10.03,105.27,10138.0,21.667046,-157.95213,3267.0,23,11,5,131
2017-05-12 00:00:00+00:00,11.07,108.88,10132.0,21.667046,-157.95213,3360.0,0,12,5,132
2017-05-12 01:00:00+00:00,10.37,106.55,10133.0,21.667046,-157.95213,3169.0,1,12,5,132
2017-05-12 02:00:00+00:00,10.41,105.5,10130.0,21.667046,-157.95213,3036.0,2,12,5,132
2017-05-12 03:00:00+00:00,10.45,108.13,10133.0,21.667046,-157.95213,2915.0,3,12,5,132
2017-05-12 04:00:00+00:00,9.49,108.63,10132.0,21.667046,-157.95213,2641.0,4,12,5,132
2017-05-12 05:00:00+00:00,10.14,104.71,10135.0,21.667046,-157.95213,2317.0,5,12,5,132
2017-05-12 06:00:00+00:00,8.99,102.29,10140.0,21.667046,-157.95213,2259.0,6,12,5,132
2017-05-12 07:00:00+00:00,9.88,107.42,10145.0,21.667046,-157.95213,2254.0,7,12,5,132
2017-05-12 08:00:00+00:00,9.75,103.48,10152.0,21.667046,-157.95213,2269.0,8,12,5,132
2017-05-12 09:00:00+00:00,9.78,108.92,10154.0,21.667046,-157.95213,2250.0,9,12,5,132
2017-05-12 10:00:00+00:00,10.71,107.95,10154.0,21.667046,-157.95213,2122.0,10,12,5,132
2017-05-12 11:00:00+00:00,11.03,106.36,10150.0,21.667046,-157.95213,2109.0,11,12,5,132
2017-05-12 12:00:00+00:00,11.04,108.52,10139.0,21.667046,-157.95213,2110.0,12,12,5,132
2017-05-12 13:00:00+00:00,12.32,107.19,10137.0,21.667046,-157.95213,2111.0,13,12,5,132
2017-05-12 14:00:00+00:00,12.78,108.96,10134.0,21.667046,-157.95213,2116.0,14,12,5,132
2017-05-12 15:00:00+00:00,12.47,111.04,10137.0,21.667046,-157.95213,2140.0,15,12,5,132
2017-05-12 16:00:00+00:00,11.47,118.34,10140.0,21.667046,-157.95213,2156.0,16,12,5,132
2017-05-12 17:00:00+00:00,11.25,117.16,10147.0,21.667046,-157.95213,2511.0,17,12,5,132
2017-05-12 18:00:00+00:00,12.63,106.61,10150.0,21.667046,-157.95213,2774.0,18,12,5,132
2017-05-12 19:00:00+00:00,12.32,108.14,10154.0,21.667046,-157.95213,3019.0,19,12,5,132
2017-05-12 20:00:00+00:00,12.03,103.32,10155.0,21.667046,-157.95213,3084.0,20,12,5,132
2017-05-12 21:00:00+00:00,12.16,105.12,10154.0,21.667046,-157.95213,3332.0,21,12,5,132
2017-05-12 22:00:00+00:00,11.03,100.96,10154.0,21.667046,-157.95213,3278.0,22,12,5,132
2017-05-12 23:00:00+00:00,11.85,100.31,10154.0,21.667046,-157.95213,3287.0,23,12,5,132
2017-05-13 00:00:00+00:00,11.32,100.89,10149.0,21.667046,-157.95213,3301.0,0,13,5,133
2017-05-13 01:00:00+00:00,11.73,100.32,10149.0,21.667046,-157.95213,3231.0,1,13,5,133
2017-05-13 02:00:00+00:00,11.33,99.29,10143.0,21.667046,-157.95213,2989.0,2,13,5,133
2017-05-13 03:00:00+00:00,11.94,99.86,10145.0,21.667046,-157.95213,2835.0,3,13,5,133
2017-05-13 04:00:00+00:00,12.54,100.71,10144.0,21.667046,-157.95213,2635.0,4,13,5,133
2017-05-13 05:00:00+00:00,13.14,97.85,10147.0,21.667046,-157.95213,2360.0,5,13,5,133
2017-05-13 06:00:00+00:00,14.19,97.65,10154.0,21.667046,-157.95213,2349.0,6,13,5,133
2017-05-13 07:00:00+00:00,13.44,104.33,10160.0,21.667046,-157.95213,2324.0,7,13,5,133
2017-05-13 08:00:00+00:00,11.58,99.52,10165.0,21.667046,-157.95213,2323.0,8,13,5,133
2017-05-13 09:00:00+00:00,12.71,98.0,10166.0,21.667046,-157.95213,2320.0,9,13,5,133
2017-05-13 10:00:00+00:00,12.31,108.53,10164.0,21.667046,-157.95213,2272.0,10,13,5,133
2017-05-13 11:00:00+00:00,12.63,113.15,10163.0,21.667046,-157.95213,2018.0,11,13,5,133
2017-05-13 12:00:00+00:00,13.64,107.52,10154.0,21.667046,-157.95213,2152.0,12,13,5,133
2017-05-13 13:00:00+00:00,12.81,105.86,10149.0,21.667046,-157.95213,2143.0,13,13,5,133
2017-05-13 14:00:00+00:00,12.0,105.15,10147.0,21.667046,-157.95213,2160.0,14,13,5,133
2017-05-13 15:00:00+00:00,11.73,103.51,10152.0,21.667046,-157.95213,2114.0,15,13,5,133
2017-05-13 16:00:00+00:00,12.81,111.65,10153.0,21.667046,-157.95213,2186.0,16,13,5,133
2017-05-13 17:00:00+00:00,14.08,103.03,10159.0,21.667046,-157.95213,2434.0,17,13,5,133
2017-05-13 18:00:00+00:00,13.9,103.06,10161.0,21.667046,-157.95213,2664.0,18,13,5,133
2017-05-13 19:00:00+00:00,12.94,100.14,10165.0,21.667046,-157.95213,3056.0,19,13,5,133
2017-05-13 20:00:00+00:00,11.71,101.07,10168.0,21.667046,-157.95213,3117.0,20,13,5,133
2017-05-13 21:00:00+00:00,12.81,91.95,10169.0,21.667046,-157.95213,2942.0,21,13,5,133
2017-05-13 22:00:00+00:00,11.32,95.03,10166.0,21.667046,-157.95213,3323.0,22,13,5,133
2017-05-13 23:00:00+00:00,11.06,84.94,10164.0,21.667046,-157.95213,3119.0,23,13,5,133
2017-05-14 00:00:00+00:00,11.25,86.7,10158.0,21.667046,-157.95213,2935.0,0,14,5,134
2017-05-14 01:00:00+00:00,13.07,74.86,10156.0,21.667046,-157.95213,2952.0,1,14,5,134
2017-05-14 02:00:00+00:00,10.57,78.34,10152.0,21.667046,-157.95213,2629.0,2,14,5,134
2017-05-14 03:00:00+00:00,12.43,88.22,10147.0,21.667046,-157.95213,2758.0,3,14,5,134
2017-05-14 04:00:00+00:00,13.49,94.01,10150.0,21.667046,-157.95213,2627.0,4,14,5,134
2017-05-14 05:00:00+00:00,13.65,89.8,10156.0,21.667046,-157.95213,2332.0,5,14,5,134
2017-05-14 06:00:00+00:00,12.61,89.77,10161.0,21.667046,-157.95213,2310.0,6,14,5,134
2017-05-14 07:00:00+00:00,13.39,94.38,10166.0,21.667046,-157.95213,2298.0,7,14,5,134
2017-05-14 08:00:00+00:00,12.25,97.13,10169.0,21.667046,-157.95213,2309.0,8,14,5,134
2017-05-14 09:00:00+00:00,13.39,97.23,10170.0,21.667046,-157.95213,2288.0,9,14,5,134
2017-05-14 10:00:00+00:00,12.26,98.86,10170.0,21.667046,-157.95213,2273.0,10,14,5,134
2017-05-14 11:00:00+00:00,12.61,97.75,10164.0,21.667046,-157.95213,2262.0,11,14,5,134
2017-05-14 12:00:00+00:00,12.16,99.79,10158.0,21.667046,-157.95213,2250.0,12,14,5,134
2017-05-14 13:00:00+00:00,12.19,94.07,10154.0,21.667046,-157.95213,2247.0,13,14,5,134
2017-05-14 14:00:00+00:00,11.25,94.73,10151.0,21.667046,-157.95213,2234.0,14,14,5,134
2017-05-14 15:00:00+00:00,10.69,98.51,10152.0,21.667046,-157.95213,2228.0,15,14,5,134
2017-05-14 16:00:00+00:00,11.66,95.07,10155.0,21.667046,-157.95213,2233.0,16,14,5,134
2017-05-14 17:00:00+00:00,10.88,96.72,10162.0,21.667046,-157.95213,2553.0,17,14,5,134
2017-05-14 18:00:00+00:00,9.93,90.95,10167.0,21.667046,-157.95213,2370.0,18,14,5,134
2017-05-14 19:00:00+00:00,13.03,84.18,10169.0,21.667046,-157.95213,2803.0,19,14,5,134
2017-05-14 20:00:00+00:00,11.16,90.77,10174.0,21.667046,-157.95213,2642.0,20,14,5,134
2017-05-14 21:00:00+00:00,13.09,93.18,10167.0,21.667046,-157.95213,3157.0,21,14,5,134
2017-05-14 22:00:00+00:00,12.92,92.38,10162.0,21.667046,-157.95213,3238.0,22,14,5,134
2017-05-14 23:00:00+00:00,11.9,91.98,10158.0,21.667046,-157.95213,3356.0,23,14,5,134
2017-05-15 00:00:00+00:00,11.41,95.46,10155.0,21.667046,-157.95213,3115.0,0,15,5,135
2017-05-15 01:00:00+00:00,11.75,107.41,10156.0,21.667046,-157.95213,3098.0,1,15,5,135
2017-05-15 02:00:00+00:00,12.22,86.15,10154.0,21.667046,-157.95213,2836.0,2,15,5,135
2017-05-15 03:00:00+00:00,11.47,85.49,10150.0,21.667046,-157.95213,2666.0,3,15,5,135
2017-05-15 04:00:00+00:00,11.13,86.92,10152.0,21.667046,-157.95213,2580.0,4,15,5,135
2017-05-15 05:00:00+00:00,12.61,89.74,10155.0,21.667046,-157.95213,2396.0,5,15,5,135
2017-05-15 06:00:00+00:00,10.39,94.49,10153.0,21.667046,-157.95213,2381.0,6,15,5,135
2017-05-15 07:00:00+00:00,12.1,89.42,10163.0,21.667046,-157.95213,2184.0,7,15,5,135
2017-05-15 08:00:00+00:00,13.29,90.41,10166.0,21.667046,-157.95213,2143.0,8,15,5,135
2017-05-15 09:00:00+00:00,12.84,92.24,10169.0,21.667046,-157.95213,2180.0,9,15,5,135
2017-05-15 10:00:00+00:00,12.51,95.81,10168.0,21.667046,-157.95213,2218.0,10,15,5,135
2017-05-15 11:00:00+00:00,13.19,93.72,10163.0,21.667046,-157.95213,2230.0,11,15,5,135
2017-05-15 12:00:00+00:00,13.51,99.07,10156.0,21.667046,-157.95213,2284.0,12,15,5,135
2017-05-15 13:00:00+00:00,12.6,97.0,10156.0,21.667046,-157.95213,2312.0,13,15,5,135
2017-05-15 14:00:00+00:00,12.81,92.56,10152.0,21.667046,-157.95213,2308.0,14,15,5,135
2017-05-15 15:00:00+00:00,12.97,94.68,10153.0,21.667046,-157.95213,2307.0,15,15,5,135
2017-05-15 16:00:00+00:00,12.83,94.83,10154.0,21.667046,-157.95213,2281.0,16,15,5,135
2017-05-15 17:00:00+00:00,11.83,97.06,10160.0,21.667046,-157.95213,2579.0,17,15,5,135
2017-05-15 18:00:00+00:00,12.01,93.7,10162.0,21.667046,-157.95213,2739.0,18,15,5,135
2017-05-15 19:00:00+00:00,12.05,94.79,10165.0,21.667046,-157.95213,2952.0,19,15,5,135
2017-05-15 20:00:00+00:00,12.11,95.84,10166.0,21.667046,-157.95213,3218.0,20,15,5,135
2017-05-15 21:00:00+00:00,12.29,94.3,10166.0,21.667046,-157.95213,3195.0,21,15,5,135
2017-05-15 22:00:00+00:00,12.45,91.47,10164.0,21.667046,-157.95213,3323.0,22,15,5,135
2017-05-15 23:00:00+00:00,11.99,96.44,10161.0,21.667046,-157.95213,3354.0,23,15,5,135
2017-05-16 00:00:00+00:00,12.44,94.16,10157.0,21.667046,-157.95213,3215.0,0,16,5,136
2017-05-16 01:00:00+00:00,12.28,92.43,10153.0,21.667046,-157.95213,3210.0,1,16,5,136
2017-05-16 02:00:00+00:00,12.08,88.45,10152.0,21.667046,-157.95213,2979.0,2,16,5,136
2017-05-16 03:00:00+00:00,11.72,88.33,10156.0,21.667046,-157.95213,2853.0,3,16,5,136
2017-05-16 04:00:00+00:00,11.69,86.99,10158.0,21.667046,-157.95213,2618.0,4,16,5,136
2017-05-16 05:00:00+00:00,12.54,90.71,10162.0,21.667046,-157.95213,2324.0,5,16,5,136
2017-05-16 06:00:00+00:00,12.12,84.84,10165.0,21.667046,-157.95213,2305.0,6,16,5,136
2017-05-16 07:00:00+00:00,12.87,84.05,10169.0,21.667046,-157.95213,2306.0,7,16,5,136
2017-05-16 08:00:00+00:00,11.46,80.88,10172.0,21.667046,-157.95213,2291.0,8,16,5,136
2017-05-16 09:00:00+00:00,12.49,89.63,10173.0,21.667046,-157.95213,2390.0,9,16,5,136
2017-05-16 10:00:00+00:00,10.88,85.99,10171.0,21.667046,-157.95213,2301.0,10,16,5,136
2017-05-16 11:00:00+00:00,12.2,90.31,10165.0,21.667046,-157.95213,2302.0,11,16,5,136
2017-05-16 12:00:00+00:00,11.73,93.32,10159.0,21.667046,-157.95213,2365.0,12,16,5,136
2017-05-16 13:00:00+00:00,11.51,102.65,10154.0,21.667046,-157.95213,2260.0,13,16,5,136
2017-05-16 14:00:00+00:00,11.46,101.7,10152.0,21.667046,-157.95213,2246.0,14,16,5,136
2017-05-16 15:00:00+00:00,11.38,98.53,10153.0,21.667046,-157.95213,2237.0,15,16,5,136
2017-05-16 16:00:00+00:00,11.76,96.64,10155.0,21.667046,-157.95213,2233.0,16,16,5,136
2017-05-16 17:00:00+00:00,11.66,94.34,10162.0,21.667046,-157.95213,2548.0,17,16,5,136
2017-05-16 18:00:00+00:00,13.18,90.87,10166.0,21.667046,-157.95213,2793.0,18,16,5,136
2017-05-16 19:00:00+00:00,13.11,91.8,10167.0,21.667046,-157.95213,2963.0,19,16,5,136
2017-05-16 20:00:00+00:00,12.83,92.82,10168.0,21.667046,-157.95213,3033.0,20,16,5,136
2017-05-16 21:00:00+00:00,12.95,90.63,10168.0,21.667046,-157.95213,3065.0,21,16,5,136
2017-05-16 22:00:00+00:00,12.68,90.09,10167.0,21.667046,-157.95213,3061.0,22,16,5,136
2017-05-16 23:00:00+00:00,11.74,91.91,10163.0,21.667046,-157.95213,3385.0,23,16,5,136
2017-05-17 00:00:00+00:00,11.4,87.7,10155.0,21.667046,-157.95213,3230.0,0,17,5,137
2017-05-17 01:00:00+00:00,11.02,87.93,10153.0,21.667046,-157.95213,3105.0,1,17,5,137
2017-05-17 02:00:00+00:00,11.39,91.08,10152.0,21.667046,-157.95213,3076.0,2,17,5,137
2017-05-17 03:00:00+00:00,10.63,89.86,10153.0,21.667046,-157.95213,2921.0,3,17,5,137
2017-05-17 04:00:00+00:00,10.82,84.32,10155.0,21.667046,-157.95213,2625.0,4,17,5,137
2017-05-17 05:00:00+00:00,11.51,86.55,10158.0,21.667046,-157.95213,2276.0,5,17,5,137
2017-05-17 06:00:00+00:00,11.62,83.17,10162.0,21.667046,-157.95213,2291.0,6,17,5,137
2017-05-17 07:00:00+00:00,11.52,82.72,10166.0,21.667046,-157.95213,2259.0,7,17,5,137
2017-05-17 08:00:00+00:00,12.19,87.85,10170.0,21.667046,-157.95213,2263.0,8,17,5,137
2017-05-17 09:00:00+00:00,12.45,89.9,10169.0,21.667046,-157.95213,2262.0,9,17,5,137
2017-05-17 10:00:00+00:00,11.47,93.06,10165.0,21.667046,-157.95213,2246.0,10,17,5,137
2017-05-17 11:00:00+00:00,11.38,90.61,10160.0,21.667046,-157.95213,2224.0,11,17,5,137
2017-05-17 12:00:00+00:00,11.08,83.64,10154.0,21.667046,-157.95213,2215.0,12,17,5,137
2017-05-17 13:00:00+00:00,9.73,92.49,10150.0,21.667046,-157.95213,2235.0,13,17,5,137
2017-05-17 14:00:00+00:00,11.41,86.86,10148.0,21.667046,-157.95213,2171.0,14,17,5,137
2017-05-17 15:00:00+00:00,9.7,91.5,10151.0,21.667046,-157.95213,2147.0,15,17,5,137
2017-05-17 16:00:00+00:00,10.76,90.8,10153.0,21.667046,-157.95213,2182.0,16,17,5,137
2017-05-17 17:00:00+00:00,5.31,106.63,10158.0,21.667046,-157.95213,2272.0,17,17,5,137
2017-05-17 18:00:00+00:00,9.64,81.78,10160.0,21.667046,-157.95213,2584.0,18,17,5,137
2017-05-17 19:00:00+00:00,9.84,81.85,10161.0,21.667046,-157.95213,2955.0,19,17,5,137
2017-05-17 20:00:00+00:00,9.81,82.59,10160.0,21.667046,-157.95213,3219.0,20,17,5,137
2017-05-17 21:00:00+00:00,9.64,83.96,10156.0,21.667046,-157.95213,3210.0,21,17,5,137
2017-05-17 22:00:00+00:00,9.99,84.94,10152.0,21.667046,-157.95213,3137.0,22,17,5,137
2017-05-17 23:00:00+00:00,9.64,88.88,10146.0,21.667046,-157.95213,3265.0,23,17,5,137
2017-05-18 00:00:00+00:00,10.0,90.24,10137.0,21.667046,-157.95213,3252.0,0,18,5,138
2017-05-18 01:00:00+00:00,10.14,88.53,10135.0,21.667046,-157.95213,3322.0,1,18,5,138
2017-05-18 02:00:00+00:00,9.77,95.02,10131.0,21.667046,-157.95213,3052.0,2,18,5,138
2017-05-18 03:00:00+00:00,9.4,97.4,10129.0,21.667046,-157.95213,2808.0,3,18,5,138
2017-05-18 04:00:00+00:00,8.67,96.87,10132.0,21.667046,-157.95213,2643.0,4,18,5,138
2017-05-18 05:00:00+00:00,5.57,117.93,10135.0,21.667046,-157.95213,2180.0,5,18,5,138
2017-05-18 06:00:00+00:00,9.17,102.82,10141.0,21.667046,-157.95213,2167.0,6,18,5,138
2017-05-18 07:00:00+00:00,9.3,103.51,10146.0,21.667046,-157.95213,2170.0,7,18,5,138
2017-05-18 08:00:00+00:00,9.73,103.57,10150.0,21.667046,-157.95213,2175.0,8,18,5,138
2017-05-18 09:00:00+00:00,8.55,106.96,10151.0,21.667046,-157.95213,2145.0,9,18,5,138
2017-05-18 10:00:00+00:00,7.97,100.86,10150.0,21.667046,-157.95213,2118.0,10,18,5,138
2017-05-18 11:00:00+00:00,7.68,113.99,10145.0,21.667046,-157.95213,2034.0,11,18,5,138
2017-05-18 12:00:00+00:00,8.51,82.25,10140.0,21.667046,-157.95213,2200.0,12,18,5,138
2017-05-18 13:00:00+00:00,8.73,94.7,10133.0,21.667046,-157.95213,1914.0,13,18,5,138
2017-05-18 14:00:00+00:00,6.2,108.19,10128.0,21.667046,-157.95213,1758.0,14,18,5,138
2017-05-18 15:00:00+00:00,7.5,102.53,10127.0,21.667046,-157.95213,1742.0,15,18,5,138
2017-05-18 16:00:00+00:00,7.27,100.31,10135.0,21.667046,-157.95213,1728.0,16,18,5,138
2017-05-18 17:00:00+00:00,6.52,103.8,10138.0,21.667046,-157.95213,2601.0,17,18,5,138
2017-05-18 18:00:00+00:00,5.95,100.68,10142.0,21.667046,-157.95213,2934.0,18,18,5,138
2017-05-18 19:00:00+00:00,7.14,98.62,10143.0,21.667046,-157.95213,3077.0,19,18,5,138
2017-05-18 20:00:00+00:00,7.38,101.8,10143.0,21.667046,-157.95213,3163.0,20,18,5,138
2017-05-18 21:00:00+00:00,6.96,102.36,10140.0,21.667046,-157.95213,3255.0,21,18,5,138
2017-05-18 22:00:00+00:00,7.25,97.52,10140.0,21.667046,-157.95213,3550.0,22,18,5,138
2017-05-18 23:00:00+00:00,6.98,96.78,10135.0,21.667046,-157.95213,3624.0,23,18,5,138
2017-05-19 00:00:00+00:00,6.86,94.15,10127.0,21.667046,-157.95213,3222.0,0,19,5,139
2017-05-19 01:00:00+00:00,6.64,99.92,10122.0,21.667046,-157.95213,3362.0,1,19,5,139
2017-05-19 02:00:00+00:00,6.2,95.54,10117.0,21.667046,-157.95213,3219.0,2,19,5,139
2017-05-19 03:00:00+00:00,6.38,97.76,10124.0,21.667046,-157.95213,2873.0,3,19,5,139
2017-05-19 04:00:00+00:00,6.85,97.35,10125.0,21.667046,-157.95213,2589.0,4,19,5,139
2017-05-19 05:00:00+00:00,7.08,107.27,10127.0,21.667046,-157.95213,2291.0,5,19,5,139
2017-05-19 06:00:00+00:00,7.39,100.68,10133.0,21.667046,-157.95213,2182.0,6,19,5,139
2017-05-19 07:00:00+00:00,6.66,97.22,10135.0,21.667046,-157.95213,2068.0,7,19,5,139
2017-05-19 08:00:00+00:00,6.64,95.68,10139.0,21.667046,-157.95213,2047.0,8,19,5,139
2017-05-19 09:00:00+00:00,6.73,108.25,10140.0,21.667046,-157.95213,2296.0,9,19,5,139
2017-05-19 10:00:00+00:00,6.11,87.66,10138.0,21.667046,-157.95213,2059.0,10,19,5,139
2017-05-19 11:00:00+00:00,7.19,111.44,10134.0,21.667046,-157.95213,2084.0,11,19,5,139
2017-05-19 12:00:00+00:00,4.38,118.34,10126.0,21.667046,-157.95213,2065.0,12,19,5,139
2017-05-19 13:00:00+00:00,4.67,155.03,10125.0,21.667046,-157.95213,2018.0,13,19,5,139
2017-05-19 14:00:00+00:00,3.83,132.71,10123.0,21.667046,-157.95213,1921.0,14,19,5,139
2017-05-19 15:00:00+00:00,4.22,141.63,10121.0,21.667046,-157.95213,1876.0,15,19,5,139
2017-05-19 16:00:00+00:00,4.68,142.6,10124.0,21.667046,-157.95213,1894.0,16,19,5,139
2017-05-19 17:00:00+00:00,3.89,142.36,10130.0,21.667046,-157.95213,2394.0,17,19,5,139
2017-05-19 18:00:00+00:00,6.17,110.55,10136.0,21.667046,-157.95213,2754.0,18,19,5,139
2017-05-19 19:00:00+00:00,6.38,109.13,10139.0,21.667046,-157.95213,3228.0,19,19,5,139
2017-05-19 20:00:00+00:00,6.44,106.21,10139.0,21.667046,-157.95213,3176.0,20,19,5,139
2017-05-19 21:00:00+00:00,7.34,103.55,10139.0,21.667046,-157.95213,3318.0,21,19,5,139
2017-05-19 22:00:00+00:00,7.79,103.39,10135.0,21.667046,-157.95213,3523.0,22,19,5,139
2017-05-19 23:00:00+00:00,7.91,101.18,10131.0,21.667046,-157.95213,3612.0,23,19,5,139
2017-05-20 00:00:00+00:00,8.42,98.31,10125.0,21.667046,-157.95213,3417.0,0,20,5,140
2017-05-20 01:00:00+00:00,8.44,103.19,10125.0,21.667046,-157.95213,3415.0,1,20,5,140
2017-05-20 02:00:00+00:00,7.5,106.92,10120.0,21.667046,-157.95213,3195.0,2,20,5,140
2017-05-20 03:00:00+00:00,6.98,106.49,10119.0,21.667046,-157.95213,2939.0,3,20,5,140
2017-05-20 04:00:00+00:00,6.9,103.05,10121.0,21.667046,-157.95213,2693.0,4,20,5,140
2017-05-20 05:00:00+00:00,6.56,102.71,10126.0,21.667046,-157.95213,2207.0,5,20,5,140
2017-05-20 06:00:00+00:00,7.65,97.15,10129.0,21.667046,-157.95213,2154.0,6,20,5,140
2017-05-20 07:00:00+00:00,7.67,102.06,10134.0,21.667046,-157.95213,2139.0,7,20,5,140
2017-05-20 08:00:00+00:00,7.95,110.76,10140.0,21.667046,-157.95213,2215.0,8,20,5,140
2017-05-20 09:00:00+00:00,7.73,98.22,10141.0,21.667046,-157.95213,2136.0,9,20,5,140
2017-05-20 10:00:00+00:00,7.43,91.76,10138.0,21.667046,-157.95213,2033.0,10,20,5,140
2017-05-20 11:00:00+00:00,6.97,94.88,10133.0,21.667046,-157.95213,1837.0,11,20,5,140
2017-05-20 12:00:00+00:00,6.89,95.04,10126.0,21.667046,-157.95213,1856.0,12,20,5,140
2017-05-20 13:00:00+00:00,6.52,92.82,10123.0,21.667046,-157.95213,1769.0,13,20,5,140
2017-05-20 14:00:00+00:00,6.54,95.27,10120.0,21.667046,-157.95213,1843.0,14,20,5,140
2017-05-20 15:00:00+00:00,7.03,98.27,10119.0,21.667046,-157.95213,1733.0,15,20,5,140
2017-05-20 16:00:00+00:00,7.61,101.04,10121.0,21.667046,-157.95213,1937.0,16,20,5,140
2017-05-20 17:00:00+00:00,6.67,98.76,10124.0,21.667046,-157.95213,2586.0,17,20,5,140
2017-05-20 18:00:00+00:00,6.81,94.35,10128.0,21.667046,-157.95213,2920.0,18,20,5,140
2017-05-20 19:00:00+00:00,6.89,103.25,10127.0,21.667046,-157.95213,3113.0,19,20,5,140
2017-05-20 20:00:00+00:00,6.98,103.36,10129.0,21.667046,-157.95213,3313.0,20,20,5,140
2017-05-20 21:00:00+00:00,7.14,101.36,10130.0,21.667046,-157.95213,3393.0,21,20,5,140
2017-05-20 22:00:00+00:00,6.82,102.11,10128.0,21.667046,-157.95213,3565.0,22,20,5,140
2017-05-20 23:00:00+00:00,6.37,96.87,10125.0,21.667046,-157.95213,3258.0,23,20,5,140
2017-05-21 00:00:00+00:00,7.09,90.57,10120.0,21.667046,-157.95213,3352.0,0,21,5,141
2017-05-21 01:00:00+00:00,7.19,89.37,10117.0,21.667046,-157.95213,3142.0,1,21,5,141
2017-05-21 02:00:00+00:00,6.65,93.51,10114.0,21.667046,-157.95213,3200.0,2,21,5,141
2017-05-21 03:00:00+00:00,6.94,88.81,10113.0,21.667046,-157.95213,2870.0,3,21,5,141
2017-05-21 04:00:00+00:00,6.31,94.45,10115.0,21.667046,-157.95213,2683.0,4,21,5,141
2017-05-21 05:00:00+00:00,6.42,91.61,10121.0,21.667046,-157.95213,2234.0,5,21,5,141
2017-05-21 06:00:00+00:00,5.94,93.95,10126.0,21.667046,-157.95213,2042.0,6,21,5,141
2017-05-21 07:00:00+00:00,6.6,80.5,10131.0,21.667046,-157.95213,2113.0,7,21,5,141
2017-05-21 08:00:00+00:00,6.54,84.19,10135.0,21.667046,-157.95213,1970.0,8,21,5,141
2017-05-21 09:00:00+00:00,6.35,80.5,10135.0,21.667046,-157.95213,1936.0,9,21,5,141
2017-05-21 10:00:00+00:00,5.82,80.78,10132.0,21.667046,-157.95213,1854.0,10,21,5,141
2017-05-21 11:00:00+00:00,6.61,78.68,10128.0,21.667046,-157.95213,1978.0,11,21,5,141
2017-05-21 12:00:00+00:00,5.3,73.39,10123.0,21.667046,-157.95213,1755.0,12,21,5,141
2017-05-21 13:00:00+00:00,5.86,67.57,10118.0,21.667046,-157.95213,1764.0,13,21,5,141
2017-05-21 14:00:00+00:00,5.15,72.99,10118.0,21.667046,-157.95213,1655.0,14,21,5,141
2017-05-21 15:00:00+00:00,5.98,73.0,10117.0,21.667046,-157.95213,1624.0,15,21,5,141
2017-05-21 16:00:00+00:00,5.69,63.37,10121.0,21.667046,-157.95213,1616.0,16,21,5,141
2017-05-21 17:00:00+00:00,5.43,64.21,10127.0,21.667046,-157.95213,2568.0,17,21,5,141
2017-05-21 18:00:00+00:00,5.85,71.07,10131.0,21.667046,-157.95213,2768.0,18,21,5,141
2017-05-21 19:00:00+00:00,6.16,77.12,10134.0,21.667046,-157.95213,3003.0,19,21,5,141
2017-05-21 20:00:00+00:00,6.16,80.42,10134.0,21.667046,-157.95213,3287.0,20,21,5,141
2017-05-21 21:00:00+00:00,6.59,79.77,10134.0,21.667046,-157.95213,3355.0,21,21,5,141
2017-05-21 22:00:00+00:00,6.98,72.62,10132.0,21.667046,-157.95213,3241.0,22,21,5,141
2017-05-21 23:00:00+00:00,7.03,75.58,10129.0,21.667046,-157.95213,3123.0,23,21,5,141
2017-05-22 00:00:00+00:00,6.57,80.69,10121.0,21.667046,-157.95213,3585.0,0,22,5,142
2017-05-22 01:00:00+00:00,6.89,73.14,10118.0,21.667046,-157.95213,3262.0,1,22,5,142
2017-05-22 02:00:00+00:00,7.1,69.98,10115.0,21.667046,-157.95213,2989.0,2,22,5,142
2017-05-22 03:00:00+00:00,7.64,65.75,10116.0,21.667046,-157.95213,2815.0,3,22,5,142
2017-05-22 04:00:00+00:00,6.9,68.32,10120.0,21.667046,-157.95213,2631.0,4,22,5,142
2017-05-22 05:00:00+00:00,7.54,67.0,10126.0,21.667046,-157.95213,2276.0,5,22,5,142
2017-05-22 06:00:00+00:00,8.11,73.35,10135.0,21.667046,-157.95213,2217.0,6,22,5,142
2017-05-22 07:00:00+00:00,7.21,54.57,10141.0,21.667046,-157.95213,2200.0,7,22,5,142
2017-05-22 08:00:00+00:00,8.67,73.32,10145.0,21.667046,-157.95213,2339.0,8,22,5,142
2017-05-22 09:00:00+00:00,8.15,65.55,10146.0,21.667046,-157.95213,2180.0,9,22,5,142
2017-05-22 10:00:00+00:00,8.5,59.87,10142.0,21.667046,-157.95213,2196.0,10,22,5,142
2017-05-22 11:00:00+00:00,8.85,59.5,10139.0,21.667046,-157.95213,2191.0,11,22,5,142
2017-05-22 12:00:00+00:00,8.54,63.17,10133.0,21.667046,-157.95213,2191.0,12,22,5,142
2017-05-22 13:00:00+00:00,8.91,64.44,10131.0,21.667046,-157.95213,2186.0,13,22,5,142
2017-05-22 14:00:00+00:00,10.1,73.14,10132.0,21.667046,-157.95213,2200.0,14,22,5,142
2017-05-22 15:00:00+00:00,9.12,73.74,10135.0,21.667046,-157.95213,2161.0,15,22,5,142
2017-05-22 16:00:00+00:00,9.93,77.46,10138.0,21.667046,-157.95213,2180.0,16,22,5,142
2017-05-22 17:00:00+00:00,9.93,74.58,10145.0,21.667046,-157.95213,2578.0,17,22,5,142
2017-05-22 18:00:00+00:00,9.6,78.48,10150.0,21.667046,-157.95213,2859.0,18,22,5,142
2017-05-22 19:00:00+00:00,10.02,74.16,10152.0,21.667046,-157.95213,2912.0,19,22,5,142
2017-05-22 20:00:00+00:00,8.93,80.63,10152.0,21.667046,-157.95213,3157.0,20,22,5,142
2017-05-22 21:00:00+00:00,9.19,80.42,10150.0,21.667046,-157.95213,3348.0,21,22,5,142
2017-05-22 22:00:00+00:00,9.06,80.26,10149.0,21.667046,-157.95213,3237.0,22,22,5,142
2017-05-22 23:00:00+00:00,9.17,78.34,10149.0,21.667046,-157.95213,3351.0,23,22,5,142
2017-05-23 00:00:00+00:00,9.41,78.0,10141.0,21.667046,-157.95213,3209.0,0,23,5,143
2017-05-23 01:00:00+00:00,9.98,78.08,10138.0,21.667046,-157.95213,3215.0,1,23,5,143
2017-05-23 02:00:00+00:00,11.08,75.48,10131.0,21.667046,-157.95213,3011.0,2,23,5,143
2017-05-23 03:00:00+00:00,11.27,77.81,10134.0,21.667046,-157.95213,2948.0,3,23,5,143
2017-05-23 04:00:00+00:00,11.27,76.09,10134.0,21.667046,-157.95213,2658.0,4,23,5,143
2017-05-23 05:00:00+00:00,11.3,71.75,10139.0,21.667046,-157.95213,2306.0,5,23,5,143
2017-05-23 06:00:00+00:00,11.52,73.43,10145.0,21.667046,-157.95213,2260.0,6,23,5,143
2017-05-23 07:00:00+00:00,11.47,74.69,10148.0,21.667046,-157.95213,2278.0,7,23,5,143
2017-05-23 08:00:00+00:00,12.48,79.3,10152.0,21.667046,-157.95213,2291.0,8,23,5,143
2017-05-23 09:00:00+00:00,12.77,68.02,10151.0,21.667046,-157.95213,2288.0,9,23,5,143
2017-05-23 10:00:00+00:00,11.88,73.4,10153.0,21.667046,-157.95213,2265.0,10,23,5,143
2017-05-23 11:00:00+00:00,11.88,73.89,10148.0,21.667046,-157.95213,2261.0,11,23,5,143
2017-05-23 12:00:00+00:00,11.01,62.37,10143.0,21.667046,-157.95213,2320.0,12,23,5,143
2017-05-23 13:00:00+00:00,11.82,70.28,10139.0,21.667046,-157.95213,2193.0,13,23,5,143
2017-05-23 14:00:00+00:00,11.81,72.34,10135.0,21.667046,-157.95213,2134.0,14,23,5,143
2017-05-23 15:00:00+00:00,14.02,73.51,10136.0,21.667046,-157.95213,2259.0,15,23,5,143
2017-05-23 16:00:00+00:00,10.36,72.47,10139.0,21.667046,-157.95213,2207.0,16,23,5,143
2017-05-23 17:00:00+00:00,10.8,69.85,10143.0,21.667046,-157.95213,2525.0,17,23,5,143
2017-05-23 18:00:00+00:00,10.17,81.76,10148.0,21.667046,-157.95213,2796.0,18,23,5,143
2017-05-23 19:00:00+00:00,8.72,88.1,10153.0,21.667046,-157.95213,2398.0,19,23,5,143
2017-05-23 20:00:00+00:00,9.56,90.73,10152.0,21.667046,-157.95213,2414.0,20,23,5,143
2017-05-23 21:00:00+00:00,11.83,83.53,10149.0,21.667046,-157.95213,3005.0,21,23,5,143
2017-05-23 22:00:00+00:00,10.77,79.58,10144.0,21.667046,-157.95213,3099.0,22,23,5,143
2017-05-23 23:00:00+00:00,10.69,77.35,10139.0,21.667046,-157.95213,3438.0,23,23,5,143
2017-05-24 00:00:00+00:00,10.14,76.78,10134.0,21.667046,-157.95213,3505.0,0,24,5,144
2017-05-24 01:00:00+00:00,10.36,74.23,10132.0,21.667046,-157.95213,3258.0,1,24,5,144
2017-05-24 02:00:00+00:00,10.53,74.32,10129.0,21.667046,-157.95213,3133.0,2,24,5,144
2017-05-24 03:00:00+00:00,9.79,73.63,10129.0,21.667046,-157.95213,2916.0,3,24,5,144
2017-05-24 04:00:00+00:00,10.25,78.78,10130.0,21.667046,-157.95213,2634.0,4,24,5,144
2017-05-24 05:00:00+00:00,10.23,74.48,10137.0,21.667046,-157.95213,2334.0,5,24,5,144
2017-05-24 06:00:00+00:00,10.12,77.54,10142.0,21.667046,-157.95213,2389.0,6,24,5,144
2017-05-24 07:00:00+00:00,10.78,75.41,10147.0,21.667046,-157.95213,2374.0,7,24,5,144
2017-05-24 08:00:00+00:00,13.04,59.09,10152.0,21.667046,-157.95213,2244.0,8,24,5,144
2017-05-24 09:00:00+00:00,9.89,75.13,10151.0,21.667046,-157.95213,2272.0,9,24,5,144
2017-05-24 10:00:00+00:00,9.78,76.7,10151.0,21.667046,-157.95213,2254.0,10,24,5,144
2017-05-24 11:00:00+00:00,10.17,79.71,10147.0,21.667046,-157.95213,2251.0,11,24,5,144
2017-05-24 12:00:00+00:00,9.5,81.28,10140.0,21.667046,-157.95213,2228.0,12,24,5,144
2017-05-24 13:00:00+00:00,9.39,82.95,10137.0,21.667046,-157.95213,2209.0,13,24,5,144
2017-05-24 14:00:00+00:00,9.43,82.18,10132.0,21.667046,-157.95213,2188.0,14,24,5,144
2017-05-24 15:00:00+00:00,9.61,84.87,10134.0,21.667046,-157.95213,2193.0,15,24,5,144
2017-05-24 16:00:00+00:00,9.29,87.98,10136.0,21.667046,-157.95213,2179.0,16,24,5,144
2017-05-24 17:00:00+00:00,8.94,87.28,10143.0,21.667046,-157.95213,2601.0,17,24,5,144
2017-05-24 18:00:00+00:00,9.11,91.65,10147.0,21.667046,-157.95213,2828.0,18,24,5,144
2017-05-24 19:00:00+00:00,8.8,87.87,10151.0,21.667046,-157.95213,3151.0,19,24,5,144
2017-05-24 20:00:00+00:00,8.5,85.45,10150.0,21.667046,-157.95213,3228.0,20,24,5,144
2017-05-24 21:00:00+00:00,8.48,90.06,10151.0,21.667046,-157.95213,3320.0,21,24,5,144
2017-05-24 22:00:00+00:00,7.77,83.33,10148.0,21.667046,-157.95213,3296.0,22,24,5,144
2017-05-24 23:00:00+00:00,7.39,72.38,10145.0,21.667046,-157.95213,3168.0,23,24,5,144
2017-05-25 00:00:00+00:00,6.76,67.99,10142.0,21.667046,-157.95213,3026.0,0,25,5,145
2017-05-25 01:00:00+00:00,7.67,63.32,10136.0,21.667046,-157.95213,3003.0,1,25,5,145
2017-05-25 02:00:00+00:00,6.74,79.68,10131.0,21.667046,-157.95213,2960.0,2,25,5,145
2017-05-25 03:00:00+00:00,6.66,70.18,10130.0,21.667046,-157.95213,2825.0,3,25,5,145
2017-05-25 04:00:00+00:00,7.07,85.36,10132.0,21.667046,-157.95213,2635.0,4,25,5,145
2017-05-25 05:00:00+00:00,7.61,84.09,10135.0,21.667046,-157.95213,2271.0,5,25,5,145
2017-05-25 06:00:00+00:00,8.0,79.19,10141.0,21.667046,-157.95213,2233.0,6,25,5,145
2017-05-25 07:00:00+00:00,8.79,79.99,10147.0,21.667046,-157.95213,2303.0,7,25,5,145
2017-05-25 08:00:00+00:00,8.74,84.85,10151.0,21.667046,-157.95213,2359.0,8,25,5,145
2017-05-25 09:00:00+00:00,9.21,83.97,10152.0,21.667046,-157.95213,2286.0,9,25,5,145
2017-05-25 10:00:00+00:00,9.34,79.81,10152.0,21.667046,-157.95213,2226.0,10,25,5,145
2017-05-25 11:00:00+00:00,8.8,76.04,10149.0,21.667046,-157.95213,2215.0,11,25,5,145
2017-05-25 12:00:00+00:00,8.66,79.52,10141.0,21.667046,-157.95213,2275.0,12,25,5,145
2017-05-25 13:00:00+00:00,7.66,89.95,10138.0,21.667046,-157.95213,2319.0,13,25,5,145
2017-05-25 14:00:00+00:00,7.3,72.01,10134.0,21.667046,-157.95213,2190.0,14,25,5,145
2017-05-25 15:00:00+00:00,8.67,84.18,10136.0,21.667046,-157.95213,2341.0,15,25,5,145
2017-05-25 16:00:00+00:00,8.84,75.17,10139.0,21.667046,-157.95213,2307.0,16,25,5,145
2017-05-25 17:00:00+00:00,6.55,74.77,10141.0,21.667046,-157.95213,2539.0,17,25,5,145
2017-05-25 18:00:00+00:00,9.69,59.03,10148.0,21.667046,-157.95213,2651.0,18,25,5,145
2017-05-25 19:00:00+00:00,4.56,142.32,10150.0,21.667046,-157.95213,2233.0,19,25,5,145
2017-05-25 20:00:00+00:00,10.03,74.67,10153.0,21.667046,-157.95213,3035.0,20,25,5,145
2017-05-25 21:00:00+00:00,8.38,82.03,10153.0,21.667046,-157.95213,2533.0,21,25,5,145
2017-05-25 22:00:00+00:00,6.7,92.22,10151.0,21.667046,-157.95213,3155.0,22,25,5,145
2017-05-25 23:00:00+00:00,7.82,80.05,10147.0,21.667046,-157.95213,3110.0,23,25,5,145
2017-05-26 00:00:00+00:00,7.88,80.5,10142.0,21.667046,-157.95213,3289.0,0,26,5,146
2017-05-26 01:00:00+00:00,7.94,76.87,10139.0,21.667046,-157.95213,2919.0,1,26,5,146
2017-05-26 02:00:00+00:00,6.61,82.73,10131.0,21.667046,-157.95213,2833.0,2,26,5,146
2017-05-26 03:00:00+00:00,5.17,89.21,10128.0,21.667046,-157.95213,2617.0,3,26,5,146
2017-05-26 04:00:00+00:00,6.64,63.02,10129.0,21.667046,-157.95213,2600.0,4,26,5,146
2017-05-26 05:00:00+00:00,6.72,63.43,10133.0,21.667046,-157.95213,2208.0,5,26,5,146
2017-05-26 06:00:00+00:00,6.49,64.77,10137.0,21.667046,-157.95213,2056.0,6,26,5,146
2017-05-26 07:00:00+00:00,5.98,59.71,10143.0,21.667046,-157.95213,2287.0,7,26,5,146
2017-05-26 08:00:00+00:00,5.45,61.02,10147.0,21.667046,-157.95213,2304.0,8,26,5,146
2017-05-26 09:00:00+00:00,4.57,64.99,10148.0,21.667046,-157.95213,1909.0,9,26,5,146
2017-05-26 10:00:00+00:00,4.63,92.46,10146.0,21.667046,-157.95213,2190.0,10,26,5,146
2017-05-26 11:00:00+00:00,2.41,149.31,10139.0,21.667046,-157.95213,2068.0,11,26,5,146
2017-05-26 12:00:00+00:00,0.79,147.51,10131.0,21.667046,-157.95213,1882.0,12,26,5,146
2017-05-26 13:00:00+00:00,0.48,159.89,10127.0,21.667046,-157.95213,1837.0,13,26,5,146
2017-05-26 14:00:00+00:00,0.26,64.13,10125.0,21.667046,-157.95213,1798.0,14,26,5,146
2017-05-26 15:00:00+00:00,1.58,19.41,10121.0,21.667046,-157.95213,1782.0,15,26,5,146
2017-05-26 16:00:00+00:00,2.92,15.53,10124.0,21.667046,-157.95213,1745.0,16,26,5,146
2017-05-26 17:00:00+00:00,3.36,30.29,10126.0,21.667046,-157.95213,2491.0,17,26,5,146
2017-05-26 18:00:00+00:00,3.63,34.66,10132.0,21.667046,-157.95213,2880.0,18,26,5,146
2017-05-26 19:00:00+00:00,3.99,50.17,10135.0,21.667046,-157.95213,3129.0,19,26,5,146
2017-05-26 20:00:00+00:00,4.42,42.17,10135.0,21.667046,-157.95213,3356.0,20,26,5,146
2017-05-26 21:00:00+00:00,4.67,47.14,10134.0,21.667046,-157.95213,3527.0,21,26,5,146
2017-05-26 22:00:00+00:00,4.77,47.68,10134.0,21.667046,-157.95213,3619.0,22,26,5,146
2017-05-26 23:00:00+00:00,4.59,49.98,10129.0,21.667046,-157.95213,3664.0,23,26,5,146
2017-05-27 00:00:00+00:00,4.61,52.46,10124.0,21.667046,-157.95213,3428.0,0,27,5,147
2017-05-27 01:00:00+00:00,4.39,49.31,10123.0,21.667046,-157.95213,3411.0,1,27,5,147
2017-05-27 02:00:00+00:00,3.93,53.03,10116.0,21.667046,-157.95213,3270.0,2,27,5,147
2017-05-27 03:00:00+00:00,3.81,55.61,10115.0,21.667046,-157.95213,2991.0,3,27,5,147
2017-05-27 04:00:00+00:00,3.49,66.34,10117.0,21.667046,-157.95213,2672.0,4,27,5,147
2017-05-27 05:00:00+00:00,4.22,75.4,10118.0,21.667046,-157.95213,2199.0,5,27,5,147
2017-05-27 06:00:00+00:00,3.6,74.54,10122.0,21.667046,-157.95213,1890.0,6,27,5,147
2017-05-27 07:00:00+00:00,3.17,93.58,10126.0,21.667046,-157.95213,1925.0,7,27,5,147
2017-05-27 08:00:00+00:00,2.58,126.1,10131.0,21.667046,-157.95213,2242.0,8,27,5,147
2017-05-27 09:00:00+00:00,2.84,127.17,10132.0,21.667046,-157.95213,1890.0,9,27,5,147
2017-05-27 10:00:00+00:00,3.06,150.87,10129.0,21.667046,-157.95213,1946.0,10,27,5,147
2017-05-27 11:00:00+00:00,2.84,146.82,10123.0,21.667046,-157.95213,1928.0,11,27,5,147
2017-05-27 12:00:00+00:00,3.07,146.62,10121.0,21.667046,-157.95213,1903.0,12,27,5,147
2017-05-27 13:00:00+00:00,2.65,156.2,10115.0,21.667046,-157.95213,1876.0,13,27,5,147
2017-05-27 14:00:00+00:00,2.78,162.89,10115.0,21.667046,-157.95213,1872.0,14,27,5,147
2017-05-27 15:00:00+00:00,2.72,154.47,10113.0,21.667046,-157.95213,1846.0,15,27,5,147
2017-05-27 16:00:00+00:00,2.19,140.63,10119.0,21.667046,-157.95213,1850.0,16,27,5,147
2017-05-27 17:00:00+00:00,1.56,148.87,10124.0,21.667046,-157.95213,2574.0,17,27,5,147
2017-05-27 18:00:00+00:00,2.47,113.89,10128.0,21.667046,-157.95213,2940.0,18,27,5,147
2017-05-27 19:00:00+00:00,3.47,103.42,10130.0,21.667046,-157.95213,3168.0,19,27,5,147
2017-05-27 20:00:00+00:00,5.48,96.94,10129.0,21.667046,-157.95213,3390.0,20,27,5,147
2017-05-27 21:00:00+00:00,6.32,103.39,10130.0,21.667046,-157.95213,3570.0,21,27,5,147
2017-05-27 22:00:00+00:00,6.5,108.63,10128.0,21.667046,-157.95213,3346.0,22,27,5,147
2017-05-27 23:00:00+00:00,5.32,122.35,10126.0,21.667046,-157.95213,2925.0,23,27,5,147
2017-05-28 00:00:00+00:00,5.77,110.9,10119.0,21.667046,-157.95213,3589.0,0,28,5,148
2017-05-28 01:00:00+00:00,5.55,114.51,10116.0,21.667046,-157.95213,3233.0,1,28,5,148
2017-05-28 02:00:00+00:00,3.8,145.02,10113.0,21.667046,-157.95213,2865.0,2,28,5,148
2017-05-28 03:00:00+00:00,4.59,149.03,10113.0,21.667046,-157.95213,2634.0,3,28,5,148
2017-05-28 04:00:00+00:00,2.92,153.04,10117.0,21.667046,-157.95213,2571.0,4,28,5,148
2017-05-28 05:00:00+00:00,3.47,142.78,10117.0,21.667046,-157.95213,2176.0,5,28,5,148
2017-05-28 06:00:00+00:00,4.53,156.04,10121.0,21.667046,-157.95213,2116.0,6,28,5,148
2017-05-28 07:00:00+00:00,5.04,145.63,10126.0,21.667046,-157.95213,2061.0,7,28,5,148
2017-05-28 08:00:00+00:00,3.96,143.33,10132.0,21.667046,-157.95213,2048.0,8,28,5,148
2017-05-28 09:00:00+00:00,5.16,129.34,10137.0,21.667046,-157.95213,2044.0,9,28,5,148
2017-05-28 10:00:00+00:00,2.66,158.05,10134.0,21.667046,-157.95213,2010.0,10,28,5,148
2017-05-28 11:00:00+00:00,2.64,164.84,10129.0,21.667046,-157.95213,1970.0,11,28,5,148
2017-05-28 12:00:00+00:00,4.62,126.86,10123.0,21.667046,-157.95213,1832.0,12,28,5,148
2017-05-28 13:00:00+00:00,4.6,145.49,10119.0,21.667046,-157.95213,1883.0,13,28,5,148
2017-05-28 14:00:00+00:00,4.44,140.37,10119.0,21.667046,-157.95213,1901.0,14,28,5,148
2017-05-28 15:00:00+00:00,5.0,142.67,10120.0,21.667046,-157.95213,1893.0,15,28,5,148
2017-05-28 16:00:00+00:00,5.84,152.06,10123.0,21.667046,-157.95213,1910.0,16,28,5,148
2017-05-28 17:00:00+00:00,5.47,144.41,10130.0,21.667046,-157.95213,2367.0,17,28,5,148
2017-05-28 18:00:00+00:00,6.37,127.27,10132.0,21.667046,-157.95213,2746.0,18,28,5,148
2017-05-28 19:00:00+00:00,6.6,115.83,10132.0,21.667046,-157.95213,3249.0,19,28,5,148
2017-05-28 20:00:00+00:00,6.24,111.26,10133.0,21.667046,-157.95213,3482.0,20,28,5,148
2017-05-28 21:00:00+00:00,6.85,109.49,10131.0,21.667046,-157.95213,3584.0,21,28,5,148
2017-05-28 22:00:00+00:00,6.81,109.94,10134.0,21.667046,-157.95213,3659.0,22,28,5,148
2017-05-28 23:00:00+00:00,6.61,111.66,10131.0,21.667046,-157.95213,3528.0,23,28,5,148
2017-05-29 00:00:00+00:00,4.98,129.93,10129.0,21.667046,-157.95213,3432.0,0,29,5,149
2017-05-29 01:00:00+00:00,3.71,143.74,10127.0,21.667046,-157.95213,3362.0,1,29,5,149
2017-05-29 02:00:00+00:00,3.66,107.91,10124.0,21.667046,-157.95213,3236.0,2,29,5,149
2017-05-29 03:00:00+00:00,3.97,93.96,10128.0,21.667046,-157.95213,2573.0,3,29,5,149
2017-05-29 04:00:00+00:00,5.04,93.56,10129.0,21.667046,-157.95213,2580.0,4,29,5,149
2017-05-29 05:00:00+00:00,5.85,98.15,10135.0,21.667046,-157.95213,2469.0,5,29,5,149
2017-05-29 06:00:00+00:00,6.13,96.13,10139.0,21.667046,-157.95213,2213.0,6,29,5,149
2017-05-29 07:00:00+00:00,6.04,103.75,10142.0,21.667046,-157.95213,2160.0,7,29,5,149
2017-05-29 08:00:00+00:00,5.55,110.86,10144.0,21.667046,-157.95213,2257.0,8,29,5,149
2017-05-29 09:00:00+00:00,5.7,121.74,10145.0,21.667046,-157.95213,2292.0,9,29,5,149
2017-05-29 10:00:00+00:00,5.05,123.19,10144.0,21.667046,-157.95213,2300.0,10,29,5,149
2017-05-29 11:00:00+00:00,5.27,134.3,10141.0,21.667046,-157.95213,2148.0,11,29,5,149
2017-05-29 12:00:00+00:00,4.39,135.85,10134.0,21.667046,-157.95213,2075.0,12,29,5,149
2017-05-29 13:00:00+00:00,4.48,154.84,10134.0,21.667046,-157.95213,2285.0,13,29,5,149
2017-05-29 14:00:00+00:00,4.56,141.02,10131.0,21.667046,-157.95213,2055.0,14,29,5,149
2017-05-29 15:00:00+00:00,3.45,145.54,10133.0,21.667046,-157.95213,2004.0,15,29,5,149
2017-05-29 16:00:00+00:00,2.22,146.9,10133.0,21.667046,-157.95213,2027.0,16,29,5,149
2017-05-29 17:00:00+00:00,3.85,140.15,10141.0,21.667046,-157.95213,2571.0,17,29,5,149
2017-05-29 18:00:00+00:00,3.92,114.74,10144.0,21.667046,-157.95213,2812.0,18,29,5,149
2017-05-29 19:00:00+00:00,4.78,98.25,10147.0,21.667046,-157.95213,3235.0,19,29,5,149
2017-05-29 20:00:00+00:00,5.58,101.12,10145.0,21.667046,-157.95213,3408.0,20,29,5,149
2017-05-29 21:00:00+00:00,5.8,92.34,10145.0,21.667046,-157.95213,3578.0,21,29,5,149
2017-05-29 22:00:00+00:00,5.67,93.44,10143.0,21.667046,-157.95213,3727.0,22,29,5,149
2017-05-29 23:00:00+00:00,5.49,82.49,10141.0,21.667046,-157.95213,3452.0,23,29,5,149
2017-05-30 00:00:00+00:00,5.79,85.33,10135.0,21.667046,-157.95213,3613.0,0,30,5,150
2017-05-30 01:00:00+00:00,5.43,92.92,10135.0,21.667046,-157.95213,3239.0,1,30,5,150
2017-05-30 02:00:00+00:00,6.39,96.52,10130.0,21.667046,-157.95213,2992.0,2,30,5,150
2017-05-30 03:00:00+00:00,5.59,90.11,10135.0,21.667046,-157.95213,3046.0,3,30,5,150
2017-05-30 04:00:00+00:00,4.91,95.52,10135.0,21.667046,-157.95213,2779.0,4,30,5,150
2017-05-30 05:00:00+00:00,5.49,95.01,10139.0,21.667046,-157.95213,2411.0,5,30,5,150
2017-05-30 06:00:00+00:00,5.79,103.97,10144.0,21.667046,-157.95213,2212.0,6,30,5,150
2017-05-30 07:00:00+00:00,5.23,110.01,10149.0,21.667046,-157.95213,2128.0,7,30,5,150
2017-05-30 08:00:00+00:00,6.79,99.57,10154.0,21.667046,-157.95213,2339.0,8,30,5,150
2017-05-30 09:00:00+00:00,5.58,105.09,10156.0,21.667046,-157.95213,2102.0,9,30,5,150
2017-05-30 10:00:00+00:00,4.53,102.15,10153.0,21.667046,-157.95213,2128.0,10,30,5,150
2017-05-30 11:00:00+00:00,5.29,103.13,10151.0,21.667046,-157.95213,2124.0,11,30,5,150
2017-05-30 12:00:00+00:00,5.89,103.03,10145.0,21.667046,-157.95213,2365.0,12,30,5,150
2017-05-30 13:00:00+00:00,6.22,108.84,10143.0,21.667046,-157.95213,2079.0,13,30,5,150
2017-05-30 14:00:00+00:00,5.44,104.68,10142.0,21.667046,-157.95213,2068.0,14,30,5,150
2017-05-30 15:00:00+00:00,4.81,123.58,10145.0,21.667046,-157.95213,2317.0,15,30,5,150
2017-05-30 16:00:00+00:00,4.95,129.28,10148.0,21.667046,-157.95213,2313.0,16,30,5,150
2017-05-30 17:00:00+00:00,5.63,103.91,10152.0,21.667046,-157.95213,2667.0,17,30,5,150
2017-05-30 18:00:00+00:00,6.04,103.86,10155.0,21.667046,-157.95213,2925.0,18,30,5,150
2017-05-30 19:00:00+00:00,6.87,99.21,10156.0,21.667046,-157.95213,3189.0,19,30,5,150
2017-05-30 20:00:00+00:00,7.09,99.49,10155.0,21.667046,-157.95213,3394.0,20,30,5,150
2017-05-30 21:00:00+00:00,7.54,100.51,10154.0,21.667046,-157.95213,3458.0,21,30,5,150
2017-05-30 22:00:00+00:00,7.44,97.5,10153.0,21.667046,-157.95213,3599.0,22,30,5,150
2017-05-30 23:00:00+00:00,7.51,95.54,10150.0,21.667046,-157.95213,3663.0,23,30,5,150
2017-05-31 00:00:00+00:00,7.28,95.47,10147.0,21.667046,-157.95213,3459.0,0,31,5,151
2017-05-31 01:00:00+00:00,7.33,94.68,10144.0,21.667046,-157.95213,3488.0,1,31,5,151
2017-05-31 02:00:00+00:00,7.31,93.48,10144.0,21.667046,-157.95213,3196.0,2,31,5,151
2017-05-31 03:00:00+00:00,7.28,91.13,10145.0,21.667046,-157.95213,3017.0,3,31,5,151
2017-05-31 04:00:00+00:00,6.78,99.13,10146.0,21.667046,-157.95213,2748.0,4,31,5,151
2017-05-31 05:00:00+00:00,7.6,98.18,10150.0,21.667046,-157.95213,2507.0,5,31,5,151
2017-05-31 06:00:00+00:00,8.12,101.2,10155.0,21.667046,-157.95213,2380.0,6,31,5,151
2017-05-31 07:00:00+00:00,8.69,98.86,10157.0,21.667046,-157.95213,2363.0,7,31,5,151
2017-05-31 08:00:00+00:00,8.98,97.15,10159.0,21.667046,-157.95213,2414.0,8,31,5,151
2017-05-31 09:00:00+00:00,8.33,103.47,10160.0,21.667046,-157.95213,2467.0,9,31,5,151
2017-05-31 10:00:00+00:00,8.85,101.68,10157.0,21.667046,-157.95213,2321.0,10,31,5,151
2017-05-31 11:00:00+00:00,8.9,101.57,10151.0,21.667046,-157.95213,2307.0,11,31,5,151
2017-05-31 12:00:00+00:00,8.76,98.36,10143.0,21.667046,-157.95213,2299.0,12,31,5,151
2017-05-31 13:00:00+00:00,8.91,102.14,10140.0,21.667046,-157.95213,2299.0,13,31,5,151
2017-05-31 14:00:00+00:00,9.0,98.23,10141.0,21.667046,-157.95213,2251.0,14,31,5,151
2017-05-31 15:00:00+00:00,9.0,99.91,10145.0,21.667046,-157.95213,2269.0,15,31,5,151
2017-05-31 16:00:00+00:00,9.27,99.93,10148.0,21.667046,-157.95213,2230.0,16,31,5,151
2017-05-31 17:00:00+00:00,9.49,100.95,10154.0,21.667046,-157.95213,2647.0,17,31,5,151
2017-05-31 18:00:00+00:00,9.72,101.88,10159.0,21.667046,-157.95213,2936.0,18,31,5,151
2017-05-31 19:00:00+00:00,8.82,97.49,10161.0,21.667046,-157.95213,3101.0,19,31,5,151
2017-05-31 20:00:00+00:00,9.27,97.66,10162.0,21.667046,-157.95213,3205.0,20,31,5,151
2017-05-31 21:00:00+00:00,9.43,96.34,10161.0,21.667046,-157.95213,3411.0,21,31,5,151
2017-05-31 22:00:00+00:00,9.2,96.82,10159.0,21.667046,-157.95213,3610.0,22,31,5,151
2017-05-31 23:00:00+00:00,9.27,94.6,10157.0,21.667046,-157.95213,3584.0,23,31,5,151
2017-06-01 00:00:00+00:00,9.21,93.12,10151.0,21.667046,-157.95213,3465.0,0,1,6,152
2017-06-01 01:00:00+00:00,9.4,88.92,10146.0,21.667046,-157.95213,3368.0,1,1,6,152
2017-06-01 02:00:00+00:00,9.61,87.88,10142.0,21.667046,-157.95213,3112.0,2,1,6,152
2017-06-01 03:00:00+00:00,10.43,88.19,10142.0,21.667046,-157.95213,2958.0,3,1,6,152
2017-06-01 04:00:00+00:00,10.38,92.59,10144.0,21.667046,-157.95213,2702.0,4,1,6,152
2017-06-01 05:00:00+00:00,11.53,90.42,10146.0,21.667046,-157.95213,2405.0,5,1,6,152
2017-06-01 06:00:00+00:00,12.4,93.9,10146.0,21.667046,-157.95213,2342.0,6,1,6,152
2017-06-01 07:00:00+00:00,12.32,97.16,10152.0,21.667046,-157.95213,2337.0,7,1,6,152
2017-06-01 08:00:00+00:00,12.01,100.08,10158.0,21.667046,-157.95213,2324.0,8,1,6,152
2017-06-01 09:00:00+00:00,11.2,100.47,10161.0,21.667046,-157.95213,2316.0,9,1,6,152
2017-06-01 10:00:00+00:00,10.35,102.37,10160.0,21.667046,-157.95213,2283.0,10,1,6,152
2017-06-01 11:00:00+00:00,9.59,98.36,10153.0,21.667046,-157.95213,2268.0,11,1,6,152
2017-06-01 12:00:00+00:00,10.18,97.69,10144.0,21.667046,-157.95213,2270.0,12,1,6,152
2017-06-01 13:00:00+00:00,9.58,98.21,10139.0,21.667046,-157.95213,2237.0,13,1,6,152
2017-06-01 14:00:00+00:00,9.01,95.81,10136.0,21.667046,-157.95213,2224.0,14,1,6,152
2017-06-01 15:00:00+00:00,9.74,92.94,10137.0,21.667046,-157.95213,2231.0,15,1,6,152
2017-06-01 16:00:00+00:00,8.86,91.97,10143.0,21.667046,-157.95213,2240.0,16,1,6,152
2017-06-01 17:00:00+00:00,8.92,89.94,10152.0,21.667046,-157.95213,2649.0,17,1,6,152
2017-06-01 18:00:00+00:00,9.49,86.58,10156.0,21.667046,-157.95213,2876.0,18,1,6,152
2017-06-01 19:00:00+00:00,9.63,83.44,10159.0,21.667046,-157.95213,3053.0,19,1,6,152
2017-06-01 20:00:00+00:00,10.56,84.86,10158.0,21.667046,-157.95213,3211.0,20,1,6,152
2017-06-01 21:00:00+00:00,11.3,85.22,10157.0,21.667046,-157.95213,3353.0,21,1,6,152
2017-06-01 22:00:00+00:00,11.17,84.32,10153.0,21.667046,-157.95213,3240.0,22,1,6,152
2017-06-01 23:00:00+00:00,11.1,87.72,10148.0,21.667046,-157.95213,3551.0,23,1,6,152
2017-06-02 00:00:00+00:00,11.0,89.26,10144.0,21.667046,-157.95213,3537.0,0,2,6,153
2017-06-02 01:00:00+00:00,10.47,94.32,10140.0,21.667046,-157.95213,3298.0,1,2,6,153
2017-06-02 02:00:00+00:00,11.63,93.57,10136.0,21.667046,-157.95213,3121.0,2,2,6,153
2017-06-02 03:00:00+00:00,11.19,96.38,10136.0,21.667046,-157.95213,2916.0,3,2,6,153
2017-06-02 04:00:00+00:00,10.83,97.72,10139.0,21.667046,-157.95213,2710.0,4,2,6,153
2017-06-02 05:00:00+00:00,11.2,94.93,10142.0,21.667046,-157.95213,2375.0,5,2,6,153
2017-06-02 06:00:00+00:00,11.94,96.08,10148.0,21.667046,-157.95213,2331.0,6,2,6,153
2017-06-02 07:00:00+00:00,12.62,94.62,10154.0,21.667046,-157.95213,2335.0,7,2,6,153
2017-06-02 08:00:00+00:00,12.45,91.46,10158.0,21.667046,-157.95213,2342.0,8,2,6,153
2017-06-02 09:00:00+00:00,12.57,90.34,10156.0,21.667046,-157.95213,2309.0,9,2,6,153
2017-06-02 10:00:00+00:00,11.84,92.5,10151.0,21.667046,-157.95213,2318.0,10,2,6,153
2017-06-02 11:00:00+00:00,11.68,94.38,10146.0,21.667046,-157.95213,2289.0,11,2,6,153
2017-06-02 12:00:00+00:00,11.9,91.77,10139.0,21.667046,-157.95213,2276.0,12,2,6,153
2017-06-02 13:00:00+00:00,11.39,97.37,10138.0,21.667046,-157.95213,2270.0,13,2,6,153
2017-06-02 14:00:00+00:00,12.18,93.32,10139.0,21.667046,-157.95213,2285.0,14,2,6,153
2017-06-02 15:00:00+00:00,11.79,91.87,10145.0,21.667046,-157.95213,2291.0,15,2,6,153
2017-06-02 16:00:00+00:00,11.65,93.91,10150.0,21.667046,-157.95213,2298.0,16,2,6,153
2017-06-02 17:00:00+00:00,10.71,90.76,10149.0,21.667046,-157.95213,2674.0,17,2,6,153
2017-06-02 18:00:00+00:00,11.17,92.54,10152.0,21.667046,-157.95213,2893.0,18,2,6,153
2017-06-02 19:00:00+00:00,11.58,93.83,10153.0,21.667046,-157.95213,3141.0,19,2,6,153
2017-06-02 20:00:00+00:00,11.45,90.78,10152.0,21.667046,-157.95213,3039.0,20,2,6,153
2017-06-02 21:00:00+00:00,11.48,95.39,10147.0,21.667046,-157.95213,3424.0,21,2,6,153
2017-06-02 22:00:00+00:00,11.57,80.36,10148.0,21.667046,-157.95213,3275.0,22,2,6,153
2017-06-02 23:00:00+00:00,11.37,92.64,10145.0,21.667046,-157.95213,3366.0,23,2,6,153
2017-06-03 00:00:00+00:00,11.49,90.64,10138.0,21.667046,-157.95213,3390.0,0,3,6,154
2017-06-03 01:00:00+00:00,10.9,84.48,10137.0,21.667046,-157.95213,3217.0,1,3,6,154
2017-06-03 02:00:00+00:00,10.78,96.69,10138.0,21.667046,-157.95213,2922.0,2,3,6,154
2017-06-03 03:00:00+00:00,12.27,85.8,10133.0,21.667046,-157.95213,2934.0,3,3,6,154
2017-06-03 04:00:00+00:00,11.79,87.77,10137.0,21.667046,-157.95213,2723.0,4,3,6,154
2017-06-03 05:00:00+00:00,11.57,85.19,10138.0,21.667046,-157.95213,2410.0,5,3,6,154
2017-06-03 06:00:00+00:00,13.6,81.83,10145.0,21.667046,-157.95213,2362.0,6,3,6,154
2017-06-03 07:00:00+00:00,13.15,90.73,10147.0,21.667046,-157.95213,2289.0,7,3,6,154
2017-06-03 08:00:00+00:00,12.69,91.1,10150.0,21.667046,-157.95213,2360.0,8,3,6,154
2017-06-03 09:00:00+00:00,13.95,87.79,10150.0,21.667046,-157.95213,2345.0,9,3,6,154
2017-06-03 10:00:00+00:00,13.74,86.99,10149.0,21.667046,-157.95213,2342.0,10,3,6,154
2017-06-03 11:00:00+00:00,13.29,86.16,10145.0,21.667046,-157.95213,2332.0,11,3,6,154
2017-06-03 12:00:00+00:00,12.27,87.66,10136.0,21.667046,-157.95213,2319.0,12,3,6,154
2017-06-03 13:00:00+00:00,12.31,84.92,10134.0,21.667046,-157.95213,2316.0,13,3,6,154
2017-06-03 14:00:00+00:00,11.7,84.25,10132.0,21.667046,-157.95213,2303.0,14,3,6,154
2017-06-03 15:00:00+00:00,11.75,84.77,10137.0,21.667046,-157.95213,2303.0,15,3,6,154
2017-06-03 16:00:00+00:00,10.73,86.1,10140.0,21.667046,-157.95213,2325.0,16,3,6,154
2017-06-03 17:00:00+00:00,11.12,83.37,10148.0,21.667046,-157.95213,2699.0,17,3,6,154
2017-06-03 18:00:00+00:00,10.6,82.48,10152.0,21.667046,-157.95213,2956.0,18,3,6,154
2017-06-03 19:00:00+00:00,10.29,81.33,10156.0,21.667046,-157.95213,2988.0,19,3,6,154
2017-06-03 20:00:00+00:00,9.74,80.99,10155.0,21.667046,-157.95213,3158.0,20,3,6,154
2017-06-03 21:00:00+00:00,11.73,74.64,10155.0,21.667046,-157.95213,3034.0,21,3,6,154
2017-06-03 22:00:00+00:00,10.81,74.23,10152.0,21.667046,-157.95213,3200.0,22,3,6,154
2017-06-03 23:00:00+00:00,11.58,79.31,10149.0,21.667046,-157.95213,3525.0,23,3,6,154
2017-06-04 00:00:00+00:00,11.79,78.77,10139.0,21.667046,-157.95213,3364.0,0,4,6,155
2017-06-04 01:00:00+00:00,12.05,81.6,10135.0,21.667046,-157.95213,3372.0,1,4,6,155
2017-06-04 02:00:00+00:00,12.29,78.6,10131.0,21.667046,-157.95213,3164.0,2,4,6,155
2017-06-04 03:00:00+00:00,12.42,77.03,10129.0,21.667046,-157.95213,2956.0,3,4,6,155
2017-06-04 04:00:00+00:00,11.91,82.83,10134.0,21.667046,-157.95213,2732.0,4,4,6,155
2017-06-04 05:00:00+00:00,11.83,78.93,10139.0,21.667046,-157.95213,2406.0,5,4,6,155
2017-06-04 06:00:00+00:00,12.73,78.43,10145.0,21.667046,-157.95213,2368.0,6,4,6,155
2017-06-04 07:00:00+00:00,12.63,81.03,10148.0,21.667046,-157.95213,2348.0,7,4,6,155
2017-06-04 08:00:00+00:00,12.49,77.9,10152.0,21.667046,-157.95213,2343.0,8,4,6,155
2017-06-04 09:00:00+00:00,12.75,77.58,10150.0,21.667046,-157.95213,2353.0,9,4,6,155
2017-06-04 10:00:00+00:00,12.44,79.3,10148.0,21.667046,-157.95213,2342.0,10,4,6,155
2017-06-04 11:00:00+00:00,12.34,80.85,10143.0,21.667046,-157.95213,2346.0,11,4,6,155
2017-06-04 12:00:00+00:00,11.44,79.03,10137.0,21.667046,-157.95213,2320.0,12,4,6,155
2017-06-04 13:00:00+00:00,10.93,84.45,10133.0,21.667046,-157.95213,2294.0,13,4,6,155
2017-06-04 14:00:00+00:00,11.35,77.35,10132.0,21.667046,-157.95213,2267.0,14,4,6,155
2017-06-04 15:00:00+00:00,10.81,75.52,10134.0,21.667046,-157.95213,2267.0,15,4,6,155
2017-06-04 16:00:00+00:00,9.79,78.42,10136.0,21.667046,-157.95213,2253.0,16,4,6,155
2017-06-04 17:00:00+00:00,8.58,73.14,10141.0,21.667046,-157.95213,2566.0,17,4,6,155
2017-06-04 18:00:00+00:00,9.86,81.35,10144.0,21.667046,-157.95213,2758.0,18,4,6,155
2017-06-04 19:00:00+00:00,8.67,77.4,10149.0,21.667046,-157.95213,2907.0,19,4,6,155
2017-06-04 20:00:00+00:00,9.52,75.35,10149.0,21.667046,-157.95213,3189.0,20,4,6,155
2017-06-04 21:00:00+00:00,8.16,72.15,10148.0,21.667046,-157.95213,3296.0,21,4,6,155
2017-06-04 22:00:00+00:00,8.52,61.37,10149.0,21.667046,-157.95213,2934.0,22,4,6,155
2017-06-04 23:00:00+00:00,8.61,69.02,10146.0,21.667046,-157.95213,3448.0,23,4,6,155
2017-06-05 00:00:00+00:00,8.8,63.4,10142.0,21.667046,-157.95213,2907.0,0,5,6,156
2017-06-05 01:00:00+00:00,7.5,62.26,10141.0,21.667046,-157.95213,2960.0,1,5,6,156
2017-06-05 02:00:00+00:00,8.41,71.35,10136.0,21.667046,-157.95213,2936.0,2,5,6,156
2017-06-05 03:00:00+00:00,8.29,67.96,10138.0,21.667046,-157.95213,2677.0,3,5,6,156
2017-06-05 04:00:00+00:00,9.16,58.58,10138.0,21.667046,-157.95213,2551.0,4,5,6,156
2017-06-05 05:00:00+00:00,9.3,53.76,10144.0,21.667046,-157.95213,2458.0,5,5,6,156
2017-06-05 06:00:00+00:00,9.54,60.86,10146.0,21.667046,-157.95213,2362.0,6,5,6,156
2017-06-05 07:00:00+00:00,10.38,54.24,10149.0,21.667046,-157.95213,2421.0,7,5,6,156
2017-06-05 08:00:00+00:00,9.78,68.54,10151.0,21.667046,-157.95213,2342.0,8,5,6,156
2017-06-05 09:00:00+00:00,10.15,70.53,10151.0,21.667046,-157.95213,2325.0,9,5,6,156
2017-06-05 10:00:00+00:00,11.43,80.13,10150.0,21.667046,-157.95213,2346.0,10,5,6,156
2017-06-05 11:00:00+00:00,10.43,76.02,10143.0,21.667046,-157.95213,2366.0,11,5,6,156
2017-06-05 12:00:00+00:00,10.08,78.62,10136.0,21.667046,-157.95213,2301.0,12,5,6,156
2017-06-05 13:00:00+00:00,9.85,81.09,10133.0,21.667046,-157.95213,2277.0,13,5,6,156
2017-06-05 14:00:00+00:00,9.91,80.31,10130.0,21.667046,-157.95213,2259.0,14,5,6,156
2017-06-05 15:00:00+00:00,9.85,79.39,10134.0,21.667046,-157.95213,2247.0,15,5,6,156
2017-06-05 16:00:00+00:00,9.52,83.52,10136.0,21.667046,-157.95213,2258.0,16,5,6,156
2017-06-05 17:00:00+00:00,9.96,88.31,10139.0,21.667046,-157.95213,2684.0,17,5,6,156
2017-06-05 18:00:00+00:00,9.83,89.02,10144.0,21.667046,-157.95213,2836.0,18,5,6,156
2017-06-05 19:00:00+00:00,9.33,86.1,10147.0,21.667046,-157.95213,3024.0,19,5,6,156
2017-06-05 20:00:00+00:00,8.64,85.7,10149.0,21.667046,-157.95213,3288.0,20,5,6,156
2017-06-05 21:00:00+00:00,8.18,83.07,10147.0,21.667046,-157.95213,3487.0,21,5,6,156
2017-06-05 22:00:00+00:00,8.32,81.89,10146.0,21.667046,-157.95213,3575.0,22,5,6,156
2017-06-05 23:00:00+00:00,8.03,83.51,10143.0,21.667046,-157.95213,3692.0,23,5,6,156
2017-06-06 00:00:00+00:00,7.7,83.43,10135.0,21.667046,-157.95213,3693.0,0,6,6,157
2017-06-06 01:00:00+00:00,7.62,74.24,10133.0,21.667046,-157.95213,3373.0,1,6,6,157
2017-06-06 02:00:00+00:00,7.77,71.24,10131.0,21.667046,-157.95213,3280.0,2,6,6,157
2017-06-06 03:00:00+00:00,7.78,61.77,10132.0,21.667046,-157.95213,2865.0,3,6,6,157
2017-06-06 04:00:00+00:00,8.36,59.97,10136.0,21.667046,-157.95213,2721.0,4,6,6,157
2017-06-06 05:00:00+00:00,8.24,60.62,10142.0,21.667046,-157.95213,2386.0,5,6,6,157
2017-06-06 06:00:00+00:00,9.88,62.9,10148.0,21.667046,-157.95213,2421.0,6,6,6,157
2017-06-06 07:00:00+00:00,8.87,61.87,10151.0,21.667046,-157.95213,2349.0,7,6,6,157
2017-06-06 08:00:00+00:00,9.35,78.9,10155.0,21.667046,-157.95213,2382.0,8,6,6,157
2017-06-06 09:00:00+00:00,8.92,75.14,10156.0,21.667046,-157.95213,2301.0,9,6,6,157
2017-06-06 10:00:00+00:00,9.07,83.36,10155.0,21.667046,-157.95213,2276.0,10,6,6,157
2017-06-06 11:00:00+00:00,8.55,86.0,10150.0,21.667046,-157.95213,2281.0,11,6,6,157
2017-06-06 12:00:00+00:00,8.94,78.92,10142.0,21.667046,-157.95213,2254.0,12,6,6,157
2017-06-06 13:00:00+00:00,7.7,82.63,10141.0,21.667046,-157.95213,2184.0,13,6,6,157
2017-06-06 14:00:00+00:00,8.49,84.94,10138.0,21.667046,-157.95213,2211.0,14,6,6,157
2017-06-06 15:00:00+00:00,8.51,81.83,10139.0,21.667046,-157.95213,2188.0,15,6,6,157
2017-06-06 16:00:00+00:00,8.08,86.89,10141.0,21.667046,-157.95213,2218.0,16,6,6,157
2017-06-06 17:00:00+00:00,7.92,89.68,10143.0,21.667046,-157.95213,2634.0,17,6,6,157
2017-06-06 18:00:00+00:00,8.39,86.01,10147.0,21.667046,-157.95213,2928.0,18,6,6,157
2017-06-06 19:00:00+00:00,8.32,83.14,10151.0,21.667046,-157.95213,3151.0,19,6,6,157
2017-06-06 20:00:00+00:00,8.58,89.87,10152.0,21.667046,-157.95213,3387.0,20,6,6,157
2017-06-06 21:00:00+00:00,8.44,94.25,10151.0,21.667046,-157.95213,3528.0,21,6,6,157
2017-06-06 22:00:00+00:00,8.32,93.86,10150.0,21.667046,-157.95213,3599.0,22,6,6,157
2017-06-06 23:00:00+00:00,8.04,89.33,10150.0,21.667046,-157.95213,3729.0,23,6,6,157
2017-06-07 00:00:00+00:00,7.72,84.0,10142.0,21.667046,-157.95213,3700.0,0,7,6,158
2017-06-07 01:00:00+00:00,7.65,75.05,10138.0,21.667046,-157.95213,3463.0,1,7,6,158
2017-06-07 02:00:00+00:00,7.74,74.69,10135.0,21.667046,-157.95213,3323.0,2,7,6,158
2017-06-07 03:00:00+00:00,7.55,72.64,10136.0,21.667046,-157.95213,3081.0,3,7,6,158
2017-06-07 04:00:00+00:00,8.11,73.85,10140.0,21.667046,-157.95213,2772.0,4,7,6,158
2017-06-07 05:00:00+00:00,8.53,75.34,10147.0,21.667046,-157.95213,2366.0,5,7,6,158
2017-06-07 06:00:00+00:00,8.53,74.29,10152.0,21.667046,-157.95213,2283.0,6,7,6,158
2017-06-07 07:00:00+00:00,9.32,86.31,10157.0,21.667046,-157.95213,2328.0,7,7,6,158
2017-06-07 08:00:00+00:00,8.86,75.98,10161.0,21.667046,-157.95213,2299.0,8,7,6,158
2017-06-07 09:00:00+00:00,8.51,76.7,10162.0,21.667046,-157.95213,2328.0,9,7,6,158
2017-06-07 10:00:00+00:00,8.64,77.84,10160.0,21.667046,-157.95213,2263.0,10,7,6,158
2017-06-07 11:00:00+00:00,7.97,74.84,10153.0,21.667046,-157.95213,2260.0,11,7,6,158
2017-06-07 12:00:00+00:00,7.98,67.22,10147.0,21.667046,-157.95213,2250.0,12,7,6,158
2017-06-07 13:00:00+00:00,8.2,71.68,10143.0,21.667046,-157.95213,2336.0,13,7,6,158
2017-06-07 14:00:00+00:00,7.96,77.65,10141.0,21.667046,-157.95213,2217.0,14,7,6,158
2017-06-07 15:00:00+00:00,7.82,72.4,10142.0,21.667046,-157.95213,2212.0,15,7,6,158
2017-06-07 16:00:00+00:00,7.85,66.8,10143.0,21.667046,-157.95213,2312.0,16,7,6,158
2017-06-07 17:00:00+00:00,8.1,62.2,10150.0,21.667046,-157.95213,2619.0,17,7,6,158
2017-06-07 18:00:00+00:00,8.51,69.33,10153.0,21.667046,-157.95213,2836.0,18,7,6,158
2017-06-07 19:00:00+00:00,8.32,85.66,10157.0,21.667046,-157.95213,3136.0,19,7,6,158
2017-06-07 20:00:00+00:00,9.17,82.53,10156.0,21.667046,-157.95213,3344.0,20,7,6,158
2017-06-07 21:00:00+00:00,8.68,86.82,10155.0,21.667046,-157.95213,3620.0,21,7,6,158
2017-06-07 22:00:00+00:00,8.06,86.13,10155.0,21.667046,-157.95213,3647.0,22,7,6,158
2017-06-07 23:00:00+00:00,7.63,82.75,10153.0,21.667046,-157.95213,3712.0,23,7,6,158
2017-06-08 00:00:00+00:00,7.33,80.68,10146.0,21.667046,-157.95213,3579.0,0,8,6,159
2017-06-08 01:00:00+00:00,7.39,76.48,10146.0,21.667046,-157.95213,3484.0,1,8,6,159
2017-06-08 02:00:00+00:00,7.91,76.91,10141.0,21.667046,-157.95213,3305.0,2,8,6,159
2017-06-08 03:00:00+00:00,7.57,77.95,10140.0,21.667046,-157.95213,3006.0,3,8,6,159
2017-06-08 04:00:00+00:00,8.33,70.28,10140.0,21.667046,-157.95213,2756.0,4,8,6,159
2017-06-08 05:00:00+00:00,8.29,76.58,10144.0,21.667046,-157.95213,2373.0,5,8,6,159
2017-06-08 06:00:00+00:00,8.86,78.86,10148.0,21.667046,-157.95213,2282.0,6,8,6,159
2017-06-08 07:00:00+00:00,9.01,80.32,10155.0,21.667046,-157.95213,2282.0,7,8,6,159
2017-06-08 08:00:00+00:00,8.71,82.06,10157.0,21.667046,-157.95213,2253.0,8,8,6,159
2017-06-08 09:00:00+00:00,8.33,81.89,10157.0,21.667046,-157.95213,2232.0,9,8,6,159
2017-06-08 10:00:00+00:00,7.97,84.04,10154.0,21.667046,-157.95213,2190.0,10,8,6,159
2017-06-08 11:00:00+00:00,8.16,79.29,10147.0,21.667046,-157.95213,2202.0,11,8,6,159
2017-06-08 12:00:00+00:00,7.8,74.89,10140.0,21.667046,-157.95213,2197.0,12,8,6,159
2017-06-08 13:00:00+00:00,8.59,72.2,10137.0,21.667046,-157.95213,2226.0,13,8,6,159
2017-06-08 14:00:00+00:00,8.17,73.75,10136.0,21.667046,-157.95213,2183.0,14,8,6,159
2017-06-08 15:00:00+00:00,8.53,73.93,10139.0,21.667046,-157.95213,2230.0,15,8,6,159
2017-06-08 16:00:00+00:00,7.77,76.93,10142.0,21.667046,-157.95213,2194.0,16,8,6,159
2017-06-08 17:00:00+00:00,7.59,77.83,10147.0,21.667046,-157.95213,2696.0,17,8,6,159
2017-06-08 18:00:00+00:00,8.12,86.89,10151.0,21.667046,-157.95213,2806.0,18,8,6,159
2017-06-08 19:00:00+00:00,7.24,90.1,10154.0,21.667046,-157.95213,3199.0,19,8,6,159
2017-06-08 20:00:00+00:00,7.23,86.51,10157.0,21.667046,-157.95213,3436.0,20,8,6,159
2017-06-08 21:00:00+00:00,6.91,84.66,10158.0,21.667046,-157.95213,3639.0,21,8,6,159
2017-06-08 22:00:00+00:00,6.83,88.46,10156.0,21.667046,-157.95213,3747.0,22,8,6,159
2017-06-08 23:00:00+00:00,6.98,88.32,10155.0,21.667046,-157.95213,3688.0,23,8,6,159
2017-06-09 00:00:00+00:00,6.89,89.76,10148.0,21.667046,-157.95213,3631.0,0,9,6,160
2017-06-09 01:00:00+00:00,6.67,88.78,10145.0,21.667046,-157.95213,3554.0,1,9,6,160
2017-06-09 02:00:00+00:00,6.44,84.68,10139.0,21.667046,-157.95213,3304.0,2,9,6,160
2017-06-09 03:00:00+00:00,6.63,89.56,10137.0,21.667046,-157.95213,2959.0,3,9,6,160
2017-06-09 04:00:00+00:00,6.7,85.21,10137.0,21.667046,-157.95213,2769.0,4,9,6,160
2017-06-09 05:00:00+00:00,6.28,82.71,10141.0,21.667046,-157.95213,2414.0,5,9,6,160
2017-06-09 06:00:00+00:00,6.91,73.63,10146.0,21.667046,-157.95213,2332.0,6,9,6,160
2017-06-09 07:00:00+00:00,7.24,71.41,10149.0,21.667046,-157.95213,2295.0,7,9,6,160
2017-06-09 08:00:00+00:00,7.12,72.7,10152.0,21.667046,-157.95213,2265.0,8,9,6,160
2017-06-09 09:00:00+00:00,7.52,74.74,10152.0,21.667046,-157.95213,2281.0,9,9,6,160
2017-06-09 10:00:00+00:00,7.29,72.34,10151.0,21.667046,-157.95213,2407.0,10,9,6,160
2017-06-09 11:00:00+00:00,7.62,76.58,10146.0,21.667046,-157.95213,2263.0,11,9,6,160
2017-06-09 12:00:00+00:00,6.83,80.32,10139.0,21.667046,-157.95213,2144.0,12,9,6,160
2017-06-09 13:00:00+00:00,7.27,84.31,10137.0,21.667046,-157.95213,2204.0,13,9,6,160
2017-06-09 14:00:00+00:00,6.83,85.29,10132.0,21.667046,-157.95213,2219.0,14,9,6,160
2017-06-09 15:00:00+00:00,7.3,91.11,10133.0,21.667046,-157.95213,2167.0,15,9,6,160
2017-06-09 16:00:00+00:00,6.7,84.23,10136.0,21.667046,-157.95213,2211.0,16,9,6,160
2017-06-09 17:00:00+00:00,6.77,89.16,10141.0,21.667046,-157.95213,2708.0,17,9,6,160
2017-06-09 18:00:00+00:00,6.87,85.12,10142.0,21.667046,-157.95213,2868.0,18,9,6,160
2017-06-09 19:00:00+00:00,6.52,88.12,10142.0,21.667046,-157.95213,3047.0,19,9,6,160
2017-06-09 20:00:00+00:00,6.67,77.42,10146.0,21.667046,-157.95213,2533.0,20,9,6,160
2017-06-09 21:00:00+00:00,7.28,61.29,10143.0,21.667046,-157.95213,2825.0,21,9,6,160
2017-06-09 22:00:00+00:00,5.66,82.66,10144.0,21.667046,-157.95213,2453.0,22,9,6,160
2017-06-09 23:00:00+00:00,8.39,82.09,10141.0,21.667046,-157.95213,2791.0,23,9,6,160
2017-06-10 00:00:00+00:00,8.84,64.13,10139.0,21.667046,-157.95213,2381.0,0,10,6,161
2017-06-10 01:00:00+00:00,6.18,90.17,10136.0,21.667046,-157.95213,2299.0,1,10,6,161
2017-06-10 02:00:00+00:00,9.48,79.1,10130.0,21.667046,-157.95213,2642.0,2,10,6,161
2017-06-10 03:00:00+00:00,9.08,71.67,10133.0,21.667046,-157.95213,2486.0,3,10,6,161
2017-06-10 04:00:00+00:00,9.74,68.27,10135.0,21.667046,-157.95213,2399.0,4,10,6,161
2017-06-10 05:00:00+00:00,11.61,94.67,10139.0,21.667046,-157.95213,2299.0,5,10,6,161
2017-06-10 06:00:00+00:00,8.46,77.33,10145.0,21.667046,-157.95213,2254.0,6,10,6,161
2017-06-10 07:00:00+00:00,12.28,64.6,10145.0,21.667046,-157.95213,2275.0,7,10,6,161
2017-06-10 08:00:00+00:00,9.18,64.15,10149.0,21.667046,-157.95213,2239.0,8,10,6,161
2017-06-10 09:00:00+00:00,9.23,73.11,10148.0,21.667046,-157.95213,2281.0,9,10,6,161
2017-06-10 10:00:00+00:00,9.66,73.29,10147.0,21.667046,-157.95213,2282.0,10,10,6,161
2017-06-10 11:00:00+00:00,8.99,75.4,10142.0,21.667046,-157.95213,2266.0,11,10,6,161
2017-06-10 12:00:00+00:00,8.7,81.97,10136.0,21.667046,-157.95213,2280.0,12,10,6,161
2017-06-10 13:00:00+00:00,9.48,77.66,10133.0,21.667046,-157.95213,2265.0,13,10,6,161
2017-06-10 14:00:00+00:00,9.33,89.69,10130.0,21.667046,-157.95213,2280.0,14,10,6,161
2017-06-10 15:00:00+00:00,6.52,96.96,10134.0,21.667046,-157.95213,2239.0,15,10,6,161
2017-06-10 16:00:00+00:00,8.02,82.53,10135.0,21.667046,-157.95213,2288.0,16,10,6,161
2017-06-10 17:00:00+00:00,7.97,82.35,10140.0,21.667046,-157.95213,2352.0,17,10,6,161
2017-06-10 18:00:00+00:00,8.14,81.9,10142.0,21.667046,-157.95213,2622.0,18,10,6,161
2017-06-10 19:00:00+00:00,8.11,85.16,10145.0,21.667046,-157.95213,2834.0,19,10,6,161
2017-06-10 20:00:00+00:00,8.41,87.48,10144.0,21.667046,-157.95213,3205.0,20,10,6,161
2017-06-10 21:00:00+00:00,8.16,89.56,10143.0,21.667046,-157.95213,3490.0,21,10,6,161
2017-06-10 22:00:00+00:00,8.22,92.16,10141.0,21.667046,-157.95213,3537.0,22,10,6,161
2017-06-10 23:00:00+00:00,7.81,93.42,10142.0,21.667046,-157.95213,3576.0,23,10,6,161
2017-06-11 00:00:00+00:00,7.57,93.59,10137.0,21.667046,-157.95213,3567.0,0,11,6,162
2017-06-11 01:00:00+00:00,7.36,96.14,10135.0,21.667046,-157.95213,2746.0,1,11,6,162
2017-06-11 02:00:00+00:00,8.04,101.46,10132.0,21.667046,-157.95213,3178.0,2,11,6,162
2017-06-11 03:00:00+00:00,8.52,101.51,10130.0,21.667046,-157.95213,2981.0,3,11,6,162
2017-06-11 04:00:00+00:00,8.0,105.22,10132.0,21.667046,-157.95213,2733.0,4,11,6,162
2017-06-11 05:00:00+00:00,7.82,96.91,10136.0,21.667046,-157.95213,2486.0,5,11,6,162
2017-06-11 06:00:00+00:00,8.33,121.27,10143.0,21.667046,-157.95213,2345.0,6,11,6,162
2017-06-11 07:00:00+00:00,7.12,91.26,10145.0,21.667046,-157.95213,2409.0,7,11,6,162
2017-06-11 08:00:00+00:00,6.22,122.19,10153.0,21.667046,-157.95213,2232.0,8,11,6,162
2017-06-11 09:00:00+00:00,8.33,99.82,10155.0,21.667046,-157.95213,2359.0,9,11,6,162
2017-06-11 10:00:00+00:00,8.31,99.32,10154.0,21.667046,-157.95213,2354.0,10,11,6,162
2017-06-11 11:00:00+00:00,7.92,99.08,10152.0,21.667046,-157.95213,2374.0,11,11,6,162
2017-06-11 12:00:00+00:00,7.89,98.07,10142.0,21.667046,-157.95213,2328.0,12,11,6,162
2017-06-11 13:00:00+00:00,7.04,98.87,10140.0,21.667046,-157.95213,2255.0,13,11,6,162
2017-06-11 14:00:00+00:00,6.52,97.73,10138.0,21.667046,-157.95213,2226.0,14,11,6,162
2017-06-11 15:00:00+00:00,6.92,90.71,10139.0,21.667046,-157.95213,2291.0,15,11,6,162
2017-06-11 16:00:00+00:00,6.54,96.91,10142.0,21.667046,-157.95213,2263.0,16,11,6,162
2017-06-11 17:00:00+00:00,6.7,87.83,10147.0,21.667046,-157.95213,2740.0,17,11,6,162
2017-06-11 18:00:00+00:00,7.24,86.85,10151.0,21.667046,-157.95213,2958.0,18,11,6,162
2017-06-11 19:00:00+00:00,6.98,99.53,10154.0,21.667046,-157.95213,3255.0,19,11,6,162
2017-06-11 20:00:00+00:00,7.07,95.61,10156.0,21.667046,-157.95213,3466.0,20,11,6,162
2017-06-11 21:00:00+00:00,7.25,92.75,10157.0,21.667046,-157.95213,3667.0,21,11,6,162
2017-06-11 22:00:00+00:00,7.06,86.58,10155.0,21.667046,-157.95213,3577.0,22,11,6,162
2017-06-11 23:00:00+00:00,7.3,89.59,10154.0,21.667046,-157.95213,3445.0,23,11,6,162
2017-06-12 00:00:00+00:00,7.89,95.35,10152.0,21.667046,-157.95213,3399.0,0,12,6,163
2017-06-12 01:00:00+00:00,7.59,89.52,10148.0,21.667046,-157.95213,3237.0,1,12,6,163
2017-06-12 02:00:00+00:00,8.07,97.7,10144.0,21.667046,-157.95213,3277.0,2,12,6,163
2017-06-12 03:00:00+00:00,8.27,96.8,10141.0,21.667046,-157.95213,2963.0,3,12,6,163
2017-06-12 04:00:00+00:00,8.05,93.3,10145.0,21.667046,-157.95213,2827.0,4,12,6,163
2017-06-12 05:00:00+00:00,9.0,92.78,10146.0,21.667046,-157.95213,2508.0,5,12,6,163
2017-06-12 06:00:00+00:00,9.78,89.94,10151.0,21.667046,-157.95213,2473.0,6,12,6,163
2017-06-12 07:00:00+00:00,8.87,98.73,10155.0,21.667046,-157.95213,2430.0,7,12,6,163
2017-06-12 08:00:00+00:00,9.29,96.07,10158.0,21.667046,-157.95213,2420.0,8,12,6,163
2017-06-12 09:00:00+00:00,9.24,88.48,10161.0,21.667046,-157.95213,2460.0,9,12,6,163
2017-06-12 10:00:00+00:00,9.02,93.36,10157.0,21.667046,-157.95213,2392.0,10,12,6,163
2017-06-12 11:00:00+00:00,8.55,90.64,10152.0,21.667046,-157.95213,2396.0,11,12,6,163
2017-06-12 12:00:00+00:00,9.65,83.96,10144.0,21.667046,-157.95213,2409.0,12,12,6,163
2017-06-12 13:00:00+00:00,9.55,86.6,10141.0,21.667046,-157.95213,2362.0,13,12,6,163
2017-06-12 14:00:00+00:00,8.48,88.85,10140.0,21.667046,-157.95213,2285.0,14,12,6,163
2017-06-12 15:00:00+00:00,8.92,86.27,10143.0,21.667046,-157.95213,2247.0,15,12,6,163
2017-06-12 16:00:00+00:00,8.85,79.04,10146.0,21.667046,-157.95213,2280.0,16,12,6,163
2017-06-12 17:00:00+00:00,7.59,80.32,10153.0,21.667046,-157.95213,2559.0,17,12,6,163
2017-06-12 18:00:00+00:00,7.25,75.93,10157.0,21.667046,-157.95213,2862.0,18,12,6,163
2017-06-12 19:00:00+00:00,7.4,79.07,10162.0,21.667046,-157.95213,2444.0,19,12,6,163
2017-06-12 20:00:00+00:00,7.65,73.72,10161.0,21.667046,-157.95213,2954.0,20,12,6,163
2017-06-12 21:00:00+00:00,9.78,76.14,10163.0,21.667046,-157.95213,3134.0,21,12,6,163
2017-06-12 22:00:00+00:00,10.13,90.45,10159.0,21.667046,-157.95213,3324.0,22,12,6,163
2017-06-12 23:00:00+00:00,9.63,95.29,10158.0,21.667046,-157.95213,3480.0,23,12,6,163
2017-06-13 00:00:00+00:00,9.32,93.96,10154.0,21.667046,-157.95213,3243.0,0,13,6,164
2017-06-13 01:00:00+00:00,8.73,100.31,10153.0,21.667046,-157.95213,3446.0,1,13,6,164
2017-06-13 02:00:00+00:00,9.49,98.02,10148.0,21.667046,-157.95213,3064.0,2,13,6,164
2017-06-13 03:00:00+00:00,9.83,98.41,10146.0,21.667046,-157.95213,2928.0,3,13,6,164
2017-06-13 04:00:00+00:00,9.41,93.55,10145.0,21.667046,-157.95213,2815.0,4,13,6,164
2017-06-13 05:00:00+00:00,9.67,95.54,10148.0,21.667046,-157.95213,2494.0,5,13,6,164
2017-06-13 06:00:00+00:00,10.13,93.92,10154.0,21.667046,-157.95213,2436.0,6,13,6,164
2017-06-13 07:00:00+00:00,9.93,93.77,10155.0,21.667046,-157.95213,2453.0,7,13,6,164
2017-06-13 08:00:00+00:00,10.0,96.7,10160.0,21.667046,-157.95213,2483.0,8,13,6,164
2017-06-13 09:00:00+00:00,9.64,103.9,10161.0,21.667046,-157.95213,2418.0,9,13,6,164
2017-06-13 10:00:00+00:00,9.52,101.63,10158.0,21.667046,-157.95213,2381.0,10,13,6,164
2017-06-13 11:00:00+00:00,9.19,95.66,10150.0,21.667046,-157.95213,2350.0,11,13,6,164
2017-06-13 12:00:00+00:00,9.27,90.56,10147.0,21.667046,-157.95213,2338.0,12,13,6,164
2017-06-13 13:00:00+00:00,9.44,87.89,10142.0,21.667046,-157.95213,2337.0,13,13,6,164
2017-06-13 14:00:00+00:00,8.86,89.46,10142.0,21.667046,-157.95213,2316.0,14,13,6,164
2017-06-13 15:00:00+00:00,8.55,87.84,10142.0,21.667046,-157.95213,2305.0,15,13,6,164
2017-06-13 16:00:00+00:00,8.58,81.28,10145.0,21.667046,-157.95213,2325.0,16,13,6,164
2017-06-13 17:00:00+00:00,8.68,83.86,10149.0,21.667046,-157.95213,2698.0,17,13,6,164
2017-06-13 18:00:00+00:00,8.91,78.15,10151.0,21.667046,-157.95213,2764.0,18,13,6,164
2017-06-13 19:00:00+00:00,9.17,89.17,10153.0,21.667046,-157.95213,2913.0,19,13,6,164
2017-06-13 20:00:00+00:00,9.59,90.31,10151.0,21.667046,-157.95213,3151.0,20,13,6,164
2017-06-13 21:00:00+00:00,10.48,91.79,10151.0,21.667046,-157.95213,3299.0,21,13,6,164
2017-06-13 22:00:00+00:00,10.47,86.89,10148.0,21.667046,-157.95213,3471.0,22,13,6,164
2017-06-13 23:00:00+00:00,10.43,84.71,10144.0,21.667046,-157.95213,3346.0,23,13,6,164
2017-06-14 00:00:00+00:00,10.19,82.75,10141.0,21.667046,-157.95213,3257.0,0,14,6,165
2017-06-14 01:00:00+00:00,10.25,78.78,10138.0,21.667046,-157.95213,3179.0,1,14,6,165
2017-06-14 02:00:00+00:00,9.89,71.73,10132.0,21.667046,-157.95213,3114.0,2,14,6,165
2017-06-14 03:00:00+00:00,9.92,82.98,10131.0,21.667046,-157.95213,2818.0,3,14,6,165
2017-06-14 04:00:00+00:00,10.68,86.12,10132.0,21.667046,-157.95213,2713.0,4,14,6,165
2017-06-14 05:00:00+00:00,11.48,92.89,10134.0,21.667046,-157.95213,2415.0,5,14,6,165
2017-06-14 06:00:00+00:00,10.61,103.92,10138.0,21.667046,-157.95213,2375.0,6,14,6,165
2017-06-14 07:00:00+00:00,11.37,100.31,10142.0,21.667046,-157.95213,2453.0,7,14,6,165
2017-06-14 08:00:00+00:00,10.33,102.97,10145.0,21.667046,-157.95213,2435.0,8,14,6,165
2017-06-14 09:00:00+00:00,10.38,100.58,10144.0,21.667046,-157.95213,2437.0,9,14,6,165
2017-06-14 10:00:00+00:00,10.27,110.5,10140.0,21.667046,-157.95213,2446.0,10,14,6,165
2017-06-14 11:00:00+00:00,9.93,101.54,10136.0,21.667046,-157.95213,2463.0,11,14,6,165
2017-06-14 12:00:00+00:00,9.79,100.52,10132.0,21.667046,-157.95213,2457.0,12,14,6,165
2017-06-14 13:00:00+00:00,12.08,102.38,10128.0,21.667046,-157.95213,2398.0,13,14,6,165
2017-06-14 14:00:00+00:00,11.64,97.03,10124.0,21.667046,-157.95213,2376.0,14,14,6,165
2017-06-14 15:00:00+00:00,10.46,98.81,10129.0,21.667046,-157.95213,2371.0,15,14,6,165
2017-06-14 16:00:00+00:00,10.29,101.21,10132.0,21.667046,-157.95213,2378.0,16,14,6,165
2017-06-14 17:00:00+00:00,11.19,98.39,10134.0,21.667046,-157.95213,2603.0,17,14,6,165
2017-06-14 18:00:00+00:00,10.31,104.42,10139.0,21.667046,-157.95213,2915.0,18,14,6,165
2017-06-14 19:00:00+00:00,10.03,102.86,10142.0,21.667046,-157.95213,3122.0,19,14,6,165
2017-06-14 20:00:00+00:00,10.43,105.57,10140.0,21.667046,-157.95213,3394.0,20,14,6,165
2017-06-14 21:00:00+00:00,10.61,104.51,10138.0,21.667046,-157.95213,3136.0,21,14,6,165
2017-06-14 22:00:00+00:00,11.15,95.91,10135.0,21.667046,-157.95213,3422.0,22,14,6,165
2017-06-14 23:00:00+00:00,10.7,91.04,10134.0,21.667046,-157.95213,3533.0,23,14,6,165
2017-06-15 00:00:00+00:00,10.24,82.31,10129.0,21.667046,-157.95213,3415.0,0,15,6,166
2017-06-15 01:00:00+00:00,9.78,83.94,10125.0,21.667046,-157.95213,3207.0,1,15,6,166
2017-06-15 02:00:00+00:00,9.58,90.49,10126.0,21.667046,-157.95213,3163.0,2,15,6,166
2017-06-15 03:00:00+00:00,8.84,90.4,10124.0,21.667046,-157.95213,2928.0,3,15,6,166
2017-06-15 04:00:00+00:00,8.25,84.22,10124.0,21.667046,-157.95213,2764.0,4,15,6,166
2017-06-15 05:00:00+00:00,10.38,84.49,10124.0,21.667046,-157.95213,2513.0,5,15,6,166
2017-06-15 06:00:00+00:00,11.65,84.72,10126.0,21.667046,-157.95213,2419.0,6,15,6,166
2017-06-15 07:00:00+00:00,11.41,93.93,10134.0,21.667046,-157.95213,2379.0,7,15,6,166
2017-06-15 08:00:00+00:00,10.2,95.47,10138.0,21.667046,-157.95213,2385.0,8,15,6,166
2017-06-15 09:00:00+00:00,10.24,91.67,10140.0,21.667046,-157.95213,2377.0,9,15,6,166
2017-06-15 10:00:00+00:00,11.17,101.79,10141.0,21.667046,-157.95213,2321.0,10,15,6,166
2017-06-15 11:00:00+00:00,12.54,99.74,10134.0,21.667046,-157.95213,2330.0,11,15,6,166
2017-06-15 12:00:00+00:00,10.5,97.45,10133.0,21.667046,-157.95213,2228.0,12,15,6,166
2017-06-15 13:00:00+00:00,8.99,105.46,10131.0,21.667046,-157.95213,2202.0,13,15,6,166
2017-06-15 14:00:00+00:00,11.55,99.46,10126.0,21.667046,-157.95213,2255.0,14,15,6,166
2017-06-15 15:00:00+00:00,11.47,114.44,10135.0,21.667046,-157.95213,2248.0,15,15,6,166
2017-06-15 16:00:00+00:00,9.06,111.25,10125.0,21.667046,-157.95213,2234.0,16,15,6,166
2017-06-15 17:00:00+00:00,9.84,102.62,10136.0,21.667046,-157.95213,2288.0,17,15,6,166
2017-06-15 18:00:00+00:00,8.91,107.26,10144.0,21.667046,-157.95213,2363.0,18,15,6,166
2017-06-15 19:00:00+00:00,9.33,107.85,10141.0,21.667046,-157.95213,2652.0,19,15,6,166
2017-06-15 20:00:00+00:00,8.85,100.4,10138.0,21.667046,-157.95213,2942.0,20,15,6,166
2017-06-15 21:00:00+00:00,9.23,102.5,10141.0,21.667046,-157.95213,3249.0,21,15,6,166
2017-06-15 22:00:00+00:00,10.4,104.03,10140.0,21.667046,-157.95213,3272.0,22,15,6,166
2017-06-15 23:00:00+00:00,8.93,101.67,10137.0,21.667046,-157.95213,3591.0,23,15,6,166
2017-06-16 00:00:00+00:00,8.57,101.31,10131.0,21.667046,-157.95213,3693.0,0,16,6,167
2017-06-16 01:00:00+00:00,8.87,107.3,10132.0,21.667046,-157.95213,3397.0,1,16,6,167
2017-06-16 02:00:00+00:00,7.74,102.06,10126.0,21.667046,-157.95213,3081.0,2,16,6,167
2017-06-16 03:00:00+00:00,7.5,101.75,10131.0,21.667046,-157.95213,2766.0,3,16,6,167
2017-06-16 04:00:00+00:00,7.32,96.77,10136.0,21.667046,-157.95213,2847.0,4,16,6,167
2017-06-16 05:00:00+00:00,6.45,95.33,10139.0,21.667046,-157.95213,2480.0,5,16,6,167
2017-06-16 06:00:00+00:00,6.88,89.08,10145.0,21.667046,-157.95213,2363.0,6,16,6,167
2017-06-16 07:00:00+00:00,8.51,95.85,10146.0,21.667046,-157.95213,2378.0,7,16,6,167
2017-06-16 08:00:00+00:00,8.05,101.8,10151.0,21.667046,-157.95213,2342.0,8,16,6,167
2017-06-16 09:00:00+00:00,9.05,104.23,10151.0,21.667046,-157.95213,2432.0,9,16,6,167
2017-06-16 10:00:00+00:00,9.24,104.64,10148.0,21.667046,-157.95213,2333.0,10,16,6,167
2017-06-16 11:00:00+00:00,9.43,104.18,10139.0,21.667046,-157.95213,2330.0,11,16,6,167
2017-06-16 12:00:00+00:00,9.9,107.98,10134.0,21.667046,-157.95213,2360.0,12,16,6,167
2017-06-16 13:00:00+00:00,8.88,110.72,10134.0,21.667046,-157.95213,2275.0,13,16,6,167
2017-06-16 14:00:00+00:00,7.78,107.29,10131.0,21.667046,-157.95213,2245.0,14,16,6,167
2017-06-16 15:00:00+00:00,8.04,104.72,10134.0,21.667046,-157.95213,2240.0,15,16,6,167
2017-06-16 16:00:00+00:00,8.09,111.22,10134.0,21.667046,-157.95213,2250.0,16,16,6,167
2017-06-16 17:00:00+00:00,7.55,100.69,10140.0,21.667046,-157.95213,2664.0,17,16,6,167
2017-06-16 18:00:00+00:00,8.0,99.06,10142.0,21.667046,-157.95213,2997.0,18,16,6,167
2017-06-16 19:00:00+00:00,8.27,101.21,10144.0,21.667046,-157.95213,3306.0,19,16,6,167
2017-06-16 20:00:00+00:00,8.77,99.82,10144.0,21.667046,-157.95213,3515.0,20,16,6,167
2017-06-16 21:00:00+00:00,8.3,102.87,10145.0,21.667046,-157.95213,3588.0,21,16,6,167
2017-06-16 22:00:00+00:00,7.76,97.45,10145.0,21.667046,-157.95213,3547.0,22,16,6,167
2017-06-16 23:00:00+00:00,7.79,96.37,10142.0,21.667046,-157.95213,3732.0,23,16,6,167
2017-06-17 00:00:00+00:00,7.96,98.96,10136.0,21.667046,-157.95213,3672.0,0,17,6,168
2017-06-17 01:00:00+00:00,7.64,102.19,10135.0,21.667046,-157.95213,3521.0,1,17,6,168
2017-06-17 02:00:00+00:00,8.16,104.62,10131.0,21.667046,-157.95213,3275.0,2,17,6,168
2017-06-17 03:00:00+00:00,8.24,106.72,10131.0,21.667046,-157.95213,2981.0,3,17,6,168
2017-06-17 04:00:00+00:00,8.35,104.74,10135.0,21.667046,-157.95213,2738.0,4,17,6,168
2017-06-17 05:00:00+00:00,8.79,101.47,10141.0,21.667046,-157.95213,2507.0,5,17,6,168
2017-06-17 06:00:00+00:00,9.05,99.21,10145.0,21.667046,-157.95213,2453.0,6,17,6,168
2017-06-17 07:00:00+00:00,9.16,107.58,10146.0,21.667046,-157.95213,2418.0,7,17,6,168
2017-06-17 08:00:00+00:00,9.25,105.47,10147.0,21.667046,-157.95213,2361.0,8,17,6,168
2017-06-17 09:00:00+00:00,9.45,104.72,10147.0,21.667046,-157.95213,2353.0,9,17,6,168
2017-06-17 10:00:00+00:00,8.99,108.44,10145.0,21.667046,-157.95213,2335.0,10,17,6,168
2017-06-17 11:00:00+00:00,8.6,100.35,10138.0,21.667046,-157.95213,2319.0,11,17,6,168
2017-06-17 12:00:00+00:00,7.73,94.3,10127.0,21.667046,-157.95213,2272.0,12,17,6,168
2017-06-17 13:00:00+00:00,7.82,97.96,10128.0,21.667046,-157.95213,2248.0,13,17,6,168
2017-06-17 14:00:00+00:00,8.15,82.8,10125.0,21.667046,-157.95213,2271.0,14,17,6,168
2017-06-17 15:00:00+00:00,7.31,79.35,10132.0,21.667046,-157.95213,2230.0,15,17,6,168
2017-06-17 16:00:00+00:00,7.18,82.41,10135.0,21.667046,-157.95213,2258.0,16,17,6,168
2017-06-17 17:00:00+00:00,6.97,83.45,10141.0,21.667046,-157.95213,2696.0,17,17,6,168
2017-06-17 18:00:00+00:00,6.7,80.07,10145.0,21.667046,-157.95213,2971.0,18,17,6,168
2017-06-17 19:00:00+00:00,7.18,84.5,10145.0,21.667046,-157.95213,3096.0,19,17,6,168
2017-06-17 20:00:00+00:00,7.59,84.88,10145.0,21.667046,-157.95213,3369.0,20,17,6,168
2017-06-17 21:00:00+00:00,7.99,85.83,10145.0,21.667046,-157.95213,3381.0,21,17,6,168
2017-06-17 22:00:00+00:00,7.88,89.94,10143.0,21.667046,-157.95213,3551.0,22,17,6,168
2017-06-17 23:00:00+00:00,7.9,92.29,10135.0,21.667046,-157.95213,3504.0,23,17,6,168
2017-06-18 00:00:00+00:00,7.45,92.64,10127.0,21.667046,-157.95213,3696.0,0,18,6,169
2017-06-18 01:00:00+00:00,7.66,98.3,10123.0,21.667046,-157.95213,3462.0,1,18,6,169
2017-06-18 02:00:00+00:00,7.56,99.17,10121.0,21.667046,-157.95213,3299.0,2,18,6,169
2017-06-18 03:00:00+00:00,7.19,93.53,10122.0,21.667046,-157.95213,3047.0,3,18,6,169
2017-06-18 04:00:00+00:00,7.34,95.02,10123.0,21.667046,-157.95213,2816.0,4,18,6,169
2017-06-18 05:00:00+00:00,7.26,96.83,10128.0,21.667046,-157.95213,2468.0,5,18,6,169
2017-06-18 06:00:00+00:00,7.28,92.94,10132.0,21.667046,-157.95213,2338.0,6,18,6,169
2017-06-18 07:00:00+00:00,7.74,96.79,10136.0,21.667046,-157.95213,2316.0,7,18,6,169
2017-06-18 08:00:00+00:00,7.18,96.05,10138.0,21.667046,-157.95213,2283.0,8,18,6,169
2017-06-18 09:00:00+00:00,5.84,94.68,10137.0,21.667046,-157.95213,2458.0,9,18,6,169
2017-06-18 10:00:00+00:00,8.8,103.18,10135.0,21.667046,-157.95213,2365.0,10,18,6,169
2017-06-18 11:00:00+00:00,7.96,104.27,10133.0,21.667046,-157.95213,2277.0,11,18,6,169
2017-06-18 12:00:00+00:00,7.3,94.71,10124.0,21.667046,-157.95213,2200.0,12,18,6,169
2017-06-18 13:00:00+00:00,7.1,89.08,10120.0,21.667046,-157.95213,2117.0,13,18,6,169
2017-06-18 14:00:00+00:00,7.5,84.92,10117.0,21.667046,-157.95213,2171.0,14,18,6,169
2017-06-18 15:00:00+00:00,6.99,90.8,10123.0,21.667046,-157.95213,1994.0,15,18,6,169
2017-06-18 16:00:00+00:00,6.38,84.18,10126.0,21.667046,-157.95213,2059.0,16,18,6,169
2017-06-18 17:00:00+00:00,7.06,83.6,10129.0,21.667046,-157.95213,2666.0,17,18,6,169
2017-06-18 18:00:00+00:00,7.76,88.81,10133.0,21.667046,-157.95213,2866.0,18,18,6,169
2017-06-18 19:00:00+00:00,8.28,88.22,10133.0,21.667046,-157.95213,2876.0,19,18,6,169
2017-06-18 20:00:00+00:00,7.87,87.53,10136.0,21.667046,-157.95213,2869.0,20,18,6,169
2017-06-18 21:00:00+00:00,7.76,88.46,10137.0,21.667046,-157.95213,3143.0,21,18,6,169
2017-06-18 22:00:00+00:00,8.26,87.76,10138.0,21.667046,-157.95213,3087.0,22,18,6,169
2017-06-18 23:00:00+00:00,8.06,82.97,10131.0,21.667046,-157.95213,3263.0,23,18,6,169
2017-06-19 00:00:00+00:00,8.42,90.88,10129.0,21.667046,-157.95213,3518.0,0,19,6,170
2017-06-19 01:00:00+00:00,8.7,91.27,10124.0,21.667046,-157.95213,3390.0,1,19,6,170
2017-06-19 02:00:00+00:00,8.54,94.66,10122.0,21.667046,-157.95213,3135.0,2,19,6,170
2017-06-19 03:00:00+00:00,8.78,101.79,10123.0,21.667046,-157.95213,2887.0,3,19,6,170
2017-06-19 04:00:00+00:00,8.17,95.32,10126.0,21.667046,-157.95213,2726.0,4,19,6,170
2017-06-19 05:00:00+00:00,7.77,101.46,10129.0,21.667046,-157.95213,2485.0,5,19,6,170
2017-06-19 06:00:00+00:00,8.1,91.68,10136.0,21.667046,-157.95213,2465.0,6,19,6,170
2017-06-19 07:00:00+00:00,7.85,104.73,10139.0,21.667046,-157.95213,2368.0,7,19,6,170
2017-06-19 08:00:00+00:00,8.23,94.77,10143.0,21.667046,-157.95213,2347.0,8,19,6,170
2017-06-19 09:00:00+00:00,8.13,97.71,10144.0,21.667046,-157.95213,2278.0,9,19,6,170
2017-06-19 10:00:00+00:00,7.59,100.59,10140.0,21.667046,-157.95213,2241.0,10,19,6,170
2017-06-19 11:00:00+00:00,7.31,97.74,10136.0,21.667046,-157.95213,2164.0,11,19,6,170
2017-06-19 12:00:00+00:00,7.32,92.11,10127.0,21.667046,-157.95213,2119.0,12,19,6,170
2017-06-19 13:00:00+00:00,7.3,84.98,10125.0,21.667046,-157.95213,2011.0,13,19,6,170
2017-06-19 14:00:00+00:00,7.12,77.3,10125.0,21.667046,-157.95213,2192.0,14,19,6,170
2017-06-19 15:00:00+00:00,7.34,84.09,10129.0,21.667046,-157.95213,2089.0,15,19,6,170
2017-06-19 16:00:00+00:00,7.71,84.53,10131.0,21.667046,-157.95213,2043.0,16,19,6,170
2017-06-19 17:00:00+00:00,7.58,88.61,10136.0,21.667046,-157.95213,2692.0,17,19,6,170
2017-06-19 18:00:00+00:00,7.2,86.12,10137.0,21.667046,-157.95213,2859.0,18,19,6,170
2017-06-19 19:00:00+00:00,8.73,91.89,10137.0,21.667046,-157.95213,2983.0,19,19,6,170
2017-06-19 20:00:00+00:00,9.45,93.05,10140.0,21.667046,-157.95213,3235.0,20,19,6,170
2017-06-19 21:00:00+00:00,10.22,90.05,10140.0,21.667046,-157.95213,3372.0,21,19,6,170
2017-06-19 22:00:00+00:00,10.11,92.66,10137.0,21.667046,-157.95213,3360.0,22,19,6,170
2017-06-19 23:00:00+00:00,9.87,95.66,10131.0,21.667046,-157.95213,3516.0,23,19,6,170
2017-06-20 00:00:00+00:00,10.1,94.91,10126.0,21.667046,-157.95213,3364.0,0,20,6,171
2017-06-20 01:00:00+00:00,9.32,100.65,10122.0,21.667046,-157.95213,3326.0,1,20,6,171
2017-06-20 02:00:00+00:00,10.7,97.64,10120.0,21.667046,-157.95213,3010.0,2,20,6,171
2017-06-20 03:00:00+00:00,10.93,106.96,10116.0,21.667046,-157.95213,3003.0,3,20,6,171
2017-06-20 04:00:00+00:00,11.16,106.5,10117.0,21.667046,-157.95213,2714.0,4,20,6,171
2017-06-20 05:00:00+00:00,11.25,104.71,10119.0,21.667046,-157.95213,2477.0,5,20,6,171
2017-06-20 06:00:00+00:00,10.5,101.86,10123.0,21.667046,-157.95213,2376.0,6,20,6,171
2017-06-20 07:00:00+00:00,10.68,100.75,10126.0,21.667046,-157.95213,2360.0,7,20,6,171
2017-06-20 08:00:00+00:00,10.97,104.35,10129.0,21.667046,-157.95213,2342.0,8,20,6,171
2017-06-20 09:00:00+00:00,11.12,100.12,10129.0,21.667046,-157.95213,2342.0,9,20,6,171
2017-06-20 10:00:00+00:00,11.33,103.8,10127.0,21.667046,-157.95213,2336.0,10,20,6,171
2017-06-20 11:00:00+00:00,11.27,102.21,10123.0,21.667046,-157.95213,2334.0,11,20,6,171
2017-06-20 12:00:00+00:00,11.17,100.56,10117.0,21.667046,-157.95213,2340.0,12,20,6,171
2017-06-20 13:00:00+00:00,11.45,102.82,10117.0,21.667046,-157.95213,2316.0,13,20,6,171
2017-06-20 14:00:00+00:00,9.79,99.26,10113.0,21.667046,-157.95213,2279.0,14,20,6,171
2017-06-20 15:00:00+00:00,10.46,109.43,10119.0,21.667046,-157.95213,2350.0,15,20,6,171
2017-06-20 16:00:00+00:00,6.36,96.74,10121.0,21.667046,-157.95213,2262.0,16,20,6,171
2017-06-20 17:00:00+00:00,8.41,97.08,10130.0,21.667046,-157.95213,2376.0,17,20,6,171
2017-06-20 18:00:00+00:00,10.93,118.85,10131.0,21.667046,-157.95213,2692.0,18,20,6,171
2017-06-20 19:00:00+00:00,10.73,105.4,10132.0,21.667046,-157.95213,3029.0,19,20,6,171
2017-06-20 20:00:00+00:00,3.79,144.67,10136.0,21.667046,-157.95213,2896.0,20,20,6,171
2017-06-20 21:00:00+00:00,10.2,106.5,10133.0,21.667046,-157.95213,3117.0,21,20,6,171
2017-06-20 22:00:00+00:00,7.87,96.69,10131.0,21.667046,-157.95213,3394.0,22,20,6,171
2017-06-20 23:00:00+00:00,9.83,107.11,10128.0,21.667046,-157.95213,3477.0,23,20,6,171
2017-06-21 00:00:00+00:00,8.79,114.73,10125.0,21.667046,-157.95213,3546.0,0,21,6,172
2017-06-21 01:00:00+00:00,8.66,111.5,10121.0,21.667046,-157.95213,2944.0,1,21,6,172
2017-06-21 02:00:00+00:00,8.84,109.34,10118.0,21.667046,-157.95213,3080.0,2,21,6,172
2017-06-21 03:00:00+00:00,8.81,107.31,10117.0,21.667046,-157.95213,2862.0,3,21,6,172
2017-06-21 04:00:00+00:00,8.78,107.09,10120.0,21.667046,-157.95213,2772.0,4,21,6,172
2017-06-21 05:00:00+00:00,8.29,99.61,10126.0,21.667046,-157.95213,2479.0,5,21,6,172
2017-06-21 06:00:00+00:00,9.1,106.72,10131.0,21.667046,-157.95213,2370.0,6,21,6,172
2017-06-21 07:00:00+00:00,8.8,106.36,10135.0,21.667046,-157.95213,2355.0,7,21,6,172
2017-06-21 08:00:00+00:00,8.75,110.31,10136.0,21.667046,-157.95213,2320.0,8,21,6,172
2017-06-21 09:00:00+00:00,9.04,107.93,10137.0,21.667046,-157.95213,2308.0,9,21,6,172
2017-06-21 10:00:00+00:00,8.8,101.53,10134.0,21.667046,-157.95213,2302.0,10,21,6,172
2017-06-21 11:00:00+00:00,8.67,101.38,10129.0,21.667046,-157.95213,2284.0,11,21,6,172
2017-06-21 12:00:00+00:00,8.2,99.68,10123.0,21.667046,-157.95213,2236.0,12,21,6,172
2017-06-21 13:00:00+00:00,7.62,97.13,10121.0,21.667046,-157.95213,2228.0,13,21,6,172
2017-06-21 14:00:00+00:00,7.95,93.7,10121.0,21.667046,-157.95213,2183.0,14,21,6,172
2017-06-21 15:00:00+00:00,7.42,94.35,10122.0,21.667046,-157.95213,2079.0,15,21,6,172
2017-06-21 16:00:00+00:00,7.77,94.58,10122.0,21.667046,-157.95213,2169.0,16,21,6,172
2017-06-21 17:00:00+00:00,7.4,90.15,10126.0,21.667046,-157.95213,2693.0,17,21,6,172
2017-06-21 18:00:00+00:00,7.54,91.85,10128.0,21.667046,-157.95213,2892.0,18,21,6,172
2017-06-21 19:00:00+00:00,6.88,90.4,10132.0,21.667046,-157.95213,3257.0,19,21,6,172
2017-06-21 20:00:00+00:00,6.43,81.32,10130.0,21.667046,-157.95213,3339.0,20,21,6,172
2017-06-21 21:00:00+00:00,7.05,76.25,10130.0,21.667046,-157.95213,3484.0,21,21,6,172
2017-06-21 22:00:00+00:00,6.93,73.03,10128.0,21.667046,-157.95213,3477.0,22,21,6,172
2017-06-21 23:00:00+00:00,6.6,76.17,10123.0,21.667046,-157.95213,3731.0,23,21,6,172
2017-06-22 00:00:00+00:00,6.27,82.15,10117.0,21.667046,-157.95213,3734.0,0,22,6,173
2017-06-22 01:00:00+00:00,6.77,84.68,10116.0,21.667046,-157.95213,3586.0,1,22,6,173
2017-06-22 02:00:00+00:00,7.22,80.38,10109.0,21.667046,-157.95213,3192.0,2,22,6,173
2017-06-22 03:00:00+00:00,7.16,82.91,10109.0,21.667046,-157.95213,2849.0,3,22,6,173
2017-06-22 04:00:00+00:00,7.31,78.88,10109.0,21.667046,-157.95213,2800.0,4,22,6,173
2017-06-22 05:00:00+00:00,8.45,89.95,10112.0,21.667046,-157.95213,2525.0,5,22,6,173
2017-06-22 06:00:00+00:00,8.35,92.27,10119.0,21.667046,-157.95213,2436.0,6,22,6,173
2017-06-22 07:00:00+00:00,8.1,83.81,10120.0,21.667046,-157.95213,2473.0,7,22,6,173
2017-06-22 08:00:00+00:00,9.36,90.17,10123.0,21.667046,-157.95213,2487.0,8,22,6,173
2017-06-22 09:00:00+00:00,8.89,88.26,10123.0,21.667046,-157.95213,2455.0,9,22,6,173
2017-06-22 10:00:00+00:00,8.45,87.51,10124.0,21.667046,-157.95213,2321.0,10,22,6,173
2017-06-22 11:00:00+00:00,7.64,89.29,10118.0,21.667046,-157.95213,2237.0,11,22,6,173
2017-06-22 12:00:00+00:00,7.5,89.99,10113.0,21.667046,-157.95213,2210.0,12,22,6,173
2017-06-22 13:00:00+00:00,8.26,93.64,10107.0,21.667046,-157.95213,2229.0,13,22,6,173
2017-06-22 14:00:00+00:00,6.27,88.5,10108.0,21.667046,-157.95213,1958.0,14,22,6,173
2017-06-22 15:00:00+00:00,7.7,87.9,10110.0,21.667046,-157.95213,2330.0,15,22,6,173
2017-06-22 16:00:00+00:00,6.59,92.74,10114.0,21.667046,-157.95213,1940.0,16,22,6,173
2017-06-22 17:00:00+00:00,7.02,94.25,10119.0,21.667046,-157.95213,2715.0,17,22,6,173
2017-06-22 18:00:00+00:00,7.64,92.96,10120.0,21.667046,-157.95213,2927.0,18,22,6,173
2017-06-22 19:00:00+00:00,7.37,93.46,10123.0,21.667046,-157.95213,3317.0,19,22,6,173
2017-06-22 20:00:00+00:00,8.42,90.47,10122.0,21.667046,-157.95213,3204.0,20,22,6,173
2017-06-22 21:00:00+00:00,7.9,90.35,10120.0,21.667046,-157.95213,3659.0,21,22,6,173
2017-06-22 22:00:00+00:00,8.21,89.2,10118.0,21.667046,-157.95213,3763.0,22,22,6,173
2017-06-22 23:00:00+00:00,8.38,88.23,10114.0,21.667046,-157.95213,3768.0,23,22,6,173
2017-06-23 00:00:00+00:00,8.04,85.32,10108.0,21.667046,-157.95213,3430.0,0,23,6,174
2017-06-23 01:00:00+00:00,8.07,89.98,10104.0,21.667046,-157.95213,3386.0,1,23,6,174
2017-06-23 02:00:00+00:00,7.56,87.16,10102.0,21.667046,-157.95213,3289.0,2,23,6,174
2017-06-23 03:00:00+00:00,7.48,83.88,10101.0,21.667046,-157.95213,2977.0,3,23,6,174
2017-06-23 04:00:00+00:00,7.18,82.71,10104.0,21.667046,-157.95213,2728.0,4,23,6,174
2017-06-23 05:00:00+00:00,7.66,82.48,10107.0,21.667046,-157.95213,2477.0,5,23,6,174
2017-06-23 06:00:00+00:00,7.85,82.53,10112.0,21.667046,-157.95213,2392.0,6,23,6,174
2017-06-23 07:00:00+00:00,8.6,74.36,10115.0,21.667046,-157.95213,2365.0,7,23,6,174
2017-06-23 08:00:00+00:00,8.3,77.13,10119.0,21.667046,-157.95213,2305.0,8,23,6,174
2017-06-23 09:00:00+00:00,7.84,77.52,10121.0,21.667046,-157.95213,2271.0,9,23,6,174
2017-06-23 10:00:00+00:00,8.0,79.38,10119.0,21.667046,-157.95213,2255.0,10,23,6,174
2017-06-23 11:00:00+00:00,7.57,82.26,10113.0,21.667046,-157.95213,2190.0,11,23,6,174
2017-06-23 12:00:00+00:00,7.79,84.66,10106.0,21.667046,-157.95213,2197.0,12,23,6,174
2017-06-23 13:00:00+00:00,7.81,88.96,10103.0,21.667046,-157.95213,2160.0,13,23,6,174
2017-06-23 14:00:00+00:00,7.28,87.07,10102.0,21.667046,-157.95213,2099.0,14,23,6,174
2017-06-23 15:00:00+00:00,7.0,81.99,10104.0,21.667046,-157.95213,2112.0,15,23,6,174
2017-06-23 16:00:00+00:00,7.58,82.47,10107.0,21.667046,-157.95213,2189.0,16,23,6,174
2017-06-23 17:00:00+00:00,7.2,84.38,10112.0,21.667046,-157.95213,2679.0,17,23,6,174
2017-06-23 18:00:00+00:00,7.54,86.66,10114.0,21.667046,-157.95213,2908.0,18,23,6,174
2017-06-23 19:00:00+00:00,7.8,81.59,10118.0,21.667046,-157.95213,3100.0,19,23,6,174
2017-06-23 20:00:00+00:00,8.25,84.38,10118.0,21.667046,-157.95213,3298.0,20,23,6,174
2017-06-23 21:00:00+00:00,8.24,90.07,10118.0,21.667046,-157.95213,3344.0,21,23,6,174
2017-06-23 22:00:00+00:00,7.58,85.75,10116.0,21.667046,-157.95213,3560.0,22,23,6,174
2017-06-23 23:00:00+00:00,8.0,90.67,10113.0,21.667046,-157.95213,3653.0,23,23,6,174
2017-06-24 00:00:00+00:00,7.66,94.57,10109.0,21.667046,-157.95213,3488.0,0,24,6,175
2017-06-24 01:00:00+00:00,7.38,95.52,10106.0,21.667046,-157.95213,3512.0,1,24,6,175
2017-06-24 02:00:00+00:00,7.38,93.69,10103.0,21.667046,-157.95213,3300.0,2,24,6,175
2017-06-24 03:00:00+00:00,7.26,90.7,10104.0,21.667046,-157.95213,3048.0,3,24,6,175
2017-06-24 04:00:00+00:00,7.5,87.26,10106.0,21.667046,-157.95213,2814.0,4,24,6,175
2017-06-24 05:00:00+00:00,7.37,84.21,10111.0,21.667046,-157.95213,2480.0,5,24,6,175
2017-06-24 06:00:00+00:00,7.5,77.26,10117.0,21.667046,-157.95213,2360.0,6,24,6,175
2017-06-24 07:00:00+00:00,8.06,86.01,10120.0,21.667046,-157.95213,2330.0,7,24,6,175
2017-06-24 08:00:00+00:00,7.47,87.43,10126.0,21.667046,-157.95213,2266.0,8,24,6,175
2017-06-24 09:00:00+00:00,7.31,93.38,10128.0,21.667046,-157.95213,2259.0,9,24,6,175
2017-06-24 10:00:00+00:00,5.67,105.96,10130.0,21.667046,-157.95213,1987.0,10,24,6,175
2017-06-24 11:00:00+00:00,7.39,90.6,10125.0,21.667046,-157.95213,2164.0,11,24,6,175
2017-06-24 12:00:00+00:00,7.04,85.32,10121.0,21.667046,-157.95213,2109.0,12,24,6,175
2017-06-24 13:00:00+00:00,6.64,90.15,10115.0,21.667046,-157.95213,1927.0,13,24,6,175
2017-06-24 14:00:00+00:00,6.12,71.44,10115.0,21.667046,-157.95213,1915.0,14,24,6,175
2017-06-24 15:00:00+00:00,5.51,69.85,10116.0,21.667046,-157.95213,2024.0,15,24,6,175
2017-06-24 16:00:00+00:00,5.74,93.96,10118.0,21.667046,-157.95213,1934.0,16,24,6,175
2017-06-24 17:00:00+00:00,5.64,93.69,10123.0,21.667046,-157.95213,2714.0,17,24,6,175
2017-06-24 18:00:00+00:00,5.95,85.33,10125.0,21.667046,-157.95213,2968.0,18,24,6,175
2017-06-24 19:00:00+00:00,5.77,93.6,10128.0,21.667046,-157.95213,3187.0,19,24,6,175
2017-06-24 20:00:00+00:00,6.74,85.26,10128.0,21.667046,-157.95213,3326.0,20,24,6,175
2017-06-24 21:00:00+00:00,6.23,85.66,10130.0,21.667046,-157.95213,3651.0,21,24,6,175
2017-06-24 22:00:00+00:00,6.73,84.39,10128.0,21.667046,-157.95213,3564.0,22,24,6,175
2017-06-24 23:00:00+00:00,6.63,85.49,10126.0,21.667046,-157.95213,3487.0,23,24,6,175
2017-06-25 00:00:00+00:00,6.63,82.91,10124.0,21.667046,-157.95213,3673.0,0,25,6,176
2017-06-25 01:00:00+00:00,6.58,79.71,10122.0,21.667046,-157.95213,3499.0,1,25,6,176
2017-06-25 02:00:00+00:00,6.16,84.24,10118.0,21.667046,-157.95213,3298.0,2,25,6,176
2017-06-25 03:00:00+00:00,6.44,82.8,10117.0,21.667046,-157.95213,3073.0,3,25,6,176
2017-06-25 04:00:00+00:00,6.53,83.58,10118.0,21.667046,-157.95213,2777.0,4,25,6,176
2017-06-25 05:00:00+00:00,7.0,82.54,10122.0,21.667046,-157.95213,2551.0,5,25,6,176
2017-06-25 06:00:00+00:00,6.74,88.62,10128.0,21.667046,-157.95213,2345.0,6,25,6,176
2017-06-25 07:00:00+00:00,8.22,78.69,10131.0,21.667046,-157.95213,2434.0,7,25,6,176
2017-06-25 08:00:00+00:00,6.55,99.92,10138.0,21.667046,-157.95213,2257.0,8,25,6,176
2017-06-25 09:00:00+00:00,6.84,98.05,10141.0,21.667046,-157.95213,2356.0,9,25,6,176
2017-06-25 10:00:00+00:00,6.36,109.75,10140.0,21.667046,-157.95213,2397.0,10,25,6,176
2017-06-25 11:00:00+00:00,6.61,108.57,10136.0,21.667046,-157.95213,2017.0,11,25,6,176
2017-06-25 12:00:00+00:00,5.73,106.65,10132.0,21.667046,-157.95213,2001.0,12,25,6,176
2017-06-25 13:00:00+00:00,5.68,94.97,10128.0,21.667046,-157.95213,1952.0,13,25,6,176
2017-06-25 14:00:00+00:00,4.9,92.11,10125.0,21.667046,-157.95213,1948.0,14,25,6,176
2017-06-25 15:00:00+00:00,4.72,109.93,10129.0,21.667046,-157.95213,1915.0,15,25,6,176
2017-06-25 16:00:00+00:00,4.14,111.94,10128.0,21.667046,-157.95213,1900.0,16,25,6,176
2017-06-25 17:00:00+00:00,4.74,105.7,10136.0,21.667046,-157.95213,2711.0,17,25,6,176
2017-06-25 18:00:00+00:00,6.02,102.13,10135.0,21.667046,-157.95213,2973.0,18,25,6,176
2017-06-25 19:00:00+00:00,5.88,94.92,10139.0,21.667046,-157.95213,3207.0,19,25,6,176
2017-06-25 20:00:00+00:00,6.09,93.52,10138.0,21.667046,-157.95213,3378.0,20,25,6,176
2017-06-25 21:00:00+00:00,6.22,89.28,10140.0,21.667046,-157.95213,3639.0,21,25,6,176
2017-06-25 22:00:00+00:00,6.82,84.48,10137.0,21.667046,-157.95213,3554.0,22,25,6,176
2017-06-25 23:00:00+00:00,6.93,86.37,10134.0,21.667046,-157.95213,3621.0,23,25,6,176
2017-06-26 00:00:00+00:00,7.56,85.21,10134.0,21.667046,-157.95213,3577.0,0,26,6,177
2017-06-26 01:00:00+00:00,7.7,92.01,10129.0,21.667046,-157.95213,3560.0,1,26,6,177
2017-06-26 02:00:00+00:00,7.57,93.95,10126.0,21.667046,-157.95213,3256.0,2,26,6,177
2017-06-26 03:00:00+00:00,7.18,94.63,10123.0,21.667046,-157.95213,3062.0,3,26,6,177
2017-06-26 04:00:00+00:00,7.04,93.96,10127.0,21.667046,-157.95213,2806.0,4,26,6,177
2017-06-26 05:00:00+00:00,7.2,107.37,10134.0,21.667046,-157.95213,2509.0,5,26,6,177
2017-06-26 06:00:00+00:00,6.74,102.69,10137.0,21.667046,-157.95213,2371.0,6,26,6,177
2017-06-26 07:00:00+00:00,6.77,103.43,10140.0,21.667046,-157.95213,2259.0,7,26,6,177
2017-06-26 08:00:00+00:00,7.44,99.94,10143.0,21.667046,-157.95213,2418.0,8,26,6,177
2017-06-26 09:00:00+00:00,7.77,105.93,10145.0,21.667046,-157.95213,2318.0,9,26,6,177
2017-06-26 10:00:00+00:00,7.02,107.14,10145.0,21.667046,-157.95213,2245.0,10,26,6,177
2017-06-26 11:00:00+00:00,8.66,112.92,10140.0,21.667046,-157.95213,2278.0,11,26,6,177
2017-06-26 12:00:00+00:00,9.05,117.57,10137.0,21.667046,-157.95213,2292.0,12,26,6,177
2017-06-26 13:00:00+00:00,9.19,118.63,10133.0,21.667046,-157.95213,2277.0,13,26,6,177
2017-06-26 14:00:00+00:00,8.85,116.22,10134.0,21.667046,-157.95213,2273.0,14,26,6,177
2017-06-26 15:00:00+00:00,8.53,110.08,10137.0,21.667046,-157.95213,2268.0,15,26,6,177
2017-06-26 16:00:00+00:00,8.69,107.46,10141.0,21.667046,-157.95213,2282.0,16,26,6,177
2017-06-26 17:00:00+00:00,9.19,109.33,10146.0,21.667046,-157.95213,2697.0,17,26,6,177
2017-06-26 18:00:00+00:00,9.3,107.77,10150.0,21.667046,-157.95213,3063.0,18,26,6,177
2017-06-26 19:00:00+00:00,9.26,105.6,10152.0,21.667046,-157.95213,3209.0,19,26,6,177
2017-06-26 20:00:00+00:00,9.42,104.3,10152.0,21.667046,-157.95213,3437.0,20,26,6,177
2017-06-26 21:00:00+00:00,8.92,104.89,10153.0,21.667046,-157.95213,3644.0,21,26,6,177
2017-06-26 22:00:00+00:00,9.3,102.01,10150.0,21.667046,-157.95213,3553.0,22,26,6,177
2017-06-26 23:00:00+00:00,9.31,98.32,10148.0,21.667046,-157.95213,3715.0,23,26,6,177
2017-06-27 00:00:00+00:00,8.9,100.28,10144.0,21.667046,-157.95213,3624.0,0,27,6,178
2017-06-27 01:00:00+00:00,8.86,103.54,10141.0,21.667046,-157.95213,3566.0,1,27,6,178
2017-06-27 02:00:00+00:00,9.09,97.34,10140.0,21.667046,-157.95213,3191.0,2,27,6,178
2017-06-27 03:00:00+00:00,9.37,102.16,10137.0,21.667046,-157.95213,3125.0,3,27,6,178
2017-06-27 04:00:00+00:00,9.63,95.47,10138.0,21.667046,-157.95213,2803.0,4,27,6,178
2017-06-27 05:00:00+00:00,10.07,96.83,10141.0,21.667046,-157.95213,2509.0,5,27,6,178
2017-06-27 06:00:00+00:00,10.53,97.51,10145.0,21.667046,-157.95213,2419.0,6,27,6,178
2017-06-27 07:00:00+00:00,10.23,91.73,10149.0,21.667046,-157.95213,2414.0,7,27,6,178
2017-06-27 08:00:00+00:00,10.57,91.07,10153.0,21.667046,-157.95213,2409.0,8,27,6,178
2017-06-27 09:00:00+00:00,10.34,92.29,10156.0,21.667046,-157.95213,2396.0,9,27,6,178
2017-06-27 10:00:00+00:00,10.48,91.3,10154.0,21.667046,-157.95213,2372.0,10,27,6,178
2017-06-27 11:00:00+00:00,10.27,88.74,10150.0,21.667046,-157.95213,2356.0,11,27,6,178
2017-06-27 12:00:00+00:00,10.1,87.82,10144.0,21.667046,-157.95213,2355.0,12,27,6,178
2017-06-27 13:00:00+00:00,9.92,87.03,10145.0,21.667046,-157.95213,2345.0,13,27,6,178
2017-06-27 14:00:00+00:00,9.57,88.12,10144.0,21.667046,-157.95213,2336.0,14,27,6,178
2017-06-27 15:00:00+00:00,10.0,79.36,10150.0,21.667046,-157.95213,2389.0,15,27,6,178
2017-06-27 16:00:00+00:00,9.24,84.69,10152.0,21.667046,-157.95213,2303.0,16,27,6,178
2017-06-27 17:00:00+00:00,9.02,85.68,10159.0,21.667046,-157.95213,2713.0,17,27,6,178
2017-06-27 18:00:00+00:00,10.63,84.9,10160.0,21.667046,-157.95213,2841.0,18,27,6,178
2017-06-27 19:00:00+00:00,9.99,80.45,10163.0,21.667046,-157.95213,3119.0,19,27,6,178
2017-06-27 20:00:00+00:00,10.39,81.71,10163.0,21.667046,-157.95213,3354.0,20,27,6,178
2017-06-27 21:00:00+00:00,9.35,87.19,10162.0,21.667046,-157.95213,3042.0,21,27,6,178
2017-06-27 22:00:00+00:00,9.78,87.31,10159.0,21.667046,-157.95213,2993.0,22,27,6,178
2017-06-27 23:00:00+00:00,9.85,84.27,10155.0,21.667046,-157.95213,3221.0,23,27,6,178
2017-06-28 00:00:00+00:00,10.68,86.88,10152.0,21.667046,-157.95213,3242.0,0,28,6,179
2017-06-28 01:00:00+00:00,10.49,86.35,10145.0,21.667046,-157.95213,3084.0,1,28,6,179
2017-06-28 02:00:00+00:00,10.38,90.16,10144.0,21.667046,-157.95213,2972.0,2,28,6,179
2017-06-28 03:00:00+00:00,10.7,87.81,10140.0,21.667046,-157.95213,2948.0,3,28,6,179
2017-06-28 04:00:00+00:00,10.54,89.85,10143.0,21.667046,-157.95213,2772.0,4,28,6,179
2017-06-28 05:00:00+00:00,11.11,85.44,10145.0,21.667046,-157.95213,2464.0,5,28,6,179
2017-06-28 06:00:00+00:00,11.05,83.31,10147.0,21.667046,-157.95213,2380.0,6,28,6,179
2017-06-28 07:00:00+00:00,12.14,87.64,10149.0,21.667046,-157.95213,2372.0,7,28,6,179
2017-06-28 08:00:00+00:00,12.1,90.33,10155.0,21.667046,-157.95213,2377.0,8,28,6,179
2017-06-28 09:00:00+00:00,11.22,90.13,10156.0,21.667046,-157.95213,2357.0,9,28,6,179
2017-06-28 10:00:00+00:00,11.12,93.79,10154.0,21.667046,-157.95213,2359.0,10,28,6,179
2017-06-28 11:00:00+00:00,12.03,89.4,10150.0,21.667046,-157.95213,2466.0,11,28,6,179
2017-06-28 12:00:00+00:00,11.73,85.19,10146.0,21.667046,-157.95213,2342.0,12,28,6,179
2017-06-28 13:00:00+00:00,12.91,81.55,10145.0,21.667046,-157.95213,2338.0,13,28,6,179
2017-06-28 14:00:00+00:00,10.97,91.39,10146.0,21.667046,-157.95213,2320.0,14,28,6,179
2017-06-28 15:00:00+00:00,11.93,78.99,10149.0,21.667046,-157.95213,2329.0,15,28,6,179
2017-06-28 16:00:00+00:00,12.07,84.99,10152.0,21.667046,-157.95213,2345.0,16,28,6,179
2017-06-28 17:00:00+00:00,11.69,86.83,10158.0,21.667046,-157.95213,2654.0,17,28,6,179
2017-06-28 18:00:00+00:00,12.92,83.31,10162.0,21.667046,-157.95213,2791.0,18,28,6,179
2017-06-28 19:00:00+00:00,12.04,85.36,10161.0,21.667046,-157.95213,3132.0,19,28,6,179
2017-06-28 20:00:00+00:00,12.54,86.78,10162.0,21.667046,-157.95213,3350.0,20,28,6,179
2017-06-28 21:00:00+00:00,12.13,89.46,10159.0,21.667046,-157.95213,3487.0,21,28,6,179
2017-06-28 22:00:00+00:00,11.69,89.5,10154.0,21.667046,-157.95213,3430.0,22,28,6,179
2017-06-28 23:00:00+00:00,11.42,90.38,10152.0,21.667046,-157.95213,3590.0,23,28,6,179
2017-06-29 00:00:00+00:00,11.07,91.07,10148.0,21.667046,-157.95213,3582.0,0,29,6,180
2017-06-29 01:00:00+00:00,10.45,88.52,10144.0,21.667046,-157.95213,3370.0,1,29,6,180
2017-06-29 02:00:00+00:00,10.58,83.92,10139.0,21.667046,-157.95213,3205.0,2,29,6,180
2017-06-29 03:00:00+00:00,10.41,83.83,10140.0,21.667046,-157.95213,3057.0,3,29,6,180
2017-06-29 04:00:00+00:00,10.37,80.35,10139.0,21.667046,-157.95213,2823.0,4,29,6,180
2017-06-29 05:00:00+00:00,10.58,75.5,10145.0,21.667046,-157.95213,2497.0,5,29,6,180
2017-06-29 06:00:00+00:00,11.81,75.17,10150.0,21.667046,-157.95213,2420.0,6,29,6,180
2017-06-29 07:00:00+00:00,11.66,74.09,10151.0,21.667046,-157.95213,2407.0,7,29,6,180
2017-06-29 08:00:00+00:00,11.39,76.02,10154.0,21.667046,-157.95213,2385.0,8,29,6,180
2017-06-29 09:00:00+00:00,10.9,75.81,10155.0,21.667046,-157.95213,2373.0,9,29,6,180
2017-06-29 10:00:00+00:00,11.56,73.38,10157.0,21.667046,-157.95213,2361.0,10,29,6,180
2017-06-29 11:00:00+00:00,11.05,71.64,10153.0,21.667046,-157.95213,2332.0,11,29,6,180
2017-06-29 12:00:00+00:00,10.67,72.15,10145.0,21.667046,-157.95213,2346.0,12,29,6,180
2017-06-29 13:00:00+00:00,11.07,69.29,10144.0,21.667046,-157.95213,2331.0,13,29,6,180
2017-06-29 14:00:00+00:00,10.57,67.96,10141.0,21.667046,-157.95213,2337.0,14,29,6,180
2017-06-29 15:00:00+00:00,10.89,65.99,10144.0,21.667046,-157.95213,2343.0,15,29,6,180
2017-06-29 16:00:00+00:00,10.98,68.42,10147.0,21.667046,-157.95213,2335.0,16,29,6,180
2017-06-29 17:00:00+00:00,10.87,66.08,10152.0,21.667046,-157.95213,2684.0,17,29,6,180
2017-06-29 18:00:00+00:00,11.1,66.27,10153.0,21.667046,-157.95213,2936.0,18,29,6,180
2017-06-29 19:00:00+00:00,10.63,65.49,10154.0,21.667046,-157.95213,3147.0,19,29,6,180
2017-06-29 20:00:00+00:00,10.52,66.06,10154.0,21.667046,-157.95213,3451.0,20,29,6,180
2017-06-29 21:00:00+00:00,10.22,65.05,10154.0,21.667046,-157.95213,3402.0,21,29,6,180
2017-06-29 22:00:00+00:00,10.37,65.57,10153.0,21.667046,-157.95213,3546.0,22,29,6,180
2017-06-29 23:00:00+00:00,10.39,64.63,10149.0,21.667046,-157.95213,3400.0,23,29,6,180
2017-06-30 00:00:00+00:00,10.55,64.93,10145.0,21.667046,-157.95213,3420.0,0,30,6,181
2017-06-30 01:00:00+00:00,10.27,63.15,10142.0,21.667046,-157.95213,3280.0,1,30,6,181
2017-06-30 02:00:00+00:00,10.99,63.32,10141.0,21.667046,-157.95213,3140.0,2,30,6,181
2017-06-30 03:00:00+00:00,11.51,58.1,10139.0,21.667046,-157.95213,2864.0,3,30,6,181
2017-06-30 04:00:00+00:00,11.19,56.32,10139.0,21.667046,-157.95213,2738.0,4,30,6,181
2017-06-30 05:00:00+00:00,13.27,65.99,10141.0,21.667046,-157.95213,2478.0,5,30,6,181
2017-06-30 06:00:00+00:00,12.85,66.72,10146.0,21.667046,-157.95213,2390.0,6,30,6,181
2017-06-30 07:00:00+00:00,12.61,65.4,10148.0,21.667046,-157.95213,2387.0,7,30,6,181
2017-06-30 08:00:00+00:00,13.21,64.33,10153.0,21.667046,-157.95213,2416.0,8,30,6,181
2017-06-30 09:00:00+00:00,13.32,66.2,10151.0,21.667046,-157.95213,2387.0,9,30,6,181
2017-06-30 10:00:00+00:00,12.75,67.46,10151.0,21.667046,-157.95213,2377.0,10,30,6,181
2017-06-30 11:00:00+00:00,12.7,68.62,10145.0,21.667046,-157.95213,2363.0,11,30,6,181
2017-06-30 12:00:00+00:00,12.38,67.93,10135.0,21.667046,-157.95213,2351.0,12,30,6,181
2017-06-30 13:00:00+00:00,12.13,69.79,10133.0,21.667046,-157.95213,2338.0,13,30,6,181
2017-06-30 14:00:00+00:00,12.49,70.92,10132.0,21.667046,-157.95213,2349.0,14,30,6,181
2017-06-30 15:00:00+00:00,11.76,75.96,10135.0,21.667046,-157.95213,2348.0,15,30,6,181
2017-06-30 16:00:00+00:00,10.69,67.55,10137.0,21.667046,-157.95213,2403.0,16,30,6,181
2017-06-30 17:00:00+00:00,10.31,68.73,10140.0,21.667046,-157.95213,2493.0,17,30,6,181
2017-06-30 18:00:00+00:00,10.9,77.23,10143.0,21.667046,-157.95213,2853.0,18,30,6,181
2017-06-30 19:00:00+00:00,12.27,79.52,10144.0,21.667046,-157.95213,3034.0,19,30,6,181
2017-06-30 20:00:00+00:00,12.44,77.94,10146.0,21.667046,-157.95213,3140.0,20,30,6,181
2017-06-30 21:00:00+00:00,11.87,74.23,10147.0,21.667046,-157.95213,3468.0,21,30,6,181
2017-06-30 22:00:00+00:00,11.29,70.16,10147.0,21.667046,-157.95213,3492.0,22,30,6,181
2017-06-30 23:00:00+00:00,11.99,71.19,10143.0,21.667046,-157.95213,3263.0,23,30,6,181
2017-07-01 00:00:00+00:00,10.6,73.16,10138.0,21.667046,-157.95213,3288.0,0,1,7,182
2017-07-01 01:00:00+00:00,10.63,74.42,10132.0,21.667046,-157.95213,3471.0,1,1,7,182
2017-07-01 02:00:00+00:00,11.28,73.78,10127.0,21.667046,-157.95213,3274.0,2,1,7,182
2017-07-01 03:00:00+00:00,11.89,70.48,10129.0,21.667046,-157.95213,2778.0,3,1,7,182
2017-07-01 04:00:00+00:00,11.84,68.78,10132.0,21.667046,-157.95213,2580.0,4,1,7,182
2017-07-01 05:00:00+00:00,11.22,69.78,10134.0,21.667046,-157.95213,2477.0,5,1,7,182
2017-07-01 06:00:00+00:00,10.38,64.91,10139.0,21.667046,-157.95213,2420.0,6,1,7,182
2017-07-01 07:00:00+00:00,10.55,76.62,10142.0,21.667046,-157.95213,2349.0,7,1,7,182
2017-07-01 08:00:00+00:00,9.17,66.28,10146.0,21.667046,-157.95213,2313.0,8,1,7,182
2017-07-01 09:00:00+00:00,10.39,72.5,10146.0,21.667046,-157.95213,2336.0,9,1,7,182
2017-07-01 10:00:00+00:00,10.99,73.38,10145.0,21.667046,-157.95213,2345.0,10,1,7,182
2017-07-01 11:00:00+00:00,11.58,79.15,10139.0,21.667046,-157.95213,2353.0,11,1,7,182
2017-07-01 12:00:00+00:00,12.1,78.59,10127.0,21.667046,-157.95213,2342.0,12,1,7,182
2017-07-01 13:00:00+00:00,12.11,75.88,10122.0,21.667046,-157.95213,2332.0,13,1,7,182
2017-07-01 14:00:00+00:00,11.93,77.55,10119.0,21.667046,-157.95213,2338.0,14,1,7,182
2017-07-01 15:00:00+00:00,11.79,75.52,10122.0,21.667046,-157.95213,2336.0,15,1,7,182
2017-07-01 16:00:00+00:00,11.75,77.6,10125.0,21.667046,-157.95213,2330.0,16,1,7,182
2017-07-01 17:00:00+00:00,10.78,81.3,10133.0,21.667046,-157.95213,2691.0,17,1,7,182
2017-07-01 18:00:00+00:00,10.35,80.1,10138.0,21.667046,-157.95213,2845.0,18,1,7,182
2017-07-01 19:00:00+00:00,10.24,81.44,10141.0,21.667046,-157.95213,3025.0,19,1,7,182
2017-07-01 20:00:00+00:00,10.11,82.88,10144.0,21.667046,-157.95213,3206.0,20,1,7,182
2017-07-01 21:00:00+00:00,10.21,86.14,10141.0,21.667046,-157.95213,3500.0,21,1,7,182
2017-07-01 22:00:00+00:00,10.9,82.35,10140.0,21.667046,-157.95213,3566.0,22,1,7,182
2017-07-01 23:00:00+00:00,9.91,81.11,10139.0,21.667046,-157.95213,3369.0,23,1,7,182
2017-07-02 00:00:00+00:00,9.71,79.71,10134.0,21.667046,-157.95213,3672.0,0,2,7,183
2017-07-02 01:00:00+00:00,8.62,76.31,10130.0,21.667046,-157.95213,3553.0,1,2,7,183
2017-07-02 02:00:00+00:00,9.81,76.31,10129.0,21.667046,-157.95213,3360.0,2,2,7,183
2017-07-02 03:00:00+00:00,9.34,70.46,10129.0,21.667046,-157.95213,2981.0,3,2,7,183
2017-07-02 04:00:00+00:00,7.28,97.11,10135.0,21.667046,-157.95213,2408.0,4,2,7,183
2017-07-02 05:00:00+00:00,8.7,78.7,10136.0,21.667046,-157.95213,2308.0,5,2,7,183
2017-07-02 06:00:00+00:00,11.69,86.16,10139.0,21.667046,-157.95213,2353.0,6,2,7,183
2017-07-02 07:00:00+00:00,9.3,79.14,10144.0,21.667046,-157.95213,2381.0,7,2,7,183
2017-07-02 08:00:00+00:00,9.56,80.7,10147.0,21.667046,-157.95213,2316.0,8,2,7,183
2017-07-02 09:00:00+00:00,12.07,81.14,10151.0,21.667046,-157.95213,2260.0,9,2,7,183
2017-07-02 10:00:00+00:00,11.46,91.95,10150.0,21.667046,-157.95213,2274.0,10,2,7,183
2017-07-02 11:00:00+00:00,8.54,80.07,10146.0,21.667046,-157.95213,2353.0,11,2,7,183
2017-07-02 12:00:00+00:00,9.61,73.3,10140.0,21.667046,-157.95213,2301.0,12,2,7,183
2017-07-02 13:00:00+00:00,7.47,87.81,10136.0,21.667046,-157.95213,2283.0,13,2,7,183
2017-07-02 14:00:00+00:00,9.33,91.42,10137.0,21.667046,-157.95213,2353.0,14,2,7,183
2017-07-02 15:00:00+00:00,8.49,92.33,10142.0,21.667046,-157.95213,2249.0,15,2,7,183
2017-07-02 16:00:00+00:00,8.59,87.1,10148.0,21.667046,-157.95213,2287.0,16,2,7,183
2017-07-02 17:00:00+00:00,6.09,109.06,10159.0,21.667046,-157.95213,2266.0,17,2,7,183
2017-07-02 18:00:00+00:00,7.43,90.97,10161.0,21.667046,-157.95213,2662.0,18,2,7,183
2017-07-02 19:00:00+00:00,7.28,94.74,10163.0,21.667046,-157.95213,2778.0,19,2,7,183
2017-07-02 20:00:00+00:00,7.33,95.88,10161.0,21.667046,-157.95213,3228.0,20,2,7,183
2017-07-02 21:00:00+00:00,6.92,90.94,10162.0,21.667046,-157.95213,3381.0,21,2,7,183
2017-07-02 22:00:00+00:00,7.88,93.49,10162.0,21.667046,-157.95213,3608.0,22,2,7,183
2017-07-02 23:00:00+00:00,7.36,94.34,10160.0,21.667046,-157.95213,3657.0,23,2,7,183
2017-07-03 00:00:00+00:00,7.86,91.09,10156.0,21.667046,-157.95213,3693.0,0,3,7,184
2017-07-03 01:00:00+00:00,7.14,92.84,10151.0,21.667046,-157.95213,3370.0,1,3,7,184
2017-07-03 02:00:00+00:00,7.62,83.43,10150.0,21.667046,-157.95213,3352.0,2,3,7,184
2017-07-03 03:00:00+00:00,8.02,84.14,10151.0,21.667046,-157.95213,2923.0,3,3,7,184
2017-07-03 04:00:00+00:00,8.75,92.29,10155.0,21.667046,-157.95213,2751.0,4,3,7,184
2017-07-03 05:00:00+00:00,7.29,83.44,10162.0,21.667046,-157.95213,2515.0,5,3,7,184
2017-07-03 06:00:00+00:00,8.94,73.25,10166.0,21.667046,-157.95213,2485.0,6,3,7,184
2017-07-03 07:00:00+00:00,8.04,92.01,10167.0,21.667046,-157.95213,2323.0,7,3,7,184
2017-07-03 08:00:00+00:00,8.34,93.97,10171.0,21.667046,-157.95213,2439.0,8,3,7,184
2017-07-03 09:00:00+00:00,9.23,79.64,10172.0,21.667046,-157.95213,2341.0,9,3,7,184
2017-07-03 10:00:00+00:00,9.7,80.3,10172.0,21.667046,-157.95213,2364.0,10,3,7,184
2017-07-03 11:00:00+00:00,9.48,75.01,10167.0,21.667046,-157.95213,2359.0,11,3,7,184
2017-07-03 12:00:00+00:00,9.36,77.49,10160.0,21.667046,-157.95213,2393.0,12,3,7,184
2017-07-03 13:00:00+00:00,9.29,71.16,10159.0,21.667046,-157.95213,2357.0,13,3,7,184
2017-07-03 14:00:00+00:00,9.71,79.94,10158.0,21.667046,-157.95213,2331.0,14,3,7,184
2017-07-03 15:00:00+00:00,9.76,83.96,10160.0,21.667046,-157.95213,2370.0,15,3,7,184
2017-07-03 16:00:00+00:00,10.12,84.19,10165.0,21.667046,-157.95213,2346.0,16,3,7,184
2017-07-03 17:00:00+00:00,9.58,85.62,10170.0,21.667046,-157.95213,2701.0,17,3,7,184
2017-07-03 18:00:00+00:00,10.54,87.96,10175.0,21.667046,-157.95213,2908.0,18,3,7,184
2017-07-03 19:00:00+00:00,10.34,91.34,10178.0,21.667046,-157.95213,3169.0,19,3,7,184
2017-07-03 20:00:00+00:00,11.19,95.12,10178.0,21.667046,-157.95213,3333.0,20,3,7,184
2017-07-03 21:00:00+00:00,10.25,88.89,10177.0,21.667046,-157.95213,3278.0,21,3,7,184
2017-07-03 22:00:00+00:00,10.21,94.32,10172.0,21.667046,-157.95213,3505.0,22,3,7,184
2017-07-03 23:00:00+00:00,9.21,87.1,10169.0,21.667046,-157.95213,3623.0,23,3,7,184
2017-07-04 00:00:00+00:00,9.73,88.1,10164.0,21.667046,-157.95213,3614.0,0,4,7,185
2017-07-04 01:00:00+00:00,9.13,86.06,10162.0,21.667046,-157.95213,3484.0,1,4,7,185
2017-07-04 02:00:00+00:00,9.23,90.65,10159.0,21.667046,-157.95213,3298.0,2,4,7,185
2017-07-04 03:00:00+00:00,9.54,91.94,10159.0,21.667046,-157.95213,3143.0,3,4,7,185
2017-07-04 04:00:00+00:00,8.62,86.21,10160.0,21.667046,-157.95213,2865.0,4,4,7,185
2017-07-04 05:00:00+00:00,9.14,90.81,10162.0,21.667046,-157.95213,2523.0,5,4,7,185
2017-07-04 06:00:00+00:00,9.63,91.66,10166.0,21.667046,-157.95213,2446.0,6,4,7,185
2017-07-04 07:00:00+00:00,10.96,97.36,10169.0,21.667046,-157.95213,2410.0,7,4,7,185
2017-07-04 08:00:00+00:00,8.14,106.66,10173.0,21.667046,-157.95213,2317.0,8,4,7,185
2017-07-04 09:00:00+00:00,10.65,90.16,10168.0,21.667046,-157.95213,2327.0,9,4,7,185
2017-07-04 10:00:00+00:00,11.65,86.98,10166.0,21.667046,-157.95213,2332.0,10,4,7,185
2017-07-04 11:00:00+00:00,11.12,94.08,10160.0,21.667046,-157.95213,2391.0,11,4,7,185
2017-07-04 12:00:00+00:00,10.31,97.39,10154.0,21.667046,-157.95213,2330.0,12,4,7,185
2017-07-04 13:00:00+00:00,9.74,93.17,10153.0,21.667046,-157.95213,2314.0,13,4,7,185
2017-07-04 14:00:00+00:00,8.47,91.44,10155.0,21.667046,-157.95213,2291.0,14,4,7,185
2017-07-04 15:00:00+00:00,9.74,92.16,10158.0,21.667046,-157.95213,2261.0,15,4,7,185
2017-07-04 16:00:00+00:00,9.96,92.91,10162.0,21.667046,-157.95213,2248.0,16,4,7,185
2017-07-04 17:00:00+00:00,9.27,88.96,10169.0,21.667046,-157.95213,2560.0,17,4,7,185
2017-07-04 18:00:00+00:00,8.13,75.31,10172.0,21.667046,-157.95213,2785.0,18,4,7,185
2017-07-04 19:00:00+00:00,7.65,83.01,10175.0,21.667046,-157.95213,2651.0,19,4,7,185
2017-07-04 20:00:00+00:00,10.67,80.71,10174.0,21.667046,-157.95213,3141.0,20,4,7,185
2017-07-04 21:00:00+00:00,9.51,83.8,10174.0,21.667046,-157.95213,3295.0,21,4,7,185
2017-07-04 22:00:00+00:00,9.99,84.39,10171.0,21.667046,-157.95213,3485.0,22,4,7,185
2017-07-04 23:00:00+00:00,9.04,82.81,10170.0,21.667046,-157.95213,3650.0,23,4,7,185
2017-07-05 00:00:00+00:00,9.74,84.22,10160.0,21.667046,-157.95213,3453.0,0,5,7,186
2017-07-05 01:00:00+00:00,9.04,84.8,10157.0,21.667046,-157.95213,3466.0,1,5,7,186
2017-07-05 02:00:00+00:00,8.81,86.66,10152.0,21.667046,-157.95213,3329.0,2,5,7,186
2017-07-05 03:00:00+00:00,9.21,84.77,10152.0,21.667046,-157.95213,2898.0,3,5,7,186
2017-07-05 04:00:00+00:00,8.59,81.42,10152.0,21.667046,-157.95213,2724.0,4,5,7,186
2017-07-05 05:00:00+00:00,8.48,78.17,10153.0,21.667046,-157.95213,2532.0,5,5,7,186
2017-07-05 06:00:00+00:00,9.17,78.51,10159.0,21.667046,-157.95213,2393.0,6,5,7,186
2017-07-05 07:00:00+00:00,8.32,74.04,10161.0,21.667046,-157.95213,2352.0,7,5,7,186
2017-07-05 08:00:00+00:00,8.72,79.2,10164.0,21.667046,-157.95213,2326.0,8,5,7,186
2017-07-05 09:00:00+00:00,9.96,82.13,10164.0,21.667046,-157.95213,2415.0,9,5,7,186
2017-07-05 10:00:00+00:00,9.21,75.3,10163.0,21.667046,-157.95213,2360.0,10,5,7,186
2017-07-05 11:00:00+00:00,9.39,78.55,10159.0,21.667046,-157.95213,2333.0,11,5,7,186
2017-07-05 12:00:00+00:00,9.61,68.42,10153.0,21.667046,-157.95213,2392.0,12,5,7,186
2017-07-05 13:00:00+00:00,9.44,76.03,10150.0,21.667046,-157.95213,2324.0,13,5,7,186
2017-07-05 14:00:00+00:00,9.4,73.52,10146.0,21.667046,-157.95213,2323.0,14,5,7,186
2017-07-05 15:00:00+00:00,9.86,73.11,10149.0,21.667046,-157.95213,2321.0,15,5,7,186
2017-07-05 16:00:00+00:00,9.94,73.5,10152.0,21.667046,-157.95213,2349.0,16,5,7,186
2017-07-05 17:00:00+00:00,8.1,87.73,10156.0,21.667046,-157.95213,2682.0,17,5,7,186
2017-07-05 18:00:00+00:00,9.23,82.7,10159.0,21.667046,-157.95213,2811.0,18,5,7,186
2017-07-05 19:00:00+00:00,9.49,84.34,10160.0,21.667046,-157.95213,2896.0,19,5,7,186
2017-07-05 20:00:00+00:00,8.55,86.08,10159.0,21.667046,-157.95213,3491.0,20,5,7,186
2017-07-05 21:00:00+00:00,8.01,85.45,10154.0,21.667046,-157.95213,3551.0,21,5,7,186
2017-07-05 22:00:00+00:00,9.13,81.2,10153.0,21.667046,-157.95213,3442.0,22,5,7,186
2017-07-05 23:00:00+00:00,7.86,83.95,10149.0,21.667046,-157.95213,3551.0,23,5,7,186
2017-07-06 00:00:00+00:00,7.27,86.31,10147.0,21.667046,-157.95213,3589.0,0,6,7,187
2017-07-06 01:00:00+00:00,7.29,85.25,10144.0,21.667046,-157.95213,3374.0,1,6,7,187
2017-07-06 02:00:00+00:00,7.24,78.01,10139.0,21.667046,-157.95213,3367.0,2,6,7,187
2017-07-06 03:00:00+00:00,7.26,76.41,10136.0,21.667046,-157.95213,3134.0,3,6,7,187
2017-07-06 04:00:00+00:00,6.75,70.94,10137.0,21.667046,-157.95213,2853.0,4,6,7,187
2017-07-06 05:00:00+00:00,7.08,62.23,10141.0,21.667046,-157.95213,2553.0,5,6,7,187
2017-07-06 06:00:00+00:00,7.05,62.33,10145.0,21.667046,-157.95213,2516.0,6,6,7,187
2017-07-06 07:00:00+00:00,7.8,52.58,10150.0,21.667046,-157.95213,2461.0,7,6,7,187
2017-07-06 08:00:00+00:00,8.0,69.06,10154.0,21.667046,-157.95213,2334.0,8,6,7,187
2017-07-06 09:00:00+00:00,8.5,68.29,10155.0,21.667046,-157.95213,2358.0,9,6,7,187
2017-07-06 10:00:00+00:00,7.78,71.11,10155.0,21.667046,-157.95213,2326.0,10,6,7,187
2017-07-06 11:00:00+00:00,7.95,75.19,10152.0,21.667046,-157.95213,2300.0,11,6,7,187
2017-07-06 12:00:00+00:00,8.05,74.95,10144.0,21.667046,-157.95213,2267.0,12,6,7,187
2017-07-06 13:00:00+00:00,7.65,81.3,10142.0,21.667046,-157.95213,2243.0,13,6,7,187
2017-07-06 14:00:00+00:00,8.3,78.03,10140.0,21.667046,-157.95213,2342.0,14,6,7,187
2017-07-06 15:00:00+00:00,6.96,77.55,10141.0,21.667046,-157.95213,2198.0,15,6,7,187
2017-07-06 16:00:00+00:00,7.2,75.98,10144.0,21.667046,-157.95213,2191.0,16,6,7,187
2017-07-06 17:00:00+00:00,10.22,84.36,10151.0,21.667046,-157.95213,2504.0,17,6,7,187
2017-07-06 18:00:00+00:00,4.88,89.34,10151.0,21.667046,-157.95213,2860.0,18,6,7,187
2017-07-06 19:00:00+00:00,3.99,100.57,10156.0,21.667046,-157.95213,2728.0,19,6,7,187
2017-07-06 20:00:00+00:00,8.68,77.92,10154.0,21.667046,-157.95213,2965.0,20,6,7,187
2017-07-06 21:00:00+00:00,8.16,82.38,10152.0,21.667046,-157.95213,3150.0,21,6,7,187
2017-07-06 22:00:00+00:00,8.57,78.71,10149.0,21.667046,-157.95213,3354.0,22,6,7,187
2017-07-06 23:00:00+00:00,7.64,81.69,10144.0,21.667046,-157.95213,3544.0,23,6,7,187
2017-07-07 00:00:00+00:00,7.86,74.91,10140.0,21.667046,-157.95213,3540.0,0,7,7,188
2017-07-07 01:00:00+00:00,7.66,73.96,10136.0,21.667046,-157.95213,3414.0,1,7,7,188
2017-07-07 02:00:00+00:00,7.28,71.52,10133.0,21.667046,-157.95213,3249.0,2,7,7,188
2017-07-07 03:00:00+00:00,7.6,63.05,10130.0,21.667046,-157.95213,3006.0,3,7,7,188
2017-07-07 04:00:00+00:00,7.53,58.84,10131.0,21.667046,-157.95213,2777.0,4,7,7,188
2017-07-07 05:00:00+00:00,7.8,66.0,10137.0,21.667046,-157.95213,2490.0,5,7,7,188
2017-07-07 06:00:00+00:00,8.64,58.95,10142.0,21.667046,-157.95213,2367.0,6,7,7,188
2017-07-07 07:00:00+00:00,8.38,66.79,10144.0,21.667046,-157.95213,2370.0,7,7,7,188
2017-07-07 08:00:00+00:00,8.56,73.26,10147.0,21.667046,-157.95213,2321.0,8,7,7,188
2017-07-07 09:00:00+00:00,9.13,68.79,10148.0,21.667046,-157.95213,2345.0,9,7,7,188
2017-07-07 10:00:00+00:00,9.27,77.08,10146.0,21.667046,-157.95213,2335.0,10,7,7,188
2017-07-07 11:00:00+00:00,9.49,74.28,10141.0,21.667046,-157.95213,2322.0,11,7,7,188
2017-07-07 12:00:00+00:00,8.42,74.22,10137.0,21.667046,-157.95213,2327.0,12,7,7,188
2017-07-07 13:00:00+00:00,9.27,74.72,10135.0,21.667046,-157.95213,2293.0,13,7,7,188
2017-07-07 14:00:00+00:00,8.8,74.6,10135.0,21.667046,-157.95213,2256.0,14,7,7,188
2017-07-07 15:00:00+00:00,9.02,75.96,10136.0,21.667046,-157.95213,2268.0,15,7,7,188
2017-07-07 16:00:00+00:00,9.82,75.81,10140.0,21.667046,-157.95213,2295.0,16,7,7,188
2017-07-07 17:00:00+00:00,9.41,78.88,10146.0,21.667046,-157.95213,2688.0,17,7,7,188
2017-07-07 18:00:00+00:00,8.73,80.01,10152.0,21.667046,-157.95213,2966.0,18,7,7,188
2017-07-07 19:00:00+00:00,8.96,83.99,10153.0,21.667046,-157.95213,3204.0,19,7,7,188
2017-07-07 20:00:00+00:00,8.74,87.09,10153.0,21.667046,-157.95213,3339.0,20,7,7,188
2017-07-07 21:00:00+00:00,7.97,84.37,10153.0,21.667046,-157.95213,3680.0,21,7,7,188
2017-07-07 22:00:00+00:00,7.95,83.42,10150.0,21.667046,-157.95213,3760.0,22,7,7,188
2017-07-07 23:00:00+00:00,7.79,85.14,10146.0,21.667046,-157.95213,3798.0,23,7,7,188
2017-07-08 00:00:00+00:00,8.02,82.89,10139.0,21.667046,-157.95213,3631.0,0,8,7,189
2017-07-08 01:00:00+00:00,7.53,83.32,10135.0,21.667046,-157.95213,3419.0,1,8,7,189
2017-07-08 02:00:00+00:00,7.3,80.1,10130.0,21.667046,-157.95213,3343.0,2,8,7,189
2017-07-08 03:00:00+00:00,7.91,75.19,10130.0,21.667046,-157.95213,3097.0,3,8,7,189
2017-07-08 04:00:00+00:00,7.6,74.4,10134.0,21.667046,-157.95213,2820.0,4,8,7,189
2017-07-08 05:00:00+00:00,7.67,75.31,10136.0,21.667046,-157.95213,2496.0,5,8,7,189
2017-07-08 06:00:00+00:00,8.04,73.85,10142.0,21.667046,-157.95213,2380.0,6,8,7,189
2017-07-08 07:00:00+00:00,8.27,72.66,10144.0,21.667046,-157.95213,2506.0,7,8,7,189
2017-07-08 08:00:00+00:00,8.06,82.05,10148.0,21.667046,-157.95213,2349.0,8,8,7,189
2017-07-08 09:00:00+00:00,8.81,80.92,10146.0,21.667046,-157.95213,2346.0,9,8,7,189
2017-07-08 10:00:00+00:00,8.86,83.8,10146.0,21.667046,-157.95213,2332.0,10,8,7,189
2017-07-08 11:00:00+00:00,8.97,80.98,10140.0,21.667046,-157.95213,2336.0,11,8,7,189
2017-07-08 12:00:00+00:00,8.85,85.28,10135.0,21.667046,-157.95213,2307.0,12,8,7,189
2017-07-08 13:00:00+00:00,8.98,84.88,10133.0,21.667046,-157.95213,2319.0,13,8,7,189
2017-07-08 14:00:00+00:00,8.36,94.92,10133.0,21.667046,-157.95213,2257.0,14,8,7,189
2017-07-08 15:00:00+00:00,8.27,85.94,10135.0,21.667046,-157.95213,2259.0,15,8,7,189
2017-07-08 16:00:00+00:00,8.02,92.49,10135.0,21.667046,-157.95213,2230.0,16,8,7,189
2017-07-08 17:00:00+00:00,7.88,90.57,10140.0,21.667046,-157.95213,2663.0,17,8,7,189
2017-07-08 18:00:00+00:00,7.61,89.32,10143.0,21.667046,-157.95213,2939.0,18,8,7,189
2017-07-08 19:00:00+00:00,7.29,95.34,10144.0,21.667046,-157.95213,3204.0,19,8,7,189
2017-07-08 20:00:00+00:00,7.0,87.8,10144.0,21.667046,-157.95213,3436.0,20,8,7,189
2017-07-08 21:00:00+00:00,6.61,92.11,10142.0,21.667046,-157.95213,3149.0,21,8,7,189
2017-07-08 22:00:00+00:00,6.96,90.01,10139.0,21.667046,-157.95213,3712.0,22,8,7,189
2017-07-08 23:00:00+00:00,6.8,90.0,10135.0,21.667046,-157.95213,3618.0,23,8,7,189
2017-07-09 00:00:00+00:00,6.92,84.17,10130.0,21.667046,-157.95213,3656.0,0,9,7,190
2017-07-09 01:00:00+00:00,6.7,83.0,10128.0,21.667046,-157.95213,3540.0,1,9,7,190
2017-07-09 02:00:00+00:00,7.19,83.23,10126.0,21.667046,-157.95213,3373.0,2,9,7,190
2017-07-09 03:00:00+00:00,7.44,83.11,10123.0,21.667046,-157.95213,3115.0,3,9,7,190
2017-07-09 04:00:00+00:00,7.85,88.77,10122.0,21.667046,-157.95213,2848.0,4,9,7,190
2017-07-09 05:00:00+00:00,7.98,90.88,10128.0,21.667046,-157.95213,2488.0,5,9,7,190
2017-07-09 06:00:00+00:00,8.01,88.06,10134.0,21.667046,-157.95213,2372.0,6,9,7,190
2017-07-09 07:00:00+00:00,8.65,89.16,10136.0,21.667046,-157.95213,2375.0,7,9,7,190
2017-07-09 08:00:00+00:00,8.39,86.92,10139.0,21.667046,-157.95213,2366.0,8,9,7,190
2017-07-09 09:00:00+00:00,8.97,88.24,10142.0,21.667046,-157.95213,2381.0,9,9,7,190
2017-07-09 10:00:00+00:00,9.29,94.47,10141.0,21.667046,-157.95213,2376.0,10,9,7,190
2017-07-09 11:00:00+00:00,8.76,93.48,10138.0,21.667046,-157.95213,2331.0,11,9,7,190
2017-07-09 12:00:00+00:00,9.25,97.92,10129.0,21.667046,-157.95213,2320.0,12,9,7,190
2017-07-09 13:00:00+00:00,8.47,97.02,10127.0,21.667046,-157.95213,2299.0,13,9,7,190
2017-07-09 14:00:00+00:00,8.73,98.59,10125.0,21.667046,-157.95213,2291.0,14,9,7,190
2017-07-09 15:00:00+00:00,8.39,97.7,10129.0,21.667046,-157.95213,2249.0,15,9,7,190
2017-07-09 16:00:00+00:00,8.56,99.82,10129.0,21.667046,-157.95213,2221.0,16,9,7,190
2017-07-09 17:00:00+00:00,8.16,95.35,10135.0,21.667046,-157.95213,2675.0,17,9,7,190
2017-07-09 18:00:00+00:00,8.37,98.39,10138.0,21.667046,-157.95213,2953.0,18,9,7,190
2017-07-09 19:00:00+00:00,8.84,100.47,10140.0,21.667046,-157.95213,3184.0,19,9,7,190
2017-07-09 20:00:00+00:00,8.54,100.54,10138.0,21.667046,-157.95213,3518.0,20,9,7,190
2017-07-09 21:00:00+00:00,8.47,97.23,10136.0,21.667046,-157.95213,3437.0,21,9,7,190
2017-07-09 22:00:00+00:00,8.26,92.99,10133.0,21.667046,-157.95213,3694.0,22,9,7,190
2017-07-09 23:00:00+00:00,8.06,94.29,10132.0,21.667046,-157.95213,3695.0,23,9,7,190
2017-07-10 00:00:00+00:00,8.14,93.77,10127.0,21.667046,-157.95213,3731.0,0,10,7,191
2017-07-10 01:00:00+00:00,7.89,88.39,10125.0,21.667046,-157.95213,3487.0,1,10,7,191
2017-07-10 02:00:00+00:00,7.77,86.73,10122.0,21.667046,-157.95213,3305.0,2,10,7,191
2017-07-10 03:00:00+00:00,7.88,89.1,10120.0,21.667046,-157.95213,3080.0,3,10,7,191
2017-07-10 04:00:00+00:00,7.64,85.82,10122.0,21.667046,-157.95213,2869.0,4,10,7,191
2017-07-10 05:00:00+00:00,7.68,93.41,10124.0,21.667046,-157.95213,2521.0,5,10,7,191
2017-07-10 06:00:00+00:00,8.62,92.38,10130.0,21.667046,-157.95213,2387.0,6,10,7,191
2017-07-10 07:00:00+00:00,9.38,90.71,10135.0,21.667046,-157.95213,2401.0,7,10,7,191
2017-07-10 08:00:00+00:00,9.35,96.06,10138.0,21.667046,-157.95213,2401.0,8,10,7,191
2017-07-10 09:00:00+00:00,9.51,92.18,10139.0,21.667046,-157.95213,2352.0,9,10,7,191
2017-07-10 10:00:00+00:00,9.81,97.49,10140.0,21.667046,-157.95213,2351.0,10,10,7,191
2017-07-10 11:00:00+00:00,9.45,99.6,10137.0,21.667046,-157.95213,2352.0,11,10,7,191
2017-07-10 12:00:00+00:00,9.19,98.19,10128.0,21.667046,-157.95213,2321.0,12,10,7,191
2017-07-10 13:00:00+00:00,8.75,107.38,10128.0,21.667046,-157.95213,2285.0,13,10,7,191
2017-07-10 14:00:00+00:00,9.64,105.43,10125.0,21.667046,-157.95213,2285.0,14,10,7,191
2017-07-10 15:00:00+00:00,8.93,102.45,10127.0,21.667046,-157.95213,2270.0,15,10,7,191
2017-07-10 16:00:00+00:00,8.5,101.17,10128.0,21.667046,-157.95213,2231.0,16,10,7,191
2017-07-10 17:00:00+00:00,7.85,97.78,10132.0,21.667046,-157.95213,2695.0,17,10,7,191
2017-07-10 18:00:00+00:00,7.57,102.59,10134.0,21.667046,-157.95213,2919.0,18,10,7,191
2017-07-10 19:00:00+00:00,7.43,108.16,10135.0,21.667046,-157.95213,3225.0,19,10,7,191
2017-07-10 20:00:00+00:00,8.1,107.24,10135.0,21.667046,-157.95213,3390.0,20,10,7,191
2017-07-10 21:00:00+00:00,8.14,98.34,10133.0,21.667046,-157.95213,3454.0,21,10,7,191
2017-07-10 22:00:00+00:00,8.54,103.13,10130.0,21.667046,-157.95213,3622.0,22,10,7,191
2017-07-10 23:00:00+00:00,8.5,100.21,10128.0,21.667046,-157.95213,3721.0,23,10,7,191
2017-07-11 00:00:00+00:00,7.97,100.06,10124.0,21.667046,-157.95213,3686.0,0,11,7,192
2017-07-11 01:00:00+00:00,7.56,99.86,10125.0,21.667046,-157.95213,3592.0,1,11,7,192
2017-07-11 02:00:00+00:00,7.19,97.84,10118.0,21.667046,-157.95213,3437.0,2,11,7,192
2017-07-11 03:00:00+00:00,7.37,97.87,10119.0,21.667046,-157.95213,3176.0,3,11,7,192
2017-07-11 04:00:00+00:00,7.43,95.92,10116.0,21.667046,-157.95213,2875.0,4,11,7,192
2017-07-11 05:00:00+00:00,7.75,90.29,10121.0,21.667046,-157.95213,2503.0,5,11,7,192
2017-07-11 06:00:00+00:00,8.79,98.07,10124.0,21.667046,-157.95213,2337.0,6,11,7,192
2017-07-11 07:00:00+00:00,8.82,101.13,10129.0,21.667046,-157.95213,2347.0,7,11,7,192
2017-07-11 08:00:00+00:00,8.4,98.75,10131.0,21.667046,-157.95213,2346.0,8,11,7,192
2017-07-11 09:00:00+00:00,9.37,91.77,10133.0,21.667046,-157.95213,2372.0,9,11,7,192
2017-07-11 10:00:00+00:00,8.63,91.85,10132.0,21.667046,-157.95213,2385.0,10,11,7,192
2017-07-11 11:00:00+00:00,9.23,82.08,10129.0,21.667046,-157.95213,2317.0,11,11,7,192
2017-07-11 12:00:00+00:00,7.22,97.16,10122.0,21.667046,-157.95213,2235.0,12,11,7,192
2017-07-11 13:00:00+00:00,6.86,107.64,10118.0,21.667046,-157.95213,2175.0,13,11,7,192
2017-07-11 14:00:00+00:00,6.58,123.33,10119.0,21.667046,-157.95213,2138.0,14,11,7,192
2017-07-11 15:00:00+00:00,5.04,126.58,10123.0,21.667046,-157.95213,2069.0,15,11,7,192
2017-07-11 16:00:00+00:00,5.36,113.98,10125.0,21.667046,-157.95213,2036.0,16,11,7,192
2017-07-11 17:00:00+00:00,3.98,137.79,10128.0,21.667046,-157.95213,2681.0,17,11,7,192
2017-07-11 18:00:00+00:00,6.4,110.81,10131.0,21.667046,-157.95213,2862.0,18,11,7,192
2017-07-11 19:00:00+00:00,6.2,120.25,10137.0,21.667046,-157.95213,3290.0,19,11,7,192
2017-07-11 20:00:00+00:00,6.99,108.14,10136.0,21.667046,-157.95213,3388.0,20,11,7,192
2017-07-11 21:00:00+00:00,6.92,95.5,10139.0,21.667046,-157.95213,3655.0,21,11,7,192
2017-07-11 22:00:00+00:00,7.33,100.06,10137.0,21.667046,-157.95213,3694.0,22,11,7,192
2017-07-11 23:00:00+00:00,7.48,99.79,10134.0,21.667046,-157.95213,3658.0,23,11,7,192
2017-07-12 00:00:00+00:00,7.76,99.65,10130.0,21.667046,-157.95213,3768.0,0,12,7,193
2017-07-12 01:00:00+00:00,7.77,96.19,10130.0,21.667046,-157.95213,3613.0,1,12,7,193
2017-07-12 02:00:00+00:00,7.96,94.88,10129.0,21.667046,-157.95213,3252.0,2,12,7,193
2017-07-12 03:00:00+00:00,7.98,90.8,10129.0,21.667046,-157.95213,3128.0,3,12,7,193
2017-07-12 04:00:00+00:00,8.38,87.81,10131.0,21.667046,-157.95213,2902.0,4,12,7,193
2017-07-12 05:00:00+00:00,6.57,92.67,10134.0,21.667046,-157.95213,2580.0,5,12,7,193
2017-07-12 06:00:00+00:00,7.99,88.95,10139.0,21.667046,-157.95213,2453.0,6,12,7,193
2017-07-12 07:00:00+00:00,7.55,90.46,10144.0,21.667046,-157.95213,2463.0,7,12,7,193
2017-07-12 08:00:00+00:00,11.01,71.05,10147.0,21.667046,-157.95213,2396.0,8,12,7,193
2017-07-12 09:00:00+00:00,10.68,110.43,10150.0,21.667046,-157.95213,2381.0,9,12,7,193
2017-07-12 10:00:00+00:00,7.66,94.94,10147.0,21.667046,-157.95213,2396.0,10,12,7,193
2017-07-12 11:00:00+00:00,8.84,106.54,10142.0,21.667046,-157.95213,2358.0,11,12,7,193
2017-07-12 12:00:00+00:00,10.59,97.08,10138.0,21.667046,-157.95213,2369.0,12,12,7,193
2017-07-12 13:00:00+00:00,7.66,95.46,10135.0,21.667046,-157.95213,2378.0,13,12,7,193
2017-07-12 14:00:00+00:00,7.53,97.53,10132.0,21.667046,-157.95213,2311.0,14,12,7,193
2017-07-12 15:00:00+00:00,7.37,92.32,10135.0,21.667046,-157.95213,2411.0,15,12,7,193
2017-07-12 16:00:00+00:00,7.84,97.05,10135.0,21.667046,-157.95213,2411.0,16,12,7,193
2017-07-12 17:00:00+00:00,8.23,90.49,10142.0,21.667046,-157.95213,2570.0,17,12,7,193
2017-07-12 18:00:00+00:00,8.84,90.1,10142.0,21.667046,-157.95213,2777.0,18,12,7,193
2017-07-12 19:00:00+00:00,7.6,89.48,10142.0,21.667046,-157.95213,3114.0,19,12,7,193
2017-07-12 20:00:00+00:00,8.05,90.23,10143.0,21.667046,-157.95213,3373.0,20,12,7,193
2017-07-12 21:00:00+00:00,7.66,86.49,10142.0,21.667046,-157.95213,3557.0,21,12,7,193
2017-07-12 22:00:00+00:00,8.2,82.49,10142.0,21.667046,-157.95213,3379.0,22,12,7,193
2017-07-12 23:00:00+00:00,7.76,82.86,10139.0,21.667046,-157.95213,3284.0,23,12,7,193
2017-07-13 00:00:00+00:00,7.63,87.54,10132.0,21.667046,-157.95213,3497.0,0,13,7,194
2017-07-13 01:00:00+00:00,7.56,87.65,10130.0,21.667046,-157.95213,3255.0,1,13,7,194
2017-07-13 02:00:00+00:00,7.72,83.7,10127.0,21.667046,-157.95213,3097.0,2,13,7,194
2017-07-13 03:00:00+00:00,7.47,96.81,10128.0,21.667046,-157.95213,2681.0,3,13,7,194
2017-07-13 04:00:00+00:00,7.08,85.65,10133.0,21.667046,-157.95213,2722.0,4,13,7,194
2017-07-13 05:00:00+00:00,7.59,97.2,10134.0,21.667046,-157.95213,2523.0,5,13,7,194
2017-07-13 06:00:00+00:00,7.32,83.37,10140.0,21.667046,-157.95213,2415.0,6,13,7,194
2017-07-13 07:00:00+00:00,9.08,95.16,10142.0,21.667046,-157.95213,2442.0,7,13,7,194
2017-07-13 08:00:00+00:00,8.3,89.07,10146.0,21.667046,-157.95213,2441.0,8,13,7,194
2017-07-13 09:00:00+00:00,8.61,91.33,10150.0,21.667046,-157.95213,2457.0,9,13,7,194
2017-07-13 10:00:00+00:00,8.64,98.24,10147.0,21.667046,-157.95213,2409.0,10,13,7,194
2017-07-13 11:00:00+00:00,10.56,94.68,10143.0,21.667046,-157.95213,2349.0,11,13,7,194
2017-07-13 12:00:00+00:00,10.28,93.92,10138.0,21.667046,-157.95213,2342.0,12,13,7,194
2017-07-13 13:00:00+00:00,10.0,99.65,10135.0,21.667046,-157.95213,2356.0,13,13,7,194
2017-07-13 14:00:00+00:00,10.25,97.15,10134.0,21.667046,-157.95213,2330.0,14,13,7,194
2017-07-13 15:00:00+00:00,9.11,100.93,10137.0,21.667046,-157.95213,2319.0,15,13,7,194
2017-07-13 16:00:00+00:00,9.16,102.75,10138.0,21.667046,-157.95213,2312.0,16,13,7,194
2017-07-13 17:00:00+00:00,9.79,101.84,10145.0,21.667046,-157.95213,2401.0,17,13,7,194
2017-07-13 18:00:00+00:00,9.51,100.79,10149.0,21.667046,-157.95213,2765.0,18,13,7,194
2017-07-13 19:00:00+00:00,9.44,100.38,10150.0,21.667046,-157.95213,3001.0,19,13,7,194
2017-07-13 20:00:00+00:00,9.27,99.81,10149.0,21.667046,-157.95213,3325.0,20,13,7,194
2017-07-13 21:00:00+00:00,8.87,97.29,10150.0,21.667046,-157.95213,3411.0,21,13,7,194
2017-07-13 22:00:00+00:00,8.91,99.64,10150.0,21.667046,-157.95213,3506.0,22,13,7,194
2017-07-13 23:00:00+00:00,8.72,100.08,10148.0,21.667046,-157.95213,3391.0,23,13,7,194
2017-07-14 00:00:00+00:00,8.01,97.63,10142.0,21.667046,-157.95213,3469.0,0,14,7,195
2017-07-14 01:00:00+00:00,7.84,95.4,10139.0,21.667046,-157.95213,3569.0,1,14,7,195
2017-07-14 02:00:00+00:00,7.76,97.42,10137.0,21.667046,-157.95213,3301.0,2,14,7,195
2017-07-14 03:00:00+00:00,8.13,96.12,10136.0,21.667046,-157.95213,3110.0,3,14,7,195
2017-07-14 04:00:00+00:00,7.91,101.19,10138.0,21.667046,-157.95213,2829.0,4,14,7,195
2017-07-14 05:00:00+00:00,8.32,98.91,10140.0,21.667046,-157.95213,2527.0,5,14,7,195
2017-07-14 06:00:00+00:00,8.62,96.36,10145.0,21.667046,-157.95213,2403.0,6,14,7,195
2017-07-14 07:00:00+00:00,9.12,91.56,10149.0,21.667046,-157.95213,2411.0,7,14,7,195
2017-07-14 08:00:00+00:00,9.36,93.36,10150.0,21.667046,-157.95213,2395.0,8,14,7,195
2017-07-14 09:00:00+00:00,10.0,94.43,10154.0,21.667046,-157.95213,2402.0,9,14,7,195
2017-07-14 10:00:00+00:00,9.93,93.01,10152.0,21.667046,-157.95213,2394.0,10,14,7,195
2017-07-14 11:00:00+00:00,10.22,91.31,10149.0,21.667046,-157.95213,2385.0,11,14,7,195
2017-07-14 12:00:00+00:00,10.05,95.81,10143.0,21.667046,-157.95213,2374.0,12,14,7,195
2017-07-14 13:00:00+00:00,9.36,89.27,10142.0,21.667046,-157.95213,2360.0,13,14,7,195
2017-07-14 14:00:00+00:00,8.81,88.61,10142.0,21.667046,-157.95213,2338.0,14,14,7,195
2017-07-14 15:00:00+00:00,8.56,87.43,10146.0,21.667046,-157.95213,2331.0,15,14,7,195
2017-07-14 16:00:00+00:00,8.85,86.55,10148.0,21.667046,-157.95213,2342.0,16,14,7,195
2017-07-14 17:00:00+00:00,8.84,86.2,10153.0,21.667046,-157.95213,2711.0,17,14,7,195
2017-07-14 18:00:00+00:00,8.57,89.9,10156.0,21.667046,-157.95213,2976.0,18,14,7,195
2017-07-14 19:00:00+00:00,8.36,88.15,10159.0,21.667046,-157.95213,3186.0,19,14,7,195
2017-07-14 20:00:00+00:00,8.41,86.53,10156.0,21.667046,-157.95213,3274.0,20,14,7,195
2017-07-14 21:00:00+00:00,8.3,90.77,10157.0,21.667046,-157.95213,3444.0,21,14,7,195
2017-07-14 22:00:00+00:00,8.27,94.1,10155.0,21.667046,-157.95213,3512.0,22,14,7,195
2017-07-14 23:00:00+00:00,8.5,89.15,10152.0,21.667046,-157.95213,3505.0,23,14,7,195
2017-07-15 00:00:00+00:00,7.86,88.79,10148.0,21.667046,-157.95213,3379.0,0,15,7,196
2017-07-15 01:00:00+00:00,8.06,90.04,10144.0,21.667046,-157.95213,3398.0,1,15,7,196
2017-07-15 02:00:00+00:00,8.48,85.36,10139.0,21.667046,-157.95213,3244.0,2,15,7,196
2017-07-15 03:00:00+00:00,8.07,87.84,10137.0,21.667046,-157.95213,3105.0,3,15,7,196
2017-07-15 04:00:00+00:00,8.11,84.19,10138.0,21.667046,-157.95213,2786.0,4,15,7,196
2017-07-15 05:00:00+00:00,8.05,80.65,10141.0,21.667046,-157.95213,2519.0,5,15,7,196
2017-07-15 06:00:00+00:00,9.4,84.43,10147.0,21.667046,-157.95213,2420.0,6,15,7,196
2017-07-15 07:00:00+00:00,9.64,92.07,10151.0,21.667046,-157.95213,2390.0,7,15,7,196
2017-07-15 08:00:00+00:00,9.03,95.88,10153.0,21.667046,-157.95213,2382.0,8,15,7,196
2017-07-15 09:00:00+00:00,8.31,96.87,10158.0,21.667046,-157.95213,2368.0,9,15,7,196
2017-07-15 10:00:00+00:00,7.7,94.19,10156.0,21.667046,-157.95213,2352.0,10,15,7,196
2017-07-15 11:00:00+00:00,8.04,89.55,10149.0,21.667046,-157.95213,2362.0,11,15,7,196
2017-07-15 12:00:00+00:00,8.34,87.99,10142.0,21.667046,-157.95213,2333.0,12,15,7,196
2017-07-15 13:00:00+00:00,7.87,84.82,10140.0,21.667046,-157.95213,2313.0,13,15,7,196
2017-07-15 14:00:00+00:00,7.58,91.8,10136.0,21.667046,-157.95213,2302.0,14,15,7,196
2017-07-15 15:00:00+00:00,7.54,88.44,10140.0,21.667046,-157.95213,2284.0,15,15,7,196
2017-07-15 16:00:00+00:00,8.1,89.9,10141.0,21.667046,-157.95213,2307.0,16,15,7,196
2017-07-15 17:00:00+00:00,8.08,83.91,10149.0,21.667046,-157.95213,2626.0,17,15,7,196
2017-07-15 18:00:00+00:00,7.77,80.0,10153.0,21.667046,-157.95213,2842.0,18,15,7,196
2017-07-15 19:00:00+00:00,7.28,86.0,10154.0,21.667046,-157.95213,3114.0,19,15,7,196
2017-07-15 20:00:00+00:00,8.43,78.7,10155.0,21.667046,-157.95213,3102.0,20,15,7,196
2017-07-15 21:00:00+00:00,8.75,87.46,10154.0,21.667046,-157.95213,3220.0,21,15,7,196
2017-07-15 22:00:00+00:00,8.63,84.38,10154.0,21.667046,-157.95213,3262.0,22,15,7,196
2017-07-15 23:00:00+00:00,8.51,81.11,10150.0,21.667046,-157.95213,3679.0,23,15,7,196
2017-07-16 00:00:00+00:00,9.26,77.94,10144.0,21.667046,-157.95213,3504.0,0,16,7,197
2017-07-16 01:00:00+00:00,8.89,81.36,10142.0,21.667046,-157.95213,3395.0,1,16,7,197
2017-07-16 02:00:00+00:00,8.86,84.19,10136.0,21.667046,-157.95213,3167.0,2,16,7,197
2017-07-16 03:00:00+00:00,8.76,76.98,10133.0,21.667046,-157.95213,2923.0,3,16,7,197
2017-07-16 04:00:00+00:00,10.02,64.01,10133.0,21.667046,-157.95213,2862.0,4,16,7,197
2017-07-16 05:00:00+00:00,9.52,69.61,10141.0,21.667046,-157.95213,2475.0,5,16,7,197
2017-07-16 06:00:00+00:00,8.71,67.52,10145.0,21.667046,-157.95213,2483.0,6,16,7,197
2017-07-16 07:00:00+00:00,8.96,64.78,10149.0,21.667046,-157.95213,2387.0,7,16,7,197
2017-07-16 08:00:00+00:00,8.83,82.09,10152.0,21.667046,-157.95213,2356.0,8,16,7,197
2017-07-16 09:00:00+00:00,9.32,84.65,10157.0,21.667046,-157.95213,2378.0,9,16,7,197
2017-07-16 10:00:00+00:00,10.04,83.76,10157.0,21.667046,-157.95213,2445.0,10,16,7,197
2017-07-16 11:00:00+00:00,9.68,87.16,10154.0,21.667046,-157.95213,2359.0,11,16,7,197
2017-07-16 12:00:00+00:00,8.51,78.68,10144.0,21.667046,-157.95213,2348.0,12,16,7,197
2017-07-16 13:00:00+00:00,7.57,76.38,10144.0,21.667046,-157.95213,2235.0,13,16,7,197
2017-07-16 14:00:00+00:00,7.45,79.35,10141.0,21.667046,-157.95213,2172.0,14,16,7,197
2017-07-16 15:00:00+00:00,8.09,71.76,10141.0,21.667046,-157.95213,2221.0,15,16,7,197
2017-07-16 16:00:00+00:00,9.41,70.17,10143.0,21.667046,-157.95213,2287.0,16,16,7,197
2017-07-16 17:00:00+00:00,9.21,68.21,10148.0,21.667046,-157.95213,2691.0,17,16,7,197
2017-07-16 18:00:00+00:00,8.77,73.39,10154.0,21.667046,-157.95213,2984.0,18,16,7,197
2017-07-16 19:00:00+00:00,8.88,78.54,10159.0,21.667046,-157.95213,3124.0,19,16,7,197
2017-07-16 20:00:00+00:00,8.87,74.34,10158.0,21.667046,-157.95213,3153.0,20,16,7,197
2017-07-16 21:00:00+00:00,8.98,75.01,10156.0,21.667046,-157.95213,3421.0,21,16,7,197
2017-07-16 22:00:00+00:00,9.83,73.69,10152.0,21.667046,-157.95213,3530.0,22,16,7,197
2017-07-16 23:00:00+00:00,10.18,73.78,10148.0,21.667046,-157.95213,3354.0,23,16,7,197
2017-07-17 00:00:00+00:00,9.61,85.56,10141.0,21.667046,-157.95213,3484.0,0,17,7,198
2017-07-17 01:00:00+00:00,9.6,84.71,10139.0,21.667046,-157.95213,3527.0,1,17,7,198
2017-07-17 02:00:00+00:00,9.87,85.27,10134.0,21.667046,-157.95213,3282.0,2,17,7,198
2017-07-17 03:00:00+00:00,9.8,86.37,10133.0,21.667046,-157.95213,3120.0,3,17,7,198
2017-07-17 04:00:00+00:00,9.49,82.14,10135.0,21.667046,-157.95213,2873.0,4,17,7,198
2017-07-17 05:00:00+00:00,9.9,82.33,10139.0,21.667046,-157.95213,2522.0,5,17,7,198
2017-07-17 06:00:00+00:00,10.83,86.73,10142.0,21.667046,-157.95213,2438.0,6,17,7,198
2017-07-17 07:00:00+00:00,10.61,80.53,10145.0,21.667046,-157.95213,2442.0,7,17,7,198
2017-07-17 08:00:00+00:00,10.47,82.74,10153.0,21.667046,-157.95213,2460.0,8,17,7,198
2017-07-17 09:00:00+00:00,10.72,81.47,10151.0,21.667046,-157.95213,2406.0,9,17,7,198
2017-07-17 10:00:00+00:00,11.56,70.77,10151.0,21.667046,-157.95213,2344.0,10,17,7,198
2017-07-17 11:00:00+00:00,10.32,79.4,10145.0,21.667046,-157.95213,2339.0,11,17,7,198
2017-07-17 12:00:00+00:00,9.85,77.04,10138.0,21.667046,-157.95213,2364.0,12,17,7,198
2017-07-17 13:00:00+00:00,10.63,73.57,10137.0,21.667046,-157.95213,2411.0,13,17,7,198
2017-07-17 14:00:00+00:00,8.88,78.02,10136.0,21.667046,-157.95213,2299.0,14,17,7,198
2017-07-17 15:00:00+00:00,9.78,67.74,10140.0,21.667046,-157.95213,2402.0,15,17,7,198
2017-07-17 16:00:00+00:00,13.13,68.05,10148.0,21.667046,-157.95213,2240.0,16,17,7,198
2017-07-17 17:00:00+00:00,7.69,83.07,10147.0,21.667046,-157.95213,2591.0,17,17,7,198
2017-07-17 18:00:00+00:00,7.57,77.15,10150.0,21.667046,-157.95213,2545.0,18,17,7,198
2017-07-17 19:00:00+00:00,8.62,94.34,10150.0,21.667046,-157.95213,2644.0,19,17,7,198
2017-07-17 20:00:00+00:00,8.01,91.37,10150.0,21.667046,-157.95213,2923.0,20,17,7,198
2017-07-17 21:00:00+00:00,8.61,89.84,10147.0,21.667046,-157.95213,3393.0,21,17,7,198
2017-07-17 22:00:00+00:00,8.2,77.84,10145.0,21.667046,-157.95213,3509.0,22,17,7,198
2017-07-17 23:00:00+00:00,10.14,89.23,10138.0,21.667046,-157.95213,3314.0,23,17,7,198
2017-07-18 00:00:00+00:00,9.89,90.08,10133.0,21.667046,-157.95213,3353.0,0,18,7,199
2017-07-18 01:00:00+00:00,10.11,86.94,10129.0,21.667046,-157.95213,3332.0,1,18,7,199
2017-07-18 02:00:00+00:00,10.11,80.4,10124.0,21.667046,-157.95213,3001.0,2,18,7,199
2017-07-18 03:00:00+00:00,9.63,85.4,10126.0,21.667046,-157.95213,3115.0,3,18,7,199
2017-07-18 04:00:00+00:00,9.88,82.23,10128.0,21.667046,-157.95213,2724.0,4,18,7,199
2017-07-18 05:00:00+00:00,9.9,83.38,10130.0,21.667046,-157.95213,2528.0,5,18,7,199
2017-07-18 06:00:00+00:00,10.28,80.74,10136.0,21.667046,-157.95213,2447.0,6,18,7,199
2017-07-18 07:00:00+00:00,10.29,85.83,10137.0,21.667046,-157.95213,2439.0,7,18,7,199
2017-07-18 08:00:00+00:00,10.22,85.43,10142.0,21.667046,-157.95213,2436.0,8,18,7,199
2017-07-18 09:00:00+00:00,9.52,87.95,10140.0,21.667046,-157.95213,2424.0,9,18,7,199
2017-07-18 10:00:00+00:00,9.51,90.33,10141.0,21.667046,-157.95213,2465.0,10,18,7,199
2017-07-18 11:00:00+00:00,9.73,86.22,10135.0,21.667046,-157.95213,2478.0,11,18,7,199
2017-07-18 12:00:00+00:00,10.66,87.76,10130.0,21.667046,-157.95213,2438.0,12,18,7,199
2017-07-18 13:00:00+00:00,11.04,87.4,10129.0,21.667046,-157.95213,2485.0,13,18,7,199
2017-07-18 14:00:00+00:00,10.68,92.67,10128.0,21.667046,-157.95213,2419.0,14,18,7,199
2017-07-18 15:00:00+00:00,10.32,89.38,10129.0,21.667046,-157.95213,2421.0,15,18,7,199
2017-07-18 16:00:00+00:00,10.38,86.31,10132.0,21.667046,-157.95213,2359.0,16,18,7,199
2017-07-18 17:00:00+00:00,10.35,84.72,10138.0,21.667046,-157.95213,2692.0,17,18,7,199
2017-07-18 18:00:00+00:00,10.12,85.99,10142.0,21.667046,-157.95213,3002.0,18,18,7,199
2017-07-18 19:00:00+00:00,9.9,86.21,10142.0,21.667046,-157.95213,3142.0,19,18,7,199
2017-07-18 20:00:00+00:00,10.66,89.94,10145.0,21.667046,-157.95213,3231.0,20,18,7,199
2017-07-18 21:00:00+00:00,10.13,88.05,10143.0,21.667046,-157.95213,3520.0,21,18,7,199
2017-07-18 22:00:00+00:00,10.05,91.11,10140.0,21.667046,-157.95213,3639.0,22,18,7,199
2017-07-18 23:00:00+00:00,9.97,100.8,10137.0,21.667046,-157.95213,3542.0,23,18,7,199
2017-07-19 00:00:00+00:00,9.14,99.88,10133.0,21.667046,-157.95213,3648.0,0,19,7,200
2017-07-19 01:00:00+00:00,8.44,98.83,10130.0,21.667046,-157.95213,3438.0,1,19,7,200
2017-07-19 02:00:00+00:00,7.97,99.31,10126.0,21.667046,-157.95213,3410.0,2,19,7,200
2017-07-19 03:00:00+00:00,8.0,92.0,10126.0,21.667046,-157.95213,3167.0,3,19,7,200
2017-07-19 04:00:00+00:00,8.62,89.34,10129.0,21.667046,-157.95213,2856.0,4,19,7,200
2017-07-19 05:00:00+00:00,8.46,90.87,10131.0,21.667046,-157.95213,2530.0,5,19,7,200
2017-07-19 06:00:00+00:00,9.89,97.0,10136.0,21.667046,-157.95213,2435.0,6,19,7,200
2017-07-19 07:00:00+00:00,9.55,90.36,10140.0,21.667046,-157.95213,2436.0,7,19,7,200
2017-07-19 08:00:00+00:00,8.81,90.54,10146.0,21.667046,-157.95213,2387.0,8,19,7,200
2017-07-19 09:00:00+00:00,7.03,79.69,10149.0,21.667046,-157.95213,2302.0,9,19,7,200
2017-07-19 10:00:00+00:00,9.36,90.25,10146.0,21.667046,-157.95213,2394.0,10,19,7,200
2017-07-19 11:00:00+00:00,9.27,94.44,10142.0,21.667046,-157.95213,2371.0,11,19,7,200
2017-07-19 12:00:00+00:00,9.12,98.0,10137.0,21.667046,-157.95213,2372.0,12,19,7,200
2017-07-19 13:00:00+00:00,11.12,88.65,10138.0,21.667046,-157.95213,2358.0,13,19,7,200
2017-07-19 14:00:00+00:00,9.06,88.0,10134.0,21.667046,-157.95213,2459.0,14,19,7,200
2017-07-19 15:00:00+00:00,8.68,77.93,10137.0,21.667046,-157.95213,2341.0,15,19,7,200
2017-07-19 16:00:00+00:00,9.83,96.61,10140.0,21.667046,-157.95213,2224.0,16,19,7,200
2017-07-19 17:00:00+00:00,9.38,82.95,10148.0,21.667046,-157.95213,2473.0,17,19,7,200
2017-07-19 18:00:00+00:00,8.12,135.02,10152.0,21.667046,-157.95213,2638.0,18,19,7,200
2017-07-19 19:00:00+00:00,10.05,107.12,10153.0,21.667046,-157.95213,3023.0,19,19,7,200
2017-07-19 20:00:00+00:00,10.56,110.46,10153.0,21.667046,-157.95213,3309.0,20,19,7,200
2017-07-19 21:00:00+00:00,11.06,105.94,10152.0,21.667046,-157.95213,3252.0,21,19,7,200
2017-07-19 22:00:00+00:00,11.13,104.62,10151.0,21.667046,-157.95213,3503.0,22,19,7,200
2017-07-19 23:00:00+00:00,11.5,102.95,10150.0,21.667046,-157.95213,3513.0,23,19,7,200
2017-07-20 00:00:00+00:00,10.6,104.02,10145.0,21.667046,-157.95213,3449.0,0,20,7,201
2017-07-20 01:00:00+00:00,9.58,96.63,10147.0,21.667046,-157.95213,3210.0,1,20,7,201
2017-07-20 02:00:00+00:00,9.87,98.98,10139.0,21.667046,-157.95213,3041.0,2,20,7,201
2017-07-20 03:00:00+00:00,9.73,94.67,10138.0,21.667046,-157.95213,3122.0,3,20,7,201
2017-07-20 04:00:00+00:00,10.05,97.03,10140.0,21.667046,-157.95213,2818.0,4,20,7,201
2017-07-20 05:00:00+00:00,9.6,100.91,10144.0,21.667046,-157.95213,2553.0,5,20,7,201
2017-07-20 06:00:00+00:00,10.26,100.37,10151.0,21.667046,-157.95213,2484.0,6,20,7,201
2017-07-20 07:00:00+00:00,9.12,106.66,10155.0,21.667046,-157.95213,2443.0,7,20,7,201
2017-07-20 08:00:00+00:00,11.38,98.72,10157.0,21.667046,-157.95213,2465.0,8,20,7,201
2017-07-20 09:00:00+00:00,12.11,100.9,10157.0,21.667046,-157.95213,2544.0,9,20,7,201
2017-07-20 10:00:00+00:00,10.85,100.43,10155.0,21.667046,-157.95213,2445.0,10,20,7,201
2017-07-20 11:00:00+00:00,11.14,100.05,10151.0,21.667046,-157.95213,2304.0,11,20,7,201
2017-07-20 12:00:00+00:00,11.72,97.18,10143.0,21.667046,-157.95213,2305.0,12,20,7,201
2017-07-20 13:00:00+00:00,11.08,104.02,10143.0,21.667046,-157.95213,2284.0,13,20,7,201
2017-07-20 14:00:00+00:00,11.07,99.78,10140.0,21.667046,-157.95213,2288.0,14,20,7,201
2017-07-20 15:00:00+00:00,10.64,102.74,10142.0,21.667046,-157.95213,2296.0,15,20,7,201
2017-07-20 16:00:00+00:00,11.25,94.83,10145.0,21.667046,-157.95213,2398.0,16,20,7,201
2017-07-20 17:00:00+00:00,11.6,98.95,10152.0,21.667046,-157.95213,2586.0,17,20,7,201
2017-07-20 18:00:00+00:00,11.42,99.28,10157.0,21.667046,-157.95213,2866.0,18,20,7,201
2017-07-20 19:00:00+00:00,11.28,100.36,10158.0,21.667046,-157.95213,3155.0,19,20,7,201
2017-07-20 20:00:00+00:00,11.76,98.92,10157.0,21.667046,-157.95213,3383.0,20,20,7,201
2017-07-20 21:00:00+00:00,11.95,98.74,10156.0,21.667046,-157.95213,3485.0,21,20,7,201
2017-07-20 22:00:00+00:00,12.02,94.96,10155.0,21.667046,-157.95213,3446.0,22,20,7,201
2017-07-20 23:00:00+00:00,12.01,93.12,10151.0,21.667046,-157.95213,3434.0,23,20,7,201
2017-07-21 00:00:00+00:00,12.13,95.31,10144.0,21.667046,-157.95213,3634.0,0,21,7,202
2017-07-21 01:00:00+00:00,11.63,94.89,10142.0,21.667046,-157.95213,3492.0,1,21,7,202
2017-07-21 02:00:00+00:00,11.79,90.55,10135.0,21.667046,-157.95213,3112.0,2,21,7,202
2017-07-21 03:00:00+00:00,11.22,91.07,10134.0,21.667046,-157.95213,3079.0,3,21,7,202
2017-07-21 04:00:00+00:00,11.11,89.16,10135.0,21.667046,-157.95213,2811.0,4,21,7,202
2017-07-21 05:00:00+00:00,10.32,89.01,10136.0,21.667046,-157.95213,2515.0,5,21,7,202
2017-07-21 06:00:00+00:00,11.17,79.49,10141.0,21.667046,-157.95213,2432.0,6,21,7,202
2017-07-21 07:00:00+00:00,11.59,78.63,10146.0,21.667046,-157.95213,2425.0,7,21,7,202
2017-07-21 08:00:00+00:00,11.22,78.2,10149.0,21.667046,-157.95213,2413.0,8,21,7,202
2017-07-21 09:00:00+00:00,10.88,75.09,10150.0,21.667046,-157.95213,2428.0,9,21,7,202
2017-07-21 10:00:00+00:00,12.38,81.33,10148.0,21.667046,-157.95213,2412.0,10,21,7,202
2017-07-21 11:00:00+00:00,12.49,83.86,10145.0,21.667046,-157.95213,2388.0,11,21,7,202
2017-07-21 12:00:00+00:00,11.55,77.59,10138.0,21.667046,-157.95213,2362.0,12,21,7,202
2017-07-21 13:00:00+00:00,11.33,76.73,10135.0,21.667046,-157.95213,2354.0,13,21,7,202
2017-07-21 14:00:00+00:00,10.39,79.14,10133.0,21.667046,-157.95213,2333.0,14,21,7,202
2017-07-21 15:00:00+00:00,10.99,78.52,10136.0,21.667046,-157.95213,2350.0,15,21,7,202
2017-07-21 16:00:00+00:00,11.34,76.33,10138.0,21.667046,-157.95213,2423.0,16,21,7,202
2017-07-21 17:00:00+00:00,7.51,102.13,10141.0,21.667046,-157.95213,2501.0,17,21,7,202
2017-07-21 18:00:00+00:00,9.13,109.37,10150.0,21.667046,-157.95213,2157.0,18,21,7,202
2017-07-21 19:00:00+00:00,8.44,91.56,10147.0,21.667046,-157.95213,2523.0,19,21,7,202
2017-07-21 20:00:00+00:00,10.59,88.45,10145.0,21.667046,-157.95213,2971.0,20,21,7,202
2017-07-21 21:00:00+00:00,10.61,81.15,10141.0,21.667046,-157.95213,3121.0,21,21,7,202
2017-07-21 22:00:00+00:00,9.94,85.95,10139.0,21.667046,-157.95213,3559.0,22,21,7,202
2017-07-21 23:00:00+00:00,4.88,139.67,10139.0,21.667046,-157.95213,2548.0,23,21,7,202
2017-07-22 00:00:00+00:00,9.25,88.51,10128.0,21.667046,-157.95213,3289.0,0,22,7,203
2017-07-22 01:00:00+00:00,8.29,100.65,10124.0,21.667046,-157.95213,3188.0,1,22,7,203
2017-07-22 02:00:00+00:00,10.17,94.94,10118.0,21.667046,-157.95213,2990.0,2,22,7,203
2017-07-22 03:00:00+00:00,9.29,90.72,10117.0,21.667046,-157.95213,3030.0,3,22,7,203
2017-07-22 04:00:00+00:00,9.48,95.53,10118.0,21.667046,-157.95213,2634.0,4,22,7,203
2017-07-22 05:00:00+00:00,9.18,92.36,10123.0,21.667046,-157.95213,2490.0,5,22,7,203
2017-07-22 06:00:00+00:00,8.86,89.42,10129.0,21.667046,-157.95213,2414.0,6,22,7,203
2017-07-22 07:00:00+00:00,9.78,100.17,10130.0,21.667046,-157.95213,2440.0,7,22,7,203
2017-07-22 08:00:00+00:00,9.95,92.57,10132.0,21.667046,-157.95213,2439.0,8,22,7,203
2017-07-22 09:00:00+00:00,10.85,99.18,10131.0,21.667046,-157.95213,2388.0,9,22,7,203
2017-07-22 10:00:00+00:00,11.31,103.86,10126.0,21.667046,-157.95213,2488.0,10,22,7,203
2017-07-22 11:00:00+00:00,10.83,108.66,10120.0,21.667046,-157.95213,2378.0,11,22,7,203
2017-07-22 12:00:00+00:00,10.74,106.55,10113.0,21.667046,-157.95213,2373.0,12,22,7,203
2017-07-22 13:00:00+00:00,10.03,106.04,10108.0,21.667046,-157.95213,2344.0,13,22,7,203
2017-07-22 14:00:00+00:00,10.03,110.79,10106.0,21.667046,-157.95213,2389.0,14,22,7,203
2017-07-22 15:00:00+00:00,11.38,112.46,10108.0,21.667046,-157.95213,2361.0,15,22,7,203
2017-07-22 16:00:00+00:00,10.94,111.74,10111.0,21.667046,-157.95213,2346.0,16,22,7,203
2017-07-22 17:00:00+00:00,10.09,114.63,10117.0,21.667046,-157.95213,2673.0,17,22,7,203
2017-07-22 18:00:00+00:00,9.48,115.33,10123.0,21.667046,-157.95213,2983.0,18,22,7,203
2017-07-22 19:00:00+00:00,9.66,113.32,10123.0,21.667046,-157.95213,3116.0,19,22,7,203
2017-07-22 20:00:00+00:00,9.6,113.14,10122.0,21.667046,-157.95213,3320.0,20,22,7,203
2017-07-22 21:00:00+00:00,9.1,106.75,10120.0,21.667046,-157.95213,3388.0,21,22,7,203
2017-07-22 22:00:00+00:00,8.95,109.94,10120.0,21.667046,-157.95213,3339.0,22,22,7,203
2017-07-22 23:00:00+00:00,9.13,107.5,10119.0,21.667046,-157.95213,3163.0,23,22,7,203
2017-07-23 00:00:00+00:00,9.23,104.58,10116.0,21.667046,-157.95213,3569.0,0,23,7,204
2017-07-23 01:00:00+00:00,8.91,101.64,10112.0,21.667046,-157.95213,3243.0,1,23,7,204
2017-07-23 02:00:00+00:00,8.48,101.59,10107.0,21.667046,-157.95213,3278.0,2,23,7,204
2017-07-23 03:00:00+00:00,8.11,97.42,10105.0,21.667046,-157.95213,2928.0,3,23,7,204
2017-07-23 04:00:00+00:00,7.96,93.72,10108.0,21.667046,-157.95213,2721.0,4,23,7,204
2017-07-23 05:00:00+00:00,8.94,96.2,10111.0,21.667046,-157.95213,2569.0,5,23,7,204
2017-07-23 06:00:00+00:00,8.21,95.08,10116.0,21.667046,-157.95213,2465.0,6,23,7,204
2017-07-23 07:00:00+00:00,9.76,87.58,10119.0,21.667046,-157.95213,2382.0,7,23,7,204
2017-07-23 08:00:00+00:00,6.51,82.6,10122.0,21.667046,-157.95213,2411.0,8,23,7,204
2017-07-23 09:00:00+00:00,9.05,81.59,10122.0,21.667046,-157.95213,2410.0,9,23,7,204
2017-07-23 10:00:00+00:00,10.24,89.33,10119.0,21.667046,-157.95213,2434.0,10,23,7,204
2017-07-23 11:00:00+00:00,10.47,90.66,10114.0,21.667046,-157.95213,2403.0,11,23,7,204
2017-07-23 12:00:00+00:00,9.56,84.39,10103.0,21.667046,-157.95213,2395.0,12,23,7,204
2017-07-23 13:00:00+00:00,11.55,82.83,10096.0,21.667046,-157.95213,2472.0,13,23,7,204
2017-07-23 14:00:00+00:00,11.29,92.46,10099.0,21.667046,-157.95213,2292.0,14,23,7,204
2017-07-23 15:00:00+00:00,10.44,94.38,10099.0,21.667046,-157.95213,2372.0,15,23,7,204
2017-07-23 16:00:00+00:00,11.33,100.64,10104.0,21.667046,-157.95213,2384.0,16,23,7,204
2017-07-23 17:00:00+00:00,11.09,99.78,10111.0,21.667046,-157.95213,2497.0,17,23,7,204
2017-07-23 18:00:00+00:00,10.22,102.2,10114.0,21.667046,-157.95213,2794.0,18,23,7,204
2017-07-23 19:00:00+00:00,10.32,101.36,10116.0,21.667046,-157.95213,3071.0,19,23,7,204
2017-07-23 20:00:00+00:00,11.32,97.18,10116.0,21.667046,-157.95213,3273.0,20,23,7,204
2017-07-23 21:00:00+00:00,10.86,105.24,10115.0,21.667046,-157.95213,3413.0,21,23,7,204
2017-07-23 22:00:00+00:00,10.07,101.84,10112.0,21.667046,-157.95213,3563.0,22,23,7,204
2017-07-23 23:00:00+00:00,9.74,97.4,10108.0,21.667046,-157.95213,3325.0,23,23,7,204
2017-07-24 00:00:00+00:00,9.08,102.85,10106.0,21.667046,-157.95213,3388.0,0,24,7,205
2017-07-24 01:00:00+00:00,9.46,89.05,10098.0,21.667046,-157.95213,3249.0,1,24,7,205
2017-07-24 02:00:00+00:00,9.81,89.7,10100.0,21.667046,-157.95213,3074.0,2,24,7,205
2017-07-24 03:00:00+00:00,9.1,91.05,10097.0,21.667046,-157.95213,2977.0,3,24,7,205
2017-07-24 04:00:00+00:00,9.13,98.24,10104.0,21.667046,-157.95213,2490.0,4,24,7,205
2017-07-24 05:00:00+00:00,9.63,83.14,10103.0,21.667046,-157.95213,2499.0,5,24,7,205
2017-07-24 06:00:00+00:00,8.99,82.81,10107.0,21.667046,-157.95213,2475.0,6,24,7,205
2017-07-24 07:00:00+00:00,9.91,83.08,10111.0,21.667046,-157.95213,2468.0,7,24,7,205
2017-07-24 08:00:00+00:00,9.95,79.74,10114.0,21.667046,-157.95213,2511.0,8,24,7,205
2017-07-24 09:00:00+00:00,9.6,77.08,10116.0,21.667046,-157.95213,2510.0,9,24,7,205
2017-07-24 10:00:00+00:00,7.96,77.21,10112.0,21.667046,-157.95213,2448.0,10,24,7,205
2017-07-24 11:00:00+00:00,8.38,73.37,10110.0,21.667046,-157.95213,2521.0,11,24,7,205
2017-07-24 12:00:00+00:00,6.79,86.37,10100.0,21.667046,-157.95213,2437.0,12,24,7,205
2017-07-24 13:00:00+00:00,6.27,63.23,10095.0,21.667046,-157.95213,2518.0,13,24,7,205
2017-07-24 14:00:00+00:00,4.96,58.55,10096.0,21.667046,-157.95213,2446.0,14,24,7,205
2017-07-24 15:00:00+00:00,5.82,72.68,10090.0,21.667046,-157.95213,2465.0,15,24,7,205
2017-07-24 16:00:00+00:00,5.23,25.86,10091.0,21.667046,-157.95213,2446.0,16,24,7,205
2017-07-24 17:00:00+00:00,4.46,191.32,10101.0,21.667046,-157.95213,2407.0,17,24,7,205
2017-07-24 18:00:00+00:00,4.1,124.21,10107.0,21.667046,-157.95213,2413.0,18,24,7,205
2017-07-24 19:00:00+00:00,6.53,128.54,10113.0,21.667046,-157.95213,2618.0,19,24,7,205
2017-07-24 20:00:00+00:00,7.51,117.38,10110.0,21.667046,-157.95213,2923.0,20,24,7,205
2017-07-24 21:00:00+00:00,9.86,118.69,10107.0,21.667046,-157.95213,3628.0,21,24,7,205
2017-07-24 22:00:00+00:00,9.7,115.63,10106.0,21.667046,-157.95213,3572.0,22,24,7,205
2017-07-24 23:00:00+00:00,8.92,115.65,10109.0,21.667046,-157.95213,3688.0,23,24,7,205
2017-07-25 00:00:00+00:00,9.72,116.34,10101.0,21.667046,-157.95213,3595.0,0,25,7,206
2017-07-25 01:00:00+00:00,8.59,109.64,10102.0,21.667046,-157.95213,3471.0,1,25,7,206
2017-07-25 02:00:00+00:00,8.76,108.2,10100.0,21.667046,-157.95213,3320.0,2,25,7,206
2017-07-25 03:00:00+00:00,8.26,101.62,10106.0,21.667046,-157.95213,3045.0,3,25,7,206
2017-07-25 04:00:00+00:00,6.69,121.56,10109.0,21.667046,-157.95213,2823.0,4,25,7,206
2017-07-25 05:00:00+00:00,7.1,130.48,10114.0,21.667046,-157.95213,2530.0,5,25,7,206
2017-07-25 06:00:00+00:00,6.7,137.16,10119.0,21.667046,-157.95213,2460.0,6,25,7,206
2017-07-25 07:00:00+00:00,8.71,119.58,10125.0,21.667046,-157.95213,2418.0,7,25,7,206
2017-07-25 08:00:00+00:00,9.8,104.85,10127.0,21.667046,-157.95213,2389.0,8,25,7,206
2017-07-25 09:00:00+00:00,10.02,110.59,10129.0,21.667046,-157.95213,2405.0,9,25,7,206
2017-07-25 10:00:00+00:00,10.72,111.77,10130.0,21.667046,-157.95213,2387.0,10,25,7,206
2017-07-25 11:00:00+00:00,9.87,111.2,10126.0,21.667046,-157.95213,2371.0,11,25,7,206
2017-07-25 12:00:00+00:00,9.67,110.03,10118.0,21.667046,-157.95213,2340.0,12,25,7,206
2017-07-25 13:00:00+00:00,10.08,105.57,10118.0,21.667046,-157.95213,2361.0,13,25,7,206
2017-07-25 14:00:00+00:00,9.78,110.33,10117.0,21.667046,-157.95213,2334.0,14,25,7,206
2017-07-25 15:00:00+00:00,9.34,108.49,10119.0,21.667046,-157.95213,2347.0,15,25,7,206
2017-07-25 16:00:00+00:00,10.61,103.72,10123.0,21.667046,-157.95213,2369.0,16,25,7,206
2017-07-25 17:00:00+00:00,10.23,105.0,10126.0,21.667046,-157.95213,2635.0,17,25,7,206
2017-07-25 18:00:00+00:00,10.79,113.44,10134.0,21.667046,-157.95213,2867.0,18,25,7,206
2017-07-25 19:00:00+00:00,11.21,109.59,10135.0,21.667046,-157.95213,2994.0,19,25,7,206
2017-07-25 20:00:00+00:00,11.52,108.0,10138.0,21.667046,-157.95213,3213.0,20,25,7,206
2017-07-25 21:00:00+00:00,11.09,108.72,10138.0,21.667046,-157.95213,3389.0,21,25,7,206
2017-07-25 22:00:00+00:00,10.94,103.26,10138.0,21.667046,-157.95213,3486.0,22,25,7,206
2017-07-25 23:00:00+00:00,10.41,106.63,10135.0,21.667046,-157.95213,3630.0,23,25,7,206
2017-07-26 00:00:00+00:00,10.84,103.15,10133.0,21.667046,-157.95213,3451.0,0,26,7,207
2017-07-26 01:00:00+00:00,10.83,104.95,10129.0,21.667046,-157.95213,3469.0,1,26,7,207
2017-07-26 02:00:00+00:00,11.5,99.59,10124.0,21.667046,-157.95213,3152.0,2,26,7,207
2017-07-26 03:00:00+00:00,10.9,103.25,10125.0,21.667046,-157.95213,2935.0,3,26,7,207
2017-07-26 04:00:00+00:00,10.93,104.76,10126.0,21.667046,-157.95213,2804.0,4,26,7,207
2017-07-26 05:00:00+00:00,10.97,103.89,10128.0,21.667046,-157.95213,2534.0,5,26,7,207
2017-07-26 06:00:00+00:00,11.51,103.63,10134.0,21.667046,-157.95213,2472.0,6,26,7,207
2017-07-26 07:00:00+00:00,9.78,103.24,10139.0,21.667046,-157.95213,2496.0,7,26,7,207
2017-07-26 08:00:00+00:00,10.98,108.55,10145.0,21.667046,-157.95213,2436.0,8,26,7,207
2017-07-26 09:00:00+00:00,10.56,107.24,10149.0,21.667046,-157.95213,2500.0,9,26,7,207
2017-07-26 10:00:00+00:00,11.09,96.63,10147.0,21.667046,-157.95213,2471.0,10,26,7,207
2017-07-26 11:00:00+00:00,10.11,106.23,10146.0,21.667046,-157.95213,2437.0,11,26,7,207
2017-07-26 12:00:00+00:00,9.74,94.77,10141.0,21.667046,-157.95213,2467.0,12,26,7,207
2017-07-26 13:00:00+00:00,10.29,94.57,10140.0,21.667046,-157.95213,2408.0,13,26,7,207
2017-07-26 14:00:00+00:00,9.79,91.99,10142.0,21.667046,-157.95213,2391.0,14,26,7,207
2017-07-26 15:00:00+00:00,9.89,89.21,10146.0,21.667046,-157.95213,2451.0,15,26,7,207
2017-07-26 16:00:00+00:00,9.93,93.82,10151.0,21.667046,-157.95213,2396.0,16,26,7,207
2017-07-26 17:00:00+00:00,9.6,93.97,10155.0,21.667046,-157.95213,2666.0,17,26,7,207
2017-07-26 18:00:00+00:00,10.04,96.73,10159.0,21.667046,-157.95213,2901.0,18,26,7,207
2017-07-26 19:00:00+00:00,9.6,96.03,10162.0,21.667046,-157.95213,3179.0,19,26,7,207
2017-07-26 20:00:00+00:00,9.48,94.84,10160.0,21.667046,-157.95213,3210.0,20,26,7,207
2017-07-26 21:00:00+00:00,9.32,96.21,10159.0,21.667046,-157.95213,3458.0,21,26,7,207
2017-07-26 22:00:00+00:00,9.34,95.9,10155.0,21.667046,-157.95213,3542.0,22,26,7,207
2017-07-26 23:00:00+00:00,9.53,92.9,10150.0,21.667046,-157.95213,3608.0,23,26,7,207
2017-07-27 00:00:00+00:00,9.57,91.39,10146.0,21.667046,-157.95213,3513.0,0,27,7,208
2017-07-27 01:00:00+00:00,9.2,89.77,10140.0,21.667046,-157.95213,3419.0,1,27,7,208
2017-07-27 02:00:00+00:00,9.14,87.4,10136.0,21.667046,-157.95213,3306.0,2,27,7,208
2017-07-27 03:00:00+00:00,8.97,87.96,10135.0,21.667046,-157.95213,3091.0,3,27,7,208
2017-07-27 04:00:00+00:00,9.53,83.98,10137.0,21.667046,-157.95213,2831.0,4,27,7,208
2017-07-27 05:00:00+00:00,9.49,81.59,10141.0,21.667046,-157.95213,2508.0,5,27,7,208
2017-07-27 06:00:00+00:00,9.71,83.07,10147.0,21.667046,-157.95213,2424.0,6,27,7,208
2017-07-27 07:00:00+00:00,9.35,82.21,10149.0,21.667046,-157.95213,2392.0,7,27,7,208
2017-07-27 08:00:00+00:00,9.9,76.51,10152.0,21.667046,-157.95213,2406.0,8,27,7,208
2017-07-27 09:00:00+00:00,10.07,74.31,10150.0,21.667046,-157.95213,2383.0,9,27,7,208
2017-07-27 10:00:00+00:00,9.27,77.94,10149.0,21.667046,-157.95213,2359.0,10,27,7,208
2017-07-27 11:00:00+00:00,9.25,84.03,10142.0,21.667046,-157.95213,2344.0,11,27,7,208
2017-07-27 12:00:00+00:00,8.83,90.36,10137.0,21.667046,-157.95213,2325.0,12,27,7,208
2017-07-27 13:00:00+00:00,9.18,89.11,10135.0,21.667046,-157.95213,2331.0,13,27,7,208
2017-07-27 14:00:00+00:00,8.93,85.26,10132.0,21.667046,-157.95213,2302.0,14,27,7,208
2017-07-27 15:00:00+00:00,8.78,79.36,10135.0,21.667046,-157.95213,2317.0,15,27,7,208
2017-07-27 16:00:00+00:00,8.97,82.04,10139.0,21.667046,-157.95213,2299.0,16,27,7,208
2017-07-27 17:00:00+00:00,8.23,82.68,10143.0,21.667046,-157.95213,2650.0,17,27,7,208
2017-07-27 18:00:00+00:00,8.69,84.87,10146.0,21.667046,-157.95213,2815.0,18,27,7,208
2017-07-27 19:00:00+00:00,8.25,85.98,10145.0,21.667046,-157.95213,3085.0,19,27,7,208
2017-07-27 20:00:00+00:00,8.05,79.71,10143.0,21.667046,-157.95213,3301.0,20,27,7,208
2017-07-27 21:00:00+00:00,8.03,79.48,10142.0,21.667046,-157.95213,3313.0,21,27,7,208
2017-07-27 22:00:00+00:00,8.22,79.55,10139.0,21.667046,-157.95213,3579.0,22,27,7,208
2017-07-27 23:00:00+00:00,8.27,81.93,10134.0,21.667046,-157.95213,3702.0,23,27,7,208
2017-07-28 00:00:00+00:00,8.74,78.85,10132.0,21.667046,-157.95213,3331.0,0,28,7,209
2017-07-28 01:00:00+00:00,8.08,78.99,10126.0,21.667046,-157.95213,3408.0,1,28,7,209
2017-07-28 02:00:00+00:00,6.73,77.68,10125.0,21.667046,-157.95213,2673.0,2,28,7,209
2017-07-28 03:00:00+00:00,8.06,87.06,10122.0,21.667046,-157.95213,2954.0,3,28,7,209
2017-07-28 04:00:00+00:00,8.18,81.27,10126.0,21.667046,-157.95213,2822.0,4,28,7,209
2017-07-28 05:00:00+00:00,8.17,84.48,10127.0,21.667046,-157.95213,2478.0,5,28,7,209
2017-07-28 06:00:00+00:00,8.62,85.07,10132.0,21.667046,-157.95213,2399.0,6,28,7,209
2017-07-28 07:00:00+00:00,8.52,82.72,10133.0,21.667046,-157.95213,2384.0,7,28,7,209
2017-07-28 08:00:00+00:00,8.2,98.01,10133.0,21.667046,-157.95213,2358.0,8,28,7,209
2017-07-28 09:00:00+00:00,7.72,94.28,10132.0,21.667046,-157.95213,2447.0,9,28,7,209
2017-07-28 10:00:00+00:00,7.95,92.21,10127.0,21.667046,-157.95213,2376.0,10,28,7,209
2017-07-28 11:00:00+00:00,6.37,84.81,10120.0,21.667046,-157.95213,2244.0,11,28,7,209
2017-07-28 12:00:00+00:00,9.93,102.2,10113.0,21.667046,-157.95213,2404.0,12,28,7,209
2017-07-28 13:00:00+00:00,7.5,82.95,10109.0,21.667046,-157.95213,2270.0,13,28,7,209
2017-07-28 14:00:00+00:00,6.91,85.62,10112.0,21.667046,-157.95213,2196.0,14,28,7,209
2017-07-28 15:00:00+00:00,6.89,87.61,10114.0,21.667046,-157.95213,2183.0,15,28,7,209
2017-07-28 16:00:00+00:00,6.28,93.69,10118.0,21.667046,-157.95213,2150.0,16,28,7,209
2017-07-28 17:00:00+00:00,7.65,96.9,10124.0,21.667046,-157.95213,2590.0,17,28,7,209
2017-07-28 18:00:00+00:00,7.96,93.56,10128.0,21.667046,-157.95213,2864.0,18,28,7,209
2017-07-28 19:00:00+00:00,8.11,94.01,10131.0,21.667046,-157.95213,2888.0,19,28,7,209
2017-07-28 20:00:00+00:00,8.54,94.37,10130.0,21.667046,-157.95213,3158.0,20,28,7,209
2017-07-28 21:00:00+00:00,8.48,94.23,10129.0,21.667046,-157.95213,3224.0,21,28,7,209
2017-07-28 22:00:00+00:00,8.76,101.87,10126.0,21.667046,-157.95213,3505.0,22,28,7,209
2017-07-28 23:00:00+00:00,8.45,97.3,10122.0,21.667046,-157.95213,3337.0,23,28,7,209
2017-07-29 00:00:00+00:00,8.69,97.03,10118.0,21.667046,-157.95213,3436.0,0,29,7,210
2017-07-29 01:00:00+00:00,8.76,100.8,10114.0,21.667046,-157.95213,3190.0,1,29,7,210
2017-07-29 02:00:00+00:00,9.32,98.96,10112.0,21.667046,-157.95213,3169.0,2,29,7,210
2017-07-29 03:00:00+00:00,9.08,96.81,10111.0,21.667046,-157.95213,2966.0,3,29,7,210
2017-07-29 04:00:00+00:00,8.51,97.61,10114.0,21.667046,-157.95213,2734.0,4,29,7,210
2017-07-29 05:00:00+00:00,8.78,95.98,10114.0,21.667046,-157.95213,2513.0,5,29,7,210
2017-07-29 06:00:00+00:00,9.13,102.63,10119.0,21.667046,-157.95213,2474.0,6,29,7,210
2017-07-29 07:00:00+00:00,9.18,96.66,10121.0,21.667046,-157.95213,2436.0,7,29,7,210
2017-07-29 08:00:00+00:00,9.31,103.48,10125.0,21.667046,-157.95213,2377.0,8,29,7,210
2017-07-29 09:00:00+00:00,8.61,91.4,10125.0,21.667046,-157.95213,2362.0,9,29,7,210
2017-07-29 10:00:00+00:00,9.04,81.67,10124.0,21.667046,-157.95213,2373.0,10,29,7,210
2017-07-29 11:00:00+00:00,8.99,87.23,10120.0,21.667046,-157.95213,2417.0,11,29,7,210
2017-07-29 12:00:00+00:00,8.39,88.94,10115.0,21.667046,-157.95213,2367.0,12,29,7,210
2017-07-29 13:00:00+00:00,8.21,87.53,10111.0,21.667046,-157.95213,2364.0,13,29,7,210
2017-07-29 14:00:00+00:00,8.74,85.88,10112.0,21.667046,-157.95213,2385.0,14,29,7,210
2017-07-29 15:00:00+00:00,8.22,87.98,10112.0,21.667046,-157.95213,2359.0,15,29,7,210
2017-07-29 16:00:00+00:00,9.37,88.74,10117.0,21.667046,-157.95213,2389.0,16,29,7,210
2017-07-29 17:00:00+00:00,8.97,92.29,10120.0,21.667046,-157.95213,2667.0,17,29,7,210
2017-07-29 18:00:00+00:00,9.38,97.11,10127.0,21.667046,-157.95213,2868.0,18,29,7,210
2017-07-29 19:00:00+00:00,9.8,103.34,10128.0,21.667046,-157.95213,3178.0,19,29,7,210
2017-07-29 20:00:00+00:00,9.4,105.13,10126.0,21.667046,-157.95213,3440.0,20,29,7,210
2017-07-29 21:00:00+00:00,9.46,103.94,10128.0,21.667046,-157.95213,3554.0,21,29,7,210
2017-07-29 22:00:00+00:00,8.77,105.35,10123.0,21.667046,-157.95213,3696.0,22,29,7,210
2017-07-29 23:00:00+00:00,8.76,100.86,10125.0,21.667046,-157.95213,3666.0,23,29,7,210
2017-07-30 00:00:00+00:00,8.26,100.69,10121.0,21.667046,-157.95213,3676.0,0,30,7,211
2017-07-30 01:00:00+00:00,8.25,99.39,10122.0,21.667046,-157.95213,3351.0,1,30,7,211
2017-07-30 02:00:00+00:00,8.29,94.62,10120.0,21.667046,-157.95213,3132.0,2,30,7,211
2017-07-30 03:00:00+00:00,8.28,94.57,10121.0,21.667046,-157.95213,3108.0,3,30,7,211
2017-07-30 04:00:00+00:00,7.87,92.56,10121.0,21.667046,-157.95213,2873.0,4,30,7,211
2017-07-30 05:00:00+00:00,9.63,93.96,10125.0,21.667046,-157.95213,2610.0,5,30,7,211
2017-07-30 06:00:00+00:00,9.34,93.66,10131.0,21.667046,-157.95213,2462.0,6,30,7,211
2017-07-30 07:00:00+00:00,9.14,90.63,10133.0,21.667046,-157.95213,2442.0,7,30,7,211
2017-07-30 08:00:00+00:00,9.83,96.38,10135.0,21.667046,-157.95213,2483.0,8,30,7,211
2017-07-30 09:00:00+00:00,9.84,97.61,10136.0,21.667046,-157.95213,2417.0,9,30,7,211
2017-07-30 10:00:00+00:00,9.27,96.5,10137.0,21.667046,-157.95213,2402.0,10,30,7,211
2017-07-30 11:00:00+00:00,8.99,95.7,10133.0,21.667046,-157.95213,2378.0,11,30,7,211
2017-07-30 12:00:00+00:00,7.57,96.7,10126.0,21.667046,-157.95213,2321.0,12,30,7,211
2017-07-30 13:00:00+00:00,8.85,97.17,10126.0,21.667046,-157.95213,2426.0,13,30,7,211
2017-07-30 14:00:00+00:00,8.45,94.36,10125.0,21.667046,-157.95213,2320.0,14,30,7,211
2017-07-30 15:00:00+00:00,9.03,93.43,10126.0,21.667046,-157.95213,2343.0,15,30,7,211
2017-07-30 16:00:00+00:00,9.22,87.43,10129.0,21.667046,-157.95213,2330.0,16,30,7,211
2017-07-30 17:00:00+00:00,8.72,94.13,10138.0,21.667046,-157.95213,2660.0,17,30,7,211
2017-07-30 18:00:00+00:00,8.66,90.63,10140.0,21.667046,-157.95213,2860.0,18,30,7,211
2017-07-30 19:00:00+00:00,8.81,95.45,10144.0,21.667046,-157.95213,3216.0,19,30,7,211
2017-07-30 20:00:00+00:00,8.61,91.61,10141.0,21.667046,-157.95213,3233.0,20,30,7,211
2017-07-30 21:00:00+00:00,8.57,88.97,10142.0,21.667046,-157.95213,3430.0,21,30,7,211
2017-07-30 22:00:00+00:00,8.49,83.69,10138.0,21.667046,-157.95213,3481.0,22,30,7,211
2017-07-30 23:00:00+00:00,7.97,83.62,10134.0,21.667046,-157.95213,3697.0,23,30,7,211
2017-07-31 00:00:00+00:00,7.73,80.89,10131.0,21.667046,-157.95213,3622.0,0,31,7,212
2017-07-31 01:00:00+00:00,7.73,78.75,10127.0,21.667046,-157.95213,3568.0,1,31,7,212
2017-07-31 02:00:00+00:00,7.69,81.52,10124.0,21.667046,-157.95213,3304.0,2,31,7,212
2017-07-31 03:00:00+00:00,7.68,80.08,10122.0,21.667046,-157.95213,3025.0,3,31,7,212
2017-07-31 04:00:00+00:00,7.89,83.68,10123.0,21.667046,-157.95213,2718.0,4,31,7,212
2017-07-31 05:00:00+00:00,8.77,84.47,10127.0,21.667046,-157.95213,2461.0,5,31,7,212
2017-07-31 06:00:00+00:00,9.19,85.48,10134.0,21.667046,-157.95213,2404.0,6,31,7,212
2017-07-31 07:00:00+00:00,9.58,89.41,10137.0,21.667046,-157.95213,2393.0,7,31,7,212
2017-07-31 08:00:00+00:00,8.86,93.47,10139.0,21.667046,-157.95213,2382.0,8,31,7,212
2017-07-31 09:00:00+00:00,10.12,84.38,10138.0,21.667046,-157.95213,2387.0,9,31,7,212
2017-07-31 10:00:00+00:00,9.82,85.99,10137.0,21.667046,-157.95213,2375.0,10,31,7,212
2017-07-31 11:00:00+00:00,9.64,88.82,10133.0,21.667046,-157.95213,2344.0,11,31,7,212
2017-07-31 12:00:00+00:00,8.94,83.11,10128.0,21.667046,-157.95213,2318.0,12,31,7,212
2017-07-31 13:00:00+00:00,7.51,83.41,10123.0,21.667046,-157.95213,2279.0,13,31,7,212
2017-07-31 14:00:00+00:00,8.87,87.53,10125.0,21.667046,-157.95213,2291.0,14,31,7,212
2017-07-31 15:00:00+00:00,8.39,98.61,10125.0,21.667046,-157.95213,2279.0,15,31,7,212
2017-07-31 16:00:00+00:00,9.31,87.93,10127.0,21.667046,-157.95213,2282.0,16,31,7,212
2017-07-31 17:00:00+00:00,10.96,71.9,10134.0,21.667046,-157.95213,2567.0,17,31,7,212
2017-07-31 18:00:00+00:00,8.02,87.27,10134.0,21.667046,-157.95213,2863.0,18,31,7,212
2017-07-31 19:00:00+00:00,9.09,90.28,10136.0,21.667046,-157.95213,3119.0,19,31,7,212
2017-07-31 20:00:00+00:00,8.49,96.85,10136.0,21.667046,-157.95213,3281.0,20,31,7,212
2017-07-31 21:00:00+00:00,7.78,84.5,10136.0,21.667046,-157.95213,3351.0,21,31,7,212
2017-07-31 22:00:00+00:00,7.32,84.9,10132.0,21.667046,-157.95213,3653.0,22,31,7,212
2017-07-31 23:00:00+00:00,6.81,76.63,10129.0,21.667046,-157.95213,3606.0,23,31,7,212
2017-08-01 00:00:00+00:00,6.96,80.32,10125.0,21.667046,-157.95213,3574.0,0,1,8,213
2017-08-01 01:00:00+00:00,6.6,78.77,10123.0,21.667046,-157.95213,3124.0,1,1,8,213
2017-08-01 02:00:00+00:00,7.51,83.64,10119.0,21.667046,-157.95213,3111.0,2,1,8,213
2017-08-01 03:00:00+00:00,7.94,87.66,10120.0,21.667046,-157.95213,2685.0,3,1,8,213
2017-08-01 04:00:00+00:00,8.09,83.42,10118.0,21.667046,-157.95213,2789.0,4,1,8,213
2017-08-01 05:00:00+00:00,8.83,81.34,10123.0,21.667046,-157.95213,2484.0,5,1,8,213
2017-08-01 06:00:00+00:00,8.83,81.52,10129.0,21.667046,-157.95213,2409.0,6,1,8,213
2017-08-01 07:00:00+00:00,9.04,79.33,10135.0,21.667046,-157.95213,2395.0,7,1,8,213
2017-08-01 08:00:00+00:00,9.87,80.76,10139.0,21.667046,-157.95213,2424.0,8,1,8,213
2017-08-01 09:00:00+00:00,8.69,84.05,10140.0,21.667046,-157.95213,2349.0,9,1,8,213
2017-08-01 10:00:00+00:00,8.38,85.34,10139.0,21.667046,-157.95213,2356.0,10,1,8,213
2017-08-01 11:00:00+00:00,8.11,83.15,10133.0,21.667046,-157.95213,2393.0,11,1,8,213
2017-08-01 12:00:00+00:00,8.13,87.45,10129.0,21.667046,-157.95213,2263.0,12,1,8,213
2017-08-01 13:00:00+00:00,8.13,90.19,10124.0,21.667046,-157.95213,2138.0,13,1,8,213
2017-08-01 14:00:00+00:00,7.5,80.05,10122.0,21.667046,-157.95213,2107.0,14,1,8,213
2017-08-01 15:00:00+00:00,7.28,82.95,10124.0,21.667046,-157.95213,2123.0,15,1,8,213
2017-08-01 16:00:00+00:00,10.48,103.37,10129.0,21.667046,-157.95213,2298.0,16,1,8,213
2017-08-01 17:00:00+00:00,7.36,103.92,10138.0,21.667046,-157.95213,2243.0,17,1,8,213
2017-08-01 18:00:00+00:00,2.57,126.31,10140.0,21.667046,-157.95213,2566.0,18,1,8,213
2017-08-01 19:00:00+00:00,6.09,104.53,10142.0,21.667046,-157.95213,2805.0,19,1,8,213
2017-08-01 20:00:00+00:00,2.59,152.92,10145.0,21.667046,-157.95213,2582.0,20,1,8,213
2017-08-01 21:00:00+00:00,6.94,85.56,10139.0,21.667046,-157.95213,2802.0,21,1,8,213
2017-08-01 22:00:00+00:00,7.91,85.72,10137.0,21.667046,-157.95213,3145.0,22,1,8,213
2017-08-01 23:00:00+00:00,8.08,92.18,10131.0,21.667046,-157.95213,3312.0,23,1,8,213
2017-08-02 00:00:00+00:00,4.29,122.99,10133.0,21.667046,-157.95213,2644.0,0,2,8,214
2017-08-02 01:00:00+00:00,7.69,99.72,10123.0,21.667046,-157.95213,3339.0,1,2,8,214
2017-08-02 02:00:00+00:00,8.35,95.99,10119.0,21.667046,-157.95213,3225.0,2,2,8,214
2017-08-02 03:00:00+00:00,8.72,93.02,10116.0,21.667046,-157.95213,3101.0,3,2,8,214
2017-08-02 04:00:00+00:00,8.4,96.57,10117.0,21.667046,-157.95213,2767.0,4,2,8,214
2017-08-02 05:00:00+00:00,8.35,99.5,10124.0,21.667046,-157.95213,2474.0,5,2,8,214
2017-08-02 06:00:00+00:00,8.26,101.31,10126.0,21.667046,-157.95213,2375.0,6,2,8,214
2017-08-02 07:00:00+00:00,8.26,99.57,10130.0,21.667046,-157.95213,2369.0,7,2,8,214
2017-08-02 08:00:00+00:00,8.48,100.66,10131.0,21.667046,-157.95213,2495.0,8,2,8,214
2017-08-02 09:00:00+00:00,7.36,86.9,10133.0,21.667046,-157.95213,2304.0,9,2,8,214
2017-08-02 10:00:00+00:00,7.66,96.83,10133.0,21.667046,-157.95213,2277.0,10,2,8,214
2017-08-02 11:00:00+00:00,8.04,103.77,10128.0,21.667046,-157.95213,2489.0,11,2,8,214
2017-08-02 12:00:00+00:00,7.71,101.96,10121.0,21.667046,-157.95213,2299.0,12,2,8,214
2017-08-02 13:00:00+00:00,6.92,105.97,10123.0,21.667046,-157.95213,2236.0,13,2,8,214
2017-08-02 14:00:00+00:00,5.4,110.15,10116.0,21.667046,-157.95213,2329.0,14,2,8,214
2017-08-02 15:00:00+00:00,6.63,104.42,10121.0,21.667046,-157.95213,2317.0,15,2,8,214
2017-08-02 16:00:00+00:00,8.11,80.61,10123.0,21.667046,-157.95213,2291.0,16,2,8,214
2017-08-02 17:00:00+00:00,5.69,92.99,10128.0,21.667046,-157.95213,2403.0,17,2,8,214
2017-08-02 18:00:00+00:00,7.41,88.25,10131.0,21.667046,-157.95213,2660.0,18,2,8,214
2017-08-02 19:00:00+00:00,7.63,92.49,10134.0,21.667046,-157.95213,2844.0,19,2,8,214
2017-08-02 20:00:00+00:00,7.82,102.1,10133.0,21.667046,-157.95213,3256.0,20,2,8,214
2017-08-02 21:00:00+00:00,7.82,97.51,10132.0,21.667046,-157.95213,3442.0,21,2,8,214
2017-08-02 22:00:00+00:00,7.54,98.68,10127.0,21.667046,-157.95213,3668.0,22,2,8,214
2017-08-02 23:00:00+00:00,7.21,91.2,10122.0,21.667046,-157.95213,3746.0,23,2,8,214
2017-08-03 00:00:00+00:00,7.03,94.11,10119.0,21.667046,-157.95213,3658.0,0,3,8,215
2017-08-03 01:00:00+00:00,6.76,93.07,10115.0,21.667046,-157.95213,3427.0,1,3,8,215
2017-08-03 02:00:00+00:00,6.53,95.5,10111.0,21.667046,-157.95213,3448.0,2,3,8,215
2017-08-03 03:00:00+00:00,6.29,92.8,10111.0,21.667046,-157.95213,3146.0,3,3,8,215
2017-08-03 04:00:00+00:00,5.82,86.93,10115.0,21.667046,-157.95213,2873.0,4,3,8,215
2017-08-03 05:00:00+00:00,6.18,90.54,10120.0,21.667046,-157.95213,2471.0,5,3,8,215
2017-08-03 06:00:00+00:00,7.27,94.02,10125.0,21.667046,-157.95213,2373.0,6,3,8,215
2017-08-03 07:00:00+00:00,7.48,100.08,10129.0,21.667046,-157.95213,2339.0,7,3,8,215
2017-08-03 08:00:00+00:00,7.64,95.18,10134.0,21.667046,-157.95213,2328.0,8,3,8,215
2017-08-03 09:00:00+00:00,7.94,101.77,10135.0,21.667046,-157.95213,2315.0,9,3,8,215
2017-08-03 10:00:00+00:00,7.1,102.52,10133.0,21.667046,-157.95213,2193.0,10,3,8,215
2017-08-03 11:00:00+00:00,6.41,104.27,10129.0,21.667046,-157.95213,2049.0,11,3,8,215
2017-08-03 12:00:00+00:00,6.2,111.62,10122.0,21.667046,-157.95213,2044.0,12,3,8,215
2017-08-03 13:00:00+00:00,6.17,115.87,10118.0,21.667046,-157.95213,1970.0,13,3,8,215
2017-08-03 14:00:00+00:00,6.15,109.05,10116.0,21.667046,-157.95213,1924.0,14,3,8,215
2017-08-03 15:00:00+00:00,5.68,116.91,10119.0,21.667046,-157.95213,1903.0,15,3,8,215
2017-08-03 16:00:00+00:00,4.75,126.33,10123.0,21.667046,-157.95213,1895.0,16,3,8,215
2017-08-03 17:00:00+00:00,3.98,113.2,10129.0,21.667046,-157.95213,2640.0,17,3,8,215
2017-08-03 18:00:00+00:00,5.84,106.5,10134.0,21.667046,-157.95213,3046.0,18,3,8,215
2017-08-03 19:00:00+00:00,6.39,101.32,10135.0,21.667046,-157.95213,3314.0,19,3,8,215
2017-08-03 20:00:00+00:00,6.56,96.8,10136.0,21.667046,-157.95213,3568.0,20,3,8,215
2017-08-03 21:00:00+00:00,6.99,88.14,10137.0,21.667046,-157.95213,3515.0,21,3,8,215
2017-08-03 22:00:00+00:00,7.08,91.95,10135.0,21.667046,-157.95213,3748.0,22,3,8,215
2017-08-03 23:00:00+00:00,7.0,92.23,10132.0,21.667046,-157.95213,3706.0,23,3,8,215
2017-08-04 00:00:00+00:00,7.48,90.07,10127.0,21.667046,-157.95213,3711.0,0,4,8,216
2017-08-04 01:00:00+00:00,7.94,101.43,10127.0,21.667046,-157.95213,3459.0,1,4,8,216
2017-08-04 02:00:00+00:00,8.49,101.94,10122.0,21.667046,-157.95213,3199.0,2,4,8,216
2017-08-04 03:00:00+00:00,7.77,96.73,10124.0,21.667046,-157.95213,2982.0,3,4,8,216
2017-08-04 04:00:00+00:00,7.79,102.29,10124.0,21.667046,-157.95213,2703.0,4,4,8,216
2017-08-04 05:00:00+00:00,8.06,102.59,10129.0,21.667046,-157.95213,2492.0,5,4,8,216
2017-08-04 06:00:00+00:00,8.36,100.87,10132.0,21.667046,-157.95213,2424.0,6,4,8,216
2017-08-04 07:00:00+00:00,9.0,105.1,10139.0,21.667046,-157.95213,2497.0,7,4,8,216
2017-08-04 08:00:00+00:00,9.62,93.66,10142.0,21.667046,-157.95213,2453.0,8,4,8,216
2017-08-04 09:00:00+00:00,9.63,99.58,10144.0,21.667046,-157.95213,2442.0,9,4,8,216
2017-08-04 10:00:00+00:00,9.41,100.25,10143.0,21.667046,-157.95213,2413.0,10,4,8,216
2017-08-04 11:00:00+00:00,9.96,104.49,10141.0,21.667046,-157.95213,2409.0,11,4,8,216
2017-08-04 12:00:00+00:00,8.83,99.09,10138.0,21.667046,-157.95213,2376.0,12,4,8,216
2017-08-04 13:00:00+00:00,8.88,94.22,10133.0,21.667046,-157.95213,2366.0,13,4,8,216
2017-08-04 14:00:00+00:00,8.37,96.13,10134.0,21.667046,-157.95213,2342.0,14,4,8,216
2017-08-04 15:00:00+00:00,8.17,93.99,10136.0,21.667046,-157.95213,2315.0,15,4,8,216
2017-08-04 16:00:00+00:00,7.75,94.41,10142.0,21.667046,-157.95213,2342.0,16,4,8,216
2017-08-04 17:00:00+00:00,7.99,94.16,10146.0,21.667046,-157.95213,2702.0,17,4,8,216
2017-08-04 18:00:00+00:00,7.81,91.15,10151.0,21.667046,-157.95213,2800.0,18,4,8,216
2017-08-04 19:00:00+00:00,8.4,103.18,10153.0,21.667046,-157.95213,3074.0,19,4,8,216
2017-08-04 20:00:00+00:00,9.91,99.69,10153.0,21.667046,-157.95213,3150.0,20,4,8,216
2017-08-04 21:00:00+00:00,11.41,103.05,10151.0,21.667046,-157.95213,3431.0,21,4,8,216
2017-08-04 22:00:00+00:00,10.39,101.51,10151.0,21.667046,-157.95213,3539.0,22,4,8,216
2017-08-04 23:00:00+00:00,10.27,97.42,10147.0,21.667046,-157.95213,3594.0,23,4,8,216
2017-08-05 00:00:00+00:00,9.96,101.53,10143.0,21.667046,-157.95213,3472.0,0,5,8,217
2017-08-05 01:00:00+00:00,9.36,99.97,10142.0,21.667046,-157.95213,3486.0,1,5,8,217
2017-08-05 02:00:00+00:00,8.19,86.29,10140.0,21.667046,-157.95213,3088.0,2,5,8,217
2017-08-05 03:00:00+00:00,10.39,99.63,10140.0,21.667046,-157.95213,3073.0,3,5,8,217
2017-08-05 04:00:00+00:00,10.28,100.91,10138.0,21.667046,-157.95213,2822.0,4,5,8,217
2017-08-05 05:00:00+00:00,10.57,104.48,10141.0,21.667046,-157.95213,2536.0,5,5,8,217
2017-08-05 06:00:00+00:00,11.87,101.52,10143.0,21.667046,-157.95213,2504.0,6,5,8,217
2017-08-05 07:00:00+00:00,11.46,102.34,10147.0,21.667046,-157.95213,2475.0,7,5,8,217
2017-08-05 08:00:00+00:00,11.11,101.46,10150.0,21.667046,-157.95213,2461.0,8,5,8,217
2017-08-05 09:00:00+00:00,11.25,100.51,10150.0,21.667046,-157.95213,2459.0,9,5,8,217
2017-08-05 10:00:00+00:00,11.42,99.6,10149.0,21.667046,-157.95213,2442.0,10,5,8,217
2017-08-05 11:00:00+00:00,12.08,91.65,10147.0,21.667046,-157.95213,2449.0,11,5,8,217
2017-08-05 12:00:00+00:00,11.76,95.19,10144.0,21.667046,-157.95213,2427.0,12,5,8,217
2017-08-05 13:00:00+00:00,10.24,90.63,10142.0,21.667046,-157.95213,2402.0,13,5,8,217
2017-08-05 14:00:00+00:00,10.29,87.42,10140.0,21.667046,-157.95213,2473.0,14,5,8,217
2017-08-05 15:00:00+00:00,10.24,89.45,10143.0,21.667046,-157.95213,2412.0,15,5,8,217
2017-08-05 16:00:00+00:00,10.77,91.55,10146.0,21.667046,-157.95213,2419.0,16,5,8,217
2017-08-05 17:00:00+00:00,9.67,107.88,10152.0,21.667046,-157.95213,2541.0,17,5,8,217
2017-08-05 18:00:00+00:00,11.76,93.44,10158.0,21.667046,-157.95213,2793.0,18,5,8,217
2017-08-05 19:00:00+00:00,11.75,90.65,10159.0,21.667046,-157.95213,3184.0,19,5,8,217
2017-08-05 20:00:00+00:00,10.63,92.5,10161.0,21.667046,-157.95213,3459.0,20,5,8,217
2017-08-05 21:00:00+00:00,9.99,93.74,10162.0,21.667046,-157.95213,3480.0,21,5,8,217
2017-08-05 22:00:00+00:00,10.19,97.43,10162.0,21.667046,-157.95213,3531.0,22,5,8,217
2017-08-05 23:00:00+00:00,10.1,96.44,10159.0,21.667046,-157.95213,3589.0,23,5,8,217
2017-08-06 00:00:00+00:00,9.85,95.14,10153.0,21.667046,-157.95213,3719.0,0,6,8,218
2017-08-06 01:00:00+00:00,9.18,92.44,10149.0,21.667046,-157.95213,3481.0,1,6,8,218
2017-08-06 02:00:00+00:00,9.33,91.54,10147.0,21.667046,-157.95213,3270.0,2,6,8,218
2017-08-06 03:00:00+00:00,9.84,95.81,10145.0,21.667046,-157.95213,3090.0,3,6,8,218
2017-08-06 04:00:00+00:00,10.44,93.16,10145.0,21.667046,-157.95213,2808.0,4,6,8,218
2017-08-06 05:00:00+00:00,10.34,92.44,10149.0,21.667046,-157.95213,2475.0,5,6,8,218
2017-08-06 06:00:00+00:00,10.05,92.17,10155.0,21.667046,-157.95213,2429.0,6,6,8,218
2017-08-06 07:00:00+00:00,10.28,85.38,10157.0,21.667046,-157.95213,2434.0,7,6,8,218
2017-08-06 08:00:00+00:00,10.82,89.11,10160.0,21.667046,-157.95213,2426.0,8,6,8,218
2017-08-06 09:00:00+00:00,10.57,86.2,10161.0,21.667046,-157.95213,2418.0,9,6,8,218
2017-08-06 10:00:00+00:00,10.29,83.91,10158.0,21.667046,-157.95213,2389.0,10,6,8,218
2017-08-06 11:00:00+00:00,10.69,87.2,10154.0,21.667046,-157.95213,2383.0,11,6,8,218
2017-08-06 12:00:00+00:00,10.27,88.34,10147.0,21.667046,-157.95213,2361.0,12,6,8,218
2017-08-06 13:00:00+00:00,10.46,95.36,10144.0,21.667046,-157.95213,2363.0,13,6,8,218
2017-08-06 14:00:00+00:00,9.48,92.2,10143.0,21.667046,-157.95213,2341.0,14,6,8,218
2017-08-06 15:00:00+00:00,9.95,95.89,10147.0,21.667046,-157.95213,2316.0,15,6,8,218
2017-08-06 16:00:00+00:00,9.73,97.93,10150.0,21.667046,-157.95213,2300.0,16,6,8,218
2017-08-06 17:00:00+00:00,9.38,86.81,10154.0,21.667046,-157.95213,2643.0,17,6,8,218
2017-08-06 18:00:00+00:00,10.3,88.26,10158.0,21.667046,-157.95213,2908.0,18,6,8,218
2017-08-06 19:00:00+00:00,7.32,94.44,10161.0,21.667046,-157.95213,2899.0,19,6,8,218
2017-08-06 20:00:00+00:00,8.46,87.72,10162.0,21.667046,-157.95213,3435.0,20,6,8,218
2017-08-06 21:00:00+00:00,8.49,89.64,10161.0,21.667046,-157.95213,3504.0,21,6,8,218
2017-08-06 22:00:00+00:00,8.99,84.32,10155.0,21.667046,-157.95213,3570.0,22,6,8,218
2017-08-06 23:00:00+00:00,8.6,87.85,10151.0,21.667046,-157.95213,3762.0,23,6,8,218
2017-08-07 00:00:00+00:00,8.34,83.27,10145.0,21.667046,-157.95213,3705.0,0,7,8,219
2017-08-07 01:00:00+00:00,8.44,79.97,10140.0,21.667046,-157.95213,3521.0,1,7,8,219
2017-08-07 02:00:00+00:00,7.95,77.69,10136.0,21.667046,-157.95213,3361.0,2,7,8,219
2017-08-07 03:00:00+00:00,8.21,75.55,10136.0,21.667046,-157.95213,3065.0,3,7,8,219
2017-08-07 04:00:00+00:00,7.69,77.08,10139.0,21.667046,-157.95213,2841.0,4,7,8,219
2017-08-07 05:00:00+00:00,9.44,76.8,10140.0,21.667046,-157.95213,2493.0,5,7,8,219
2017-08-07 06:00:00+00:00,8.37,85.95,10144.0,21.667046,-157.95213,2378.0,6,7,8,219
2017-08-07 07:00:00+00:00,7.75,91.82,10148.0,21.667046,-157.95213,2361.0,7,7,8,219
2017-08-07 08:00:00+00:00,9.01,88.88,10151.0,21.667046,-157.95213,2343.0,8,7,8,219
2017-08-07 09:00:00+00:00,8.97,93.0,10149.0,21.667046,-157.95213,2319.0,9,7,8,219
2017-08-07 10:00:00+00:00,8.78,92.72,10148.0,21.667046,-157.95213,2339.0,10,7,8,219
2017-08-07 11:00:00+00:00,8.59,83.63,10145.0,21.667046,-157.95213,2329.0,11,7,8,219
2017-08-07 12:00:00+00:00,7.95,85.68,10140.0,21.667046,-157.95213,2340.0,12,7,8,219
2017-08-07 13:00:00+00:00,7.28,83.32,10138.0,21.667046,-157.95213,2281.0,13,7,8,219
2017-08-07 14:00:00+00:00,6.96,77.26,10136.0,21.667046,-157.95213,2324.0,14,7,8,219
2017-08-07 15:00:00+00:00,6.38,76.75,10137.0,21.667046,-157.95213,2275.0,15,7,8,219
2017-08-07 16:00:00+00:00,5.99,73.54,10141.0,21.667046,-157.95213,2441.0,16,7,8,219
2017-08-07 17:00:00+00:00,5.83,72.8,10147.0,21.667046,-157.95213,2572.0,17,7,8,219
2017-08-07 18:00:00+00:00,5.96,75.43,10151.0,21.667046,-157.95213,2733.0,18,7,8,219
2017-08-07 19:00:00+00:00,6.31,75.55,10154.0,21.667046,-157.95213,2978.0,19,7,8,219
2017-08-07 20:00:00+00:00,6.4,80.4,10155.0,21.667046,-157.95213,3289.0,20,7,8,219
2017-08-07 21:00:00+00:00,6.47,80.68,10155.0,21.667046,-157.95213,3339.0,21,7,8,219
2017-08-07 22:00:00+00:00,6.49,86.14,10151.0,21.667046,-157.95213,3425.0,22,7,8,219
2017-08-07 23:00:00+00:00,6.27,89.35,10147.0,21.667046,-157.95213,3464.0,23,7,8,219
2017-08-08 00:00:00+00:00,6.16,86.01,10141.0,21.667046,-157.95213,3470.0,0,8,8,220
2017-08-08 01:00:00+00:00,6.35,87.59,10136.0,21.667046,-157.95213,3346.0,1,8,8,220
2017-08-08 02:00:00+00:00,6.14,91.5,10129.0,21.667046,-157.95213,3296.0,2,8,8,220
2017-08-08 03:00:00+00:00,6.8,81.47,10129.0,21.667046,-157.95213,3026.0,3,8,8,220
2017-08-08 04:00:00+00:00,6.3,81.5,10130.0,21.667046,-157.95213,2814.0,4,8,8,220
2017-08-08 05:00:00+00:00,7.03,91.27,10135.0,21.667046,-157.95213,2458.0,5,8,8,220
2017-08-08 06:00:00+00:00,7.08,85.06,10139.0,21.667046,-157.95213,2274.0,6,8,8,220
2017-08-08 07:00:00+00:00,4.63,51.92,10143.0,21.667046,-157.95213,2145.0,7,8,8,220
2017-08-08 08:00:00+00:00,7.07,80.61,10148.0,21.667046,-157.95213,2183.0,8,8,8,220
2017-08-08 09:00:00+00:00,6.32,109.26,10150.0,21.667046,-157.95213,2128.0,9,8,8,220
2017-08-08 10:00:00+00:00,7.1,71.14,10146.0,21.667046,-157.95213,2077.0,10,8,8,220
2017-08-08 11:00:00+00:00,7.53,85.28,10142.0,21.667046,-157.95213,2243.0,11,8,8,220
2017-08-08 12:00:00+00:00,6.73,80.7,10137.0,21.667046,-157.95213,1975.0,12,8,8,220
2017-08-08 13:00:00+00:00,8.14,115.53,10138.0,21.667046,-157.95213,2243.0,13,8,8,220
2017-08-08 14:00:00+00:00,2.26,115.43,10132.0,21.667046,-157.95213,2099.0,14,8,8,220
2017-08-08 15:00:00+00:00,3.97,140.87,10137.0,21.667046,-157.95213,2129.0,15,8,8,220
2017-08-08 16:00:00+00:00,6.21,90.35,10137.0,21.667046,-157.95213,1957.0,16,8,8,220
2017-08-08 17:00:00+00:00,7.22,81.21,10142.0,21.667046,-157.95213,2450.0,17,8,8,220
2017-08-08 18:00:00+00:00,6.85,79.79,10145.0,21.667046,-157.95213,2790.0,18,8,8,220
2017-08-08 19:00:00+00:00,7.21,87.43,10149.0,21.667046,-157.95213,3016.0,19,8,8,220
2017-08-08 20:00:00+00:00,6.74,87.07,10150.0,21.667046,-157.95213,3471.0,20,8,8,220
2017-08-08 21:00:00+00:00,6.97,86.29,10149.0,21.667046,-157.95213,3546.0,21,8,8,220
2017-08-08 22:00:00+00:00,7.11,83.85,10145.0,21.667046,-157.95213,3643.0,22,8,8,220
2017-08-08 23:00:00+00:00,7.05,80.63,10141.0,21.667046,-157.95213,3694.0,23,8,8,220
2017-08-09 00:00:00+00:00,6.71,78.8,10133.0,21.667046,-157.95213,3669.0,0,9,8,221
2017-08-09 01:00:00+00:00,7.17,82.73,10129.0,21.667046,-157.95213,3598.0,1,9,8,221
2017-08-09 02:00:00+00:00,7.37,81.52,10122.0,21.667046,-157.95213,3291.0,2,9,8,221
2017-08-09 03:00:00+00:00,7.42,83.05,10124.0,21.667046,-157.95213,2992.0,3,9,8,221
2017-08-09 04:00:00+00:00,7.73,84.27,10123.0,21.667046,-157.95213,2781.0,4,9,8,221
2017-08-09 05:00:00+00:00,8.18,87.17,10129.0,21.667046,-157.95213,2475.0,5,9,8,221
2017-08-09 06:00:00+00:00,8.24,87.5,10132.0,21.667046,-157.95213,2408.0,6,9,8,221
2017-08-09 07:00:00+00:00,8.93,87.34,10137.0,21.667046,-157.95213,2417.0,7,9,8,221
2017-08-09 08:00:00+00:00,8.35,87.66,10141.0,21.667046,-157.95213,2416.0,8,9,8,221
2017-08-09 09:00:00+00:00,9.07,95.06,10143.0,21.667046,-157.95213,2410.0,9,9,8,221
2017-08-09 10:00:00+00:00,8.93,89.96,10143.0,21.667046,-157.95213,2449.0,10,9,8,221
2017-08-09 11:00:00+00:00,8.89,95.32,10141.0,21.667046,-157.95213,2431.0,11,9,8,221
2017-08-09 12:00:00+00:00,8.72,107.97,10136.0,21.667046,-157.95213,2377.0,12,9,8,221
2017-08-09 13:00:00+00:00,8.22,104.59,10135.0,21.667046,-157.95213,2327.0,13,9,8,221
2017-08-09 14:00:00+00:00,8.18,98.72,10132.0,21.667046,-157.95213,2421.0,14,9,8,221
2017-08-09 15:00:00+00:00,7.64,96.12,10139.0,21.667046,-157.95213,2245.0,15,9,8,221
2017-08-09 16:00:00+00:00,6.9,101.25,10141.0,21.667046,-157.95213,2399.0,16,9,8,221
2017-08-09 17:00:00+00:00,7.06,96.57,10149.0,21.667046,-157.95213,2700.0,17,9,8,221
2017-08-09 18:00:00+00:00,7.82,96.67,10153.0,21.667046,-157.95213,3031.0,18,9,8,221
2017-08-09 19:00:00+00:00,7.46,99.85,10155.0,21.667046,-157.95213,3197.0,19,9,8,221
2017-08-09 20:00:00+00:00,7.73,102.3,10156.0,21.667046,-157.95213,3379.0,20,9,8,221
2017-08-09 21:00:00+00:00,6.92,109.98,10158.0,21.667046,-157.95213,3523.0,21,9,8,221
2017-08-09 22:00:00+00:00,7.28,97.47,10154.0,21.667046,-157.95213,3676.0,22,9,8,221
2017-08-09 23:00:00+00:00,7.23,96.18,10149.0,21.667046,-157.95213,3885.0,23,9,8,221
2017-08-10 00:00:00+00:00,7.51,91.88,10145.0,21.667046,-157.95213,3813.0,0,10,8,222
2017-08-10 01:00:00+00:00,8.09,90.6,10139.0,21.667046,-157.95213,3540.0,1,10,8,222
2017-08-10 02:00:00+00:00,8.35,92.08,10134.0,21.667046,-157.95213,3356.0,2,10,8,222
2017-08-10 03:00:00+00:00,8.61,91.41,10135.0,21.667046,-157.95213,3156.0,3,10,8,222
2017-08-10 04:00:00+00:00,8.61,94.95,10135.0,21.667046,-157.95213,2882.0,4,10,8,222
2017-08-10 05:00:00+00:00,8.87,94.35,10141.0,21.667046,-157.95213,2475.0,5,10,8,222
2017-08-10 06:00:00+00:00,10.2,90.3,10146.0,21.667046,-157.95213,2465.0,6,10,8,222
2017-08-10 07:00:00+00:00,9.73,94.7,10150.0,21.667046,-157.95213,2464.0,7,10,8,222
2017-08-10 08:00:00+00:00,10.03,95.2,10156.0,21.667046,-157.95213,2435.0,8,10,8,222
2017-08-10 09:00:00+00:00,10.42,98.53,10159.0,21.667046,-157.95213,2439.0,9,10,8,222
2017-08-10 10:00:00+00:00,10.77,103.44,10158.0,21.667046,-157.95213,2418.0,10,10,8,222
2017-08-10 11:00:00+00:00,9.46,103.79,10154.0,21.667046,-157.95213,2363.0,11,10,8,222
2017-08-10 12:00:00+00:00,9.52,101.7,10147.0,21.667046,-157.95213,2344.0,12,10,8,222
2017-08-10 13:00:00+00:00,8.66,102.96,10147.0,21.667046,-157.95213,2332.0,13,10,8,222
2017-08-10 14:00:00+00:00,7.77,95.83,10146.0,21.667046,-157.95213,2286.0,14,10,8,222
2017-08-10 15:00:00+00:00,8.21,97.02,10149.0,21.667046,-157.95213,2315.0,15,10,8,222
2017-08-10 16:00:00+00:00,8.24,100.13,10152.0,21.667046,-157.95213,2282.0,16,10,8,222
2017-08-10 17:00:00+00:00,8.59,99.69,10157.0,21.667046,-157.95213,2686.0,17,10,8,222
2017-08-10 18:00:00+00:00,9.93,96.59,10164.0,21.667046,-157.95213,2933.0,18,10,8,222
2017-08-10 19:00:00+00:00,10.47,100.15,10164.0,21.667046,-157.95213,3304.0,19,10,8,222
2017-08-10 20:00:00+00:00,11.09,99.04,10169.0,21.667046,-157.95213,3433.0,20,10,8,222
2017-08-10 21:00:00+00:00,10.92,98.14,10169.0,21.667046,-157.95213,3685.0,21,10,8,222
2017-08-10 22:00:00+00:00,11.03,97.8,10168.0,21.667046,-157.95213,3706.0,22,10,8,222
2017-08-10 23:00:00+00:00,10.88,97.85,10164.0,21.667046,-157.95213,3713.0,23,10,8,222
2017-08-11 00:00:00+00:00,11.09,96.5,10159.0,21.667046,-157.95213,3625.0,0,11,8,223
2017-08-11 01:00:00+00:00,11.56,93.66,10155.0,21.667046,-157.95213,3349.0,1,11,8,223
2017-08-11 02:00:00+00:00,10.93,96.81,10147.0,21.667046,-157.95213,3318.0,2,11,8,223
2017-08-11 03:00:00+00:00,10.93,95.88,10151.0,21.667046,-157.95213,3124.0,3,11,8,223
2017-08-11 04:00:00+00:00,10.37,94.6,10151.0,21.667046,-157.95213,2831.0,4,11,8,223
2017-08-11 05:00:00+00:00,9.91,91.82,10154.0,21.667046,-157.95213,2492.0,5,11,8,223
2017-08-11 06:00:00+00:00,11.36,92.76,10159.0,21.667046,-157.95213,2473.0,6,11,8,223
2017-08-11 07:00:00+00:00,11.5,87.25,10160.0,21.667046,-157.95213,2437.0,7,11,8,223
2017-08-11 08:00:00+00:00,11.19,87.2,10162.0,21.667046,-157.95213,2414.0,8,11,8,223
2017-08-11 09:00:00+00:00,11.5,89.84,10162.0,21.667046,-157.95213,2424.0,9,11,8,223
2017-08-11 10:00:00+00:00,10.77,90.33,10162.0,21.667046,-157.95213,2400.0,10,11,8,223
2017-08-11 11:00:00+00:00,10.48,79.55,10156.0,21.667046,-157.95213,2414.0,11,11,8,223
2017-08-11 12:00:00+00:00,10.36,83.25,10151.0,21.667046,-157.95213,2390.0,12,11,8,223
2017-08-11 13:00:00+00:00,10.62,81.63,10149.0,21.667046,-157.95213,2369.0,13,11,8,223
2017-08-11 14:00:00+00:00,11.59,80.05,10149.0,21.667046,-157.95213,2384.0,14,11,8,223
2017-08-11 15:00:00+00:00,10.71,79.31,10149.0,21.667046,-157.95213,2390.0,15,11,8,223
2017-08-11 16:00:00+00:00,14.51,88.43,10152.0,21.667046,-157.95213,2385.0,16,11,8,223
2017-08-11 17:00:00+00:00,11.36,83.26,10154.0,21.667046,-157.95213,2664.0,17,11,8,223
2017-08-11 18:00:00+00:00,10.58,85.59,10157.0,21.667046,-157.95213,2916.0,18,11,8,223
2017-08-11 19:00:00+00:00,11.07,85.7,10157.0,21.667046,-157.95213,3237.0,19,11,8,223
2017-08-11 20:00:00+00:00,11.48,85.34,10159.0,21.667046,-157.95213,3269.0,20,11,8,223
2017-08-11 21:00:00+00:00,11.04,77.5,10159.0,21.667046,-157.95213,3486.0,21,11,8,223
2017-08-11 22:00:00+00:00,9.31,115.83,10156.0,21.667046,-157.95213,3201.0,22,11,8,223
2017-08-11 23:00:00+00:00,10.84,77.3,10150.0,21.667046,-157.95213,3618.0,23,11,8,223
2017-08-12 00:00:00+00:00,10.32,79.52,10147.0,21.667046,-157.95213,3603.0,0,12,8,224
2017-08-12 01:00:00+00:00,9.83,80.87,10142.0,21.667046,-157.95213,3567.0,1,12,8,224
2017-08-12 02:00:00+00:00,9.99,77.06,10136.0,21.667046,-157.95213,3413.0,2,12,8,224
2017-08-12 03:00:00+00:00,10.47,75.21,10134.0,21.667046,-157.95213,3156.0,3,12,8,224
2017-08-12 04:00:00+00:00,10.49,73.52,10134.0,21.667046,-157.95213,2837.0,4,12,8,224
2017-08-12 05:00:00+00:00,10.41,76.1,10136.0,21.667046,-157.95213,2461.0,5,12,8,224
2017-08-12 06:00:00+00:00,10.68,78.74,10139.0,21.667046,-157.95213,2448.0,6,12,8,224
2017-08-12 07:00:00+00:00,11.42,75.88,10141.0,21.667046,-157.95213,2475.0,7,12,8,224
2017-08-12 08:00:00+00:00,11.52,74.6,10145.0,21.667046,-157.95213,2483.0,8,12,8,224
2017-08-12 09:00:00+00:00,11.56,84.84,10146.0,21.667046,-157.95213,2478.0,9,12,8,224
2017-08-12 10:00:00+00:00,10.27,87.94,10144.0,21.667046,-157.95213,2431.0,10,12,8,224
2017-08-12 11:00:00+00:00,11.54,82.59,10138.0,21.667046,-157.95213,2431.0,11,12,8,224
2017-08-12 12:00:00+00:00,11.22,82.96,10132.0,21.667046,-157.95213,2399.0,12,12,8,224
2017-08-12 13:00:00+00:00,12.79,77.57,10134.0,21.667046,-157.95213,2280.0,13,12,8,224
2017-08-12 14:00:00+00:00,12.75,83.89,10129.0,21.667046,-157.95213,2251.0,14,12,8,224
2017-08-12 15:00:00+00:00,13.47,85.48,10128.0,21.667046,-157.95213,2255.0,15,12,8,224
2017-08-12 16:00:00+00:00,12.36,84.73,10131.0,21.667046,-157.95213,2265.0,16,12,8,224
2017-08-12 17:00:00+00:00,11.88,90.22,10138.0,21.667046,-157.95213,2477.0,17,12,8,224
2017-08-12 18:00:00+00:00,10.99,92.01,10142.0,21.667046,-157.95213,2856.0,18,12,8,224
2017-08-12 19:00:00+00:00,10.99,89.11,10141.0,21.667046,-157.95213,3148.0,19,12,8,224
2017-08-12 20:00:00+00:00,11.4,90.23,10140.0,21.667046,-157.95213,3393.0,20,12,8,224
2017-08-12 21:00:00+00:00,11.01,95.13,10141.0,21.667046,-157.95213,3606.0,21,12,8,224
2017-08-12 22:00:00+00:00,10.97,92.23,10136.0,21.667046,-157.95213,3762.0,22,12,8,224
2017-08-12 23:00:00+00:00,11.05,90.02,10131.0,21.667046,-157.95213,3784.0,23,12,8,224
2017-08-13 00:00:00+00:00,10.52,89.22,10127.0,21.667046,-157.95213,3743.0,0,13,8,225
2017-08-13 01:00:00+00:00,10.19,86.32,10124.0,21.667046,-157.95213,3615.0,1,13,8,225
2017-08-13 02:00:00+00:00,10.12,84.75,10119.0,21.667046,-157.95213,3411.0,2,13,8,225
2017-08-13 03:00:00+00:00,10.32,82.91,10121.0,21.667046,-157.95213,3108.0,3,13,8,225
2017-08-13 04:00:00+00:00,10.26,78.79,10123.0,21.667046,-157.95213,2833.0,4,13,8,225
2017-08-13 05:00:00+00:00,10.47,76.1,10126.0,21.667046,-157.95213,2489.0,5,13,8,225
2017-08-13 06:00:00+00:00,9.72,81.86,10130.0,21.667046,-157.95213,2467.0,6,13,8,225
2017-08-13 07:00:00+00:00,11.26,83.82,10132.0,21.667046,-157.95213,2460.0,7,13,8,225
2017-08-13 08:00:00+00:00,11.89,82.55,10133.0,21.667046,-157.95213,2448.0,8,13,8,225
2017-08-13 09:00:00+00:00,12.75,86.23,10134.0,21.667046,-157.95213,2452.0,9,13,8,225
2017-08-13 10:00:00+00:00,12.02,88.58,10132.0,21.667046,-157.95213,2411.0,10,13,8,225
2017-08-13 11:00:00+00:00,11.41,88.12,10128.0,21.667046,-157.95213,2409.0,11,13,8,225
2017-08-13 12:00:00+00:00,11.44,90.1,10122.0,21.667046,-157.95213,2438.0,12,13,8,225
2017-08-13 13:00:00+00:00,10.96,84.95,10119.0,21.667046,-157.95213,2363.0,13,13,8,225
2017-08-13 14:00:00+00:00,11.13,82.44,10119.0,21.667046,-157.95213,2391.0,14,13,8,225
2017-08-13 15:00:00+00:00,11.97,94.02,10123.0,21.667046,-157.95213,2363.0,15,13,8,225
2017-08-13 16:00:00+00:00,10.69,91.02,10125.0,21.667046,-157.95213,2367.0,16,13,8,225
2017-08-13 17:00:00+00:00,9.27,92.24,10129.0,21.667046,-157.95213,2651.0,17,13,8,225
2017-08-13 18:00:00+00:00,9.31,93.96,10130.0,21.667046,-157.95213,2942.0,18,13,8,225
2017-08-13 19:00:00+00:00,8.94,84.48,10135.0,21.667046,-157.95213,2877.0,19,13,8,225
2017-08-13 20:00:00+00:00,7.33,85.0,10134.0,21.667046,-157.95213,3255.0,20,13,8,225
2017-08-13 21:00:00+00:00,8.77,94.75,10134.0,21.667046,-157.95213,3218.0,21,13,8,225
2017-08-13 22:00:00+00:00,9.38,98.24,10133.0,21.667046,-157.95213,3519.0,22,13,8,225
2017-08-13 23:00:00+00:00,8.27,89.95,10127.0,21.667046,-157.95213,3673.0,23,13,8,225
2017-08-14 00:00:00+00:00,8.08,93.12,10125.0,21.667046,-157.95213,3502.0,0,14,8,226
2017-08-14 01:00:00+00:00,7.36,94.81,10122.0,21.667046,-157.95213,3437.0,1,14,8,226
2017-08-14 02:00:00+00:00,8.08,90.67,10119.0,21.667046,-157.95213,3231.0,2,14,8,226
2017-08-14 03:00:00+00:00,8.02,90.34,10121.0,21.667046,-157.95213,3166.0,3,14,8,226
2017-08-14 04:00:00+00:00,8.57,84.0,10122.0,21.667046,-157.95213,2815.0,4,14,8,226
2017-08-14 05:00:00+00:00,8.68,81.79,10125.0,21.667046,-157.95213,2461.0,5,14,8,226
2017-08-14 06:00:00+00:00,9.34,85.99,10127.0,21.667046,-157.95213,2426.0,6,14,8,226
2017-08-14 07:00:00+00:00,8.9,89.26,10128.0,21.667046,-157.95213,2429.0,7,14,8,226
2017-08-14 08:00:00+00:00,11.13,100.26,10131.0,21.667046,-157.95213,2392.0,8,14,8,226
2017-08-14 09:00:00+00:00,10.5,93.27,10129.0,21.667046,-157.95213,2399.0,9,14,8,226
2017-08-14 10:00:00+00:00,10.65,92.54,10128.0,21.667046,-157.95213,2410.0,10,14,8,226
2017-08-14 11:00:00+00:00,10.85,90.2,10123.0,21.667046,-157.95213,2400.0,11,14,8,226
2017-08-14 12:00:00+00:00,10.29,93.64,10118.0,21.667046,-157.95213,2393.0,12,14,8,226
2017-08-14 13:00:00+00:00,10.28,85.05,10115.0,21.667046,-157.95213,2401.0,13,14,8,226
2017-08-14 14:00:00+00:00,10.19,87.27,10115.0,21.667046,-157.95213,2374.0,14,14,8,226
2017-08-14 15:00:00+00:00,10.65,93.41,10118.0,21.667046,-157.95213,2485.0,15,14,8,226
2017-08-14 16:00:00+00:00,11.12,103.06,10123.0,21.667046,-157.95213,2371.0,16,14,8,226
2017-08-14 17:00:00+00:00,5.66,106.23,10128.0,21.667046,-157.95213,2474.0,17,14,8,226
2017-08-14 18:00:00+00:00,9.38,92.26,10129.0,21.667046,-157.95213,2840.0,18,14,8,226
2017-08-14 19:00:00+00:00,8.61,90.26,10132.0,21.667046,-157.95213,3099.0,19,14,8,226
2017-08-14 20:00:00+00:00,9.45,86.37,10132.0,21.667046,-157.95213,3143.0,20,14,8,226
2017-08-14 21:00:00+00:00,8.53,88.29,10131.0,21.667046,-157.95213,3363.0,21,14,8,226
2017-08-14 22:00:00+00:00,9.06,88.01,10127.0,21.667046,-157.95213,3474.0,22,14,8,226
2017-08-14 23:00:00+00:00,8.68,87.89,10121.0,21.667046,-157.95213,3692.0,23,14,8,226
2017-08-15 00:00:00+00:00,9.04,90.58,10118.0,21.667046,-157.95213,3618.0,0,15,8,227
2017-08-15 01:00:00+00:00,9.18,89.39,10112.0,21.667046,-157.95213,3546.0,1,15,8,227
2017-08-15 02:00:00+00:00,9.69,87.4,10109.0,21.667046,-157.95213,3199.0,2,15,8,227
2017-08-15 03:00:00+00:00,10.34,86.22,10108.0,21.667046,-157.95213,2990.0,3,15,8,227
2017-08-15 04:00:00+00:00,9.87,92.54,10111.0,21.667046,-157.95213,2838.0,4,15,8,227
2017-08-15 05:00:00+00:00,10.29,90.47,10115.0,21.667046,-157.95213,2468.0,5,15,8,227
2017-08-15 06:00:00+00:00,9.99,94.25,10119.0,21.667046,-157.95213,2427.0,6,15,8,227
2017-08-15 07:00:00+00:00,10.06,96.22,10124.0,21.667046,-157.95213,2422.0,7,15,8,227
2017-08-15 08:00:00+00:00,10.16,99.16,10127.0,21.667046,-157.95213,2426.0,8,15,8,227
2017-08-15 09:00:00+00:00,11.6,94.3,10130.0,21.667046,-157.95213,2346.0,9,15,8,227
2017-08-15 10:00:00+00:00,9.63,100.59,10125.0,21.667046,-157.95213,2333.0,10,15,8,227
2017-08-15 11:00:00+00:00,9.7,99.85,10120.0,21.667046,-157.95213,2321.0,11,15,8,227
2017-08-15 12:00:00+00:00,9.5,99.17,10115.0,21.667046,-157.95213,2334.0,12,15,8,227
2017-08-15 13:00:00+00:00,9.84,96.96,10112.0,21.667046,-157.95213,2337.0,13,15,8,227
2017-08-15 14:00:00+00:00,9.78,90.76,10110.0,21.667046,-157.95213,2369.0,14,15,8,227
2017-08-15 15:00:00+00:00,8.55,92.99,10113.0,21.667046,-157.95213,2334.0,15,15,8,227
2017-08-15 16:00:00+00:00,9.13,93.58,10116.0,21.667046,-157.95213,2367.0,16,15,8,227
2017-08-15 17:00:00+00:00,8.64,90.85,10121.0,21.667046,-157.95213,2647.0,17,15,8,227
2017-08-15 18:00:00+00:00,8.66,92.46,10123.0,21.667046,-157.95213,2934.0,18,15,8,227
2017-08-15 19:00:00+00:00,8.32,89.69,10124.0,21.667046,-157.95213,3126.0,19,15,8,227
2017-08-15 20:00:00+00:00,8.29,89.3,10123.0,21.667046,-157.95213,3403.0,20,15,8,227
2017-08-15 21:00:00+00:00,9.08,88.68,10122.0,21.667046,-157.95213,3384.0,21,15,8,227
2017-08-15 22:00:00+00:00,9.79,91.84,10119.0,21.667046,-157.95213,3620.0,22,15,8,227
2017-08-15 23:00:00+00:00,8.95,87.34,10115.0,21.667046,-157.95213,3377.0,23,15,8,227
2017-08-16 00:00:00+00:00,9.62,85.42,10111.0,21.667046,-157.95213,3607.0,0,16,8,228
2017-08-16 01:00:00+00:00,10.01,83.13,10108.0,21.667046,-157.95213,3220.0,1,16,8,228
2017-08-16 02:00:00+00:00,8.95,90.93,10107.0,21.667046,-157.95213,2739.0,2,16,8,228
2017-08-16 03:00:00+00:00,7.06,94.3,10107.0,21.667046,-157.95213,2858.0,3,16,8,228
2017-08-16 04:00:00+00:00,8.5,95.17,10108.0,21.667046,-157.95213,2758.0,4,16,8,228
2017-08-16 05:00:00+00:00,10.3,91.02,10113.0,21.667046,-157.95213,2461.0,5,16,8,228
2017-08-16 06:00:00+00:00,10.2,90.29,10117.0,21.667046,-157.95213,2431.0,6,16,8,228
2017-08-16 07:00:00+00:00,8.03,106.59,10123.0,21.667046,-157.95213,2338.0,7,16,8,228
2017-08-16 08:00:00+00:00,9.96,92.62,10123.0,21.667046,-157.95213,2410.0,8,16,8,228
2017-08-16 09:00:00+00:00,10.61,94.91,10124.0,21.667046,-157.95213,2396.0,9,16,8,228
2017-08-16 10:00:00+00:00,10.69,90.11,10121.0,21.667046,-157.95213,2384.0,10,16,8,228
2017-08-16 11:00:00+00:00,9.59,93.78,10118.0,21.667046,-157.95213,2346.0,11,16,8,228
2017-08-16 12:00:00+00:00,9.5,90.9,10114.0,21.667046,-157.95213,2326.0,12,16,8,228
2017-08-16 13:00:00+00:00,8.43,87.74,10110.0,21.667046,-157.95213,2267.0,13,16,8,228
2017-08-16 14:00:00+00:00,8.77,85.33,10112.0,21.667046,-157.95213,2309.0,14,16,8,228
2017-08-16 15:00:00+00:00,8.63,86.99,10114.0,21.667046,-157.95213,2259.0,15,16,8,228
2017-08-16 16:00:00+00:00,8.75,88.51,10119.0,21.667046,-157.95213,2257.0,16,16,8,228
2017-08-16 17:00:00+00:00,8.7,76.26,10124.0,21.667046,-157.95213,2622.0,17,16,8,228
2017-08-16 18:00:00+00:00,8.25,85.31,10127.0,21.667046,-157.95213,2890.0,18,16,8,228
2017-08-16 19:00:00+00:00,7.81,80.58,10129.0,21.667046,-157.95213,3199.0,19,16,8,228
2017-08-16 20:00:00+00:00,8.28,74.67,10129.0,21.667046,-157.95213,3263.0,20,16,8,228
2017-08-16 21:00:00+00:00,8.4,83.88,10131.0,21.667046,-157.95213,3571.0,21,16,8,228
2017-08-16 22:00:00+00:00,8.45,85.97,10127.0,21.667046,-157.95213,3796.0,22,16,8,228
2017-08-16 23:00:00+00:00,8.54,85.2,10122.0,21.667046,-157.95213,3727.0,23,16,8,228
2017-08-17 00:00:00+00:00,8.35,85.47,10117.0,21.667046,-157.95213,3464.0,0,17,8,229
2017-08-17 01:00:00+00:00,8.48,79.71,10112.0,21.667046,-157.95213,3191.0,1,17,8,229
2017-08-17 02:00:00+00:00,7.84,78.74,10110.0,21.667046,-157.95213,3293.0,2,17,8,229
2017-08-17 03:00:00+00:00,8.87,75.98,10111.0,21.667046,-157.95213,2994.0,3,17,8,229
2017-08-17 04:00:00+00:00,8.68,86.11,10113.0,21.667046,-157.95213,2742.0,4,17,8,229
2017-08-17 05:00:00+00:00,8.97,86.66,10114.0,21.667046,-157.95213,2436.0,5,17,8,229
2017-08-17 06:00:00+00:00,9.64,80.14,10119.0,21.667046,-157.95213,2439.0,6,17,8,229
2017-08-17 07:00:00+00:00,8.78,80.66,10122.0,21.667046,-157.95213,2422.0,7,17,8,229
2017-08-17 08:00:00+00:00,8.75,84.39,10126.0,21.667046,-157.95213,2390.0,8,17,8,229
2017-08-17 09:00:00+00:00,8.29,78.83,10128.0,21.667046,-157.95213,2362.0,9,17,8,229
2017-08-17 10:00:00+00:00,7.96,79.96,10128.0,21.667046,-157.95213,2354.0,10,17,8,229
2017-08-17 11:00:00+00:00,8.22,78.19,10124.0,21.667046,-157.95213,2421.0,11,17,8,229
2017-08-17 12:00:00+00:00,8.21,83.16,10117.0,21.667046,-157.95213,2263.0,12,17,8,229
2017-08-17 13:00:00+00:00,7.88,79.6,10117.0,21.667046,-157.95213,2197.0,13,17,8,229
2017-08-17 14:00:00+00:00,8.31,77.23,10114.0,21.667046,-157.95213,2232.0,14,17,8,229
2017-08-17 15:00:00+00:00,7.85,75.85,10114.0,21.667046,-157.95213,2215.0,15,17,8,229
2017-08-17 16:00:00+00:00,8.48,75.49,10117.0,21.667046,-157.95213,2228.0,16,17,8,229
2017-08-17 17:00:00+00:00,7.92,75.79,10122.0,21.667046,-157.95213,2544.0,17,17,8,229
2017-08-17 18:00:00+00:00,8.08,78.32,10122.0,21.667046,-157.95213,2909.0,18,17,8,229
2017-08-17 19:00:00+00:00,8.09,81.67,10126.0,21.667046,-157.95213,3275.0,19,17,8,229
2017-08-17 20:00:00+00:00,7.97,80.83,10125.0,21.667046,-157.95213,3311.0,20,17,8,229
2017-08-17 21:00:00+00:00,7.98,82.71,10126.0,21.667046,-157.95213,3515.0,21,17,8,229
2017-08-17 22:00:00+00:00,7.73,85.68,10122.0,21.667046,-157.95213,3669.0,22,17,8,229
2017-08-17 23:00:00+00:00,7.97,83.88,10118.0,21.667046,-157.95213,3733.0,23,17,8,229
2017-08-18 00:00:00+00:00,7.73,86.47,10115.0,21.667046,-157.95213,3560.0,0,18,8,230
2017-08-18 01:00:00+00:00,7.64,83.95,10108.0,21.667046,-157.95213,3318.0,1,18,8,230
2017-08-18 02:00:00+00:00,7.97,86.35,10106.0,21.667046,-157.95213,3326.0,2,18,8,230
2017-08-18 03:00:00+00:00,7.73,86.03,10106.0,21.667046,-157.95213,3084.0,3,18,8,230
2017-08-18 04:00:00+00:00,8.07,84.01,10110.0,21.667046,-157.95213,2841.0,4,18,8,230
2017-08-18 05:00:00+00:00,7.44,85.06,10112.0,21.667046,-157.95213,2401.0,5,18,8,230
2017-08-18 06:00:00+00:00,8.08,78.76,10119.0,21.667046,-157.95213,2389.0,6,18,8,230
2017-08-18 07:00:00+00:00,9.11,78.95,10122.0,21.667046,-157.95213,2395.0,7,18,8,230
2017-08-18 08:00:00+00:00,8.84,81.55,10126.0,21.667046,-157.95213,2371.0,8,18,8,230
2017-08-18 09:00:00+00:00,9.24,79.11,10123.0,21.667046,-157.95213,2352.0,9,18,8,230
2017-08-18 10:00:00+00:00,9.37,86.61,10122.0,21.667046,-157.95213,2350.0,10,18,8,230
2017-08-18 11:00:00+00:00,8.65,88.12,10117.0,21.667046,-157.95213,2286.0,11,18,8,230
2017-08-18 12:00:00+00:00,8.37,87.39,10114.0,21.667046,-157.95213,2290.0,12,18,8,230
2017-08-18 13:00:00+00:00,8.8,84.76,10111.0,21.667046,-157.95213,2263.0,13,18,8,230
2017-08-18 14:00:00+00:00,8.42,80.37,10107.0,21.667046,-157.95213,2235.0,14,18,8,230
2017-08-18 15:00:00+00:00,7.82,87.29,10111.0,21.667046,-157.95213,2151.0,15,18,8,230
2017-08-18 16:00:00+00:00,8.31,83.6,10110.0,21.667046,-157.95213,2199.0,16,18,8,230
2017-08-18 17:00:00+00:00,7.98,86.29,10113.0,21.667046,-157.95213,2538.0,17,18,8,230
2017-08-18 18:00:00+00:00,7.92,90.09,10115.0,21.667046,-157.95213,2977.0,18,18,8,230
2017-08-18 19:00:00+00:00,7.87,91.91,10118.0,21.667046,-157.95213,3261.0,19,18,8,230
2017-08-18 20:00:00+00:00,8.07,93.4,10121.0,21.667046,-157.95213,3536.0,20,18,8,230
2017-08-18 21:00:00+00:00,7.91,93.57,10118.0,21.667046,-157.95213,3714.0,21,18,8,230
2017-08-18 22:00:00+00:00,7.39,91.33,10116.0,21.667046,-157.95213,3688.0,22,18,8,230
2017-08-18 23:00:00+00:00,7.57,85.31,10111.0,21.667046,-157.95213,3722.0,23,18,8,230
2017-08-19 00:00:00+00:00,7.33,80.57,10107.0,21.667046,-157.95213,3763.0,0,19,8,231
2017-08-19 01:00:00+00:00,7.34,80.74,10102.0,21.667046,-157.95213,3638.0,1,19,8,231
2017-08-19 02:00:00+00:00,7.01,76.42,10098.0,21.667046,-157.95213,3385.0,2,19,8,231
2017-08-19 03:00:00+00:00,8.84,79.87,10097.0,21.667046,-157.95213,3092.0,3,19,8,231
2017-08-19 04:00:00+00:00,7.76,87.64,10101.0,21.667046,-157.95213,2805.0,4,19,8,231
2017-08-19 05:00:00+00:00,7.16,69.79,10103.0,21.667046,-157.95213,2380.0,5,19,8,231
2017-08-19 06:00:00+00:00,9.23,103.01,10109.0,21.667046,-157.95213,2417.0,6,19,8,231
2017-08-19 07:00:00+00:00,8.68,88.1,10114.0,21.667046,-157.95213,2406.0,7,19,8,231
2017-08-19 08:00:00+00:00,8.07,93.6,10118.0,21.667046,-157.95213,2459.0,8,19,8,231
2017-08-19 09:00:00+00:00,8.91,89.67,10119.0,21.667046,-157.95213,2364.0,9,19,8,231
2017-08-19 10:00:00+00:00,8.4,98.7,10116.0,21.667046,-157.95213,2342.0,10,19,8,231
2017-08-19 11:00:00+00:00,7.99,88.8,10109.0,21.667046,-157.95213,2327.0,11,19,8,231
2017-08-19 12:00:00+00:00,7.02,93.81,10105.0,21.667046,-157.95213,2181.0,12,19,8,231
2017-08-19 13:00:00+00:00,6.8,98.81,10098.0,21.667046,-157.95213,2162.0,13,19,8,231
2017-08-19 14:00:00+00:00,6.9,107.47,10098.0,21.667046,-157.95213,2160.0,14,19,8,231
2017-08-19 15:00:00+00:00,6.79,104.14,10102.0,21.667046,-157.95213,2057.0,15,19,8,231
2017-08-19 16:00:00+00:00,6.3,101.73,10103.0,21.667046,-157.95213,1908.0,16,19,8,231
2017-08-19 17:00:00+00:00,6.12,99.46,10107.0,21.667046,-157.95213,2619.0,17,19,8,231
2017-08-19 18:00:00+00:00,6.2,95.16,10109.0,21.667046,-157.95213,3016.0,18,19,8,231
2017-08-19 19:00:00+00:00,6.48,93.68,10113.0,21.667046,-157.95213,3316.0,19,19,8,231
2017-08-19 20:00:00+00:00,6.27,98.58,10111.0,21.667046,-157.95213,3509.0,20,19,8,231
2017-08-19 21:00:00+00:00,6.66,94.25,10111.0,21.667046,-157.95213,3732.0,21,19,8,231
2017-08-19 22:00:00+00:00,6.68,94.25,10108.0,21.667046,-157.95213,3727.0,22,19,8,231
2017-08-19 23:00:00+00:00,7.26,92.14,10104.0,21.667046,-157.95213,3815.0,23,19,8,231
2017-08-20 00:00:00+00:00,7.52,89.68,10102.0,21.667046,-157.95213,3545.0,0,20,8,232
2017-08-20 01:00:00+00:00,8.92,101.76,10098.0,21.667046,-157.95213,3299.0,1,20,8,232
2017-08-20 02:00:00+00:00,7.66,90.44,10095.0,21.667046,-157.95213,3327.0,2,20,8,232
2017-08-20 03:00:00+00:00,7.4,90.2,10097.0,21.667046,-157.95213,3015.0,3,20,8,232
2017-08-20 04:00:00+00:00,7.3,94.42,10101.0,21.667046,-157.95213,2840.0,4,20,8,232
2017-08-20 05:00:00+00:00,6.97,93.38,10107.0,21.667046,-157.95213,2492.0,5,20,8,232
2017-08-20 06:00:00+00:00,7.57,99.9,10114.0,21.667046,-157.95213,2488.0,6,20,8,232
2017-08-20 07:00:00+00:00,6.68,104.73,10119.0,21.667046,-157.95213,2331.0,7,20,8,232
2017-08-20 08:00:00+00:00,8.04,96.96,10123.0,21.667046,-157.95213,2319.0,8,20,8,232
2017-08-20 09:00:00+00:00,6.99,90.61,10125.0,21.667046,-157.95213,2320.0,9,20,8,232
2017-08-20 10:00:00+00:00,7.95,98.08,10124.0,21.667046,-157.95213,2271.0,10,20,8,232
2017-08-20 11:00:00+00:00,6.61,91.62,10119.0,21.667046,-157.95213,2285.0,11,20,8,232
2017-08-20 12:00:00+00:00,9.98,79.14,10111.0,21.667046,-157.95213,2343.0,12,20,8,232
2017-08-20 13:00:00+00:00,7.88,108.36,10107.0,21.667046,-157.95213,2232.0,13,20,8,232
2017-08-20 14:00:00+00:00,7.78,99.32,10104.0,21.667046,-157.95213,2279.0,14,20,8,232
2017-08-20 15:00:00+00:00,7.11,94.22,10106.0,21.667046,-157.95213,2150.0,15,20,8,232
2017-08-20 16:00:00+00:00,7.61,103.69,10110.0,21.667046,-157.95213,2141.0,16,20,8,232
2017-08-20 17:00:00+00:00,7.47,105.14,10115.0,21.667046,-157.95213,2487.0,17,20,8,232
2017-08-20 18:00:00+00:00,7.88,102.2,10117.0,21.667046,-157.95213,2858.0,18,20,8,232
2017-08-20 19:00:00+00:00,7.81,104.47,10120.0,21.667046,-157.95213,3286.0,19,20,8,232
2017-08-20 20:00:00+00:00,7.88,104.99,10119.0,21.667046,-157.95213,3495.0,20,20,8,232
2017-08-20 21:00:00+00:00,7.95,87.15,10119.0,21.667046,-157.95213,3393.0,21,20,8,232
2017-08-20 22:00:00+00:00,7.38,89.41,10116.0,21.667046,-157.95213,3518.0,22,20,8,232
2017-08-20 23:00:00+00:00,7.17,87.83,10113.0,21.667046,-157.95213,3505.0,23,20,8,232
2017-08-21 00:00:00+00:00,7.58,91.55,10110.0,21.667046,-157.95213,3688.0,0,21,8,233
2017-08-21 01:00:00+00:00,8.06,83.9,10107.0,21.667046,-157.95213,3209.0,1,21,8,233
2017-08-21 02:00:00+00:00,7.19,78.19,10104.0,21.667046,-157.95213,3309.0,2,21,8,233
2017-08-21 03:00:00+00:00,8.44,79.52,10106.0,21.667046,-157.95213,3016.0,3,21,8,233
2017-08-21 04:00:00+00:00,8.12,82.8,10112.0,21.667046,-157.95213,2842.0,4,21,8,233
2017-08-21 05:00:00+00:00,7.31,86.13,10116.0,21.667046,-157.95213,2497.0,5,21,8,233
2017-08-21 06:00:00+00:00,7.38,85.12,10120.0,21.667046,-157.95213,2471.0,6,21,8,233
2017-08-21 07:00:00+00:00,7.05,81.53,10125.0,21.667046,-157.95213,2450.0,7,21,8,233
2017-08-21 08:00:00+00:00,7.47,101.96,10127.0,21.667046,-157.95213,2550.0,8,21,8,233
2017-08-21 09:00:00+00:00,8.16,100.97,10127.0,21.667046,-157.95213,2501.0,9,21,8,233
2017-08-21 10:00:00+00:00,7.75,107.99,10124.0,21.667046,-157.95213,2427.0,10,21,8,233
2017-08-21 11:00:00+00:00,9.21,109.7,10121.0,21.667046,-157.95213,2459.0,11,21,8,233
2017-08-21 12:00:00+00:00,9.0,111.2,10115.0,21.667046,-157.95213,2473.0,12,21,8,233
2017-08-21 13:00:00+00:00,8.58,117.38,10111.0,21.667046,-157.95213,2497.0,13,21,8,233
2017-08-21 14:00:00+00:00,8.52,105.33,10110.0,21.667046,-157.95213,2404.0,14,21,8,233
2017-08-21 15:00:00+00:00,8.15,115.5,10114.0,21.667046,-157.95213,2437.0,15,21,8,233
2017-08-21 16:00:00+00:00,7.98,113.12,10118.0,21.667046,-157.95213,2363.0,16,21,8,233
2017-08-21 17:00:00+00:00,6.56,112.84,10121.0,21.667046,-157.95213,2692.0,17,21,8,233
2017-08-21 18:00:00+00:00,8.55,102.11,10125.0,21.667046,-157.95213,2975.0,18,21,8,233
2017-08-21 19:00:00+00:00,8.09,104.99,10128.0,21.667046,-157.95213,3255.0,19,21,8,233
2017-08-21 20:00:00+00:00,8.07,101.13,10129.0,21.667046,-157.95213,3191.0,20,21,8,233
2017-08-21 21:00:00+00:00,7.08,97.11,10130.0,21.667046,-157.95213,3286.0,21,21,8,233
2017-08-21 22:00:00+00:00,7.57,100.84,10125.0,21.667046,-157.95213,3853.0,22,21,8,233
2017-08-21 23:00:00+00:00,7.39,92.68,10124.0,21.667046,-157.95213,3520.0,23,21,8,233
2017-08-22 00:00:00+00:00,7.94,93.3,10120.0,21.667046,-157.95213,3553.0,0,22,8,234
2017-08-22 01:00:00+00:00,7.75,88.98,10114.0,21.667046,-157.95213,3468.0,1,22,8,234
2017-08-22 02:00:00+00:00,8.18,86.48,10113.0,21.667046,-157.95213,3283.0,2,22,8,234
2017-08-22 03:00:00+00:00,8.77,86.51,10111.0,21.667046,-157.95213,3075.0,3,22,8,234
2017-08-22 04:00:00+00:00,8.61,92.11,10112.0,21.667046,-157.95213,2804.0,4,22,8,234
2017-08-22 05:00:00+00:00,8.38,94.92,10116.0,21.667046,-157.95213,2498.0,5,22,8,234
2017-08-22 06:00:00+00:00,8.2,95.53,10119.0,21.667046,-157.95213,2464.0,6,22,8,234
2017-08-22 07:00:00+00:00,9.24,98.28,10125.0,21.667046,-157.95213,2465.0,7,22,8,234
2017-08-22 08:00:00+00:00,8.8,106.41,10128.0,21.667046,-157.95213,2450.0,8,22,8,234
2017-08-22 09:00:00+00:00,8.14,101.21,10128.0,21.667046,-157.95213,2418.0,9,22,8,234
2017-08-22 10:00:00+00:00,8.05,98.59,10126.0,21.667046,-157.95213,2409.0,10,22,8,234
2017-08-22 11:00:00+00:00,8.55,94.05,10121.0,21.667046,-157.95213,2417.0,11,22,8,234
2017-08-22 12:00:00+00:00,8.05,101.95,10117.0,21.667046,-157.95213,2385.0,12,22,8,234
2017-08-22 13:00:00+00:00,7.94,100.83,10115.0,21.667046,-157.95213,2385.0,13,22,8,234
2017-08-22 14:00:00+00:00,9.05,97.63,10116.0,21.667046,-157.95213,2401.0,14,22,8,234
2017-08-22 15:00:00+00:00,8.92,101.06,10117.0,21.667046,-157.95213,2437.0,15,22,8,234
2017-08-22 16:00:00+00:00,8.79,101.41,10121.0,21.667046,-157.95213,2424.0,16,22,8,234
2017-08-22 17:00:00+00:00,8.85,93.64,10124.0,21.667046,-157.95213,2700.0,17,22,8,234
2017-08-22 18:00:00+00:00,7.81,96.14,10127.0,21.667046,-157.95213,3003.0,18,22,8,234
2017-08-22 19:00:00+00:00,8.18,94.49,10135.0,21.667046,-157.95213,3267.0,19,22,8,234
2017-08-22 20:00:00+00:00,8.44,97.67,10132.0,21.667046,-157.95213,3166.0,20,22,8,234
2017-08-22 21:00:00+00:00,8.0,92.41,10134.0,21.667046,-157.95213,3405.0,21,22,8,234
2017-08-22 22:00:00+00:00,8.94,97.43,10128.0,21.667046,-157.95213,3314.0,22,22,8,234
2017-08-22 23:00:00+00:00,10.23,98.24,10127.0,21.667046,-157.95213,3384.0,23,22,8,234
2017-08-23 00:00:00+00:00,9.56,97.38,10124.0,21.667046,-157.95213,3452.0,0,23,8,235
2017-08-23 01:00:00+00:00,9.98,95.69,10123.0,21.667046,-157.95213,3123.0,1,23,8,235
2017-08-23 02:00:00+00:00,9.99,95.46,10120.0,21.667046,-157.95213,2966.0,2,23,8,235
2017-08-23 03:00:00+00:00,9.56,91.35,10120.0,21.667046,-157.95213,2883.0,3,23,8,235
2017-08-23 04:00:00+00:00,8.74,101.38,10121.0,21.667046,-157.95213,2806.0,4,23,8,235
2017-08-23 05:00:00+00:00,9.88,85.18,10123.0,21.667046,-157.95213,2532.0,5,23,8,235
2017-08-23 06:00:00+00:00,9.63,93.07,10129.0,21.667046,-157.95213,2587.0,6,23,8,235
2017-08-23 07:00:00+00:00,10.33,89.09,10132.0,21.667046,-157.95213,2470.0,7,23,8,235
2017-08-23 08:00:00+00:00,10.56,96.89,10137.0,21.667046,-157.95213,2442.0,8,23,8,235
2017-08-23 09:00:00+00:00,10.65,98.65,10136.0,21.667046,-157.95213,2446.0,9,23,8,235
2017-08-23 10:00:00+00:00,10.54,97.94,10135.0,21.667046,-157.95213,2444.0,10,23,8,235
2017-08-23 11:00:00+00:00,10.29,96.41,10132.0,21.667046,-157.95213,2443.0,11,23,8,235
2017-08-23 12:00:00+00:00,9.55,95.07,10126.0,21.667046,-157.95213,2489.0,12,23,8,235
2017-08-23 13:00:00+00:00,9.59,91.93,10122.0,21.667046,-157.95213,2400.0,13,23,8,235
2017-08-23 14:00:00+00:00,10.11,99.06,10121.0,21.667046,-157.95213,2395.0,14,23,8,235
2017-08-23 15:00:00+00:00,11.08,84.84,10119.0,21.667046,-157.95213,2393.0,15,23,8,235
2017-08-23 16:00:00+00:00,10.17,97.07,10125.0,21.667046,-157.95213,2491.0,16,23,8,235
2017-08-23 17:00:00+00:00,10.16,91.05,10130.0,21.667046,-157.95213,2656.0,17,23,8,235
2017-08-23 18:00:00+00:00,9.97,94.52,10136.0,21.667046,-157.95213,2980.0,18,23,8,235
2017-08-23 19:00:00+00:00,9.65,96.03,10140.0,21.667046,-157.95213,3162.0,19,23,8,235
2017-08-23 20:00:00+00:00,9.91,90.05,10139.0,21.667046,-157.95213,3348.0,20,23,8,235
2017-08-23 21:00:00+00:00,10.07,101.3,10142.0,21.667046,-157.95213,3224.0,21,23,8,235
2017-08-23 22:00:00+00:00,11.85,89.31,10140.0,21.667046,-157.95213,2828.0,22,23,8,235
2017-08-23 23:00:00+00:00,11.22,92.8,10133.0,21.667046,-157.95213,3282.0,23,23,8,235
2017-08-24 00:00:00+00:00,10.72,91.91,10132.0,21.667046,-157.95213,3368.0,0,24,8,236
2017-08-24 01:00:00+00:00,10.0,91.73,10125.0,21.667046,-157.95213,3255.0,1,24,8,236
2017-08-24 02:00:00+00:00,11.46,85.4,10124.0,21.667046,-157.95213,3018.0,2,24,8,236
2017-08-24 03:00:00+00:00,11.72,88.77,10122.0,21.667046,-157.95213,2855.0,3,24,8,236
2017-08-24 04:00:00+00:00,11.23,90.4,10124.0,21.667046,-157.95213,2662.0,4,24,8,236
2017-08-24 05:00:00+00:00,12.05,90.41,10128.0,21.667046,-157.95213,2487.0,5,24,8,236
2017-08-24 06:00:00+00:00,11.5,91.89,10135.0,21.667046,-157.95213,2493.0,6,24,8,236
2017-08-24 07:00:00+00:00,11.59,95.9,10140.0,21.667046,-157.95213,2495.0,7,24,8,236
2017-08-24 08:00:00+00:00,12.02,94.89,10141.0,21.667046,-157.95213,2489.0,8,24,8,236
2017-08-24 09:00:00+00:00,12.31,89.19,10141.0,21.667046,-157.95213,2449.0,9,24,8,236
2017-08-24 10:00:00+00:00,11.24,88.95,10138.0,21.667046,-157.95213,2452.0,10,24,8,236
2017-08-24 11:00:00+00:00,12.11,95.49,10131.0,21.667046,-157.95213,2412.0,11,24,8,236
2017-08-24 12:00:00+00:00,15.22,99.84,10129.0,21.667046,-157.95213,2343.0,12,24,8,236
2017-08-24 13:00:00+00:00,11.87,84.71,10124.0,21.667046,-157.95213,2526.0,13,24,8,236
2017-08-24 14:00:00+00:00,11.68,85.51,10124.0,21.667046,-157.95213,2422.0,14,24,8,236
2017-08-24 15:00:00+00:00,11.82,84.71,10123.0,21.667046,-157.95213,2387.0,15,24,8,236
2017-08-24 16:00:00+00:00,11.91,89.02,10129.0,21.667046,-157.95213,2394.0,16,24,8,236
2017-08-24 17:00:00+00:00,12.08,88.87,10133.0,21.667046,-157.95213,2622.0,17,24,8,236
2017-08-24 18:00:00+00:00,10.74,93.95,10135.0,21.667046,-157.95213,2928.0,18,24,8,236
2017-08-24 19:00:00+00:00,10.97,86.05,10139.0,21.667046,-157.95213,3152.0,19,24,8,236
2017-08-24 20:00:00+00:00,11.87,85.03,10140.0,21.667046,-157.95213,3134.0,20,24,8,236
2017-08-24 21:00:00+00:00,11.5,90.9,10140.0,21.667046,-157.95213,3215.0,21,24,8,236
2017-08-24 22:00:00+00:00,8.9,100.88,10137.0,21.667046,-157.95213,2687.0,22,24,8,236
2017-08-24 23:00:00+00:00,9.44,94.66,10129.0,21.667046,-157.95213,3386.0,23,24,8,236
2017-08-25 00:00:00+00:00,8.98,81.42,10126.0,21.667046,-157.95213,3308.0,0,25,8,237
2017-08-25 01:00:00+00:00,11.19,87.99,10119.0,21.667046,-157.95213,3469.0,1,25,8,237
2017-08-25 02:00:00+00:00,11.69,84.6,10118.0,21.667046,-157.95213,3097.0,2,25,8,237
2017-08-25 03:00:00+00:00,11.5,84.17,10116.0,21.667046,-157.95213,2909.0,3,25,8,237
2017-08-25 04:00:00+00:00,11.05,86.67,10118.0,21.667046,-157.95213,2735.0,4,25,8,237
2017-08-25 05:00:00+00:00,12.33,86.5,10124.0,21.667046,-157.95213,2474.0,5,25,8,237
2017-08-25 06:00:00+00:00,11.35,90.91,10129.0,21.667046,-157.95213,2454.0,6,25,8,237
2017-08-25 07:00:00+00:00,11.32,92.48,10134.0,21.667046,-157.95213,2435.0,7,25,8,237
2017-08-25 08:00:00+00:00,11.68,91.58,10135.0,21.667046,-157.95213,2408.0,8,25,8,237
2017-08-25 09:00:00+00:00,10.21,87.45,10134.0,21.667046,-157.95213,2460.0,9,25,8,237
2017-08-25 10:00:00+00:00,10.73,87.18,10132.0,21.667046,-157.95213,2411.0,10,25,8,237
2017-08-25 11:00:00+00:00,9.57,85.05,10127.0,21.667046,-157.95213,2367.0,11,25,8,237
2017-08-25 12:00:00+00:00,9.06,80.61,10124.0,21.667046,-157.95213,2369.0,12,25,8,237
2017-08-25 13:00:00+00:00,9.83,80.86,10119.0,21.667046,-157.95213,2396.0,13,25,8,237
2017-08-25 14:00:00+00:00,9.72,79.34,10118.0,21.667046,-157.95213,2486.0,14,25,8,237
2017-08-25 15:00:00+00:00,10.28,78.46,10115.0,21.667046,-157.95213,2463.0,15,25,8,237
2017-08-25 16:00:00+00:00,10.18,75.99,10115.0,21.667046,-157.95213,2368.0,16,25,8,237
2017-08-25 17:00:00+00:00,10.28,74.51,10119.0,21.667046,-157.95213,2655.0,17,25,8,237
2017-08-25 18:00:00+00:00,9.18,81.16,10124.0,21.667046,-157.95213,2984.0,18,25,8,237
2017-08-25 19:00:00+00:00,9.47,77.43,10126.0,21.667046,-157.95213,2984.0,19,25,8,237
2017-08-25 20:00:00+00:00,10.51,78.68,10124.0,21.667046,-157.95213,3208.0,20,25,8,237
2017-08-25 21:00:00+00:00,9.41,81.55,10126.0,21.667046,-157.95213,3530.0,21,25,8,237
2017-08-25 22:00:00+00:00,9.68,85.06,10122.0,21.667046,-157.95213,3513.0,22,25,8,237
2017-08-25 23:00:00+00:00,9.34,85.55,10115.0,21.667046,-157.95213,3442.0,23,25,8,237
2017-08-26 00:00:00+00:00,9.55,83.55,10112.0,21.667046,-157.95213,3599.0,0,26,8,238
2017-08-26 01:00:00+00:00,9.68,83.53,10108.0,21.667046,-157.95213,3467.0,1,26,8,238
2017-08-26 02:00:00+00:00,9.55,87.74,10104.0,21.667046,-157.95213,3209.0,2,26,8,238
2017-08-26 03:00:00+00:00,9.1,85.23,10106.0,21.667046,-157.95213,3068.0,3,26,8,238
2017-08-26 04:00:00+00:00,9.83,84.06,10106.0,21.667046,-157.95213,2774.0,4,26,8,238
2017-08-26 05:00:00+00:00,10.22,86.77,10111.0,21.667046,-157.95213,2447.0,5,26,8,238
2017-08-26 06:00:00+00:00,10.06,85.38,10115.0,21.667046,-157.95213,2415.0,6,26,8,238
2017-08-26 07:00:00+00:00,9.64,86.26,10116.0,21.667046,-157.95213,2399.0,7,26,8,238
2017-08-26 08:00:00+00:00,9.82,83.81,10120.0,21.667046,-157.95213,2393.0,8,26,8,238
2017-08-26 09:00:00+00:00,9.77,83.97,10121.0,21.667046,-157.95213,2407.0,9,26,8,238
2017-08-26 10:00:00+00:00,9.99,85.27,10120.0,21.667046,-157.95213,2387.0,10,26,8,238
2017-08-26 11:00:00+00:00,9.12,76.73,10114.0,21.667046,-157.95213,2363.0,11,26,8,238
2017-08-26 12:00:00+00:00,9.73,79.92,10108.0,21.667046,-157.95213,2364.0,12,26,8,238
2017-08-26 13:00:00+00:00,8.61,83.83,10104.0,21.667046,-157.95213,2303.0,13,26,8,238
2017-08-26 14:00:00+00:00,8.95,80.22,10104.0,21.667046,-157.95213,2303.0,14,26,8,238
2017-08-26 15:00:00+00:00,8.48,81.28,10108.0,21.667046,-157.95213,2305.0,15,26,8,238
2017-08-26 16:00:00+00:00,8.75,85.11,10111.0,21.667046,-157.95213,2318.0,16,26,8,238
2017-08-26 17:00:00+00:00,8.48,86.67,10116.0,21.667046,-157.95213,2616.0,17,26,8,238
2017-08-26 18:00:00+00:00,7.97,92.36,10120.0,21.667046,-157.95213,2977.0,18,26,8,238
2017-08-26 19:00:00+00:00,7.94,89.13,10123.0,21.667046,-157.95213,3149.0,19,26,8,238
2017-08-26 20:00:00+00:00,7.75,94.45,10123.0,21.667046,-157.95213,3487.0,20,26,8,238
2017-08-26 21:00:00+00:00,7.91,96.75,10122.0,21.667046,-157.95213,3495.0,21,26,8,238
2017-08-26 22:00:00+00:00,7.69,91.96,10117.0,21.667046,-157.95213,3809.0,22,26,8,238
2017-08-26 23:00:00+00:00,7.67,92.6,10112.0,21.667046,-157.95213,3807.0,23,26,8,238
2017-08-27 00:00:00+00:00,8.01,89.33,10108.0,21.667046,-157.95213,3754.0,0,27,8,239
2017-08-27 01:00:00+00:00,8.06,87.88,10104.0,21.667046,-157.95213,3552.0,1,27,8,239
2017-08-27 02:00:00+00:00,7.74,85.65,10103.0,21.667046,-157.95213,3250.0,2,27,8,239
2017-08-27 03:00:00+00:00,7.72,80.57,10104.0,21.667046,-157.95213,3037.0,3,27,8,239
2017-08-27 04:00:00+00:00,8.36,79.83,10106.0,21.667046,-157.95213,2793.0,4,27,8,239
2017-08-27 05:00:00+00:00,8.51,83.75,10110.0,21.667046,-157.95213,2426.0,5,27,8,239
2017-08-27 06:00:00+00:00,9.32,86.18,10116.0,21.667046,-157.95213,2451.0,6,27,8,239
2017-08-27 07:00:00+00:00,9.41,88.06,10121.0,21.667046,-157.95213,2389.0,7,27,8,239
2017-08-27 08:00:00+00:00,9.78,87.91,10124.0,21.667046,-157.95213,2392.0,8,27,8,239
2017-08-27 09:00:00+00:00,10.02,90.02,10125.0,21.667046,-157.95213,2378.0,9,27,8,239
2017-08-27 10:00:00+00:00,9.43,93.68,10123.0,21.667046,-157.95213,2354.0,10,27,8,239
2017-08-27 11:00:00+00:00,8.74,91.22,10121.0,21.667046,-157.95213,2333.0,11,27,8,239
2017-08-27 12:00:00+00:00,8.42,90.25,10117.0,21.667046,-157.95213,2277.0,12,27,8,239
2017-08-27 13:00:00+00:00,8.57,89.52,10115.0,21.667046,-157.95213,2270.0,13,27,8,239
2017-08-27 14:00:00+00:00,8.15,90.13,10115.0,21.667046,-157.95213,2225.0,14,27,8,239
2017-08-27 15:00:00+00:00,8.49,87.88,10120.0,21.667046,-157.95213,2228.0,15,27,8,239
2017-08-27 16:00:00+00:00,8.44,84.79,10124.0,21.667046,-157.95213,2295.0,16,27,8,239
2017-08-27 17:00:00+00:00,7.98,87.82,10126.0,21.667046,-157.95213,2602.0,17,27,8,239
2017-08-27 18:00:00+00:00,8.27,88.59,10129.0,21.667046,-157.95213,2920.0,18,27,8,239
2017-08-27 19:00:00+00:00,8.47,88.45,10128.0,21.667046,-157.95213,3173.0,19,27,8,239
2017-08-27 20:00:00+00:00,8.07,90.45,10130.0,21.667046,-157.95213,3444.0,20,27,8,239
2017-08-27 21:00:00+00:00,8.32,84.69,10129.0,21.667046,-157.95213,3097.0,21,27,8,239
2017-08-27 22:00:00+00:00,7.82,82.53,10128.0,21.667046,-157.95213,3650.0,22,27,8,239
2017-08-27 23:00:00+00:00,7.25,86.25,10122.0,21.667046,-157.95213,3765.0,23,27,8,239
2017-08-28 00:00:00+00:00,7.74,86.18,10121.0,21.667046,-157.95213,3467.0,0,28,8,240
2017-08-28 01:00:00+00:00,7.48,88.29,10115.0,21.667046,-157.95213,3432.0,1,28,8,240
2017-08-28 02:00:00+00:00,6.81,90.79,10115.0,21.667046,-157.95213,3305.0,2,28,8,240
2017-08-28 03:00:00+00:00,7.64,87.07,10117.0,21.667046,-157.95213,3062.0,3,28,8,240
2017-08-28 04:00:00+00:00,7.54,89.47,10121.0,21.667046,-157.95213,2777.0,4,28,8,240
2017-08-28 05:00:00+00:00,8.67,85.34,10126.0,21.667046,-157.95213,2431.0,5,28,8,240
2017-08-28 06:00:00+00:00,8.5,94.44,10132.0,21.667046,-157.95213,2455.0,6,28,8,240
2017-08-28 07:00:00+00:00,7.42,85.1,10133.0,21.667046,-157.95213,2336.0,7,28,8,240
2017-08-28 08:00:00+00:00,7.94,89.45,10137.0,21.667046,-157.95213,2551.0,8,28,8,240
2017-08-28 09:00:00+00:00,7.86,92.54,10136.0,21.667046,-157.95213,2324.0,9,28,8,240
2017-08-28 10:00:00+00:00,5.43,81.26,10135.0,21.667046,-157.95213,2056.0,10,28,8,240
2017-08-28 11:00:00+00:00,6.99,88.9,10132.0,21.667046,-157.95213,2138.0,11,28,8,240
2017-08-28 12:00:00+00:00,6.26,84.09,10127.0,21.667046,-157.95213,2196.0,12,28,8,240
2017-08-28 13:00:00+00:00,5.16,86.73,10122.0,21.667046,-157.95213,2018.0,13,28,8,240
2017-08-28 14:00:00+00:00,5.24,82.59,10122.0,21.667046,-157.95213,2295.0,14,28,8,240
2017-08-28 15:00:00+00:00,5.93,73.54,10122.0,21.667046,-157.95213,2115.0,15,28,8,240
2017-08-28 16:00:00+00:00,6.0,66.79,10125.0,21.667046,-157.95213,2351.0,16,28,8,240
2017-08-28 17:00:00+00:00,5.43,64.84,10129.0,21.667046,-157.95213,2643.0,17,28,8,240
2017-08-28 18:00:00+00:00,5.64,48.76,10134.0,21.667046,-157.95213,2745.0,18,28,8,240
2017-08-28 19:00:00+00:00,5.9,50.13,10133.0,21.667046,-157.95213,2921.0,19,28,8,240
2017-08-28 20:00:00+00:00,4.98,67.08,10136.0,21.667046,-157.95213,3083.0,20,28,8,240
2017-08-28 21:00:00+00:00,5.48,92.87,10135.0,21.667046,-157.95213,3274.0,21,28,8,240
2017-08-28 22:00:00+00:00,4.86,90.65,10127.0,21.667046,-157.95213,3874.0,22,28,8,240
2017-08-28 23:00:00+00:00,4.48,72.14,10124.0,21.667046,-157.95213,3528.0,23,28,8,240
2017-08-29 00:00:00+00:00,4.5,85.5,10117.0,21.667046,-157.95213,3072.0,0,29,8,241
2017-08-29 01:00:00+00:00,5.79,91.66,10115.0,21.667046,-157.95213,3484.0,1,29,8,241
2017-08-29 02:00:00+00:00,6.79,93.29,10112.0,21.667046,-157.95213,3095.0,2,29,8,241
2017-08-29 03:00:00+00:00,7.0,92.33,10114.0,21.667046,-157.95213,3035.0,3,29,8,241
2017-08-29 04:00:00+00:00,7.65,93.05,10115.0,21.667046,-157.95213,2729.0,4,29,8,241
2017-08-29 05:00:00+00:00,7.92,100.55,10120.0,21.667046,-157.95213,2582.0,5,29,8,241
2017-08-29 06:00:00+00:00,8.24,96.35,10129.0,21.667046,-157.95213,2501.0,6,29,8,241
2017-08-29 07:00:00+00:00,9.22,101.68,10132.0,21.667046,-157.95213,2551.0,7,29,8,241
2017-08-29 08:00:00+00:00,8.74,99.91,10134.0,21.667046,-157.95213,2552.0,8,29,8,241
2017-08-29 09:00:00+00:00,9.23,102.91,10133.0,21.667046,-157.95213,2524.0,9,29,8,241
2017-08-29 10:00:00+00:00,8.57,100.28,10130.0,21.667046,-157.95213,2530.0,10,29,8,241
2017-08-29 11:00:00+00:00,7.49,103.43,10127.0,21.667046,-157.95213,2465.0,11,29,8,241
2017-08-29 12:00:00+00:00,8.0,111.82,10123.0,21.667046,-157.95213,2457.0,12,29,8,241
2017-08-29 13:00:00+00:00,6.82,100.42,10120.0,21.667046,-157.95213,2450.0,13,29,8,241
2017-08-29 14:00:00+00:00,8.08,108.19,10119.0,21.667046,-157.95213,2420.0,14,29,8,241
2017-08-29 15:00:00+00:00,7.81,106.39,10117.0,21.667046,-157.95213,2373.0,15,29,8,241
2017-08-29 16:00:00+00:00,7.99,106.25,10121.0,21.667046,-157.95213,2385.0,16,29,8,241
2017-08-29 17:00:00+00:00,7.9,109.36,10124.0,21.667046,-157.95213,2672.0,17,29,8,241
2017-08-29 18:00:00+00:00,7.79,111.58,10131.0,21.667046,-157.95213,2998.0,18,29,8,241
2017-08-29 19:00:00+00:00,8.08,110.72,10134.0,21.667046,-157.95213,3195.0,19,29,8,241
2017-08-29 20:00:00+00:00,7.68,101.29,10134.0,21.667046,-157.95213,3311.0,20,29,8,241
2017-08-29 21:00:00+00:00,6.5,98.3,10137.0,21.667046,-157.95213,3399.0,21,29,8,241
2017-08-29 22:00:00+00:00,7.11,100.27,10133.0,21.667046,-157.95213,3328.0,22,29,8,241
2017-08-29 23:00:00+00:00,8.37,95.05,10127.0,21.667046,-157.95213,3527.0,23,29,8,241
2017-08-30 00:00:00+00:00,8.9,97.5,10119.0,21.667046,-157.95213,3423.0,0,30,8,242
2017-08-30 01:00:00+00:00,8.75,97.36,10117.0,21.667046,-157.95213,3419.0,1,30,8,242
2017-08-30 02:00:00+00:00,8.73,98.46,10112.0,21.667046,-157.95213,3250.0,2,30,8,242
2017-08-30 03:00:00+00:00,8.71,98.53,10116.0,21.667046,-157.95213,2754.0,3,30,8,242
2017-08-30 04:00:00+00:00,9.18,96.82,10118.0,21.667046,-157.95213,2797.0,4,30,8,242
2017-08-30 05:00:00+00:00,9.95,97.55,10124.0,21.667046,-157.95213,2620.0,5,30,8,242
2017-08-30 06:00:00+00:00,9.81,104.2,10128.0,21.667046,-157.95213,2565.0,6,30,8,242
2017-08-30 07:00:00+00:00,9.56,106.53,10134.0,21.667046,-157.95213,2503.0,7,30,8,242
2017-08-30 08:00:00+00:00,10.32,109.52,10138.0,21.667046,-157.95213,2482.0,8,30,8,242
2017-08-30 09:00:00+00:00,9.03,106.72,10134.0,21.667046,-157.95213,2437.0,9,30,8,242
2017-08-30 10:00:00+00:00,8.47,110.45,10130.0,21.667046,-157.95213,2430.0,10,30,8,242
2017-08-30 11:00:00+00:00,8.81,109.04,10124.0,21.667046,-157.95213,2402.0,11,30,8,242
2017-08-30 12:00:00+00:00,8.54,108.33,10119.0,21.667046,-157.95213,2396.0,12,30,8,242
2017-08-30 13:00:00+00:00,7.48,112.54,10117.0,21.667046,-157.95213,2323.0,13,30,8,242
2017-08-30 14:00:00+00:00,7.84,109.7,10116.0,21.667046,-157.95213,2317.0,14,30,8,242
2017-08-30 15:00:00+00:00,7.59,109.11,10120.0,21.667046,-157.95213,2296.0,15,30,8,242
2017-08-30 16:00:00+00:00,7.92,105.55,10122.0,21.667046,-157.95213,2467.0,16,30,8,242
2017-08-30 17:00:00+00:00,8.61,117.38,10128.0,21.667046,-157.95213,2666.0,17,30,8,242
2017-08-30 18:00:00+00:00,9.03,115.02,10132.0,21.667046,-157.95213,2978.0,18,30,8,242
2017-08-30 19:00:00+00:00,8.82,113.02,10136.0,21.667046,-157.95213,3285.0,19,30,8,242
2017-08-30 20:00:00+00:00,9.02,108.22,10137.0,21.667046,-157.95213,3468.0,20,30,8,242
2017-08-30 21:00:00+00:00,8.56,104.21,10137.0,21.667046,-157.95213,3527.0,21,30,8,242
2017-08-30 22:00:00+00:00,8.69,103.88,10134.0,21.667046,-157.95213,3556.0,22,30,8,242
2017-08-30 23:00:00+00:00,9.02,106.44,10129.0,21.667046,-157.95213,3729.0,23,30,8,242
2017-08-31 00:00:00+00:00,8.76,103.15,10126.0,21.667046,-157.95213,3588.0,0,31,8,243
2017-08-31 01:00:00+00:00,8.94,103.14,10121.0,21.667046,-157.95213,3595.0,1,31,8,243
2017-08-31 02:00:00+00:00,9.52,103.24,10117.0,21.667046,-157.95213,3356.0,2,31,8,243
2017-08-31 03:00:00+00:00,8.7,106.6,10120.0,21.667046,-157.95213,3109.0,3,31,8,243
2017-08-31 04:00:00+00:00,9.21,109.33,10120.0,21.667046,-157.95213,2805.0,4,31,8,243
2017-08-31 05:00:00+00:00,9.46,113.11,10126.0,21.667046,-157.95213,2457.0,5,31,8,243
2017-08-31 06:00:00+00:00,9.58,116.59,10132.0,21.667046,-157.95213,2445.0,6,31,8,243
2017-08-31 07:00:00+00:00,9.44,109.1,10137.0,21.667046,-157.95213,2440.0,7,31,8,243
2017-08-31 08:00:00+00:00,8.95,113.71,10140.0,21.667046,-157.95213,2402.0,8,31,8,243
2017-08-31 09:00:00+00:00,8.53,111.53,10138.0,21.667046,-157.95213,2458.0,9,31,8,243
2017-08-31 10:00:00+00:00,8.2,112.49,10135.0,21.667046,-157.95213,2386.0,10,31,8,243
2017-08-31 11:00:00+00:00,7.68,114.95,10129.0,21.667046,-157.95213,2329.0,11,31,8,243
2017-08-31 12:00:00+00:00,8.39,105.99,10122.0,21.667046,-157.95213,2373.0,12,31,8,243
2017-08-31 13:00:00+00:00,7.83,106.65,10118.0,21.667046,-157.95213,2355.0,13,31,8,243
2017-08-31 14:00:00+00:00,8.29,102.06,10118.0,21.667046,-157.95213,2389.0,14,31,8,243
2017-08-31 15:00:00+00:00,6.25,123.17,10121.0,21.667046,-157.95213,2257.0,15,31,8,243
2017-08-31 16:00:00+00:00,8.58,99.53,10123.0,21.667046,-157.95213,2309.0,16,31,8,243
2017-08-31 17:00:00+00:00,8.77,102.7,10126.0,21.667046,-157.95213,2628.0,17,31,8,243
2017-08-31 18:00:00+00:00,8.03,100.94,10131.0,21.667046,-157.95213,2978.0,18,31,8,243
2017-08-31 19:00:00+00:00,7.77,107.42,10136.0,21.667046,-157.95213,3051.0,19,31,8,243
2017-08-31 20:00:00+00:00,8.29,98.62,10135.0,21.667046,-157.95213,3334.0,20,31,8,243
2017-08-31 21:00:00+00:00,8.44,98.8,10134.0,21.667046,-157.95213,3550.0,21,31,8,243
2017-08-31 22:00:00+00:00,7.83,100.01,10128.0,21.667046,-157.95213,3775.0,22,31,8,243
2017-08-31 23:00:00+00:00,7.26,99.31,10125.0,21.667046,-157.95213,3760.0,23,31,8,243
2017-09-01 00:00:00+00:00,7.45,98.72,10120.0,21.667046,-157.95213,3761.0,0,1,9,244
2017-09-01 01:00:00+00:00,7.31,89.73,10116.0,21.667046,-157.95213,3543.0,1,1,9,244
2017-09-01 02:00:00+00:00,7.1,97.7,10112.0,21.667046,-157.95213,3413.0,2,1,9,244
2017-09-01 03:00:00+00:00,6.99,98.16,10111.0,21.667046,-157.95213,3118.0,3,1,9,244
2017-09-01 04:00:00+00:00,6.89,101.48,10114.0,21.667046,-157.95213,2801.0,4,1,9,244
2017-09-01 05:00:00+00:00,7.25,101.95,10120.0,21.667046,-157.95213,2422.0,5,1,9,244
2017-09-01 06:00:00+00:00,6.58,102.59,10125.0,21.667046,-157.95213,2328.0,6,1,9,244
2017-09-01 07:00:00+00:00,6.36,102.29,10128.0,21.667046,-157.95213,2278.0,7,1,9,244
2017-09-01 08:00:00+00:00,6.39,95.48,10132.0,21.667046,-157.95213,2278.0,8,1,9,244
2017-09-01 09:00:00+00:00,6.05,94.69,10133.0,21.667046,-157.95213,2252.0,9,1,9,244
2017-09-01 10:00:00+00:00,5.96,85.96,10131.0,21.667046,-157.95213,2441.0,10,1,9,244
2017-09-01 11:00:00+00:00,7.78,69.22,10126.0,21.667046,-157.95213,2328.0,11,1,9,244
2017-09-01 12:00:00+00:00,5.51,115.1,10119.0,21.667046,-157.95213,2149.0,12,1,9,244
2017-09-01 13:00:00+00:00,6.95,92.96,10111.0,21.667046,-157.95213,2210.0,13,1,9,244
2017-09-01 14:00:00+00:00,6.72,94.3,10110.0,21.667046,-157.95213,2069.0,14,1,9,244
2017-09-01 15:00:00+00:00,6.85,100.0,10113.0,21.667046,-157.95213,2099.0,15,1,9,244
2017-09-01 16:00:00+00:00,6.56,91.95,10119.0,21.667046,-157.95213,1976.0,16,1,9,244
2017-09-01 17:00:00+00:00,6.52,89.16,10117.0,21.667046,-157.95213,2404.0,17,1,9,244
2017-09-01 18:00:00+00:00,5.84,91.44,10122.0,21.667046,-157.95213,2724.0,18,1,9,244
2017-09-01 19:00:00+00:00,5.9,91.12,10120.0,21.667046,-157.95213,3075.0,19,1,9,244
2017-09-01 20:00:00+00:00,6.58,90.89,10122.0,21.667046,-157.95213,3441.0,20,1,9,244
2017-09-01 21:00:00+00:00,6.55,91.8,10120.0,21.667046,-157.95213,3561.0,21,1,9,244
2017-09-01 22:00:00+00:00,6.37,92.84,10116.0,21.667046,-157.95213,3704.0,22,1,9,244
2017-09-01 23:00:00+00:00,6.09,93.6,10111.0,21.667046,-157.95213,3684.0,23,1,9,244
2017-09-02 00:00:00+00:00,6.47,99.53,10107.0,21.667046,-157.95213,3659.0,0,2,9,245
2017-09-02 01:00:00+00:00,7.33,88.26,10103.0,21.667046,-157.95213,3274.0,1,2,9,245
2017-09-02 02:00:00+00:00,6.38,95.39,10099.0,21.667046,-157.95213,3337.0,2,2,9,245
2017-09-02 03:00:00+00:00,6.65,91.63,10103.0,21.667046,-157.95213,2961.0,3,2,9,245
2017-09-02 04:00:00+00:00,6.12,101.02,10104.0,21.667046,-157.95213,2768.0,4,2,9,245
2017-09-02 05:00:00+00:00,6.67,87.28,10110.0,21.667046,-157.95213,2350.0,5,2,9,245
2017-09-02 06:00:00+00:00,6.0,90.93,10114.0,21.667046,-157.95213,2282.0,6,2,9,245
2017-09-02 07:00:00+00:00,6.12,85.82,10118.0,21.667046,-157.95213,2325.0,7,2,9,245
2017-09-02 08:00:00+00:00,5.75,87.92,10122.0,21.667046,-157.95213,2262.0,8,2,9,245
2017-09-02 09:00:00+00:00,5.64,89.56,10121.0,21.667046,-157.95213,2107.0,9,2,9,245
2017-09-02 10:00:00+00:00,5.3,96.23,10122.0,21.667046,-157.95213,2032.0,10,2,9,245
2017-09-02 11:00:00+00:00,4.25,110.27,10119.0,21.667046,-157.95213,2015.0,11,2,9,245
2017-09-02 12:00:00+00:00,1.99,138.27,10110.0,21.667046,-157.95213,1926.0,12,2,9,245
2017-09-02 13:00:00+00:00,3.47,136.76,10104.0,21.667046,-157.95213,2058.0,13,2,9,245
2017-09-02 14:00:00+00:00,3.6,116.6,10101.0,21.667046,-157.95213,1982.0,14,2,9,245
2017-09-02 15:00:00+00:00,5.12,151.33,10103.0,21.667046,-157.95213,2282.0,15,2,9,245
2017-09-02 16:00:00+00:00,3.94,114.62,10108.0,21.667046,-157.95213,1896.0,16,2,9,245
2017-09-02 17:00:00+00:00,3.99,104.33,10111.0,21.667046,-157.95213,2527.0,17,2,9,245
2017-09-02 18:00:00+00:00,4.11,88.84,10113.0,21.667046,-157.95213,3002.0,18,2,9,245
2017-09-02 19:00:00+00:00,6.14,82.19,10114.0,21.667046,-157.95213,3144.0,19,2,9,245
2017-09-02 20:00:00+00:00,2.79,146.75,10116.0,21.667046,-157.95213,2751.0,20,2,9,245
2017-09-02 21:00:00+00:00,4.57,108.84,10114.0,21.667046,-157.95213,3365.0,21,2,9,245
2017-09-02 22:00:00+00:00,5.34,89.8,10107.0,21.667046,-157.95213,3706.0,22,2,9,245
2017-09-02 23:00:00+00:00,5.71,93.89,10102.0,21.667046,-157.95213,3751.0,23,2,9,245
2017-09-03 00:00:00+00:00,5.51,85.94,10097.0,21.667046,-157.95213,3661.0,0,3,9,246
2017-09-03 01:00:00+00:00,5.38,80.93,10091.0,21.667046,-157.95213,3539.0,1,3,9,246
2017-09-03 02:00:00+00:00,5.0,81.42,10088.0,21.667046,-157.95213,3135.0,2,3,9,246
2017-09-03 03:00:00+00:00,5.35,82.83,10091.0,21.667046,-157.95213,2976.0,3,3,9,246
2017-09-03 04:00:00+00:00,4.95,83.5,10094.0,21.667046,-157.95213,2615.0,4,3,9,246
2017-09-03 05:00:00+00:00,5.58,86.66,10099.0,21.667046,-157.95213,2193.0,5,3,9,246
2017-09-03 06:00:00+00:00,5.48,77.92,10103.0,21.667046,-157.95213,2215.0,6,3,9,246
2017-09-03 07:00:00+00:00,4.93,85.45,10106.0,21.667046,-157.95213,2232.0,7,3,9,246
2017-09-03 08:00:00+00:00,5.78,96.68,10107.0,21.667046,-157.95213,2222.0,8,3,9,246
2017-09-03 09:00:00+00:00,6.08,132.93,10106.0,21.667046,-157.95213,2311.0,9,3,9,246
2017-09-03 10:00:00+00:00,4.68,114.16,10106.0,21.667046,-157.95213,2078.0,10,3,9,246
2017-09-03 11:00:00+00:00,4.88,107.68,10098.0,21.667046,-157.95213,2053.0,11,3,9,246
2017-09-03 12:00:00+00:00,3.17,126.98,10093.0,21.667046,-157.95213,2084.0,12,3,9,246
2017-09-03 13:00:00+00:00,4.43,98.55,10089.0,21.667046,-157.95213,2361.0,13,3,9,246
2017-09-03 14:00:00+00:00,3.51,138.55,10090.0,21.667046,-157.95213,2219.0,14,3,9,246
2017-09-03 15:00:00+00:00,4.46,127.21,10091.0,21.667046,-157.95213,2276.0,15,3,9,246
2017-09-03 16:00:00+00:00,5.87,142.92,10097.0,21.667046,-157.95213,2298.0,16,3,9,246
2017-09-03 17:00:00+00:00,3.15,119.74,10100.0,21.667046,-157.95213,2504.0,17,3,9,246
2017-09-03 18:00:00+00:00,6.42,110.31,10106.0,21.667046,-157.95213,2916.0,18,3,9,246
2017-09-03 19:00:00+00:00,6.85,104.19,10110.0,21.667046,-157.95213,2923.0,19,3,9,246
2017-09-03 20:00:00+00:00,7.29,107.03,10111.0,21.667046,-157.95213,3465.0,20,3,9,246
2017-09-03 21:00:00+00:00,6.72,108.71,10113.0,21.667046,-157.95213,3620.0,21,3,9,246
2017-09-03 22:00:00+00:00,6.92,105.13,10111.0,21.667046,-157.95213,3790.0,22,3,9,246
2017-09-03 23:00:00+00:00,7.06,106.59,10106.0,21.667046,-157.95213,3878.0,23,3,9,246
2017-09-04 00:00:00+00:00,6.8,105.64,10101.0,21.667046,-157.95213,3814.0,0,4,9,247
2017-09-04 01:00:00+00:00,6.34,104.31,10096.0,21.667046,-157.95213,3676.0,1,4,9,247
2017-09-04 02:00:00+00:00,5.76,104.73,10095.0,21.667046,-157.95213,3459.0,2,4,9,247
2017-09-04 03:00:00+00:00,5.58,103.58,10098.0,21.667046,-157.95213,3144.0,3,4,9,247
2017-09-04 04:00:00+00:00,5.75,114.27,10102.0,21.667046,-157.95213,2789.0,4,4,9,247
2017-09-04 05:00:00+00:00,5.87,118.86,10107.0,21.667046,-157.95213,2143.0,5,4,9,247
2017-09-04 06:00:00+00:00,5.09,140.72,10111.0,21.667046,-157.95213,2163.0,6,4,9,247
2017-09-04 07:00:00+00:00,4.91,140.78,10118.0,21.667046,-157.95213,2170.0,7,4,9,247
2017-09-04 08:00:00+00:00,4.31,149.48,10121.0,21.667046,-157.95213,2170.0,8,4,9,247
2017-09-04 09:00:00+00:00,2.73,161.53,10122.0,21.667046,-157.95213,2148.0,9,4,9,247
2017-09-04 10:00:00+00:00,2.14,174.64,10121.0,21.667046,-157.95213,2133.0,10,4,9,247
2017-09-04 11:00:00+00:00,2.08,177.76,10118.0,21.667046,-157.95213,2110.0,11,4,9,247
2017-09-04 12:00:00+00:00,3.86,190.37,10116.0,21.667046,-157.95213,2106.0,12,4,9,247
2017-09-04 13:00:00+00:00,4.28,199.79,10112.0,21.667046,-157.95213,2078.0,13,4,9,247
2017-09-04 14:00:00+00:00,2.39,136.55,10112.0,21.667046,-157.95213,2011.0,14,4,9,247
2017-09-04 15:00:00+00:00,4.65,144.46,10113.0,21.667046,-157.95213,1986.0,15,4,9,247
2017-09-04 16:00:00+00:00,3.74,140.94,10113.0,21.667046,-157.95213,1982.0,16,4,9,247
2017-09-04 17:00:00+00:00,3.02,146.46,10117.0,21.667046,-157.95213,2460.0,17,4,9,247
2017-09-04 18:00:00+00:00,2.29,111.38,10118.0,21.667046,-157.95213,2949.0,18,4,9,247
2017-09-04 19:00:00+00:00,3.45,96.58,10123.0,21.667046,-157.95213,3316.0,19,4,9,247
2017-09-04 20:00:00+00:00,4.78,96.45,10125.0,21.667046,-157.95213,3500.0,20,4,9,247
2017-09-04 21:00:00+00:00,5.13,95.41,10124.0,21.667046,-157.95213,3711.0,21,4,9,247
2017-09-04 22:00:00+00:00,5.02,91.76,10121.0,21.667046,-157.95213,3632.0,22,4,9,247
2017-09-04 23:00:00+00:00,5.41,88.32,10117.0,21.667046,-157.95213,3891.0,23,4,9,247
2017-09-05 00:00:00+00:00,5.22,89.3,10111.0,21.667046,-157.95213,3736.0,0,5,9,248
2017-09-05 01:00:00+00:00,4.81,100.26,10107.0,21.667046,-157.95213,3312.0,1,5,9,248
2017-09-05 02:00:00+00:00,5.06,104.58,10103.0,21.667046,-157.95213,3355.0,2,5,9,248
2017-09-05 03:00:00+00:00,4.61,105.72,10102.0,21.667046,-157.95213,3065.0,3,5,9,248
2017-09-05 04:00:00+00:00,4.07,94.46,10109.0,21.667046,-157.95213,2768.0,4,5,9,248
2017-09-05 05:00:00+00:00,4.27,99.36,10114.0,21.667046,-157.95213,2320.0,5,5,9,248
2017-09-05 06:00:00+00:00,2.84,125.56,10120.0,21.667046,-157.95213,2264.0,6,5,9,248
2017-09-05 07:00:00+00:00,3.78,151.26,10125.0,21.667046,-157.95213,2293.0,7,5,9,248
2017-09-05 08:00:00+00:00,2.82,141.24,10131.0,21.667046,-157.95213,2179.0,8,5,9,248
2017-09-05 09:00:00+00:00,2.92,148.64,10134.0,21.667046,-157.95213,2123.0,9,5,9,248
2017-09-05 10:00:00+00:00,3.12,147.72,10131.0,21.667046,-157.95213,2068.0,10,5,9,248
2017-09-05 11:00:00+00:00,1.05,94.35,10129.0,21.667046,-157.95213,2014.0,11,5,9,248
2017-09-05 12:00:00+00:00,0.67,66.07,10122.0,21.667046,-157.95213,2017.0,12,5,9,248
2017-09-05 13:00:00+00:00,1.41,165.87,10117.0,21.667046,-157.95213,1995.0,13,5,9,248
2017-09-05 14:00:00+00:00,1.03,155.89,10115.0,21.667046,-157.95213,1977.0,14,5,9,248
2017-09-05 15:00:00+00:00,0.89,165.82,10115.0,21.667046,-157.95213,1958.0,15,5,9,248
2017-09-05 16:00:00+00:00,0.45,177.29,10115.0,21.667046,-157.95213,1931.0,16,5,9,248
2017-09-05 17:00:00+00:00,0.36,323.5,10122.0,21.667046,-157.95213,2487.0,17,5,9,248
2017-09-05 18:00:00+00:00,2.51,40.73,10125.0,21.667046,-157.95213,2964.0,18,5,9,248
2017-09-05 19:00:00+00:00,3.55,53.24,10131.0,21.667046,-157.95213,3268.0,19,5,9,248
2017-09-05 20:00:00+00:00,4.01,50.62,10129.0,21.667046,-157.95213,3542.0,20,5,9,248
2017-09-05 21:00:00+00:00,3.85,53.91,10129.0,21.667046,-157.95213,3764.0,21,5,9,248
2017-09-05 22:00:00+00:00,4.21,57.48,10127.0,21.667046,-157.95213,3876.0,22,5,9,248
2017-09-05 23:00:00+00:00,4.52,57.56,10123.0,21.667046,-157.95213,3887.0,23,5,9,248
2017-09-06 00:00:00+00:00,4.18,57.79,10117.0,21.667046,-157.95213,3838.0,0,6,9,249
2017-09-06 01:00:00+00:00,4.15,53.68,10114.0,21.667046,-157.95213,3684.0,1,6,9,249
2017-09-06 02:00:00+00:00,3.9,57.48,10108.0,21.667046,-157.95213,3438.0,2,6,9,249
2017-09-06 03:00:00+00:00,3.37,56.5,10111.0,21.667046,-157.95213,3132.0,3,6,9,249
2017-09-06 04:00:00+00:00,3.26,65.61,10113.0,21.667046,-157.95213,2733.0,4,6,9,249
2017-09-06 05:00:00+00:00,3.07,70.4,10117.0,21.667046,-157.95213,1909.0,5,6,9,249
2017-09-06 06:00:00+00:00,2.15,65.45,10123.0,21.667046,-157.95213,2020.0,6,6,9,249
2017-09-06 07:00:00+00:00,1.7,106.47,10128.0,21.667046,-157.95213,2016.0,7,6,9,249
2017-09-06 08:00:00+00:00,1.47,63.06,10128.0,21.667046,-157.95213,1948.0,8,6,9,249
2017-09-06 09:00:00+00:00,2.38,58.48,10128.0,21.667046,-157.95213,1884.0,9,6,9,249
2017-09-06 10:00:00+00:00,2.05,68.57,10127.0,21.667046,-157.95213,1878.0,10,6,9,249
2017-09-06 11:00:00+00:00,1.97,90.14,10124.0,21.667046,-157.95213,1904.0,11,6,9,249
2017-09-06 12:00:00+00:00,1.77,118.79,10118.0,21.667046,-157.95213,2015.0,12,6,9,249
2017-09-06 13:00:00+00:00,1.68,128.49,10118.0,21.667046,-157.95213,1937.0,13,6,9,249
2017-09-06 14:00:00+00:00,1.95,111.79,10112.0,21.667046,-157.95213,1962.0,14,6,9,249
2017-09-06 15:00:00+00:00,1.11,130.37,10115.0,21.667046,-157.95213,1950.0,15,6,9,249
2017-09-06 16:00:00+00:00,1.52,98.2,10114.0,21.667046,-157.95213,1881.0,16,6,9,249
2017-09-06 17:00:00+00:00,3.49,87.07,10117.0,21.667046,-157.95213,2495.0,17,6,9,249
2017-09-06 18:00:00+00:00,4.17,84.7,10122.0,21.667046,-157.95213,2980.0,18,6,9,249
2017-09-06 19:00:00+00:00,4.4,80.17,10124.0,21.667046,-157.95213,3341.0,19,6,9,249
2017-09-06 20:00:00+00:00,4.92,81.71,10125.0,21.667046,-157.95213,3578.0,20,6,9,249
2017-09-06 21:00:00+00:00,5.05,81.53,10126.0,21.667046,-157.95213,3742.0,21,6,9,249
2017-09-06 22:00:00+00:00,4.9,83.83,10122.0,21.667046,-157.95213,3862.0,22,6,9,249
2017-09-06 23:00:00+00:00,4.87,86.77,10118.0,21.667046,-157.95213,3905.0,23,6,9,249
2017-09-07 00:00:00+00:00,5.18,84.08,10109.0,21.667046,-157.95213,3795.0,0,7,9,250
2017-09-07 01:00:00+00:00,5.04,84.77,10105.0,21.667046,-157.95213,3657.0,1,7,9,250
2017-09-07 02:00:00+00:00,5.27,85.39,10101.0,21.667046,-157.95213,3421.0,2,7,9,250
2017-09-07 03:00:00+00:00,5.7,85.81,10104.0,21.667046,-157.95213,3105.0,3,7,9,250
2017-09-07 04:00:00+00:00,5.98,84.65,10106.0,21.667046,-157.95213,2752.0,4,7,9,250
2017-09-07 05:00:00+00:00,6.34,81.7,10109.0,21.667046,-157.95213,2322.0,5,7,9,250
2017-09-07 06:00:00+00:00,7.09,89.28,10114.0,21.667046,-157.95213,2328.0,6,7,9,250
2017-09-07 07:00:00+00:00,6.42,93.12,10116.0,21.667046,-157.95213,2170.0,7,7,9,250
2017-09-07 08:00:00+00:00,6.98,92.55,10120.0,21.667046,-157.95213,2226.0,8,7,9,250
2017-09-07 09:00:00+00:00,7.4,100.76,10121.0,21.667046,-157.95213,2304.0,9,7,9,250
2017-09-07 10:00:00+00:00,7.27,93.16,10118.0,21.667046,-157.95213,2287.0,10,7,9,250
2017-09-07 11:00:00+00:00,6.98,89.11,10114.0,21.667046,-157.95213,2515.0,11,7,9,250
2017-09-07 12:00:00+00:00,6.89,87.59,10109.0,21.667046,-157.95213,2394.0,12,7,9,250
2017-09-07 13:00:00+00:00,7.24,94.7,10108.0,21.667046,-157.95213,2375.0,13,7,9,250
2017-09-07 14:00:00+00:00,6.41,105.84,10107.0,21.667046,-157.95213,2142.0,14,7,9,250
2017-09-07 15:00:00+00:00,7.47,97.68,10110.0,21.667046,-157.95213,2233.0,15,7,9,250
2017-09-07 16:00:00+00:00,7.45,102.31,10112.0,21.667046,-157.95213,2176.0,16,7,9,250
2017-09-07 17:00:00+00:00,8.16,93.19,10118.0,21.667046,-157.95213,2646.0,17,7,9,250
2017-09-07 18:00:00+00:00,8.83,91.69,10122.0,21.667046,-157.95213,2928.0,18,7,9,250
2017-09-07 19:00:00+00:00,8.53,96.05,10125.0,21.667046,-157.95213,3125.0,19,7,9,250
2017-09-07 20:00:00+00:00,9.02,98.67,10130.0,21.667046,-157.95213,3479.0,20,7,9,250
2017-09-07 21:00:00+00:00,9.15,99.9,10129.0,21.667046,-157.95213,3583.0,21,7,9,250
2017-09-07 22:00:00+00:00,9.95,96.09,10127.0,21.667046,-157.95213,3515.0,22,7,9,250
2017-09-07 23:00:00+00:00,9.41,97.73,10122.0,21.667046,-157.95213,3733.0,23,7,9,250
2017-09-08 00:00:00+00:00,9.95,100.97,10116.0,21.667046,-157.95213,3554.0,0,8,9,251
2017-09-08 01:00:00+00:00,9.63,95.67,10112.0,21.667046,-157.95213,3407.0,1,8,9,251
2017-09-08 02:00:00+00:00,10.06,95.63,10111.0,21.667046,-157.95213,3302.0,2,8,9,251
2017-09-08 03:00:00+00:00,9.82,90.94,10113.0,21.667046,-157.95213,3050.0,3,8,9,251
2017-09-08 04:00:00+00:00,9.8,91.91,10112.0,21.667046,-157.95213,2748.0,4,8,9,251
2017-09-08 05:00:00+00:00,10.61,94.16,10117.0,21.667046,-157.95213,2463.0,5,8,9,251
2017-09-08 06:00:00+00:00,11.04,97.19,10121.0,21.667046,-157.95213,2459.0,6,8,9,251
2017-09-08 07:00:00+00:00,10.34,93.23,10125.0,21.667046,-157.95213,2429.0,7,8,9,251
2017-09-08 08:00:00+00:00,10.1,96.4,10131.0,21.667046,-157.95213,2424.0,8,8,9,251
2017-09-08 09:00:00+00:00,9.91,95.94,10131.0,21.667046,-157.95213,2400.0,9,8,9,251
2017-09-08 10:00:00+00:00,10.13,103.98,10131.0,21.667046,-157.95213,2371.0,10,8,9,251
2017-09-08 11:00:00+00:00,9.27,101.3,10128.0,21.667046,-157.95213,2330.0,11,8,9,251
2017-09-08 12:00:00+00:00,9.33,99.93,10125.0,21.667046,-157.95213,2317.0,12,8,9,251
2017-09-08 13:00:00+00:00,9.16,98.57,10120.0,21.667046,-157.95213,2412.0,13,8,9,251
2017-09-08 14:00:00+00:00,9.22,109.26,10119.0,21.667046,-157.95213,2359.0,14,8,9,251
2017-09-08 15:00:00+00:00,9.16,97.87,10120.0,21.667046,-157.95213,2403.0,15,8,9,251
2017-09-08 16:00:00+00:00,10.11,98.76,10123.0,21.667046,-157.95213,2411.0,16,8,9,251
2017-09-08 17:00:00+00:00,9.62,104.02,10127.0,21.667046,-157.95213,2668.0,17,8,9,251
2017-09-08 18:00:00+00:00,10.05,103.53,10131.0,21.667046,-157.95213,2825.0,18,8,9,251
2017-09-08 19:00:00+00:00,10.59,101.36,10132.0,21.667046,-157.95213,3037.0,19,8,9,251
2017-09-08 20:00:00+00:00,10.99,108.54,10135.0,21.667046,-157.95213,3225.0,20,8,9,251
2017-09-08 21:00:00+00:00,10.4,114.73,10135.0,21.667046,-157.95213,3408.0,21,8,9,251
2017-09-08 22:00:00+00:00,9.51,107.23,10131.0,21.667046,-157.95213,3629.0,22,8,9,251
2017-09-08 23:00:00+00:00,9.65,107.03,10128.0,21.667046,-157.95213,3495.0,23,8,9,251
2017-09-09 00:00:00+00:00,9.22,105.66,10122.0,21.667046,-157.95213,3579.0,0,9,9,252
2017-09-09 01:00:00+00:00,9.06,101.51,10119.0,21.667046,-157.95213,3560.0,1,9,9,252
2017-09-09 02:00:00+00:00,9.58,101.01,10116.0,21.667046,-157.95213,3345.0,2,9,9,252
2017-09-09 03:00:00+00:00,9.53,100.82,10116.0,21.667046,-157.95213,3010.0,3,9,9,252
2017-09-09 04:00:00+00:00,9.48,104.58,10121.0,21.667046,-157.95213,2758.0,4,9,9,252
2017-09-09 05:00:00+00:00,8.94,101.62,10124.0,21.667046,-157.95213,2456.0,5,9,9,252
2017-09-09 06:00:00+00:00,8.49,104.94,10128.0,21.667046,-157.95213,2443.0,6,9,9,252
2017-09-09 07:00:00+00:00,9.14,101.46,10133.0,21.667046,-157.95213,2512.0,7,9,9,252
2017-09-09 08:00:00+00:00,9.7,108.06,10137.0,21.667046,-157.95213,2426.0,8,9,9,252
2017-09-09 09:00:00+00:00,7.43,112.04,10136.0,21.667046,-157.95213,2449.0,9,9,9,252
2017-09-09 10:00:00+00:00,9.36,104.69,10133.0,21.667046,-157.95213,2426.0,10,9,9,252
2017-09-09 11:00:00+00:00,8.66,83.67,10133.0,21.667046,-157.95213,2378.0,11,9,9,252
2017-09-09 12:00:00+00:00,7.27,70.99,10126.0,21.667046,-157.95213,2296.0,12,9,9,252
2017-09-09 13:00:00+00:00,3.75,88.26,10122.0,21.667046,-157.95213,2343.0,13,9,9,252
2017-09-09 14:00:00+00:00,9.31,83.99,10119.0,21.667046,-157.95213,2347.0,14,9,9,252
2017-09-09 15:00:00+00:00,10.26,85.28,10119.0,21.667046,-157.95213,2345.0,15,9,9,252
2017-09-09 16:00:00+00:00,9.3,91.53,10123.0,21.667046,-157.95213,2301.0,16,9,9,252
2017-09-09 17:00:00+00:00,8.91,91.72,10128.0,21.667046,-157.95213,2458.0,17,9,9,252
2017-09-09 18:00:00+00:00,8.84,90.54,10132.0,21.667046,-157.95213,2734.0,18,9,9,252
2017-09-09 19:00:00+00:00,9.05,96.67,10135.0,21.667046,-157.95213,3082.0,19,9,9,252
2017-09-09 20:00:00+00:00,9.33,97.89,10137.0,21.667046,-157.95213,3389.0,20,9,9,252
2017-09-09 21:00:00+00:00,8.87,106.94,10137.0,21.667046,-157.95213,3560.0,21,9,9,252
2017-09-09 22:00:00+00:00,9.02,106.62,10131.0,21.667046,-157.95213,3680.0,22,9,9,252
2017-09-09 23:00:00+00:00,7.93,104.62,10123.0,21.667046,-157.95213,3735.0,23,9,9,252
2017-09-10 00:00:00+00:00,7.41,102.81,10121.0,21.667046,-157.95213,3704.0,0,10,9,253
2017-09-10 01:00:00+00:00,6.37,96.36,10118.0,21.667046,-157.95213,3584.0,1,10,9,253
2017-09-10 02:00:00+00:00,6.02,93.95,10118.0,21.667046,-157.95213,3375.0,2,10,9,253
2017-09-10 03:00:00+00:00,6.2,95.47,10119.0,21.667046,-157.95213,3082.0,3,10,9,253
2017-09-10 04:00:00+00:00,6.25,100.56,10122.0,21.667046,-157.95213,2740.0,4,10,9,253
2017-09-10 05:00:00+00:00,6.51,105.37,10125.0,21.667046,-157.95213,2382.0,5,10,9,253
2017-09-10 06:00:00+00:00,6.52,104.37,10129.0,21.667046,-157.95213,2361.0,6,10,9,253
2017-09-10 07:00:00+00:00,6.0,99.86,10131.0,21.667046,-157.95213,2262.0,7,10,9,253
2017-09-10 08:00:00+00:00,6.16,103.57,10133.0,21.667046,-157.95213,2440.0,8,10,9,253
2017-09-10 09:00:00+00:00,5.26,113.56,10133.0,21.667046,-157.95213,2209.0,9,10,9,253
2017-09-10 10:00:00+00:00,4.82,112.11,10130.0,21.667046,-157.95213,2112.0,10,10,9,253
2017-09-10 11:00:00+00:00,4.19,131.53,10127.0,21.667046,-157.95213,2134.0,11,10,9,253
2017-09-10 12:00:00+00:00,3.88,142.09,10121.0,21.667046,-157.95213,2149.0,12,10,9,253
2017-09-10 13:00:00+00:00,3.33,146.81,10117.0,21.667046,-157.95213,2154.0,13,10,9,253
2017-09-10 14:00:00+00:00,3.53,145.45,10117.0,21.667046,-157.95213,2130.0,14,10,9,253
2017-09-10 15:00:00+00:00,2.37,143.74,10118.0,21.667046,-157.95213,2094.0,15,10,9,253
2017-09-10 16:00:00+00:00,2.23,131.02,10119.0,21.667046,-157.95213,2056.0,16,10,9,253
2017-09-10 17:00:00+00:00,3.72,129.8,10123.0,21.667046,-157.95213,2545.0,17,10,9,253
2017-09-10 18:00:00+00:00,4.91,99.4,10125.0,21.667046,-157.95213,2985.0,18,10,9,253
2017-09-10 19:00:00+00:00,5.43,96.78,10127.0,21.667046,-157.95213,3335.0,19,10,9,253
2017-09-10 20:00:00+00:00,6.08,95.99,10128.0,21.667046,-157.95213,3490.0,20,10,9,253
2017-09-10 21:00:00+00:00,6.82,100.67,10125.0,21.667046,-157.95213,3444.0,21,10,9,253
2017-09-10 22:00:00+00:00,6.88,100.84,10124.0,21.667046,-157.95213,3735.0,22,10,9,253
2017-09-10 23:00:00+00:00,7.26,97.97,10119.0,21.667046,-157.95213,3666.0,23,10,9,253
2017-09-11 00:00:00+00:00,7.25,102.56,10112.0,21.667046,-157.95213,3593.0,0,11,9,254
2017-09-11 01:00:00+00:00,6.95,99.74,10111.0,21.667046,-157.95213,3329.0,1,11,9,254
2017-09-11 02:00:00+00:00,6.67,102.91,10109.0,21.667046,-157.95213,3309.0,2,11,9,254
2017-09-11 03:00:00+00:00,6.27,99.11,10109.0,21.667046,-157.95213,2967.0,3,11,9,254
2017-09-11 04:00:00+00:00,6.31,103.82,10113.0,21.667046,-157.95213,2783.0,4,11,9,254
2017-09-11 05:00:00+00:00,6.45,101.84,10118.0,21.667046,-157.95213,2425.0,5,11,9,254
2017-09-11 06:00:00+00:00,6.24,109.39,10121.0,21.667046,-157.95213,2360.0,6,11,9,254
2017-09-11 07:00:00+00:00,5.64,111.62,10122.0,21.667046,-157.95213,2305.0,7,11,9,254
2017-09-11 08:00:00+00:00,5.33,110.83,10123.0,21.667046,-157.95213,2248.0,8,11,9,254
2017-09-11 09:00:00+00:00,4.07,130.27,10120.0,21.667046,-157.95213,2380.0,9,11,9,254
2017-09-11 10:00:00+00:00,4.71,123.92,10117.0,21.667046,-157.95213,2200.0,10,11,9,254
2017-09-11 11:00:00+00:00,4.85,107.5,10110.0,21.667046,-157.95213,2136.0,11,11,9,254
2017-09-11 12:00:00+00:00,4.41,156.39,10106.0,21.667046,-157.95213,2290.0,12,11,9,254
2017-09-11 13:00:00+00:00,4.65,117.34,10101.0,21.667046,-157.95213,2101.0,13,11,9,254
2017-09-11 14:00:00+00:00,4.17,107.83,10099.0,21.667046,-157.95213,2108.0,14,11,9,254
2017-09-11 15:00:00+00:00,4.45,99.89,10100.0,21.667046,-157.95213,2047.0,15,11,9,254
2017-09-11 16:00:00+00:00,4.94,109.28,10102.0,21.667046,-157.95213,2075.0,16,11,9,254
2017-09-11 17:00:00+00:00,3.56,112.12,10107.0,21.667046,-157.95213,2540.0,17,11,9,254
2017-09-11 18:00:00+00:00,5.37,100.65,10111.0,21.667046,-157.95213,2924.0,18,11,9,254
2017-09-11 19:00:00+00:00,5.48,103.04,10115.0,21.667046,-157.95213,3169.0,19,11,9,254
2017-09-11 20:00:00+00:00,5.55,102.09,10116.0,21.667046,-157.95213,3475.0,20,11,9,254
2017-09-11 21:00:00+00:00,6.3,93.71,10114.0,21.667046,-157.95213,3610.0,21,11,9,254
2017-09-11 22:00:00+00:00,6.37,92.87,10109.0,21.667046,-157.95213,3701.0,22,11,9,254
2017-09-11 23:00:00+00:00,5.96,92.05,10104.0,21.667046,-157.95213,3631.0,23,11,9,254
2017-09-12 00:00:00+00:00,5.48,87.27,10097.0,21.667046,-157.95213,3574.0,0,12,9,255
2017-09-12 01:00:00+00:00,5.07,87.87,10093.0,21.667046,-157.95213,3485.0,1,12,9,255
2017-09-12 02:00:00+00:00,4.52,92.66,10090.0,21.667046,-157.95213,3218.0,2,12,9,255
2017-09-12 03:00:00+00:00,4.56,95.84,10091.0,21.667046,-157.95213,3028.0,3,12,9,255
2017-09-12 04:00:00+00:00,4.21,109.38,10094.0,21.667046,-157.95213,2739.0,4,12,9,255
2017-09-12 05:00:00+00:00,4.92,113.2,10101.0,21.667046,-157.95213,2371.0,5,12,9,255
2017-09-12 06:00:00+00:00,3.5,113.91,10103.0,21.667046,-157.95213,2262.0,6,12,9,255
2017-09-12 07:00:00+00:00,3.48,145.8,10108.0,21.667046,-157.95213,2327.0,7,12,9,255
2017-09-12 08:00:00+00:00,2.99,133.88,10107.0,21.667046,-157.95213,2263.0,8,12,9,255
2017-09-12 09:00:00+00:00,4.57,141.94,10106.0,21.667046,-157.95213,2267.0,9,12,9,255
2017-09-12 10:00:00+00:00,3.86,142.72,10102.0,21.667046,-157.95213,2237.0,10,12,9,255
2017-09-12 11:00:00+00:00,4.79,146.47,10096.0,21.667046,-157.95213,2227.0,11,12,9,255
2017-09-12 12:00:00+00:00,2.76,137.64,10091.0,21.667046,-157.95213,2183.0,12,12,9,255
2017-09-12 13:00:00+00:00,2.05,146.24,10087.0,21.667046,-157.95213,2181.0,13,12,9,255
2017-09-12 14:00:00+00:00,3.14,156.11,10085.0,21.667046,-157.95213,2175.0,14,12,9,255
2017-09-12 15:00:00+00:00,3.19,140.07,10086.0,21.667046,-157.95213,2162.0,15,12,9,255
2017-09-12 16:00:00+00:00,3.24,146.7,10090.0,21.667046,-157.95213,2198.0,16,12,9,255
2017-09-12 17:00:00+00:00,3.32,151.01,10093.0,21.667046,-157.95213,2536.0,17,12,9,255
2017-09-12 18:00:00+00:00,3.45,136.25,10097.0,21.667046,-157.95213,2942.0,18,12,9,255
2017-09-12 19:00:00+00:00,3.69,116.09,10100.0,21.667046,-157.95213,3130.0,19,12,9,255
2017-09-12 20:00:00+00:00,4.97,105.05,10098.0,21.667046,-157.95213,3526.0,20,12,9,255
2017-09-12 21:00:00+00:00,4.87,100.62,10097.0,21.667046,-157.95213,3645.0,21,12,9,255
2017-09-12 22:00:00+00:00,4.11,103.08,10093.0,21.667046,-157.95213,3357.0,22,12,9,255
2017-09-12 23:00:00+00:00,4.86,146.41,10092.0,21.667046,-157.95213,2507.0,23,12,9,255
2017-09-13 00:00:00+00:00,5.18,165.03,10085.0,21.667046,-157.95213,2300.0,0,13,9,256
2017-09-13 01:00:00+00:00,4.13,195.51,10084.0,21.667046,-157.95213,2314.0,1,13,9,256
2017-09-13 02:00:00+00:00,4.1,146.48,10083.0,21.667046,-157.95213,2272.0,2,13,9,256
2017-09-13 03:00:00+00:00,5.16,153.37,10083.0,21.667046,-157.95213,2342.0,3,13,9,256
2017-09-13 04:00:00+00:00,4.22,164.72,10083.0,21.667046,-157.95213,2423.0,4,13,9,256
2017-09-13 05:00:00+00:00,2.09,167.04,10088.0,21.667046,-157.95213,2168.0,5,13,9,256
2017-09-13 06:00:00+00:00,3.69,242.16,10094.0,21.667046,-157.95213,2230.0,6,13,9,256
2017-09-13 07:00:00+00:00,4.04,226.61,10099.0,21.667046,-157.95213,2178.0,7,13,9,256
2017-09-13 08:00:00+00:00,0.87,139.43,10102.0,21.667046,-157.95213,2053.0,8,13,9,256
2017-09-13 09:00:00+00:00,0.27,104.02,10103.0,21.667046,-157.95213,2128.0,9,13,9,256
2017-09-13 10:00:00+00:00,0.1,210.72,10102.0,21.667046,-157.95213,2111.0,10,13,9,256
2017-09-13 11:00:00+00:00,0.34,231.45,10098.0,21.667046,-157.95213,2093.0,11,13,9,256
2017-09-13 12:00:00+00:00,0.72,238.98,10090.0,21.667046,-157.95213,2052.0,12,13,9,256
2017-09-13 13:00:00+00:00,1.44,228.67,10086.0,21.667046,-157.95213,2068.0,13,13,9,256
2017-09-13 14:00:00+00:00,1.05,316.67,10084.0,21.667046,-157.95213,2021.0,14,13,9,256
2017-09-13 15:00:00+00:00,0.14,317.73,10087.0,21.667046,-157.95213,2032.0,15,13,9,256
2017-09-13 16:00:00+00:00,0.17,167.04,10092.0,21.667046,-157.95213,2029.0,16,13,9,256
2017-09-13 17:00:00+00:00,0.58,173.38,10094.0,21.667046,-157.95213,2319.0,17,13,9,256
2017-09-13 18:00:00+00:00,0.54,129.73,10097.0,21.667046,-157.95213,2830.0,18,13,9,256
2017-09-13 19:00:00+00:00,2.08,78.78,10099.0,21.667046,-157.95213,3242.0,19,13,9,256
2017-09-13 20:00:00+00:00,3.12,69.79,10097.0,21.667046,-157.95213,3500.0,20,13,9,256
2017-09-13 21:00:00+00:00,3.45,51.7,10095.0,21.667046,-157.95213,3644.0,21,13,9,256
2017-09-13 22:00:00+00:00,3.17,54.69,10093.0,21.667046,-157.95213,3578.0,22,13,9,256
2017-09-13 23:00:00+00:00,3.1,56.75,10089.0,21.667046,-157.95213,3496.0,23,13,9,256
2017-09-14 00:00:00+00:00,3.2,49.43,10082.0,21.667046,-157.95213,3527.0,0,14,9,257
2017-09-14 01:00:00+00:00,3.49,37.47,10078.0,21.667046,-157.95213,3456.0,1,14,9,257
2017-09-14 02:00:00+00:00,3.38,59.37,10076.0,21.667046,-157.95213,3205.0,2,14,9,257
2017-09-14 03:00:00+00:00,1.62,109.42,10079.0,21.667046,-157.95213,2814.0,3,14,9,257
2017-09-14 04:00:00+00:00,1.43,111.39,10084.0,21.667046,-157.95213,2723.0,4,14,9,257
2017-09-14 05:00:00+00:00,2.86,144.41,10088.0,21.667046,-157.95213,2349.0,5,14,9,257
2017-09-14 06:00:00+00:00,2.69,149.54,10094.0,21.667046,-157.95213,2419.0,6,14,9,257
2017-09-14 07:00:00+00:00,3.73,154.04,10099.0,21.667046,-157.95213,2308.0,7,14,9,257
2017-09-14 08:00:00+00:00,2.8,155.85,10101.0,21.667046,-157.95213,2295.0,8,14,9,257
2017-09-14 09:00:00+00:00,2.54,153.53,10102.0,21.667046,-157.95213,2260.0,9,14,9,257
2017-09-14 10:00:00+00:00,2.19,145.99,10100.0,21.667046,-157.95213,2240.0,10,14,9,257
2017-09-14 11:00:00+00:00,1.95,149.97,10098.0,21.667046,-157.95213,2225.0,11,14,9,257
2017-09-14 12:00:00+00:00,1.68,150.43,10093.0,21.667046,-157.95213,2211.0,12,14,9,257
2017-09-14 13:00:00+00:00,1.49,142.5,10089.0,21.667046,-157.95213,2205.0,13,14,9,257
2017-09-14 14:00:00+00:00,0.72,133.47,10088.0,21.667046,-157.95213,2156.0,14,14,9,257
2017-09-14 15:00:00+00:00,0.43,138.44,10088.0,21.667046,-157.95213,2154.0,15,14,9,257
2017-09-14 16:00:00+00:00,0.53,121.69,10092.0,21.667046,-157.95213,2133.0,16,14,9,257
2017-09-14 17:00:00+00:00,1.25,171.5,10098.0,21.667046,-157.95213,2539.0,17,14,9,257
2017-09-14 18:00:00+00:00,1.71,104.32,10100.0,21.667046,-157.95213,2942.0,18,14,9,257
2017-09-14 19:00:00+00:00,3.53,90.73,10104.0,21.667046,-157.95213,3202.0,19,14,9,257
2017-09-14 20:00:00+00:00,4.73,100.01,10106.0,21.667046,-157.95213,3278.0,20,14,9,257
2017-09-14 21:00:00+00:00,5.35,98.52,10103.0,21.667046,-157.95213,3653.0,21,14,9,257
2017-09-14 22:00:00+00:00,5.09,96.44,10100.0,21.667046,-157.95213,3495.0,22,14,9,257
2017-09-14 23:00:00+00:00,5.33,97.48,10095.0,21.667046,-157.95213,3520.0,23,14,9,257
2017-09-15 00:00:00+00:00,5.07,96.98,10089.0,21.667046,-157.95213,3480.0,0,15,9,258
2017-09-15 01:00:00+00:00,4.84,91.5,10086.0,21.667046,-157.95213,2917.0,1,15,9,258
2017-09-15 02:00:00+00:00,5.53,94.56,10086.0,21.667046,-157.95213,2997.0,2,15,9,258
2017-09-15 03:00:00+00:00,4.52,95.19,10086.0,21.667046,-157.95213,2946.0,3,15,9,258
2017-09-15 04:00:00+00:00,3.83,108.77,10091.0,21.667046,-157.95213,2732.0,4,15,9,258
2017-09-15 05:00:00+00:00,2.69,108.57,10097.0,21.667046,-157.95213,2518.0,5,15,9,258
2017-09-15 06:00:00+00:00,4.14,110.22,10101.0,21.667046,-157.95213,2374.0,6,15,9,258
2017-09-15 07:00:00+00:00,4.58,108.33,10107.0,21.667046,-157.95213,2296.0,7,15,9,258
2017-09-15 08:00:00+00:00,4.55,121.51,10109.0,21.667046,-157.95213,2311.0,8,15,9,258
2017-09-15 09:00:00+00:00,3.85,139.98,10108.0,21.667046,-157.95213,2275.0,9,15,9,258
2017-09-15 10:00:00+00:00,3.49,142.58,10106.0,21.667046,-157.95213,2326.0,10,15,9,258
2017-09-15 11:00:00+00:00,5.29,130.2,10103.0,21.667046,-157.95213,2339.0,11,15,9,258
2017-09-15 12:00:00+00:00,6.17,119.08,10098.0,21.667046,-157.95213,2210.0,12,15,9,258
2017-09-15 13:00:00+00:00,5.66,114.6,10096.0,21.667046,-157.95213,2201.0,13,15,9,258
2017-09-15 14:00:00+00:00,5.5,126.35,10094.0,21.667046,-157.95213,2233.0,14,15,9,258
2017-09-15 15:00:00+00:00,5.58,121.84,10095.0,21.667046,-157.95213,2118.0,15,15,9,258
2017-09-15 16:00:00+00:00,5.87,122.45,10100.0,21.667046,-157.95213,2114.0,16,15,9,258
2017-09-15 17:00:00+00:00,6.3,128.63,10107.0,21.667046,-157.95213,2471.0,17,15,9,258
2017-09-15 18:00:00+00:00,6.6,116.67,10111.0,21.667046,-157.95213,2875.0,18,15,9,258
2017-09-15 19:00:00+00:00,7.69,115.74,10115.0,21.667046,-157.95213,3159.0,19,15,9,258
2017-09-15 20:00:00+00:00,8.29,110.7,10117.0,21.667046,-157.95213,2874.0,20,15,9,258
2017-09-15 21:00:00+00:00,8.53,117.06,10115.0,21.667046,-157.95213,3293.0,21,15,9,258
2017-09-15 22:00:00+00:00,7.79,117.93,10112.0,21.667046,-157.95213,2987.0,22,15,9,258
2017-09-15 23:00:00+00:00,8.07,112.79,10109.0,21.667046,-157.95213,3260.0,23,15,9,258
2017-09-16 00:00:00+00:00,7.54,103.42,10100.0,21.667046,-157.95213,3388.0,0,16,9,259
2017-09-16 01:00:00+00:00,7.62,100.2,10098.0,21.667046,-157.95213,3327.0,1,16,9,259
2017-09-16 02:00:00+00:00,7.2,103.16,10098.0,21.667046,-157.95213,3198.0,2,16,9,259
2017-09-16 03:00:00+00:00,7.5,96.56,10106.0,21.667046,-157.95213,2863.0,3,16,9,259
2017-09-16 04:00:00+00:00,7.31,99.12,10109.0,21.667046,-157.95213,2700.0,4,16,9,259
2017-09-16 05:00:00+00:00,7.66,95.27,10113.0,21.667046,-157.95213,2448.0,5,16,9,259
2017-09-16 06:00:00+00:00,7.58,99.01,10120.0,21.667046,-157.95213,2551.0,6,16,9,259
2017-09-16 07:00:00+00:00,8.23,95.06,10126.0,21.667046,-157.95213,2437.0,7,16,9,259
2017-09-16 08:00:00+00:00,8.31,94.83,10129.0,21.667046,-157.95213,2446.0,8,16,9,259
2017-09-16 09:00:00+00:00,8.8,97.94,10128.0,21.667046,-157.95213,2407.0,9,16,9,259
2017-09-16 10:00:00+00:00,8.98,99.43,10129.0,21.667046,-157.95213,2380.0,10,16,9,259
2017-09-16 11:00:00+00:00,9.28,97.98,10128.0,21.667046,-157.95213,2406.0,11,16,9,259
2017-09-16 12:00:00+00:00,8.71,101.82,10121.0,21.667046,-157.95213,2349.0,12,16,9,259
2017-09-16 13:00:00+00:00,8.48,102.07,10118.0,21.667046,-157.95213,2349.0,13,16,9,259
2017-09-16 14:00:00+00:00,8.3,92.65,10117.0,21.667046,-157.95213,2328.0,14,16,9,259
2017-09-16 15:00:00+00:00,9.2,98.2,10120.0,21.667046,-157.95213,2366.0,15,16,9,259
2017-09-16 16:00:00+00:00,9.17,98.54,10124.0,21.667046,-157.95213,2361.0,16,16,9,259
2017-09-16 17:00:00+00:00,9.45,101.75,10125.0,21.667046,-157.95213,2588.0,17,16,9,259
2017-09-16 18:00:00+00:00,12.57,94.16,10134.0,21.667046,-157.95213,2662.0,18,16,9,259
2017-09-16 19:00:00+00:00,9.63,97.4,10132.0,21.667046,-157.95213,3102.0,19,16,9,259
2017-09-16 20:00:00+00:00,12.02,107.07,10135.0,21.667046,-157.95213,3239.0,20,16,9,259
2017-09-16 21:00:00+00:00,11.9,102.78,10133.0,21.667046,-157.95213,2936.0,21,16,9,259
2017-09-16 22:00:00+00:00,11.0,99.81,10130.0,21.667046,-157.95213,3361.0,22,16,9,259
2017-09-16 23:00:00+00:00,11.31,93.82,10128.0,21.667046,-157.95213,3335.0,23,16,9,259
2017-09-17 00:00:00+00:00,10.59,93.51,10123.0,21.667046,-157.95213,3266.0,0,17,9,260
2017-09-17 01:00:00+00:00,10.3,88.72,10118.0,21.667046,-157.95213,3227.0,1,17,9,260
2017-09-17 02:00:00+00:00,10.55,89.01,10115.0,21.667046,-157.95213,3172.0,2,17,9,260
2017-09-17 03:00:00+00:00,11.07,92.81,10121.0,21.667046,-157.95213,3005.0,3,17,9,260
2017-09-17 04:00:00+00:00,10.72,96.44,10122.0,21.667046,-157.95213,2678.0,4,17,9,260
2017-09-17 05:00:00+00:00,11.53,95.97,10125.0,21.667046,-157.95213,2473.0,5,17,9,260
2017-09-17 06:00:00+00:00,12.45,92.28,10136.0,21.667046,-157.95213,2485.0,6,17,9,260
2017-09-17 07:00:00+00:00,12.79,97.86,10142.0,21.667046,-157.95213,2473.0,7,17,9,260
2017-09-17 08:00:00+00:00,11.65,96.38,10148.0,21.667046,-157.95213,2446.0,8,17,9,260
2017-09-17 09:00:00+00:00,11.82,90.5,10147.0,21.667046,-157.95213,2461.0,9,17,9,260
2017-09-17 10:00:00+00:00,10.6,92.04,10147.0,21.667046,-157.95213,2437.0,10,17,9,260
2017-09-17 11:00:00+00:00,11.81,88.73,10143.0,21.667046,-157.95213,2446.0,11,17,9,260
2017-09-17 12:00:00+00:00,10.79,89.03,10139.0,21.667046,-157.95213,2435.0,12,17,9,260
2017-09-17 13:00:00+00:00,11.25,89.89,10136.0,21.667046,-157.95213,2396.0,13,17,9,260
2017-09-17 14:00:00+00:00,10.76,90.73,10132.0,21.667046,-157.95213,2396.0,14,17,9,260
2017-09-17 15:00:00+00:00,11.4,89.44,10130.0,21.667046,-157.95213,2409.0,15,17,9,260
2017-09-17 16:00:00+00:00,11.66,93.63,10133.0,21.667046,-157.95213,2387.0,16,17,9,260
2017-09-17 17:00:00+00:00,11.4,94.17,10139.0,21.667046,-157.95213,2616.0,17,17,9,260
2017-09-17 18:00:00+00:00,11.67,86.08,10143.0,21.667046,-157.95213,2647.0,18,17,9,260
2017-09-17 19:00:00+00:00,12.12,91.0,10145.0,21.667046,-157.95213,2956.0,19,17,9,260
2017-09-17 20:00:00+00:00,12.67,96.06,10147.0,21.667046,-157.95213,3152.0,20,17,9,260
2017-09-17 21:00:00+00:00,12.12,95.85,10148.0,21.667046,-157.95213,3323.0,21,17,9,260
2017-09-17 22:00:00+00:00,11.01,93.44,10139.0,21.667046,-157.95213,3421.0,22,17,9,260
2017-09-17 23:00:00+00:00,12.6,90.79,10135.0,21.667046,-157.95213,3472.0,23,17,9,260
2017-09-18 00:00:00+00:00,11.71,93.29,10128.0,21.667046,-157.95213,3505.0,0,18,9,261
2017-09-18 01:00:00+00:00,12.31,92.71,10122.0,21.667046,-157.95213,3260.0,1,18,9,261
2017-09-18 02:00:00+00:00,12.02,89.46,10119.0,21.667046,-157.95213,3130.0,2,18,9,261
2017-09-18 03:00:00+00:00,10.92,87.45,10124.0,21.667046,-157.95213,2982.0,3,18,9,261
2017-09-18 04:00:00+00:00,11.1,85.36,10122.0,21.667046,-157.95213,2683.0,4,18,9,261
2017-09-18 05:00:00+00:00,9.99,88.04,10128.0,21.667046,-157.95213,2455.0,5,18,9,261
2017-09-18 06:00:00+00:00,11.71,85.63,10134.0,21.667046,-157.95213,2476.0,6,18,9,261
2017-09-18 07:00:00+00:00,10.24,99.89,10140.0,21.667046,-157.95213,2323.0,7,18,9,261
2017-09-18 08:00:00+00:00,12.93,94.38,10139.0,21.667046,-157.95213,2414.0,8,18,9,261
2017-09-18 09:00:00+00:00,12.36,85.09,10136.0,21.667046,-157.95213,2437.0,9,18,9,261
2017-09-18 10:00:00+00:00,13.55,84.42,10138.0,21.667046,-157.95213,2461.0,10,18,9,261
2017-09-18 11:00:00+00:00,12.62,84.45,10136.0,21.667046,-157.95213,2445.0,11,18,9,261
2017-09-18 12:00:00+00:00,12.24,89.44,10127.0,21.667046,-157.95213,2425.0,12,18,9,261
2017-09-18 13:00:00+00:00,11.75,86.32,10125.0,21.667046,-157.95213,2406.0,13,18,9,261
2017-09-18 14:00:00+00:00,12.83,85.78,10118.0,21.667046,-157.95213,2424.0,14,18,9,261
2017-09-18 15:00:00+00:00,12.22,88.51,10121.0,21.667046,-157.95213,2405.0,15,18,9,261
2017-09-18 16:00:00+00:00,11.7,87.0,10123.0,21.667046,-157.95213,2385.0,16,18,9,261
2017-09-18 17:00:00+00:00,11.86,83.99,10129.0,21.667046,-157.95213,2593.0,17,18,9,261
2017-09-18 18:00:00+00:00,11.84,87.39,10132.0,21.667046,-157.95213,2918.0,18,18,9,261
2017-09-18 19:00:00+00:00,11.98,84.42,10135.0,21.667046,-157.95213,3005.0,19,18,9,261
2017-09-18 20:00:00+00:00,12.69,85.62,10137.0,21.667046,-157.95213,3108.0,20,18,9,261
2017-09-18 21:00:00+00:00,12.22,85.73,10135.0,21.667046,-157.95213,3329.0,21,18,9,261
2017-09-18 22:00:00+00:00,12.53,86.6,10131.0,21.667046,-157.95213,3431.0,22,18,9,261
2017-09-18 23:00:00+00:00,12.5,85.52,10124.0,21.667046,-157.95213,3488.0,23,18,9,261
2017-09-19 00:00:00+00:00,12.41,86.92,10118.0,21.667046,-157.95213,3541.0,0,19,9,262
2017-09-19 01:00:00+00:00,12.58,85.72,10114.0,21.667046,-157.95213,3278.0,1,19,9,262
2017-09-19 02:00:00+00:00,11.86,89.54,10112.0,21.667046,-157.95213,3171.0,2,19,9,262
2017-09-19 03:00:00+00:00,12.41,90.28,10115.0,21.667046,-157.95213,2919.0,3,19,9,262
2017-09-19 04:00:00+00:00,12.05,92.01,10117.0,21.667046,-157.95213,2648.0,4,19,9,262
2017-09-19 05:00:00+00:00,12.43,91.41,10122.0,21.667046,-157.95213,2468.0,5,19,9,262
2017-09-19 06:00:00+00:00,12.76,89.67,10125.0,21.667046,-157.95213,2475.0,6,19,9,262
2017-09-19 07:00:00+00:00,12.62,91.38,10127.0,21.667046,-157.95213,2463.0,7,19,9,262
2017-09-19 08:00:00+00:00,11.91,94.98,10129.0,21.667046,-157.95213,2464.0,8,19,9,262
2017-09-19 09:00:00+00:00,12.83,90.26,10130.0,21.667046,-157.95213,2464.0,9,19,9,262
2017-09-19 10:00:00+00:00,12.21,94.12,10128.0,21.667046,-157.95213,2453.0,10,19,9,262
2017-09-19 11:00:00+00:00,12.72,103.18,10127.0,21.667046,-157.95213,2431.0,11,19,9,262
2017-09-19 12:00:00+00:00,11.64,99.79,10118.0,21.667046,-157.95213,2400.0,12,19,9,262
2017-09-19 13:00:00+00:00,11.95,86.77,10115.0,21.667046,-157.95213,2391.0,13,19,9,262
2017-09-19 14:00:00+00:00,7.34,91.15,10110.0,21.667046,-157.95213,2260.0,14,19,9,262
2017-09-19 15:00:00+00:00,9.88,93.23,10109.0,21.667046,-157.95213,2354.0,15,19,9,262
2017-09-19 16:00:00+00:00,10.45,98.95,10111.0,21.667046,-157.95213,2355.0,16,19,9,262
2017-09-19 17:00:00+00:00,11.13,95.03,10112.0,21.667046,-157.95213,2554.0,17,19,9,262
2017-09-19 18:00:00+00:00,12.62,95.92,10114.0,21.667046,-157.95213,2854.0,18,19,9,262
2017-09-19 19:00:00+00:00,12.12,97.04,10119.0,21.667046,-157.95213,2894.0,19,19,9,262
2017-09-19 20:00:00+00:00,11.63,97.46,10122.0,21.667046,-157.95213,3371.0,20,19,9,262
2017-09-19 21:00:00+00:00,11.36,98.73,10124.0,21.667046,-157.95213,3501.0,21,19,9,262
2017-09-19 22:00:00+00:00,11.41,102.57,10122.0,21.667046,-157.95213,3638.0,22,19,9,262
2017-09-19 23:00:00+00:00,10.45,98.39,10119.0,21.667046,-157.95213,3707.0,23,19,9,262
2017-09-20 00:00:00+00:00,10.24,98.59,10109.0,21.667046,-157.95213,3472.0,0,20,9,263
2017-09-20 01:00:00+00:00,10.15,95.9,10107.0,21.667046,-157.95213,3409.0,1,20,9,263
2017-09-20 02:00:00+00:00,10.27,95.81,10106.0,21.667046,-157.95213,3232.0,2,20,9,263
2017-09-20 03:00:00+00:00,9.82,97.17,10109.0,21.667046,-157.95213,2941.0,3,20,9,263
2017-09-20 04:00:00+00:00,10.85,95.4,10113.0,21.667046,-157.95213,2667.0,4,20,9,263
2017-09-20 05:00:00+00:00,9.65,100.91,10120.0,21.667046,-157.95213,2446.0,5,20,9,263
2017-09-20 06:00:00+00:00,9.49,100.0,10127.0,21.667046,-157.95213,2422.0,6,20,9,263
2017-09-20 07:00:00+00:00,9.99,97.63,10133.0,21.667046,-157.95213,2435.0,7,20,9,263
2017-09-20 08:00:00+00:00,9.95,101.23,10135.0,21.667046,-157.95213,2419.0,8,20,9,263
2017-09-20 09:00:00+00:00,9.6,105.66,10136.0,21.667046,-157.95213,2413.0,9,20,9,263
2017-09-20 10:00:00+00:00,8.91,106.32,10134.0,21.667046,-157.95213,2367.0,10,20,9,263
2017-09-20 11:00:00+00:00,8.38,86.84,10130.0,21.667046,-157.95213,2433.0,11,20,9,263
2017-09-20 12:00:00+00:00,11.31,100.07,10124.0,21.667046,-157.95213,2390.0,12,20,9,263
2017-09-20 13:00:00+00:00,8.74,102.09,10120.0,21.667046,-157.95213,2450.0,13,20,9,263
2017-09-20 14:00:00+00:00,8.95,90.65,10117.0,21.667046,-157.95213,2423.0,14,20,9,263
2017-09-20 15:00:00+00:00,8.46,93.23,10121.0,21.667046,-157.95213,2385.0,15,20,9,263
2017-09-20 16:00:00+00:00,9.5,91.88,10123.0,21.667046,-157.95213,2405.0,16,20,9,263
2017-09-20 17:00:00+00:00,10.23,93.05,10128.0,21.667046,-157.95213,2592.0,17,20,9,263
2017-09-20 18:00:00+00:00,9.99,98.03,10131.0,21.667046,-157.95213,2930.0,18,20,9,263
2017-09-20 19:00:00+00:00,10.56,97.09,10135.0,21.667046,-157.95213,3076.0,19,20,9,263
2017-09-20 20:00:00+00:00,9.92,98.34,10138.0,21.667046,-157.95213,3425.0,20,20,9,263
2017-09-20 21:00:00+00:00,10.11,94.56,10136.0,21.667046,-157.95213,3609.0,21,20,9,263
2017-09-20 22:00:00+00:00,9.39,91.49,10134.0,21.667046,-157.95213,3651.0,22,20,9,263
2017-09-20 23:00:00+00:00,8.63,86.86,10130.0,21.667046,-157.95213,3697.0,23,20,9,263
2017-09-21 00:00:00+00:00,8.76,92.94,10127.0,21.667046,-157.95213,3640.0,0,21,9,264
2017-09-21 01:00:00+00:00,8.95,92.39,10123.0,21.667046,-157.95213,3360.0,1,21,9,264
2017-09-21 02:00:00+00:00,8.83,90.04,10124.0,21.667046,-157.95213,3278.0,2,21,9,264
2017-09-21 03:00:00+00:00,7.22,119.4,10130.0,21.667046,-157.95213,2428.0,3,21,9,264
2017-09-21 04:00:00+00:00,10.03,87.77,10134.0,21.667046,-157.95213,2604.0,4,21,9,264
2017-09-21 05:00:00+00:00,9.81,84.65,10138.0,21.667046,-157.95213,2417.0,5,21,9,264
2017-09-21 06:00:00+00:00,9.59,83.41,10144.0,21.667046,-157.95213,2426.0,6,21,9,264
2017-09-21 07:00:00+00:00,10.16,87.68,10148.0,21.667046,-157.95213,2416.0,7,21,9,264
2017-09-21 08:00:00+00:00,10.23,82.0,10150.0,21.667046,-157.95213,2410.0,8,21,9,264
2017-09-21 09:00:00+00:00,9.77,81.44,10152.0,21.667046,-157.95213,2410.0,9,21,9,264
2017-09-21 10:00:00+00:00,9.61,85.21,10148.0,21.667046,-157.95213,2402.0,10,21,9,264
2017-09-21 11:00:00+00:00,9.29,86.65,10146.0,21.667046,-157.95213,2372.0,11,21,9,264
2017-09-21 12:00:00+00:00,9.38,85.89,10139.0,21.667046,-157.95213,2349.0,12,21,9,264
2017-09-21 13:00:00+00:00,9.23,86.93,10135.0,21.667046,-157.95213,2337.0,13,21,9,264
2017-09-21 14:00:00+00:00,9.37,83.48,10129.0,21.667046,-157.95213,2337.0,14,21,9,264
2017-09-21 15:00:00+00:00,9.37,81.53,10132.0,21.667046,-157.95213,2321.0,15,21,9,264
2017-09-21 16:00:00+00:00,9.36,83.6,10135.0,21.667046,-157.95213,2302.0,16,21,9,264
2017-09-21 17:00:00+00:00,9.2,81.17,10137.0,21.667046,-157.95213,2540.0,17,21,9,264
2017-09-21 18:00:00+00:00,9.75,80.87,10142.0,21.667046,-157.95213,2923.0,18,21,9,264
2017-09-21 19:00:00+00:00,9.84,82.47,10146.0,21.667046,-157.95213,3200.0,19,21,9,264
2017-09-21 20:00:00+00:00,10.47,80.83,10147.0,21.667046,-157.95213,3411.0,20,21,9,264
2017-09-21 21:00:00+00:00,10.43,81.13,10145.0,21.667046,-157.95213,3554.0,21,21,9,264
2017-09-21 22:00:00+00:00,10.3,79.45,10141.0,21.667046,-157.95213,3637.0,22,21,9,264
2017-09-21 23:00:00+00:00,10.15,81.52,10135.0,21.667046,-157.95213,3690.0,23,21,9,264
2017-09-22 00:00:00+00:00,9.79,83.83,10129.0,21.667046,-157.95213,3474.0,0,22,9,265
2017-09-22 01:00:00+00:00,10.61,77.76,10125.0,21.667046,-157.95213,3442.0,1,22,9,265
2017-09-22 02:00:00+00:00,10.25,77.29,10124.0,21.667046,-157.95213,3231.0,2,22,9,265
2017-09-22 03:00:00+00:00,10.75,70.81,10125.0,21.667046,-157.95213,2906.0,3,22,9,265
2017-09-22 04:00:00+00:00,10.81,71.54,10130.0,21.667046,-157.95213,2648.0,4,22,9,265
2017-09-22 05:00:00+00:00,10.61,76.83,10133.0,21.667046,-157.95213,2480.0,5,22,9,265
2017-09-22 06:00:00+00:00,11.09,73.17,10139.0,21.667046,-157.95213,2461.0,6,22,9,265
2017-09-22 07:00:00+00:00,11.16,70.66,10142.0,21.667046,-157.95213,2448.0,7,22,9,265
2017-09-22 08:00:00+00:00,10.83,71.68,10144.0,21.667046,-157.95213,2441.0,8,22,9,265
2017-09-22 09:00:00+00:00,9.3,73.64,10146.0,21.667046,-157.95213,2388.0,9,22,9,265
2017-09-22 10:00:00+00:00,10.4,77.79,10141.0,21.667046,-157.95213,2386.0,10,22,9,265
2017-09-22 11:00:00+00:00,10.1,71.03,10136.0,21.667046,-157.95213,2378.0,11,22,9,265
2017-09-22 12:00:00+00:00,9.53,71.99,10130.0,21.667046,-157.95213,2347.0,12,22,9,265
2017-09-22 13:00:00+00:00,8.26,66.5,10123.0,21.667046,-157.95213,2317.0,13,22,9,265
2017-09-22 14:00:00+00:00,9.62,75.85,10121.0,21.667046,-157.95213,2341.0,14,22,9,265
2017-09-22 15:00:00+00:00,9.0,82.19,10121.0,21.667046,-157.95213,2295.0,15,22,9,265
2017-09-22 16:00:00+00:00,9.14,81.61,10125.0,21.667046,-157.95213,2298.0,16,22,9,265
2017-09-22 17:00:00+00:00,8.74,79.85,10127.0,21.667046,-157.95213,2555.0,17,22,9,265
2017-09-22 18:00:00+00:00,8.45,79.16,10132.0,21.667046,-157.95213,2844.0,18,22,9,265
2017-09-22 19:00:00+00:00,8.82,77.19,10135.0,21.667046,-157.95213,3123.0,19,22,9,265
2017-09-22 20:00:00+00:00,8.08,75.52,10135.0,21.667046,-157.95213,3418.0,20,22,9,265
2017-09-22 21:00:00+00:00,7.72,81.1,10134.0,21.667046,-157.95213,3441.0,21,22,9,265
2017-09-22 22:00:00+00:00,8.01,79.63,10131.0,21.667046,-157.95213,3579.0,22,22,9,265
2017-09-22 23:00:00+00:00,7.61,78.4,10126.0,21.667046,-157.95213,3731.0,23,22,9,265
2017-09-23 00:00:00+00:00,7.86,68.77,10118.0,21.667046,-157.95213,3526.0,0,23,9,266
2017-09-23 01:00:00+00:00,8.04,75.09,10117.0,21.667046,-157.95213,3459.0,1,23,9,266
2017-09-23 02:00:00+00:00,8.4,68.92,10111.0,21.667046,-157.95213,3151.0,2,23,9,266
2017-09-23 03:00:00+00:00,8.22,71.31,10113.0,21.667046,-157.95213,2907.0,3,23,9,266
2017-09-23 04:00:00+00:00,8.97,71.78,10114.0,21.667046,-157.95213,2638.0,4,23,9,266
2017-09-23 05:00:00+00:00,8.76,77.36,10121.0,21.667046,-157.95213,2420.0,5,23,9,266
2017-09-23 06:00:00+00:00,9.05,83.04,10125.0,21.667046,-157.95213,2421.0,6,23,9,266
2017-09-23 07:00:00+00:00,8.84,79.8,10127.0,21.667046,-157.95213,2396.0,7,23,9,266
2017-09-23 08:00:00+00:00,8.8,83.54,10128.0,21.667046,-157.95213,2371.0,8,23,9,266
2017-09-23 09:00:00+00:00,8.58,83.17,10129.0,21.667046,-157.95213,2367.0,9,23,9,266
2017-09-23 10:00:00+00:00,8.26,81.93,10127.0,21.667046,-157.95213,2304.0,10,23,9,266
2017-09-23 11:00:00+00:00,7.75,80.21,10125.0,21.667046,-157.95213,2278.0,11,23,9,266
2017-09-23 12:00:00+00:00,6.99,81.74,10122.0,21.667046,-157.95213,2159.0,12,23,9,266
2017-09-23 13:00:00+00:00,7.23,76.36,10117.0,21.667046,-157.95213,2218.0,13,23,9,266
2017-09-23 14:00:00+00:00,6.99,78.57,10117.0,21.667046,-157.95213,1983.0,14,23,9,266
2017-09-23 15:00:00+00:00,7.08,65.12,10119.0,21.667046,-157.95213,1989.0,15,23,9,266
2017-09-23 16:00:00+00:00,6.46,67.27,10125.0,21.667046,-157.95213,1940.0,16,23,9,266
2017-09-23 17:00:00+00:00,7.17,64.07,10128.0,21.667046,-157.95213,2511.0,17,23,9,266
2017-09-23 18:00:00+00:00,7.04,70.96,10131.0,21.667046,-157.95213,2909.0,18,23,9,266
2017-09-23 19:00:00+00:00,6.89,68.79,10136.0,21.667046,-157.95213,3175.0,19,23,9,266
2017-09-23 20:00:00+00:00,6.61,71.72,10136.0,21.667046,-157.95213,3303.0,20,23,9,266
2017-09-23 21:00:00+00:00,7.02,72.03,10131.0,21.667046,-157.95213,3380.0,21,23,9,266
2017-09-23 22:00:00+00:00,6.81,76.59,10122.0,21.667046,-157.95213,3673.0,22,23,9,266
2017-09-23 23:00:00+00:00,7.09,72.52,10115.0,21.667046,-157.95213,3706.0,23,23,9,266
2017-09-24 00:00:00+00:00,7.32,76.79,10109.0,21.667046,-157.95213,3504.0,0,24,9,267
2017-09-24 01:00:00+00:00,6.57,82.28,10108.0,21.667046,-157.95213,3309.0,1,24,9,267
2017-09-24 02:00:00+00:00,6.95,78.87,10109.0,21.667046,-157.95213,3206.0,2,24,9,267
2017-09-24 03:00:00+00:00,7.33,75.41,10111.0,21.667046,-157.95213,2980.0,3,24,9,267
2017-09-24 04:00:00+00:00,7.0,74.6,10115.0,21.667046,-157.95213,2603.0,4,24,9,267
2017-09-24 05:00:00+00:00,6.63,57.42,10123.0,21.667046,-157.95213,2372.0,5,24,9,267
2017-09-24 06:00:00+00:00,7.15,71.13,10130.0,21.667046,-157.95213,2326.0,6,24,9,267
2017-09-24 07:00:00+00:00,6.78,69.61,10132.0,21.667046,-157.95213,2269.0,7,24,9,267
2017-09-24 08:00:00+00:00,8.01,65.06,10134.0,21.667046,-157.95213,2204.0,8,24,9,267
2017-09-24 09:00:00+00:00,7.15,69.0,10132.0,21.667046,-157.95213,2161.0,9,24,9,267
2017-09-24 10:00:00+00:00,7.05,66.61,10126.0,21.667046,-157.95213,2130.0,10,24,9,267
2017-09-24 11:00:00+00:00,6.9,74.8,10123.0,21.667046,-157.95213,2060.0,11,24,9,267
2017-09-24 12:00:00+00:00,6.28,61.55,10116.0,21.667046,-157.95213,2010.0,12,24,9,267
2017-09-24 13:00:00+00:00,7.4,68.98,10111.0,21.667046,-157.95213,2087.0,13,24,9,267
2017-09-24 14:00:00+00:00,6.65,66.08,10107.0,21.667046,-157.95213,1942.0,14,24,9,267
2017-09-24 15:00:00+00:00,7.28,64.54,10109.0,21.667046,-157.95213,2111.0,15,24,9,267
2017-09-24 16:00:00+00:00,6.28,68.69,10114.0,21.667046,-157.95213,1923.0,16,24,9,267
2017-09-24 17:00:00+00:00,6.43,63.84,10116.0,21.667046,-157.95213,2350.0,17,24,9,267
2017-09-24 18:00:00+00:00,5.34,71.79,10121.0,21.667046,-157.95213,2749.0,18,24,9,267
2017-09-24 19:00:00+00:00,5.76,76.95,10123.0,21.667046,-157.95213,3181.0,19,24,9,267
2017-09-24 20:00:00+00:00,6.08,72.52,10126.0,21.667046,-157.95213,3440.0,20,24,9,267
2017-09-24 21:00:00+00:00,6.25,75.62,10121.0,21.667046,-157.95213,3401.0,21,24,9,267
2017-09-24 22:00:00+00:00,6.13,72.31,10117.0,21.667046,-157.95213,3488.0,22,24,9,267
2017-09-24 23:00:00+00:00,5.73,70.44,10110.0,21.667046,-157.95213,3590.0,23,24,9,267
2017-09-25 00:00:00+00:00,5.99,73.12,10103.0,21.667046,-157.95213,3498.0,0,25,9,268
2017-09-25 01:00:00+00:00,5.56,66.55,10098.0,21.667046,-157.95213,3489.0,1,25,9,268
2017-09-25 02:00:00+00:00,5.32,72.03,10101.0,21.667046,-157.95213,3249.0,2,25,9,268
2017-09-25 03:00:00+00:00,5.11,68.88,10101.0,21.667046,-157.95213,2976.0,3,25,9,268
2017-09-25 04:00:00+00:00,5.62,72.53,10106.0,21.667046,-157.95213,2616.0,4,25,9,268
2017-09-25 05:00:00+00:00,5.54,58.78,10110.0,21.667046,-157.95213,2149.0,5,25,9,268
2017-09-25 06:00:00+00:00,6.01,58.27,10116.0,21.667046,-157.95213,2240.0,6,25,9,268
2017-09-25 07:00:00+00:00,6.55,56.9,10120.0,21.667046,-157.95213,2250.0,7,25,9,268
2017-09-25 08:00:00+00:00,6.67,66.04,10120.0,21.667046,-157.95213,2169.0,8,25,9,268
2017-09-25 09:00:00+00:00,6.88,60.66,10118.0,21.667046,-157.95213,2230.0,9,25,9,268
2017-09-25 10:00:00+00:00,6.52,67.47,10115.0,21.667046,-157.95213,2161.0,10,25,9,268
2017-09-25 11:00:00+00:00,5.86,71.71,10112.0,21.667046,-157.95213,1995.0,11,25,9,268
2017-09-25 12:00:00+00:00,5.78,71.37,10106.0,21.667046,-157.95213,1993.0,12,25,9,268
2017-09-25 13:00:00+00:00,6.29,46.96,10104.0,21.667046,-157.95213,2292.0,13,25,9,268
2017-09-25 14:00:00+00:00,4.34,54.37,10102.0,21.667046,-157.95213,2062.0,14,25,9,268
2017-09-25 15:00:00+00:00,5.92,43.51,10103.0,21.667046,-157.95213,1944.0,15,25,9,268
2017-09-25 16:00:00+00:00,3.01,53.27,10106.0,21.667046,-157.95213,1933.0,16,25,9,268
2017-09-25 17:00:00+00:00,3.75,28.26,10110.0,21.667046,-157.95213,2383.0,17,25,9,268
2017-09-25 18:00:00+00:00,4.48,37.56,10114.0,21.667046,-157.95213,2660.0,18,25,9,268
2017-09-25 19:00:00+00:00,4.54,43.27,10119.0,21.667046,-157.95213,2954.0,19,25,9,268
2017-09-25 20:00:00+00:00,4.16,50.2,10117.0,21.667046,-157.95213,3170.0,20,25,9,268
2017-09-25 21:00:00+00:00,4.48,54.41,10115.0,21.667046,-157.95213,3590.0,21,25,9,268
2017-09-25 22:00:00+00:00,4.43,54.95,10109.0,21.667046,-157.95213,3603.0,22,25,9,268
2017-09-25 23:00:00+00:00,3.79,53.91,10102.0,21.667046,-157.95213,3657.0,23,25,9,268
2017-09-26 00:00:00+00:00,4.25,58.26,10098.0,21.667046,-157.95213,3533.0,0,26,9,269
2017-09-26 01:00:00+00:00,4.33,49.54,10092.0,21.667046,-157.95213,3348.0,1,26,9,269
2017-09-26 02:00:00+00:00,3.83,46.46,10093.0,21.667046,-157.95213,3061.0,2,26,9,269
2017-09-26 03:00:00+00:00,3.52,41.93,10095.0,21.667046,-157.95213,2954.0,3,26,9,269
2017-09-26 04:00:00+00:00,3.11,40.15,10099.0,21.667046,-157.95213,2567.0,4,26,9,269
2017-09-26 05:00:00+00:00,2.85,53.72,10107.0,21.667046,-157.95213,2150.0,5,26,9,269
2017-09-26 06:00:00+00:00,4.49,46.54,10114.0,21.667046,-157.95213,2078.0,6,26,9,269
2017-09-26 07:00:00+00:00,4.81,57.11,10118.0,21.667046,-157.95213,2031.0,7,26,9,269
2017-09-26 08:00:00+00:00,4.9,67.9,10120.0,21.667046,-157.95213,2055.0,8,26,9,269
2017-09-26 09:00:00+00:00,4.76,71.25,10119.0,21.667046,-157.95213,2405.0,9,26,9,269
2017-09-26 10:00:00+00:00,5.71,74.06,10118.0,21.667046,-157.95213,2074.0,10,26,9,269
2017-09-26 11:00:00+00:00,5.07,73.13,10114.0,21.667046,-157.95213,1987.0,11,26,9,269
2017-09-26 12:00:00+00:00,4.85,77.6,10110.0,21.667046,-157.95213,1973.0,12,26,9,269
2017-09-26 13:00:00+00:00,5.55,66.84,10105.0,21.667046,-157.95213,1941.0,13,26,9,269
2017-09-26 14:00:00+00:00,5.39,57.41,10103.0,21.667046,-157.95213,2016.0,14,26,9,269
2017-09-26 15:00:00+00:00,4.84,67.05,10106.0,21.667046,-157.95213,1866.0,15,26,9,269
2017-09-26 16:00:00+00:00,4.99,57.0,10107.0,21.667046,-157.95213,1849.0,16,26,9,269
2017-09-26 17:00:00+00:00,5.99,55.44,10112.0,21.667046,-157.95213,2455.0,17,26,9,269
2017-09-26 18:00:00+00:00,5.2,62.7,10118.0,21.667046,-157.95213,2911.0,18,26,9,269
2017-09-26 19:00:00+00:00,5.21,72.13,10120.0,21.667046,-157.95213,3121.0,19,26,9,269
2017-09-26 20:00:00+00:00,5.18,73.85,10120.0,21.667046,-157.95213,3315.0,20,26,9,269
2017-09-26 21:00:00+00:00,5.41,77.01,10117.0,21.667046,-157.95213,3507.0,21,26,9,269
2017-09-26 22:00:00+00:00,5.52,72.1,10114.0,21.667046,-157.95213,3512.0,22,26,9,269
2017-09-26 23:00:00+00:00,5.94,73.95,10107.0,21.667046,-157.95213,3511.0,23,26,9,269
2017-09-27 00:00:00+00:00,5.69,72.39,10102.0,21.667046,-157.95213,3457.0,0,27,9,270
2017-09-27 01:00:00+00:00,5.23,72.15,10097.0,21.667046,-157.95213,3409.0,1,27,9,270
2017-09-27 02:00:00+00:00,5.88,75.45,10095.0,21.667046,-157.95213,3188.0,2,27,9,270
2017-09-27 03:00:00+00:00,5.75,64.52,10100.0,21.667046,-157.95213,2898.0,3,27,9,270
2017-09-27 04:00:00+00:00,5.66,50.58,10105.0,21.667046,-157.95213,2569.0,4,27,9,270
2017-09-27 05:00:00+00:00,6.14,59.75,10110.0,21.667046,-157.95213,2097.0,5,27,9,270
2017-09-27 06:00:00+00:00,5.78,64.26,10117.0,21.667046,-157.95213,2065.0,6,27,9,270
2017-09-27 07:00:00+00:00,6.16,63.21,10122.0,21.667046,-157.95213,2106.0,7,27,9,270
2017-09-27 08:00:00+00:00,5.6,79.05,10124.0,21.667046,-157.95213,2072.0,8,27,9,270
2017-09-27 09:00:00+00:00,6.13,76.73,10122.0,21.667046,-157.95213,2038.0,9,27,9,270
2017-09-27 10:00:00+00:00,6.0,70.72,10122.0,21.667046,-157.95213,1982.0,10,27,9,270
2017-09-27 11:00:00+00:00,6.2,65.72,10116.0,21.667046,-157.95213,1969.0,11,27,9,270
2017-09-27 12:00:00+00:00,5.2,77.92,10115.0,21.667046,-157.95213,1958.0,12,27,9,270
2017-09-27 13:00:00+00:00,4.6,56.95,10109.0,21.667046,-157.95213,1897.0,13,27,9,270
2017-09-27 14:00:00+00:00,5.51,62.9,10109.0,21.667046,-157.95213,2029.0,14,27,9,270
2017-09-27 15:00:00+00:00,4.5,69.66,10108.0,21.667046,-157.95213,2033.0,15,27,9,270
2017-09-27 16:00:00+00:00,6.1,67.43,10111.0,21.667046,-157.95213,1969.0,16,27,9,270
2017-09-27 17:00:00+00:00,6.34,74.47,10117.0,21.667046,-157.95213,2451.0,17,27,9,270
2017-09-27 18:00:00+00:00,5.52,79.75,10120.0,21.667046,-157.95213,2909.0,18,27,9,270
2017-09-27 19:00:00+00:00,6.2,81.0,10125.0,21.667046,-157.95213,3115.0,19,27,9,270
2017-09-27 20:00:00+00:00,6.75,83.37,10125.0,21.667046,-157.95213,3356.0,20,27,9,270
2017-09-27 21:00:00+00:00,7.2,86.62,10123.0,21.667046,-157.95213,3599.0,21,27,9,270
2017-09-27 22:00:00+00:00,6.8,89.2,10118.0,21.667046,-157.95213,3475.0,22,27,9,270
2017-09-27 23:00:00+00:00,7.28,86.07,10111.0,21.667046,-157.95213,3466.0,23,27,9,270
2017-09-28 00:00:00+00:00,6.78,88.04,10104.0,21.667046,-157.95213,3248.0,0,28,9,271
2017-09-28 01:00:00+00:00,6.78,88.5,10097.0,21.667046,-157.95213,3370.0,1,28,9,271
2017-09-28 02:00:00+00:00,6.85,97.51,10099.0,21.667046,-157.95213,3114.0,2,28,9,271
2017-09-28 03:00:00+00:00,6.63,91.96,10101.0,21.667046,-157.95213,2880.0,3,28,9,271
2017-09-28 04:00:00+00:00,6.86,87.94,10107.0,21.667046,-157.95213,2637.0,4,28,9,271
2017-09-28 05:00:00+00:00,7.43,81.95,10111.0,21.667046,-157.95213,2470.0,5,28,9,271
2017-09-28 06:00:00+00:00,8.24,77.84,10120.0,21.667046,-157.95213,2481.0,6,28,9,271
2017-09-28 07:00:00+00:00,9.15,74.36,10124.0,21.667046,-157.95213,2443.0,7,28,9,271
2017-09-28 08:00:00+00:00,7.33,84.73,10125.0,21.667046,-157.95213,2431.0,8,28,9,271
2017-09-28 09:00:00+00:00,8.14,85.2,10123.0,21.667046,-157.95213,2457.0,9,28,9,271
2017-09-28 10:00:00+00:00,7.8,97.12,10122.0,21.667046,-157.95213,2443.0,10,28,9,271
2017-09-28 11:00:00+00:00,8.62,87.09,10120.0,21.667046,-157.95213,2406.0,11,28,9,271
2017-09-28 12:00:00+00:00,8.78,80.7,10114.0,21.667046,-157.95213,2367.0,12,28,9,271
2017-09-28 13:00:00+00:00,8.38,81.88,10113.0,21.667046,-157.95213,2338.0,13,28,9,271
2017-09-28 14:00:00+00:00,8.73,79.3,10114.0,21.667046,-157.95213,2334.0,14,28,9,271
2017-09-28 15:00:00+00:00,8.92,76.36,10114.0,21.667046,-157.95213,2329.0,15,28,9,271
2017-09-28 16:00:00+00:00,9.59,76.45,10114.0,21.667046,-157.95213,2343.0,16,28,9,271
2017-09-28 17:00:00+00:00,9.67,81.94,10119.0,21.667046,-157.95213,2540.0,17,28,9,271
2017-09-28 18:00:00+00:00,8.87,82.99,10123.0,21.667046,-157.95213,2895.0,18,28,9,271
2017-09-28 19:00:00+00:00,9.36,81.13,10125.0,21.667046,-157.95213,3101.0,19,28,9,271
2017-09-28 20:00:00+00:00,8.9,87.49,10124.0,21.667046,-157.95213,3380.0,20,28,9,271
2017-09-28 21:00:00+00:00,9.55,85.93,10121.0,21.667046,-157.95213,3406.0,21,28,9,271
2017-09-28 22:00:00+00:00,10.14,82.57,10114.0,21.667046,-157.95213,3435.0,22,28,9,271
2017-09-28 23:00:00+00:00,10.06,83.16,10107.0,21.667046,-157.95213,3573.0,23,28,9,271
2017-09-29 00:00:00+00:00,10.14,81.8,10103.0,21.667046,-157.95213,3506.0,0,29,9,272
2017-09-29 01:00:00+00:00,10.57,80.92,10098.0,21.667046,-157.95213,3300.0,1,29,9,272
2017-09-29 02:00:00+00:00,10.71,79.91,10099.0,21.667046,-157.95213,3120.0,2,29,9,272
2017-09-29 03:00:00+00:00,10.26,78.8,10103.0,21.667046,-157.95213,2911.0,3,29,9,272
2017-09-29 04:00:00+00:00,10.73,79.79,10107.0,21.667046,-157.95213,2603.0,4,29,9,272
2017-09-29 05:00:00+00:00,10.77,78.55,10110.0,21.667046,-157.95213,2465.0,5,29,9,272
2017-09-29 06:00:00+00:00,10.13,79.78,10116.0,21.667046,-157.95213,2466.0,6,29,9,272
2017-09-29 07:00:00+00:00,10.32,86.22,10121.0,21.667046,-157.95213,2460.0,7,29,9,272
2017-09-29 08:00:00+00:00,10.41,87.71,10122.0,21.667046,-157.95213,2457.0,8,29,9,272
2017-09-29 09:00:00+00:00,9.77,86.42,10121.0,21.667046,-157.95213,2414.0,9,29,9,272
2017-09-29 10:00:00+00:00,8.55,86.16,10119.0,21.667046,-157.95213,2395.0,10,29,9,272
2017-09-29 11:00:00+00:00,9.13,94.85,10117.0,21.667046,-157.95213,2276.0,11,29,9,272
2017-09-29 12:00:00+00:00,8.35,79.26,10112.0,21.667046,-157.95213,2298.0,12,29,9,272
2017-09-29 13:00:00+00:00,7.61,85.78,10110.0,21.667046,-157.95213,2134.0,13,29,9,272
2017-09-29 14:00:00+00:00,11.26,74.64,10112.0,21.667046,-157.95213,2288.0,14,29,9,272
2017-09-29 15:00:00+00:00,8.04,90.74,10110.0,21.667046,-157.95213,2227.0,15,29,9,272
2017-09-29 16:00:00+00:00,8.07,82.08,10110.0,21.667046,-157.95213,2334.0,16,29,9,272
2017-09-29 17:00:00+00:00,10.45,79.39,10113.0,21.667046,-157.95213,2415.0,17,29,9,272
2017-09-29 18:00:00+00:00,7.77,89.98,10113.0,21.667046,-157.95213,2667.0,18,29,9,272
2017-09-29 19:00:00+00:00,8.65,95.64,10115.0,21.667046,-157.95213,2818.0,19,29,9,272
2017-09-29 20:00:00+00:00,8.73,95.45,10115.0,21.667046,-157.95213,2908.0,20,29,9,272
2017-09-29 21:00:00+00:00,9.35,93.16,10110.0,21.667046,-157.95213,3203.0,21,29,9,272
2017-09-29 22:00:00+00:00,7.82,103.46,10106.0,21.667046,-157.95213,3238.0,22,29,9,272
2017-09-29 23:00:00+00:00,9.07,103.76,10098.0,21.667046,-157.95213,3328.0,23,29,9,272
2017-09-30 00:00:00+00:00,7.86,117.63,10095.0,21.667046,-157.95213,2324.0,0,30,9,273
2017-09-30 01:00:00+00:00,6.98,109.68,10094.0,21.667046,-157.95213,2406.0,1,30,9,273
2017-09-30 02:00:00+00:00,8.84,97.64,10086.0,21.667046,-157.95213,2833.0,2,30,9,273
2017-09-30 03:00:00+00:00,8.42,94.71,10089.0,21.667046,-157.95213,2813.0,3,30,9,273
2017-09-30 04:00:00+00:00,8.31,103.52,10093.0,21.667046,-157.95213,2530.0,4,30,9,273
2017-09-30 05:00:00+00:00,7.71,110.5,10098.0,21.667046,-157.95213,2248.0,5,30,9,273
2017-09-30 06:00:00+00:00,7.92,109.15,10102.0,21.667046,-157.95213,2278.0,6,30,9,273
2017-09-30 07:00:00+00:00,8.36,108.99,10107.0,21.667046,-157.95213,2259.0,7,30,9,273
2017-09-30 08:00:00+00:00,7.16,111.5,10107.0,21.667046,-157.95213,2169.0,8,30,9,273
2017-09-30 09:00:00+00:00,7.2,122.19,10109.0,21.667046,-157.95213,2284.0,9,30,9,273
2017-09-30 10:00:00+00:00,5.83,132.75,10107.0,21.667046,-157.95213,2128.0,10,30,9,273
2017-09-30 11:00:00+00:00,5.9,151.33,10106.0,21.667046,-157.95213,2124.0,11,30,9,273
2017-09-30 12:00:00+00:00,5.76,148.11,10099.0,21.667046,-157.95213,2119.0,12,30,9,273
2017-09-30 13:00:00+00:00,5.47,143.0,10098.0,21.667046,-157.95213,1972.0,13,30,9,273
2017-09-30 14:00:00+00:00,2.59,148.19,10095.0,21.667046,-157.95213,2002.0,14,30,9,273
2017-09-30 15:00:00+00:00,1.76,198.79,10095.0,21.667046,-157.95213,2022.0,15,30,9,273
2017-09-30 16:00:00+00:00,1.12,177.2,10097.0,21.667046,-157.95213,1959.0,16,30,9,273
2017-09-30 17:00:00+00:00,0.83,130.82,10100.0,21.667046,-157.95213,2292.0,17,30,9,273
2017-09-30 18:00:00+00:00,1.12,89.72,10103.0,21.667046,-157.95213,2975.0,18,30,9,273
2017-09-30 19:00:00+00:00,2.59,86.0,10104.0,21.667046,-157.95213,3330.0,19,30,9,273
2017-09-30 20:00:00+00:00,3.55,87.32,10106.0,21.667046,-157.95213,3503.0,20,30,9,273
2017-09-30 21:00:00+00:00,3.83,84.21,10101.0,21.667046,-157.95213,3688.0,21,30,9,273
2017-09-30 22:00:00+00:00,3.7,78.82,10099.0,21.667046,-157.95213,3634.0,22,30,9,273
2017-09-30 23:00:00+00:00,3.21,52.5,10097.0,21.667046,-157.95213,3713.0,23,30,9,273
2017-10-01 00:00:00+00:00,3.39,49.8,10091.0,21.667046,-157.95213,3675.0,0,1,10,274
2017-10-01 01:00:00+00:00,3.3,49.68,10092.0,21.667046,-157.95213,3299.0,1,1,10,274
2017-10-01 02:00:00+00:00,2.35,171.94,10093.0,21.667046,-157.95213,3119.0,2,1,10,274
2017-10-01 03:00:00+00:00,1.21,161.08,10092.0,21.667046,-157.95213,3001.0,3,1,10,274
2017-10-01 04:00:00+00:00,1.54,42.16,10095.0,21.667046,-157.95213,2599.0,4,1,10,274
2017-10-01 05:00:00+00:00,0.73,353.63,10101.0,21.667046,-157.95213,2301.0,5,1,10,274
2017-10-01 06:00:00+00:00,0.3,354.41,10106.0,21.667046,-157.95213,2266.0,6,1,10,274
2017-10-01 07:00:00+00:00,1.17,256.97,10111.0,21.667046,-157.95213,2244.0,7,1,10,274
2017-10-01 08:00:00+00:00,2.08,254.29,10111.0,21.667046,-157.95213,2219.0,8,1,10,274
2017-10-01 09:00:00+00:00,1.49,260.66,10110.0,21.667046,-157.95213,2142.0,9,1,10,274
2017-10-01 10:00:00+00:00,2.1,206.44,10108.0,21.667046,-157.95213,2125.0,10,1,10,274
2017-10-01 11:00:00+00:00,3.04,168.94,10106.0,21.667046,-157.95213,2141.0,11,1,10,274
2017-10-01 12:00:00+00:00,3.3,212.64,10098.0,21.667046,-157.95213,2057.0,12,1,10,274
2017-10-01 13:00:00+00:00,1.12,260.77,10092.0,21.667046,-157.95213,2102.0,13,1,10,274
2017-10-01 14:00:00+00:00,3.46,181.33,10089.0,21.667046,-157.95213,2320.0,14,1,10,274
2017-10-01 15:00:00+00:00,3.16,167.32,10088.0,21.667046,-157.95213,2171.0,15,1,10,274
2017-10-01 16:00:00+00:00,2.29,165.33,10094.0,21.667046,-157.95213,2113.0,16,1,10,274
2017-10-01 17:00:00+00:00,2.58,177.96,10096.0,21.667046,-157.95213,2360.0,17,1,10,274
2017-10-01 18:00:00+00:00,1.63,99.91,10102.0,21.667046,-157.95213,2914.0,18,1,10,274
2017-10-01 19:00:00+00:00,2.55,86.55,10112.0,21.667046,-157.95213,3257.0,19,1,10,274
2017-10-01 20:00:00+00:00,3.12,54.66,10116.0,21.667046,-157.95213,3536.0,20,1,10,274
2017-10-01 21:00:00+00:00,3.35,44.5,10113.0,21.667046,-157.95213,3607.0,21,1,10,274
2017-10-01 22:00:00+00:00,3.45,43.08,10112.0,21.667046,-157.95213,3684.0,22,1,10,274
2017-10-01 23:00:00+00:00,3.35,22.54,10106.0,21.667046,-157.95213,3477.0,23,1,10,274
2017-10-02 00:00:00+00:00,2.06,19.62,10095.0,21.667046,-157.95213,3563.0,0,2,10,275
2017-10-02 01:00:00+00:00,2.44,121.53,10092.0,21.667046,-157.95213,2612.0,1,2,10,275
2017-10-02 02:00:00+00:00,2.94,122.5,10086.0,21.667046,-157.95213,2871.0,2,2,10,275
2017-10-02 03:00:00+00:00,1.93,119.17,10088.0,21.667046,-157.95213,2784.0,3,2,10,275
2017-10-02 04:00:00+00:00,0.88,28.26,10093.0,21.667046,-157.95213,2506.0,4,2,10,275
2017-10-02 05:00:00+00:00,0.83,91.13,10097.0,21.667046,-157.95213,2296.0,5,2,10,275
2017-10-02 06:00:00+00:00,0.92,122.34,10103.0,21.667046,-157.95213,2372.0,6,2,10,275
2017-10-02 07:00:00+00:00,1.09,4.2,10112.0,21.667046,-157.95213,2243.0,7,2,10,275
2017-10-02 08:00:00+00:00,0.99,64.13,10113.0,21.667046,-157.95213,2135.0,8,2,10,275
2017-10-02 09:00:00+00:00,1.25,120.86,10110.0,21.667046,-157.95213,2172.0,9,2,10,275
2017-10-02 10:00:00+00:00,1.9,156.93,10104.0,21.667046,-157.95213,2164.0,10,2,10,275
2017-10-02 11:00:00+00:00,1.65,133.54,10102.0,21.667046,-157.95213,2128.0,11,2,10,275
2017-10-02 12:00:00+00:00,1.54,181.19,10094.0,21.667046,-157.95213,2111.0,12,2,10,275
2017-10-02 13:00:00+00:00,0.29,222.73,10087.0,21.667046,-157.95213,2073.0,13,2,10,275
2017-10-02 14:00:00+00:00,0.64,114.7,10082.0,21.667046,-157.95213,2086.0,14,2,10,275
2017-10-02 15:00:00+00:00,1.36,160.43,10085.0,21.667046,-157.95213,2046.0,15,2,10,275
2017-10-02 16:00:00+00:00,3.39,139.98,10089.0,21.667046,-157.95213,2054.0,16,2,10,275
2017-10-02 17:00:00+00:00,2.22,154.32,10095.0,21.667046,-157.95213,2367.0,17,2,10,275
2017-10-02 18:00:00+00:00,1.57,116.57,10098.0,21.667046,-157.95213,2930.0,18,2,10,275
2017-10-02 19:00:00+00:00,2.95,92.04,10102.0,21.667046,-157.95213,3119.0,19,2,10,275
2017-10-02 20:00:00+00:00,4.1,91.89,10103.0,21.667046,-157.95213,3487.0,20,2,10,275
2017-10-02 21:00:00+00:00,4.93,87.42,10103.0,21.667046,-157.95213,3415.0,21,2,10,275
2017-10-02 22:00:00+00:00,6.18,92.97,10102.0,21.667046,-157.95213,3493.0,22,2,10,275
2017-10-02 23:00:00+00:00,6.86,100.82,10093.0,21.667046,-157.95213,3657.0,23,2,10,275
2017-10-03 00:00:00+00:00,7.12,103.91,10085.0,21.667046,-157.95213,3452.0,0,3,10,276
2017-10-03 01:00:00+00:00,7.49,103.96,10083.0,21.667046,-157.95213,3434.0,1,3,10,276
2017-10-03 02:00:00+00:00,7.35,107.38,10080.0,21.667046,-157.95213,3170.0,2,3,10,276
2017-10-03 03:00:00+00:00,6.73,113.01,10088.0,21.667046,-157.95213,2942.0,3,3,10,276
2017-10-03 04:00:00+00:00,6.02,111.83,10092.0,21.667046,-157.95213,2588.0,4,3,10,276
2017-10-03 05:00:00+00:00,6.0,108.51,10097.0,21.667046,-157.95213,2337.0,5,3,10,276
2017-10-03 06:00:00+00:00,7.74,102.69,10102.0,21.667046,-157.95213,2460.0,6,3,10,276
2017-10-03 07:00:00+00:00,9.23,108.03,10105.0,21.667046,-157.95213,2461.0,7,3,10,276
2017-10-03 08:00:00+00:00,9.83,109.42,10105.0,21.667046,-157.95213,2435.0,8,3,10,276
2017-10-03 09:00:00+00:00,9.64,114.51,10103.0,21.667046,-157.95213,2429.0,9,3,10,276
2017-10-03 10:00:00+00:00,9.62,118.39,10102.0,21.667046,-157.95213,2414.0,10,3,10,276
2017-10-03 11:00:00+00:00,8.94,92.71,10101.0,21.667046,-157.95213,2351.0,11,3,10,276
2017-10-03 12:00:00+00:00,9.3,102.55,10093.0,21.667046,-157.95213,2409.0,12,3,10,276
2017-10-03 13:00:00+00:00,9.09,109.1,10090.0,21.667046,-157.95213,2352.0,13,3,10,276
2017-10-03 14:00:00+00:00,9.96,103.66,10089.0,21.667046,-157.95213,2410.0,14,3,10,276
2017-10-03 15:00:00+00:00,10.1,100.69,10092.0,21.667046,-157.95213,2424.0,15,3,10,276
2017-10-03 16:00:00+00:00,9.73,107.81,10097.0,21.667046,-157.95213,2393.0,16,3,10,276
2017-10-03 17:00:00+00:00,8.01,111.48,10103.0,21.667046,-157.95213,2513.0,17,3,10,276
2017-10-03 18:00:00+00:00,8.5,116.59,10107.0,21.667046,-157.95213,2757.0,18,3,10,276
2017-10-03 19:00:00+00:00,8.64,109.95,10112.0,21.667046,-157.95213,3136.0,19,3,10,276
2017-10-03 20:00:00+00:00,8.79,103.8,10112.0,21.667046,-157.95213,3341.0,20,3,10,276
2017-10-03 21:00:00+00:00,8.75,100.79,10111.0,21.667046,-157.95213,3468.0,21,3,10,276
2017-10-03 22:00:00+00:00,8.52,104.1,10107.0,21.667046,-157.95213,3701.0,22,3,10,276
2017-10-03 23:00:00+00:00,8.65,103.19,10101.0,21.667046,-157.95213,3721.0,23,3,10,276
2017-10-04 00:00:00+00:00,8.83,99.26,10095.0,21.667046,-157.95213,3587.0,0,4,10,277
2017-10-04 01:00:00+00:00,8.57,104.41,10091.0,21.667046,-157.95213,3314.0,1,4,10,277
2017-10-04 02:00:00+00:00,8.89,103.57,10089.0,21.667046,-157.95213,3198.0,2,4,10,277
2017-10-04 03:00:00+00:00,8.2,100.03,10093.0,21.667046,-157.95213,2936.0,3,4,10,277
2017-10-04 04:00:00+00:00,8.91,102.99,10099.0,21.667046,-157.95213,2583.0,4,4,10,277
2017-10-04 05:00:00+00:00,8.41,99.08,10103.0,21.667046,-157.95213,2532.0,5,4,10,277
2017-10-04 06:00:00+00:00,8.2,137.67,10114.0,21.667046,-157.95213,2436.0,6,4,10,277
2017-10-04 07:00:00+00:00,8.93,77.08,10118.0,21.667046,-157.95213,2527.0,7,4,10,277
2017-10-04 08:00:00+00:00,10.17,96.34,10122.0,21.667046,-157.95213,2463.0,8,4,10,277
2017-10-04 09:00:00+00:00,10.09,101.7,10123.0,21.667046,-157.95213,2440.0,9,4,10,277
2017-10-04 10:00:00+00:00,9.28,99.28,10122.0,21.667046,-157.95213,2417.0,10,4,10,277
2017-10-04 11:00:00+00:00,10.9,103.76,10123.0,21.667046,-157.95213,2365.0,11,4,10,277
2017-10-04 12:00:00+00:00,8.78,89.68,10117.0,21.667046,-157.95213,2374.0,12,4,10,277
2017-10-04 13:00:00+00:00,12.22,79.61,10116.0,21.667046,-157.95213,2407.0,13,4,10,277
2017-10-04 14:00:00+00:00,10.95,77.35,10115.0,21.667046,-157.95213,2212.0,14,4,10,277
2017-10-04 15:00:00+00:00,9.54,135.19,10120.0,21.667046,-157.95213,2170.0,15,4,10,277
2017-10-04 16:00:00+00:00,7.98,105.88,10116.0,21.667046,-157.95213,2219.0,16,4,10,277
2017-10-04 17:00:00+00:00,9.05,105.99,10125.0,21.667046,-157.95213,2410.0,17,4,10,277
2017-10-04 18:00:00+00:00,10.54,90.79,10130.0,21.667046,-157.95213,2490.0,18,4,10,277
2017-10-04 19:00:00+00:00,8.22,110.93,10139.0,21.667046,-157.95213,2880.0,19,4,10,277
2017-10-04 20:00:00+00:00,9.57,95.3,10143.0,21.667046,-157.95213,2851.0,20,4,10,277
2017-10-04 21:00:00+00:00,10.22,91.71,10142.0,21.667046,-157.95213,2746.0,21,4,10,277
2017-10-04 22:00:00+00:00,10.5,91.21,10136.0,21.667046,-157.95213,3486.0,22,4,10,277
2017-10-04 23:00:00+00:00,10.62,95.05,10131.0,21.667046,-157.95213,3497.0,23,4,10,277
2017-10-05 00:00:00+00:00,10.32,94.18,10123.0,21.667046,-157.95213,3349.0,0,5,10,278
2017-10-05 01:00:00+00:00,11.31,93.97,10120.0,21.667046,-157.95213,3213.0,1,5,10,278
2017-10-05 02:00:00+00:00,11.63,89.95,10121.0,21.667046,-157.95213,3113.0,2,5,10,278
2017-10-05 03:00:00+00:00,11.15,91.51,10122.0,21.667046,-157.95213,2861.0,3,5,10,278
2017-10-05 04:00:00+00:00,11.03,83.52,10128.0,21.667046,-157.95213,2491.0,4,5,10,278
2017-10-05 05:00:00+00:00,11.94,87.88,10135.0,21.667046,-157.95213,2486.0,5,5,10,278
2017-10-05 06:00:00+00:00,12.39,73.99,10143.0,21.667046,-157.95213,2446.0,6,5,10,278
2017-10-05 07:00:00+00:00,14.57,96.13,10150.0,21.667046,-157.95213,2465.0,7,5,10,278
2017-10-05 08:00:00+00:00,14.12,90.65,10153.0,21.667046,-157.95213,2485.0,8,5,10,278
2017-10-05 09:00:00+00:00,12.99,98.43,10153.0,21.667046,-157.95213,2456.0,9,5,10,278
2017-10-05 10:00:00+00:00,11.38,85.78,10149.0,21.667046,-157.95213,2465.0,10,5,10,278
2017-10-05 11:00:00+00:00,12.89,87.87,10147.0,21.667046,-157.95213,2462.0,11,5,10,278
2017-10-05 12:00:00+00:00,13.48,88.98,10143.0,21.667046,-157.95213,2442.0,12,5,10,278
2017-10-05 13:00:00+00:00,13.23,88.94,10140.0,21.667046,-157.95213,2442.0,13,5,10,278
2017-10-05 14:00:00+00:00,14.07,89.68,10137.0,21.667046,-157.95213,2440.0,14,5,10,278
2017-10-05 15:00:00+00:00,14.22,85.34,10140.0,21.667046,-157.95213,2434.0,15,5,10,278
2017-10-05 16:00:00+00:00,14.83,77.49,10142.0,21.667046,-157.95213,2470.0,16,5,10,278
2017-10-05 17:00:00+00:00,13.9,79.03,10149.0,21.667046,-157.95213,2572.0,17,5,10,278
2017-10-05 18:00:00+00:00,14.55,78.19,10153.0,21.667046,-157.95213,2825.0,18,5,10,278
2017-10-05 19:00:00+00:00,12.81,94.46,10161.0,21.667046,-157.95213,2894.0,19,5,10,278
2017-10-05 20:00:00+00:00,11.11,88.49,10160.0,21.667046,-157.95213,3142.0,20,5,10,278
2017-10-05 21:00:00+00:00,13.95,80.46,10160.0,21.667046,-157.95213,3180.0,21,5,10,278
2017-10-05 22:00:00+00:00,12.86,78.77,10153.0,21.667046,-157.95213,3355.0,22,5,10,278
2017-10-05 23:00:00+00:00,13.75,82.67,10144.0,21.667046,-157.95213,3336.0,23,5,10,278
2017-10-06 00:00:00+00:00,12.55,77.65,10135.0,21.667046,-157.95213,3234.0,0,6,10,279
2017-10-06 01:00:00+00:00,14.0,81.22,10131.0,21.667046,-157.95213,3081.0,1,6,10,279
2017-10-06 02:00:00+00:00,12.77,78.41,10129.0,21.667046,-157.95213,3026.0,2,6,10,279
2017-10-06 03:00:00+00:00,12.47,75.17,10130.0,21.667046,-157.95213,2787.0,3,6,10,279
2017-10-06 04:00:00+00:00,12.68,71.61,10132.0,21.667046,-157.95213,2542.0,4,6,10,279
2017-10-06 05:00:00+00:00,13.86,77.59,10135.0,21.667046,-157.95213,2468.0,5,6,10,279
2017-10-06 06:00:00+00:00,13.56,74.78,10139.0,21.667046,-157.95213,2470.0,6,6,10,279
2017-10-06 07:00:00+00:00,13.35,68.94,10144.0,21.667046,-157.95213,2480.0,7,6,10,279
2017-10-06 08:00:00+00:00,12.14,70.05,10147.0,21.667046,-157.95213,2445.0,8,6,10,279
2017-10-06 09:00:00+00:00,13.24,67.57,10143.0,21.667046,-157.95213,2472.0,9,6,10,279
2017-10-06 10:00:00+00:00,13.78,68.4,10142.0,21.667046,-157.95213,2445.0,10,6,10,279
2017-10-06 11:00:00+00:00,12.52,72.3,10138.0,21.667046,-157.95213,2439.0,11,6,10,279
2017-10-06 12:00:00+00:00,12.63,70.45,10130.0,21.667046,-157.95213,2410.0,12,6,10,279
2017-10-06 13:00:00+00:00,13.38,73.32,10127.0,21.667046,-157.95213,2407.0,13,6,10,279
2017-10-06 14:00:00+00:00,12.65,77.31,10122.0,21.667046,-157.95213,2414.0,14,6,10,279
2017-10-06 15:00:00+00:00,12.04,74.0,10120.0,21.667046,-157.95213,2404.0,15,6,10,279
2017-10-06 16:00:00+00:00,11.49,77.93,10118.0,21.667046,-157.95213,2389.0,16,6,10,279
2017-10-06 17:00:00+00:00,10.74,74.06,10120.0,21.667046,-157.95213,2563.0,17,6,10,279
2017-10-06 18:00:00+00:00,11.89,88.74,10125.0,21.667046,-157.95213,2371.0,18,6,10,279
2017-10-06 19:00:00+00:00,10.78,83.52,10126.0,21.667046,-157.95213,3080.0,19,6,10,279
2017-10-06 20:00:00+00:00,10.1,84.76,10125.0,21.667046,-157.95213,3307.0,20,6,10,279
2017-10-06 21:00:00+00:00,8.53,82.45,10120.0,21.667046,-157.95213,3261.0,21,6,10,279
2017-10-06 22:00:00+00:00,8.25,88.64,10116.0,21.667046,-157.95213,3331.0,22,6,10,279
2017-10-06 23:00:00+00:00,8.89,67.13,10107.0,21.667046,-157.95213,3046.0,23,6,10,279
2017-10-07 00:00:00+00:00,9.29,51.45,10103.0,21.667046,-157.95213,2478.0,0,7,10,280
2017-10-07 01:00:00+00:00,9.14,57.16,10096.0,21.667046,-157.95213,2873.0,1,7,10,280
2017-10-07 02:00:00+00:00,7.43,62.83,10095.0,21.667046,-157.95213,2477.0,2,7,10,280
2017-10-07 03:00:00+00:00,9.21,54.75,10095.0,21.667046,-157.95213,2675.0,3,7,10,280
2017-10-07 04:00:00+00:00,9.52,51.33,10093.0,21.667046,-157.95213,2509.0,4,7,10,280
2017-10-07 05:00:00+00:00,8.74,49.45,10098.0,21.667046,-157.95213,2494.0,5,7,10,280
2017-10-07 06:00:00+00:00,9.4,47.04,10102.0,21.667046,-157.95213,2486.0,6,7,10,280
2017-10-07 07:00:00+00:00,4.21,56.32,10107.0,21.667046,-157.95213,2206.0,7,7,10,280
2017-10-07 08:00:00+00:00,7.53,60.03,10108.0,21.667046,-157.95213,2155.0,8,7,10,280
2017-10-07 09:00:00+00:00,7.61,65.91,10106.0,21.667046,-157.95213,2308.0,9,7,10,280
2017-10-07 10:00:00+00:00,5.97,65.89,10101.0,21.667046,-157.95213,1977.0,10,7,10,280
2017-10-07 11:00:00+00:00,4.67,63.33,10096.0,21.667046,-157.95213,1934.0,11,7,10,280
2017-10-07 12:00:00+00:00,5.12,66.18,10094.0,21.667046,-157.95213,1991.0,12,7,10,280
2017-10-07 13:00:00+00:00,5.07,63.92,10085.0,21.667046,-157.95213,1888.0,13,7,10,280
2017-10-07 14:00:00+00:00,3.97,80.59,10081.0,21.667046,-157.95213,1847.0,14,7,10,280
2017-10-07 15:00:00+00:00,2.72,88.16,10079.0,21.667046,-157.95213,1890.0,15,7,10,280
2017-10-07 16:00:00+00:00,2.63,83.72,10082.0,21.667046,-157.95213,1847.0,16,7,10,280
2017-10-07 17:00:00+00:00,2.69,70.38,10085.0,21.667046,-157.95213,2221.0,17,7,10,280
2017-10-07 18:00:00+00:00,3.28,63.35,10088.0,21.667046,-157.95213,2729.0,18,7,10,280
2017-10-07 19:00:00+00:00,3.84,58.26,10097.0,21.667046,-157.95213,3041.0,19,7,10,280
2017-10-07 20:00:00+00:00,3.94,67.34,10098.0,21.667046,-157.95213,3222.0,20,7,10,280
2017-10-07 21:00:00+00:00,4.14,75.57,10097.0,21.667046,-157.95213,3528.0,21,7,10,280
2017-10-07 22:00:00+00:00,4.32,74.35,10090.0,21.667046,-157.95213,3581.0,22,7,10,280
2017-10-07 23:00:00+00:00,4.23,67.42,10080.0,21.667046,-157.95213,3562.0,23,7,10,280
2017-10-08 00:00:00+00:00,4.15,66.99,10073.0,21.667046,-157.95213,3521.0,0,8,10,281
2017-10-08 01:00:00+00:00,3.86,70.92,10070.0,21.667046,-157.95213,3384.0,1,8,10,281
2017-10-08 02:00:00+00:00,3.87,73.96,10069.0,21.667046,-157.95213,3127.0,2,8,10,281
2017-10-08 03:00:00+00:00,3.56,70.32,10066.0,21.667046,-157.95213,2772.0,3,8,10,281
2017-10-08 04:00:00+00:00,2.86,67.0,10068.0,21.667046,-157.95213,2419.0,4,8,10,281
2017-10-08 05:00:00+00:00,2.63,71.96,10072.0,21.667046,-157.95213,2103.0,5,8,10,281
2017-10-08 06:00:00+00:00,1.71,125.26,10079.0,21.667046,-157.95213,2149.0,6,8,10,281
2017-10-08 07:00:00+00:00,1.75,120.81,10084.0,21.667046,-157.95213,2118.0,7,8,10,281
2017-10-08 08:00:00+00:00,2.86,142.16,10089.0,21.667046,-157.95213,2123.0,8,8,10,281
2017-10-08 09:00:00+00:00,2.54,143.12,10093.0,21.667046,-157.95213,2124.0,9,8,10,281
2017-10-08 10:00:00+00:00,1.94,161.43,10091.0,21.667046,-157.95213,2118.0,10,8,10,281
2017-10-08 11:00:00+00:00,2.13,156.77,10089.0,21.667046,-157.95213,2090.0,11,8,10,281
2017-10-08 12:00:00+00:00,1.37,143.46,10085.0,21.667046,-157.95213,2065.0,12,8,10,281
2017-10-08 13:00:00+00:00,0.4,171.74,10077.0,21.667046,-157.95213,2047.0,13,8,10,281
2017-10-08 14:00:00+00:00,0.25,278.17,10080.0,21.667046,-157.95213,2023.0,14,8,10,281
2017-10-08 15:00:00+00:00,0.73,347.18,10080.0,21.667046,-157.95213,2012.0,15,8,10,281
2017-10-08 16:00:00+00:00,1.0,28.72,10088.0,21.667046,-157.95213,2002.0,16,8,10,281
2017-10-08 17:00:00+00:00,0.64,28.95,10092.0,21.667046,-157.95213,2315.0,17,8,10,281
2017-10-08 18:00:00+00:00,1.34,99.96,10098.0,21.667046,-157.95213,2850.0,18,8,10,281
2017-10-08 19:00:00+00:00,3.43,91.79,10100.0,21.667046,-157.95213,3101.0,19,8,10,281
2017-10-08 20:00:00+00:00,3.9,83.88,10102.0,21.667046,-157.95213,3316.0,20,8,10,281
2017-10-08 21:00:00+00:00,4.33,85.14,10101.0,21.667046,-157.95213,3525.0,21,8,10,281
2017-10-08 22:00:00+00:00,4.35,79.96,10096.0,21.667046,-157.95213,3625.0,22,8,10,281
2017-10-08 23:00:00+00:00,4.73,84.7,10089.0,21.667046,-157.95213,3479.0,23,8,10,281
2017-10-09 00:00:00+00:00,4.07,84.65,10086.0,21.667046,-157.95213,3470.0,0,9,10,282
2017-10-09 01:00:00+00:00,4.11,90.33,10085.0,21.667046,-157.95213,2793.0,1,9,10,282
2017-10-09 02:00:00+00:00,1.29,165.66,10088.0,21.667046,-157.95213,2812.0,2,9,10,282
2017-10-09 03:00:00+00:00,2.69,167.49,10092.0,21.667046,-157.95213,2480.0,3,9,10,282
2017-10-09 04:00:00+00:00,1.77,233.53,10096.0,21.667046,-157.95213,2375.0,4,9,10,282
2017-10-09 05:00:00+00:00,0.75,334.7,10100.0,21.667046,-157.95213,2378.0,5,9,10,282
2017-10-09 06:00:00+00:00,0.79,171.28,10101.0,21.667046,-157.95213,2287.0,6,9,10,282
2017-10-09 07:00:00+00:00,1.43,101.93,10107.0,21.667046,-157.95213,2207.0,7,9,10,282
2017-10-09 08:00:00+00:00,0.57,113.57,10110.0,21.667046,-157.95213,2216.0,8,9,10,282
2017-10-09 09:00:00+00:00,0.64,118.62,10111.0,21.667046,-157.95213,2196.0,9,9,10,282
2017-10-09 10:00:00+00:00,1.76,62.18,10107.0,21.667046,-157.95213,2165.0,10,9,10,282
2017-10-09 11:00:00+00:00,3.38,123.42,10105.0,21.667046,-157.95213,2261.0,11,9,10,282
2017-10-09 12:00:00+00:00,2.03,176.7,10103.0,21.667046,-157.95213,2255.0,12,9,10,282
2017-10-09 13:00:00+00:00,0.88,175.75,10099.0,21.667046,-157.95213,2255.0,13,9,10,282
2017-10-09 14:00:00+00:00,0.94,66.71,10098.0,21.667046,-157.95213,2146.0,14,9,10,282
2017-10-09 15:00:00+00:00,1.24,31.08,10099.0,21.667046,-157.95213,2251.0,15,9,10,282
2017-10-09 16:00:00+00:00,2.51,37.55,10103.0,21.667046,-157.95213,2269.0,16,9,10,282
2017-10-09 17:00:00+00:00,3.13,52.39,10106.0,21.667046,-157.95213,2419.0,17,9,10,282
2017-10-09 18:00:00+00:00,3.64,43.52,10108.0,21.667046,-157.95213,2815.0,18,9,10,282
2017-10-09 19:00:00+00:00,3.79,59.2,10114.0,21.667046,-157.95213,2906.0,19,9,10,282
2017-10-09 20:00:00+00:00,4.25,64.84,10116.0,21.667046,-157.95213,2685.0,20,9,10,282
2017-10-09 21:00:00+00:00,4.5,63.75,10112.0,21.667046,-157.95213,3182.0,21,9,10,282
2017-10-09 22:00:00+00:00,5.21,69.03,10105.0,21.667046,-157.95213,3183.0,22,9,10,282
2017-10-09 23:00:00+00:00,5.67,67.31,10097.0,21.667046,-157.95213,3427.0,23,9,10,282
2017-10-10 00:00:00+00:00,5.48,68.17,10092.0,21.667046,-157.95213,3440.0,0,10,10,283
2017-10-10 01:00:00+00:00,5.37,70.7,10088.0,21.667046,-157.95213,3271.0,1,10,10,283
2017-10-10 02:00:00+00:00,5.1,71.08,10090.0,21.667046,-157.95213,2983.0,2,10,10,283
2017-10-10 03:00:00+00:00,4.86,66.88,10092.0,21.667046,-157.95213,2781.0,3,10,10,283
2017-10-10 04:00:00+00:00,5.82,53.3,10097.0,21.667046,-157.95213,2563.0,4,10,10,283
2017-10-10 05:00:00+00:00,5.74,44.02,10101.0,21.667046,-157.95213,2481.0,5,10,10,283
2017-10-10 06:00:00+00:00,5.02,52.15,10106.0,21.667046,-157.95213,2219.0,6,10,10,283
2017-10-10 07:00:00+00:00,4.24,96.81,10109.0,21.667046,-157.95213,2154.0,7,10,10,283
2017-10-10 08:00:00+00:00,2.89,126.68,10112.0,21.667046,-157.95213,2332.0,8,10,10,283
2017-10-10 09:00:00+00:00,4.46,70.65,10110.0,21.667046,-157.95213,2345.0,9,10,10,283
2017-10-10 10:00:00+00:00,6.31,37.93,10109.0,21.667046,-157.95213,2313.0,10,10,10,283
2017-10-10 11:00:00+00:00,1.41,350.66,10109.0,21.667046,-157.95213,2237.0,11,10,10,283
2017-10-10 12:00:00+00:00,1.41,49.41,10104.0,21.667046,-157.95213,2255.0,12,10,10,283
2017-10-10 13:00:00+00:00,1.29,133.67,10099.0,21.667046,-157.95213,2196.0,13,10,10,283
2017-10-10 14:00:00+00:00,4.55,82.47,10096.0,21.667046,-157.95213,2278.0,14,10,10,283
2017-10-10 15:00:00+00:00,4.56,37.64,10096.0,21.667046,-157.95213,2277.0,15,10,10,283
2017-10-10 16:00:00+00:00,3.49,174.31,10098.0,21.667046,-157.95213,2202.0,16,10,10,283
2017-10-10 17:00:00+00:00,1.67,163.87,10103.0,21.667046,-157.95213,2261.0,17,10,10,283
2017-10-10 18:00:00+00:00,2.41,95.22,10108.0,21.667046,-157.95213,2261.0,18,10,10,283
2017-10-10 19:00:00+00:00,2.15,351.12,10109.0,21.667046,-157.95213,2219.0,19,10,10,283
2017-10-10 20:00:00+00:00,4.65,66.2,10109.0,21.667046,-157.95213,2290.0,20,10,10,283
2017-10-10 21:00:00+00:00,1.52,24.32,10102.0,21.667046,-157.95213,2758.0,21,10,10,283
2017-10-10 22:00:00+00:00,3.7,75.86,10093.0,21.667046,-157.95213,2998.0,22,10,10,283
2017-10-10 23:00:00+00:00,6.18,84.24,10084.0,21.667046,-157.95213,3359.0,23,10,10,283
2017-10-11 00:00:00+00:00,6.37,85.53,10080.0,21.667046,-157.95213,3278.0,0,11,10,284
2017-10-11 01:00:00+00:00,5.66,86.45,10079.0,21.667046,-157.95213,3250.0,1,11,10,284
2017-10-11 02:00:00+00:00,5.56,82.9,10080.0,21.667046,-157.95213,2993.0,2,11,10,284
2017-10-11 03:00:00+00:00,5.15,81.99,10084.0,21.667046,-157.95213,2756.0,3,11,10,284
2017-10-11 04:00:00+00:00,6.1,77.35,10088.0,21.667046,-157.95213,2393.0,4,11,10,284
2017-10-11 05:00:00+00:00,6.86,93.23,10092.0,21.667046,-157.95213,2300.0,5,11,10,284
2017-10-11 06:00:00+00:00,7.77,83.6,10096.0,21.667046,-157.95213,2342.0,6,11,10,284
2017-10-11 07:00:00+00:00,6.76,85.66,10100.0,21.667046,-157.95213,2332.0,7,11,10,284
2017-10-11 08:00:00+00:00,7.92,96.0,10101.0,21.667046,-157.95213,2367.0,8,11,10,284
2017-10-11 09:00:00+00:00,6.05,98.08,10102.0,21.667046,-157.95213,2271.0,9,11,10,284
2017-10-11 10:00:00+00:00,8.01,100.93,10099.0,21.667046,-157.95213,2318.0,10,11,10,284
2017-10-11 11:00:00+00:00,8.71,113.15,10095.0,21.667046,-157.95213,2294.0,11,11,10,284
2017-10-11 12:00:00+00:00,7.34,103.66,10088.0,21.667046,-157.95213,2100.0,12,11,10,284
2017-10-11 13:00:00+00:00,6.88,99.76,10086.0,21.667046,-157.95213,2020.0,13,11,10,284
2017-10-11 14:00:00+00:00,6.33,95.33,10084.0,21.667046,-157.95213,1963.0,14,11,10,284
2017-10-11 15:00:00+00:00,6.6,93.66,10085.0,21.667046,-157.95213,1892.0,15,11,10,284
2017-10-11 16:00:00+00:00,6.39,90.54,10089.0,21.667046,-157.95213,1806.0,16,11,10,284
2017-10-11 17:00:00+00:00,6.02,84.8,10093.0,21.667046,-157.95213,2238.0,17,11,10,284
2017-10-11 18:00:00+00:00,5.97,88.16,10097.0,21.667046,-157.95213,2775.0,18,11,10,284
2017-10-11 19:00:00+00:00,5.88,96.43,10102.0,21.667046,-157.95213,3074.0,19,11,10,284
2017-10-11 20:00:00+00:00,5.45,98.04,10104.0,21.667046,-157.95213,3349.0,20,11,10,284
2017-10-11 21:00:00+00:00,5.71,76.87,10100.0,21.667046,-157.95213,3443.0,21,11,10,284
2017-10-11 22:00:00+00:00,5.68,85.22,10092.0,21.667046,-157.95213,3610.0,22,11,10,284
2017-10-11 23:00:00+00:00,6.29,71.22,10085.0,21.667046,-157.95213,3396.0,23,11,10,284
2017-10-12 00:00:00+00:00,5.74,68.84,10080.0,21.667046,-157.95213,3351.0,0,12,10,285
2017-10-12 01:00:00+00:00,6.31,66.37,10080.0,21.667046,-157.95213,3280.0,1,12,10,285
2017-10-12 02:00:00+00:00,5.26,74.68,10082.0,21.667046,-157.95213,3053.0,2,12,10,285
2017-10-12 03:00:00+00:00,6.52,69.78,10083.0,21.667046,-157.95213,2704.0,3,12,10,285
2017-10-12 04:00:00+00:00,5.55,71.26,10086.0,21.667046,-157.95213,2414.0,4,12,10,285
2017-10-12 05:00:00+00:00,4.86,81.44,10087.0,21.667046,-157.95213,2197.0,5,12,10,285
2017-10-12 06:00:00+00:00,4.64,83.29,10091.0,21.667046,-157.95213,2173.0,6,12,10,285
2017-10-12 07:00:00+00:00,5.04,83.19,10097.0,21.667046,-157.95213,2134.0,7,12,10,285
2017-10-12 08:00:00+00:00,4.32,103.69,10097.0,21.667046,-157.95213,2108.0,8,12,10,285
2017-10-12 09:00:00+00:00,3.64,95.13,10097.0,21.667046,-157.95213,2384.0,9,12,10,285
2017-10-12 10:00:00+00:00,3.92,94.21,10092.0,21.667046,-157.95213,2281.0,10,12,10,285
2017-10-12 11:00:00+00:00,6.09,136.56,10093.0,21.667046,-157.95213,2231.0,11,12,10,285
2017-10-12 12:00:00+00:00,3.7,151.02,10084.0,21.667046,-157.95213,2166.0,12,12,10,285
2017-10-12 13:00:00+00:00,3.8,151.37,10078.0,21.667046,-157.95213,2129.0,13,12,10,285
2017-10-12 14:00:00+00:00,3.93,145.85,10078.0,21.667046,-157.95213,2139.0,14,12,10,285
2017-10-12 15:00:00+00:00,3.63,151.82,10079.0,21.667046,-157.95213,2140.0,15,12,10,285
2017-10-12 16:00:00+00:00,3.48,151.53,10082.0,21.667046,-157.95213,2110.0,16,12,10,285
2017-10-12 17:00:00+00:00,3.28,148.48,10086.0,21.667046,-157.95213,2367.0,17,12,10,285
2017-10-12 18:00:00+00:00,2.61,135.11,10088.0,21.667046,-157.95213,2811.0,18,12,10,285
2017-10-12 19:00:00+00:00,2.95,120.96,10093.0,21.667046,-157.95213,2979.0,19,12,10,285
2017-10-12 20:00:00+00:00,3.85,89.2,10092.0,21.667046,-157.95213,3324.0,20,12,10,285
2017-10-12 21:00:00+00:00,4.6,78.72,10092.0,21.667046,-157.95213,3062.0,21,12,10,285
2017-10-12 22:00:00+00:00,5.44,83.58,10088.0,21.667046,-157.95213,3374.0,22,12,10,285
2017-10-12 23:00:00+00:00,6.51,78.17,10080.0,21.667046,-157.95213,3445.0,23,12,10,285
2017-10-13 00:00:00+00:00,5.93,92.97,10074.0,21.667046,-157.95213,3279.0,0,13,10,286
2017-10-13 01:00:00+00:00,6.2,89.51,10069.0,21.667046,-157.95213,3159.0,1,13,10,286
2017-10-13 02:00:00+00:00,7.21,101.69,10068.0,21.667046,-157.95213,3098.0,2,13,10,286
2017-10-13 03:00:00+00:00,6.99,108.64,10068.0,21.667046,-157.95213,2839.0,3,13,10,286
2017-10-13 04:00:00+00:00,7.15,106.88,10074.0,21.667046,-157.95213,2495.0,4,13,10,286
2017-10-13 05:00:00+00:00,6.85,100.15,10077.0,21.667046,-157.95213,2571.0,5,13,10,286
2017-10-13 06:00:00+00:00,7.55,98.17,10085.0,21.667046,-157.95213,2439.0,6,13,10,286
2017-10-13 07:00:00+00:00,7.93,111.54,10088.0,21.667046,-157.95213,2473.0,7,13,10,286
2017-10-13 08:00:00+00:00,10.7,121.02,10094.0,21.667046,-157.95213,2359.0,8,13,10,286
2017-10-13 09:00:00+00:00,9.6,109.2,10090.0,21.667046,-157.95213,2421.0,9,13,10,286
2017-10-13 10:00:00+00:00,8.29,92.89,10089.0,21.667046,-157.95213,2449.0,10,13,10,286
2017-10-13 11:00:00+00:00,9.9,111.17,10079.0,21.667046,-157.95213,2416.0,11,13,10,286
2017-10-13 12:00:00+00:00,7.49,129.4,10069.0,21.667046,-157.95213,2398.0,12,13,10,286
2017-10-13 13:00:00+00:00,6.88,122.05,10070.0,21.667046,-157.95213,2276.0,13,13,10,286
2017-10-13 14:00:00+00:00,4.31,142.19,10063.0,21.667046,-157.95213,2305.0,14,13,10,286
2017-10-13 15:00:00+00:00,3.58,129.69,10058.0,21.667046,-157.95213,2203.0,15,13,10,286
2017-10-13 16:00:00+00:00,2.29,125.46,10064.0,21.667046,-157.95213,2235.0,16,13,10,286
2017-10-13 17:00:00+00:00,3.93,155.21,10073.0,21.667046,-157.95213,2397.0,17,13,10,286
2017-10-13 18:00:00+00:00,2.49,112.66,10079.0,21.667046,-157.95213,2782.0,18,13,10,286
2017-10-13 19:00:00+00:00,3.77,124.79,10084.0,21.667046,-157.95213,2964.0,19,13,10,286
2017-10-13 20:00:00+00:00,5.61,118.94,10091.0,21.667046,-157.95213,3241.0,20,13,10,286
2017-10-13 21:00:00+00:00,4.72,127.5,10084.0,21.667046,-157.95213,3176.0,21,13,10,286
2017-10-13 22:00:00+00:00,6.51,121.86,10088.0,21.667046,-157.95213,3193.0,22,13,10,286
2017-10-13 23:00:00+00:00,7.32,116.32,10075.0,21.667046,-157.95213,3498.0,23,13,10,286
2017-10-14 00:00:00+00:00,9.44,115.0,10082.0,21.667046,-157.95213,2719.0,0,14,10,287
2017-10-14 01:00:00+00:00,10.32,104.91,10079.0,21.667046,-157.95213,2637.0,1,14,10,287
2017-10-14 02:00:00+00:00,10.15,113.46,10086.0,21.667046,-157.95213,2549.0,2,14,10,287
2017-10-14 03:00:00+00:00,8.12,119.91,10081.0,21.667046,-157.95213,2505.0,3,14,10,287
2017-10-14 04:00:00+00:00,7.54,110.21,10092.0,21.667046,-157.95213,2441.0,4,14,10,287
2017-10-14 05:00:00+00:00,7.64,112.89,10097.0,21.667046,-157.95213,2388.0,5,14,10,287
2017-10-14 06:00:00+00:00,9.4,85.03,10104.0,21.667046,-157.95213,2408.0,6,14,10,287
2017-10-14 07:00:00+00:00,11.93,97.97,10106.0,21.667046,-157.95213,2398.0,7,14,10,287
2017-10-14 08:00:00+00:00,12.94,111.66,10106.0,21.667046,-157.95213,2366.0,8,14,10,287
2017-10-14 09:00:00+00:00,13.73,112.15,10109.0,21.667046,-157.95213,2367.0,9,14,10,287
2017-10-14 10:00:00+00:00,12.7,110.73,10108.0,21.667046,-157.95213,2352.0,10,14,10,287
2017-10-14 11:00:00+00:00,11.32,95.44,10104.0,21.667046,-157.95213,2369.0,11,14,10,287
2017-10-14 12:00:00+00:00,12.74,103.11,10098.0,21.667046,-157.95213,2354.0,12,14,10,287
2017-10-14 13:00:00+00:00,12.55,109.99,10093.0,21.667046,-157.95213,2371.0,13,14,10,287
2017-10-14 14:00:00+00:00,12.97,104.36,10089.0,21.667046,-157.95213,2382.0,14,14,10,287
2017-10-14 15:00:00+00:00,12.31,112.97,10090.0,21.667046,-157.95213,2369.0,15,14,10,287
2017-10-14 16:00:00+00:00,12.16,109.52,10098.0,21.667046,-157.95213,2405.0,16,14,10,287
2017-10-14 17:00:00+00:00,11.72,114.71,10104.0,21.667046,-157.95213,2491.0,17,14,10,287
2017-10-14 18:00:00+00:00,10.95,112.59,10112.0,21.667046,-157.95213,2801.0,18,14,10,287
2017-10-14 19:00:00+00:00,11.35,112.78,10113.0,21.667046,-157.95213,3017.0,19,14,10,287
2017-10-14 20:00:00+00:00,10.86,109.89,10113.0,21.667046,-157.95213,3012.0,20,14,10,287
2017-10-14 21:00:00+00:00,11.26,106.33,10109.0,21.667046,-157.95213,3311.0,21,14,10,287
2017-10-14 22:00:00+00:00,11.84,104.21,10103.0,21.667046,-157.95213,3195.0,22,14,10,287
2017-10-14 23:00:00+00:00,12.21,104.12,10094.0,21.667046,-157.95213,3165.0,23,14,10,287
2017-10-15 00:00:00+00:00,12.38,109.18,10086.0,21.667046,-157.95213,3137.0,0,15,10,288
2017-10-15 01:00:00+00:00,12.4,102.76,10083.0,21.667046,-157.95213,2923.0,1,15,10,288
2017-10-15 02:00:00+00:00,12.13,106.98,10081.0,21.667046,-157.95213,2557.0,2,15,10,288
2017-10-15 03:00:00+00:00,12.25,109.38,10089.0,21.667046,-157.95213,2582.0,3,15,10,288
2017-10-15 04:00:00+00:00,11.32,94.08,10096.0,21.667046,-157.95213,2544.0,4,15,10,288
2017-10-15 05:00:00+00:00,13.65,102.63,10102.0,21.667046,-157.95213,2473.0,5,15,10,288
2017-10-15 06:00:00+00:00,13.9,100.84,10105.0,21.667046,-157.95213,2462.0,6,15,10,288
2017-10-15 07:00:00+00:00,13.87,100.78,10112.0,21.667046,-157.95213,2438.0,7,15,10,288
2017-10-15 08:00:00+00:00,14.89,98.56,10112.0,21.667046,-157.95213,2513.0,8,15,10,288
2017-10-15 09:00:00+00:00,14.29,100.52,10110.0,21.667046,-157.95213,2512.0,9,15,10,288
2017-10-15 10:00:00+00:00,14.26,102.59,10104.0,21.667046,-157.95213,2501.0,10,15,10,288
2017-10-15 11:00:00+00:00,14.02,98.81,10106.0,21.667046,-157.95213,2470.0,11,15,10,288
2017-10-15 12:00:00+00:00,13.62,103.93,10102.0,21.667046,-157.95213,2467.0,12,15,10,288
2017-10-15 13:00:00+00:00,14.93,96.55,10099.0,21.667046,-157.95213,2293.0,13,15,10,288
2017-10-15 14:00:00+00:00,13.87,98.02,10095.0,21.667046,-157.95213,2288.0,14,15,10,288
2017-10-15 15:00:00+00:00,14.17,94.42,10101.0,21.667046,-157.95213,2300.0,15,15,10,288
2017-10-15 16:00:00+00:00,13.85,97.47,10099.0,21.667046,-157.95213,2318.0,16,15,10,288
2017-10-15 17:00:00+00:00,14.19,96.94,10104.0,21.667046,-157.95213,2436.0,17,15,10,288
2017-10-15 18:00:00+00:00,14.62,93.01,10112.0,21.667046,-157.95213,2628.0,18,15,10,288
2017-10-15 19:00:00+00:00,14.41,96.07,10121.0,21.667046,-157.95213,2858.0,19,15,10,288
2017-10-15 20:00:00+00:00,12.74,94.24,10121.0,21.667046,-157.95213,3064.0,20,15,10,288
2017-10-15 21:00:00+00:00,12.76,101.86,10122.0,21.667046,-157.95213,3010.0,21,15,10,288
2017-10-15 22:00:00+00:00,11.76,91.78,10117.0,21.667046,-157.95213,3066.0,22,15,10,288
2017-10-15 23:00:00+00:00,14.38,86.54,10110.0,21.667046,-157.95213,2706.0,23,15,10,288
2017-10-16 00:00:00+00:00,12.84,93.03,10103.0,21.667046,-157.95213,3021.0,0,16,10,289
2017-10-16 01:00:00+00:00,12.21,73.13,10098.0,21.667046,-157.95213,2590.0,1,16,10,289
2017-10-16 02:00:00+00:00,14.39,82.59,10103.0,21.667046,-157.95213,2554.0,2,16,10,289
2017-10-16 03:00:00+00:00,12.7,79.29,10105.0,21.667046,-157.95213,2688.0,3,16,10,289
2017-10-16 04:00:00+00:00,14.9,78.36,10106.0,21.667046,-157.95213,2489.0,4,16,10,289
2017-10-16 05:00:00+00:00,15.36,82.57,10113.0,21.667046,-157.95213,2409.0,5,16,10,289
2017-10-16 06:00:00+00:00,14.86,79.2,10120.0,21.667046,-157.95213,2509.0,6,16,10,289
2017-10-16 07:00:00+00:00,15.56,84.43,10128.0,21.667046,-157.95213,2413.0,7,16,10,289
2017-10-16 08:00:00+00:00,16.54,83.61,10129.0,21.667046,-157.95213,2355.0,8,16,10,289
2017-10-16 09:00:00+00:00,15.31,76.04,10126.0,21.667046,-157.95213,2469.0,9,16,10,289
2017-10-16 10:00:00+00:00,15.38,81.84,10124.0,21.667046,-157.95213,2377.0,10,16,10,289
2017-10-16 11:00:00+00:00,15.25,78.81,10124.0,21.667046,-157.95213,2392.0,11,16,10,289
2017-10-16 12:00:00+00:00,14.81,75.53,10118.0,21.667046,-157.95213,2381.0,12,16,10,289
2017-10-16 13:00:00+00:00,14.0,78.98,10117.0,21.667046,-157.95213,2355.0,13,16,10,289
2017-10-16 14:00:00+00:00,13.96,80.06,10117.0,21.667046,-157.95213,2354.0,14,16,10,289
2017-10-16 15:00:00+00:00,14.13,75.47,10116.0,21.667046,-157.95213,2377.0,15,16,10,289
2017-10-16 16:00:00+00:00,14.63,77.44,10122.0,21.667046,-157.95213,2340.0,16,16,10,289
2017-10-16 17:00:00+00:00,14.86,73.91,10127.0,21.667046,-157.95213,2435.0,17,16,10,289
2017-10-16 18:00:00+00:00,14.81,77.46,10131.0,21.667046,-157.95213,2731.0,18,16,10,289
2017-10-16 19:00:00+00:00,14.89,75.79,10140.0,21.667046,-157.95213,2933.0,19,16,10,289
2017-10-16 20:00:00+00:00,15.02,79.7,10139.0,21.667046,-157.95213,3184.0,20,16,10,289
2017-10-16 21:00:00+00:00,14.47,78.58,10136.0,21.667046,-157.95213,3200.0,21,16,10,289
2017-10-16 22:00:00+00:00,14.53,78.84,10128.0,21.667046,-157.95213,3290.0,22,16,10,289
2017-10-16 23:00:00+00:00,15.08,77.12,10119.0,21.667046,-157.95213,3216.0,23,16,10,289
2017-10-17 00:00:00+00:00,14.42,76.4,10111.0,21.667046,-157.95213,3198.0,0,17,10,290
2017-10-17 01:00:00+00:00,14.89,77.05,10113.0,21.667046,-157.95213,3008.0,1,17,10,290
2017-10-17 02:00:00+00:00,13.66,74.21,10113.0,21.667046,-157.95213,2882.0,2,17,10,290
2017-10-17 03:00:00+00:00,14.42,72.96,10120.0,21.667046,-157.95213,2669.0,3,17,10,290
2017-10-17 04:00:00+00:00,14.18,72.26,10124.0,21.667046,-157.95213,2434.0,4,17,10,290
2017-10-17 05:00:00+00:00,13.91,72.04,10131.0,21.667046,-157.95213,2409.0,5,17,10,290
2017-10-17 06:00:00+00:00,16.26,72.08,10138.0,21.667046,-157.95213,2370.0,6,17,10,290
2017-10-17 07:00:00+00:00,14.4,77.47,10144.0,21.667046,-157.95213,2373.0,7,17,10,290
2017-10-17 08:00:00+00:00,14.92,89.86,10152.0,21.667046,-157.95213,2358.0,8,17,10,290
2017-10-17 09:00:00+00:00,14.05,77.41,10149.0,21.667046,-157.95213,2380.0,9,17,10,290
2017-10-17 10:00:00+00:00,14.49,73.77,10147.0,21.667046,-157.95213,2378.0,10,17,10,290
2017-10-17 11:00:00+00:00,14.51,77.49,10145.0,21.667046,-157.95213,2360.0,11,17,10,290
2017-10-17 12:00:00+00:00,13.2,76.07,10139.0,21.667046,-157.95213,2317.0,12,17,10,290
2017-10-17 13:00:00+00:00,14.33,78.23,10130.0,21.667046,-157.95213,2351.0,13,17,10,290
2017-10-17 14:00:00+00:00,14.11,75.94,10129.0,21.667046,-157.95213,2343.0,14,17,10,290
2017-10-17 15:00:00+00:00,13.7,74.59,10134.0,21.667046,-157.95213,2335.0,15,17,10,290
2017-10-17 16:00:00+00:00,14.44,72.56,10137.0,21.667046,-157.95213,2331.0,16,17,10,290
2017-10-17 17:00:00+00:00,14.76,72.31,10142.0,21.667046,-157.95213,2430.0,17,17,10,290
2017-10-17 18:00:00+00:00,14.19,69.41,10148.0,21.667046,-157.95213,2652.0,18,17,10,290
2017-10-17 19:00:00+00:00,13.86,74.61,10155.0,21.667046,-157.95213,2903.0,19,17,10,290
2017-10-17 20:00:00+00:00,13.88,76.85,10158.0,21.667046,-157.95213,3066.0,20,17,10,290
2017-10-17 21:00:00+00:00,13.56,75.83,10156.0,21.667046,-157.95213,3338.0,21,17,10,290
2017-10-17 22:00:00+00:00,13.41,74.06,10147.0,21.667046,-157.95213,3173.0,22,17,10,290
2017-10-17 23:00:00+00:00,12.7,63.49,10139.0,21.667046,-157.95213,3330.0,23,17,10,290
2017-10-18 00:00:00+00:00,16.65,65.67,10131.0,21.667046,-157.95213,3020.0,0,18,10,291
2017-10-18 01:00:00+00:00,14.51,70.11,10129.0,21.667046,-157.95213,3139.0,1,18,10,291
2017-10-18 02:00:00+00:00,14.11,73.26,10128.0,21.667046,-157.95213,2906.0,2,18,10,291
2017-10-18 03:00:00+00:00,13.93,69.5,10132.0,21.667046,-157.95213,2715.0,3,18,10,291
2017-10-18 04:00:00+00:00,13.65,68.89,10139.0,21.667046,-157.95213,2486.0,4,18,10,291
2017-10-18 05:00:00+00:00,15.23,69.0,10143.0,21.667046,-157.95213,2519.0,5,18,10,291
2017-10-18 06:00:00+00:00,14.69,71.7,10150.0,21.667046,-157.95213,2407.0,6,18,10,291
2017-10-18 07:00:00+00:00,14.8,71.8,10153.0,21.667046,-157.95213,2407.0,7,18,10,291
2017-10-18 08:00:00+00:00,14.69,73.87,10156.0,21.667046,-157.95213,2402.0,8,18,10,291
2017-10-18 09:00:00+00:00,13.77,71.86,10154.0,21.667046,-157.95213,2387.0,9,18,10,291
2017-10-18 10:00:00+00:00,13.03,76.64,10152.0,21.667046,-157.95213,2362.0,10,18,10,291
2017-10-18 11:00:00+00:00,14.5,73.85,10148.0,21.667046,-157.95213,2354.0,11,18,10,291
2017-10-18 12:00:00+00:00,13.19,70.48,10144.0,21.667046,-157.95213,2322.0,12,18,10,291
2017-10-18 13:00:00+00:00,15.01,79.14,10137.0,21.667046,-157.95213,2375.0,13,18,10,291
2017-10-18 14:00:00+00:00,15.45,76.14,10136.0,21.667046,-157.95213,2371.0,14,18,10,291
2017-10-18 15:00:00+00:00,14.0,76.75,10137.0,21.667046,-157.95213,2354.0,15,18,10,291
2017-10-18 16:00:00+00:00,13.52,70.67,10141.0,21.667046,-157.95213,2338.0,16,18,10,291
2017-10-18 17:00:00+00:00,13.79,67.01,10145.0,21.667046,-157.95213,2462.0,17,18,10,291
2017-10-18 18:00:00+00:00,9.81,76.64,10153.0,21.667046,-157.95213,2465.0,18,18,10,291
2017-10-18 19:00:00+00:00,12.91,69.5,10160.0,21.667046,-157.95213,2830.0,19,18,10,291
2017-10-18 20:00:00+00:00,9.85,90.29,10162.0,21.667046,-157.95213,2974.0,20,18,10,291
2017-10-18 21:00:00+00:00,13.93,69.99,10158.0,21.667046,-157.95213,3218.0,21,18,10,291
2017-10-18 22:00:00+00:00,14.03,71.66,10154.0,21.667046,-157.95213,3402.0,22,18,10,291
2017-10-18 23:00:00+00:00,12.69,75.12,10151.0,21.667046,-157.95213,2865.0,23,18,10,291
2017-10-19 00:00:00+00:00,13.21,71.78,10146.0,21.667046,-157.95213,3027.0,0,19,10,292
2017-10-19 01:00:00+00:00,12.77,69.87,10142.0,21.667046,-157.95213,3153.0,1,19,10,292
2017-10-19 02:00:00+00:00,12.55,71.17,10140.0,21.667046,-157.95213,2933.0,2,19,10,292
2017-10-19 03:00:00+00:00,12.42,66.89,10143.0,21.667046,-157.95213,2723.0,3,19,10,292
2017-10-19 04:00:00+00:00,13.86,65.12,10146.0,21.667046,-157.95213,2456.0,4,19,10,292
2017-10-19 05:00:00+00:00,14.33,68.42,10150.0,21.667046,-157.95213,2465.0,5,19,10,292
2017-10-19 06:00:00+00:00,14.72,69.35,10156.0,21.667046,-157.95213,2335.0,6,19,10,292
2017-10-19 07:00:00+00:00,10.76,67.67,10161.0,21.667046,-157.95213,2212.0,7,19,10,292
2017-10-19 08:00:00+00:00,13.21,73.47,10161.0,21.667046,-157.95213,2270.0,8,19,10,292
2017-10-19 09:00:00+00:00,14.1,78.32,10162.0,21.667046,-157.95213,2294.0,9,19,10,292
2017-10-19 10:00:00+00:00,14.4,80.93,10159.0,21.667046,-157.95213,2335.0,10,19,10,292
2017-10-19 11:00:00+00:00,13.77,72.92,10155.0,21.667046,-157.95213,2361.0,11,19,10,292
2017-10-19 12:00:00+00:00,14.32,75.54,10147.0,21.667046,-157.95213,2384.0,12,19,10,292
2017-10-19 13:00:00+00:00,14.21,72.33,10148.0,21.667046,-157.95213,2387.0,13,19,10,292
2017-10-19 14:00:00+00:00,14.34,74.18,10144.0,21.667046,-157.95213,2374.0,14,19,10,292
2017-10-19 15:00:00+00:00,14.55,74.14,10150.0,21.667046,-157.95213,2378.0,15,19,10,292
2017-10-19 16:00:00+00:00,14.04,67.19,10150.0,21.667046,-157.95213,2365.0,16,19,10,292
2017-10-19 17:00:00+00:00,10.55,84.73,10157.0,21.667046,-157.95213,2425.0,17,19,10,292
2017-10-19 18:00:00+00:00,14.86,77.63,10158.0,21.667046,-157.95213,2731.0,18,19,10,292
2017-10-19 19:00:00+00:00,15.63,73.58,10163.0,21.667046,-157.95213,3023.0,19,19,10,292
2017-10-19 20:00:00+00:00,14.75,75.4,10166.0,21.667046,-157.95213,3189.0,20,19,10,292
2017-10-19 21:00:00+00:00,15.33,81.93,10162.0,21.667046,-157.95213,3239.0,21,19,10,292
2017-10-19 22:00:00+00:00,15.14,84.08,10159.0,21.667046,-157.95213,3212.0,22,19,10,292
2017-10-19 23:00:00+00:00,14.27,78.16,10152.0,21.667046,-157.95213,3312.0,23,19,10,292
2017-10-20 00:00:00+00:00,14.31,71.46,10147.0,21.667046,-157.95213,2943.0,0,20,10,293
2017-10-20 01:00:00+00:00,12.77,69.52,10142.0,21.667046,-157.95213,2825.0,1,20,10,293
2017-10-20 02:00:00+00:00,14.35,77.09,10142.0,21.667046,-157.95213,2842.0,2,20,10,293
2017-10-20 03:00:00+00:00,11.81,90.07,10146.0,21.667046,-157.95213,2499.0,3,20,10,293
2017-10-20 04:00:00+00:00,14.7,82.91,10153.0,21.667046,-157.95213,2240.0,4,20,10,293
2017-10-20 05:00:00+00:00,13.5,76.93,10154.0,21.667046,-157.95213,2284.0,5,20,10,293
2017-10-20 06:00:00+00:00,11.51,93.8,10159.0,21.667046,-157.95213,2237.0,6,20,10,293
2017-10-20 07:00:00+00:00,13.39,75.94,10166.0,21.667046,-157.95213,2286.0,7,20,10,293
2017-10-20 08:00:00+00:00,14.2,74.85,10165.0,21.667046,-157.95213,2303.0,8,20,10,293
2017-10-20 09:00:00+00:00,13.72,77.27,10165.0,21.667046,-157.95213,2379.0,9,20,10,293
2017-10-20 10:00:00+00:00,13.3,77.15,10164.0,21.667046,-157.95213,2399.0,10,20,10,293
2017-10-20 11:00:00+00:00,13.76,71.28,10161.0,21.667046,-157.95213,2331.0,11,20,10,293
2017-10-20 12:00:00+00:00,12.53,84.98,10153.0,21.667046,-157.95213,2352.0,12,20,10,293
2017-10-20 13:00:00+00:00,14.28,79.33,10145.0,21.667046,-157.95213,2335.0,13,20,10,293
2017-10-20 14:00:00+00:00,14.43,79.04,10143.0,21.667046,-157.95213,2364.0,14,20,10,293
2017-10-20 15:00:00+00:00,13.04,84.46,10144.0,21.667046,-157.95213,2445.0,15,20,10,293
2017-10-20 16:00:00+00:00,13.55,75.74,10148.0,21.667046,-157.95213,2357.0,16,20,10,293
2017-10-20 17:00:00+00:00,13.05,72.5,10150.0,21.667046,-157.95213,2450.0,17,20,10,293
2017-10-20 18:00:00+00:00,13.39,73.19,10150.0,21.667046,-157.95213,2726.0,18,20,10,293
2017-10-20 19:00:00+00:00,13.23,68.18,10151.0,21.667046,-157.95213,2919.0,19,20,10,293
2017-10-20 20:00:00+00:00,13.21,70.36,10152.0,21.667046,-157.95213,3188.0,20,20,10,293
2017-10-20 21:00:00+00:00,13.03,69.86,10146.0,21.667046,-157.95213,3322.0,21,20,10,293
2017-10-20 22:00:00+00:00,12.48,70.12,10138.0,21.667046,-157.95213,3423.0,22,20,10,293
2017-10-20 23:00:00+00:00,12.35,70.39,10130.0,21.667046,-157.95213,3441.0,23,20,10,293
2017-10-21 00:00:00+00:00,12.45,70.46,10125.0,21.667046,-157.95213,3271.0,0,21,10,294
2017-10-21 01:00:00+00:00,12.29,70.17,10122.0,21.667046,-157.95213,3171.0,1,21,10,294
2017-10-21 02:00:00+00:00,11.98,69.44,10127.0,21.667046,-157.95213,2939.0,2,21,10,294
2017-10-21 03:00:00+00:00,12.59,66.13,10127.0,21.667046,-157.95213,2709.0,3,21,10,294
2017-10-21 04:00:00+00:00,12.61,69.16,10130.0,21.667046,-157.95213,2414.0,4,21,10,294
2017-10-21 05:00:00+00:00,13.19,67.79,10132.0,21.667046,-157.95213,2438.0,5,21,10,294
2017-10-21 06:00:00+00:00,12.62,69.47,10137.0,21.667046,-157.95213,2398.0,6,21,10,294
2017-10-21 07:00:00+00:00,12.04,71.21,10141.0,21.667046,-157.95213,2391.0,7,21,10,294
2017-10-21 08:00:00+00:00,11.17,77.98,10142.0,21.667046,-157.95213,2366.0,8,21,10,294
2017-10-21 09:00:00+00:00,11.24,80.1,10143.0,21.667046,-157.95213,2360.0,9,21,10,294
2017-10-21 10:00:00+00:00,10.88,81.48,10142.0,21.667046,-157.95213,2358.0,10,21,10,294
2017-10-21 11:00:00+00:00,10.89,84.46,10138.0,21.667046,-157.95213,2338.0,11,21,10,294
2017-10-21 12:00:00+00:00,11.48,88.07,10132.0,21.667046,-157.95213,2377.0,12,21,10,294
2017-10-21 13:00:00+00:00,10.66,82.44,10127.0,21.667046,-157.95213,2333.0,13,21,10,294
2017-10-21 14:00:00+00:00,10.21,86.32,10124.0,21.667046,-157.95213,2296.0,14,21,10,294
2017-10-21 15:00:00+00:00,9.86,82.4,10125.0,21.667046,-157.95213,2293.0,15,21,10,294
2017-10-21 16:00:00+00:00,9.48,83.62,10126.0,21.667046,-157.95213,2273.0,16,21,10,294
2017-10-21 17:00:00+00:00,9.46,81.16,10129.0,21.667046,-157.95213,2409.0,17,21,10,294
2017-10-21 18:00:00+00:00,9.08,79.59,10130.0,21.667046,-157.95213,2802.0,18,21,10,294
2017-10-21 19:00:00+00:00,8.83,76.76,10135.0,21.667046,-157.95213,3083.0,19,21,10,294
2017-10-21 20:00:00+00:00,8.79,82.08,10137.0,21.667046,-157.95213,3306.0,20,21,10,294
2017-10-21 21:00:00+00:00,8.84,82.59,10136.0,21.667046,-157.95213,3338.0,21,21,10,294
2017-10-21 22:00:00+00:00,8.76,84.57,10133.0,21.667046,-157.95213,3534.0,22,21,10,294
2017-10-21 23:00:00+00:00,8.75,79.3,10127.0,21.667046,-157.95213,3467.0,23,21,10,294
2017-10-22 00:00:00+00:00,8.65,77.04,10119.0,21.667046,-157.95213,3389.0,0,22,10,295
2017-10-22 01:00:00+00:00,8.99,77.91,10115.0,21.667046,-157.95213,3147.0,1,22,10,295
2017-10-22 02:00:00+00:00,8.82,84.51,10114.0,21.667046,-157.95213,3039.0,2,22,10,295
2017-10-22 03:00:00+00:00,8.78,82.89,10120.0,21.667046,-157.95213,2746.0,3,22,10,295
2017-10-22 04:00:00+00:00,8.28,84.1,10120.0,21.667046,-157.95213,2342.0,4,22,10,295
2017-10-22 05:00:00+00:00,9.33,84.14,10128.0,21.667046,-157.95213,2337.0,5,22,10,295
2017-10-22 06:00:00+00:00,9.57,84.32,10133.0,21.667046,-157.95213,2350.0,6,22,10,295
2017-10-22 07:00:00+00:00,8.87,85.84,10135.0,21.667046,-157.95213,2345.0,7,22,10,295
2017-10-22 08:00:00+00:00,9.04,95.39,10137.0,21.667046,-157.95213,2330.0,8,22,10,295
2017-10-22 09:00:00+00:00,8.86,99.31,10136.0,21.667046,-157.95213,2319.0,9,22,10,295
2017-10-22 10:00:00+00:00,8.77,94.92,10133.0,21.667046,-157.95213,2326.0,10,22,10,295
2017-10-22 11:00:00+00:00,9.01,98.17,10128.0,21.667046,-157.95213,2309.0,11,22,10,295
2017-10-22 12:00:00+00:00,8.18,96.64,10123.0,21.667046,-157.95213,2277.0,12,22,10,295
2017-10-22 13:00:00+00:00,7.2,95.97,10120.0,21.667046,-157.95213,2327.0,13,22,10,295
2017-10-22 14:00:00+00:00,6.7,103.32,10118.0,21.667046,-157.95213,2026.0,14,22,10,295
2017-10-22 15:00:00+00:00,6.29,118.85,10122.0,21.667046,-157.95213,2085.0,15,22,10,295
2017-10-22 16:00:00+00:00,5.25,120.87,10126.0,21.667046,-157.95213,1922.0,16,22,10,295
2017-10-22 17:00:00+00:00,3.63,125.21,10130.0,21.667046,-157.95213,2274.0,17,22,10,295
2017-10-22 18:00:00+00:00,4.46,124.54,10133.0,21.667046,-157.95213,2855.0,18,22,10,295
2017-10-22 19:00:00+00:00,4.47,101.11,10140.0,21.667046,-157.95213,3180.0,19,22,10,295
2017-10-22 20:00:00+00:00,4.78,93.91,10137.0,21.667046,-157.95213,3336.0,20,22,10,295
2017-10-22 21:00:00+00:00,4.8,99.56,10135.0,21.667046,-157.95213,3553.0,21,22,10,295
2017-10-22 22:00:00+00:00,5.11,98.37,10126.0,21.667046,-157.95213,3543.0,22,22,10,295
2017-10-22 23:00:00+00:00,5.77,120.29,10120.0,21.667046,-157.95213,3168.0,23,22,10,295
2017-10-23 00:00:00+00:00,3.53,119.96,10108.0,21.667046,-157.95213,3285.0,0,23,10,296
2017-10-23 01:00:00+00:00,2.88,73.86,10104.0,21.667046,-157.95213,3172.0,1,23,10,296
2017-10-23 02:00:00+00:00,3.14,340.75,10108.0,21.667046,-157.95213,2971.0,2,23,10,296
2017-10-23 03:00:00+00:00,2.3,358.81,10111.0,21.667046,-157.95213,2732.0,3,23,10,296
2017-10-23 04:00:00+00:00,1.68,25.25,10113.0,21.667046,-157.95213,2189.0,4,23,10,296
2017-10-23 05:00:00+00:00,1.6,136.04,10117.0,21.667046,-157.95213,2215.0,5,23,10,296
2017-10-23 06:00:00+00:00,0.77,154.69,10123.0,21.667046,-157.95213,2109.0,6,23,10,296
2017-10-23 07:00:00+00:00,0.94,164.65,10125.0,21.667046,-157.95213,2049.0,7,23,10,296
2017-10-23 08:00:00+00:00,2.59,199.99,10128.0,21.667046,-157.95213,2030.0,8,23,10,296
2017-10-23 09:00:00+00:00,4.17,210.56,10123.0,21.667046,-157.95213,1989.0,9,23,10,296
2017-10-23 10:00:00+00:00,4.22,206.29,10114.0,21.667046,-157.95213,1767.0,10,23,10,296
2017-10-23 11:00:00+00:00,3.33,195.6,10108.0,21.667046,-157.95213,1739.0,11,23,10,296
2017-10-23 12:00:00+00:00,2.4,196.89,10108.0,21.667046,-157.95213,1811.0,12,23,10,296
2017-10-23 13:00:00+00:00,3.21,214.61,10101.0,21.667046,-157.95213,1851.0,13,23,10,296
2017-10-23 14:00:00+00:00,2.44,219.12,10097.0,21.667046,-157.95213,2045.0,14,23,10,296
2017-10-23 15:00:00+00:00,4.12,196.6,10096.0,21.667046,-157.95213,2092.0,15,23,10,296
2017-10-23 16:00:00+00:00,3.45,187.16,10089.0,21.667046,-157.95213,2100.0,16,23,10,296
2017-10-23 17:00:00+00:00,2.75,119.0,10084.0,21.667046,-157.95213,2281.0,17,23,10,296
2017-10-23 18:00:00+00:00,4.04,133.08,10091.0,21.667046,-157.95213,2587.0,18,23,10,296
2017-10-23 19:00:00+00:00,1.79,144.06,10096.0,21.667046,-157.95213,2497.0,19,23,10,296
2017-10-23 20:00:00+00:00,3.25,133.63,10095.0,21.667046,-157.95213,3064.0,20,23,10,296
2017-10-23 21:00:00+00:00,2.63,128.38,10093.0,21.667046,-157.95213,2711.0,21,23,10,296
2017-10-23 22:00:00+00:00,3.19,139.07,10083.0,21.667046,-157.95213,3303.0,22,23,10,296
2017-10-23 23:00:00+00:00,4.96,135.39,10071.0,21.667046,-157.95213,3692.0,23,23,10,296
2017-10-24 00:00:00+00:00,5.33,189.99,10069.0,21.667046,-157.95213,3751.0,0,24,10,297
2017-10-24 01:00:00+00:00,5.59,186.41,10059.0,21.667046,-157.95213,3595.0,1,24,10,297
2017-10-24 02:00:00+00:00,4.36,119.41,10055.0,21.667046,-157.95213,2981.0,2,24,10,297
2017-10-24 03:00:00+00:00,8.22,120.01,10051.0,21.667046,-157.95213,2544.0,3,24,10,297
2017-10-24 04:00:00+00:00,15.11,201.03,10051.0,21.667046,-157.95213,2351.0,4,24,10,297
2017-10-24 05:00:00+00:00,17.84,199.54,10049.0,21.667046,-157.95213,2320.0,5,24,10,297
2017-10-24 06:00:00+00:00,13.97,203.14,10061.0,21.667046,-157.95213,2278.0,6,24,10,297
2017-10-24 07:00:00+00:00,7.16,197.64,10070.0,21.667046,-157.95213,2309.0,7,24,10,297
2017-10-24 08:00:00+00:00,16.62,215.1,10061.0,21.667046,-157.95213,2352.0,8,24,10,297
2017-10-24 09:00:00+00:00,18.45,201.36,10059.0,21.667046,-157.95213,2290.0,9,24,10,297
2017-10-24 10:00:00+00:00,8.03,245.17,10076.0,21.667046,-157.95213,2203.0,10,24,10,297
2017-10-24 11:00:00+00:00,9.16,256.76,10062.0,21.667046,-157.95213,2163.0,11,24,10,297
2017-10-24 12:00:00+00:00,4.33,272.15,10058.0,21.667046,-157.95213,2134.0,12,24,10,297
2017-10-24 13:00:00+00:00,8.36,339.7,10047.0,21.667046,-157.95213,2193.0,13,24,10,297
2017-10-24 14:00:00+00:00,9.02,328.28,10050.0,21.667046,-157.95213,2104.0,14,24,10,297
2017-10-24 15:00:00+00:00,9.87,321.98,10058.0,21.667046,-157.95213,2089.0,15,24,10,297
2017-10-24 16:00:00+00:00,8.35,327.1,10059.0,21.667046,-157.95213,2029.0,16,24,10,297
2017-10-24 17:00:00+00:00,8.3,319.7,10062.0,21.667046,-157.95213,2031.0,17,24,10,297
2017-10-24 18:00:00+00:00,7.28,322.97,10063.0,21.667046,-157.95213,2260.0,18,24,10,297
2017-10-24 19:00:00+00:00,6.23,326.39,10067.0,21.667046,-157.95213,2447.0,19,24,10,297
2017-10-24 20:00:00+00:00,5.91,336.85,10071.0,21.667046,-157.95213,3043.0,20,24,10,297
2017-10-24 21:00:00+00:00,4.65,349.96,10069.0,21.667046,-157.95213,3063.0,21,24,10,297
2017-10-24 22:00:00+00:00,4.17,357.86,10062.0,21.667046,-157.95213,3035.0,22,24,10,297
2017-10-24 23:00:00+00:00,5.2,349.44,10056.0,21.667046,-157.95213,2793.0,23,24,10,297
2017-10-25 00:00:00+00:00,4.63,349.85,10048.0,21.667046,-157.95213,2855.0,0,25,10,298
2017-10-25 01:00:00+00:00,4.38,354.16,10045.0,21.667046,-157.95213,2736.0,1,25,10,298
2017-10-25 02:00:00+00:00,3.83,350.91,10048.0,21.667046,-157.95213,2580.0,2,25,10,298
2017-10-25 03:00:00+00:00,3.16,351.82,10054.0,21.667046,-157.95213,2483.0,3,25,10,298
2017-10-25 04:00:00+00:00,5.01,331.05,10059.0,21.667046,-157.95213,1915.0,4,25,10,298
2017-10-25 05:00:00+00:00,3.63,325.57,10072.0,21.667046,-157.95213,1954.0,5,25,10,298
2017-10-25 06:00:00+00:00,3.16,326.38,10076.0,21.667046,-157.95213,1941.0,6,25,10,298
2017-10-25 07:00:00+00:00,1.89,323.74,10079.0,21.667046,-157.95213,1907.0,7,25,10,298
2017-10-25 08:00:00+00:00,2.15,317.21,10083.0,21.667046,-157.95213,1882.0,8,25,10,298
2017-10-25 09:00:00+00:00,2.6,274.94,10085.0,21.667046,-157.95213,1888.0,9,25,10,298
2017-10-25 10:00:00+00:00,4.23,283.62,10083.0,21.667046,-157.95213,1904.0,10,25,10,298
2017-10-25 11:00:00+00:00,3.88,286.49,10080.0,21.667046,-157.95213,1882.0,11,25,10,298
2017-10-25 12:00:00+00:00,4.24,291.16,10079.0,21.667046,-157.95213,1873.0,12,25,10,298
2017-10-25 13:00:00+00:00,4.14,292.1,10078.0,21.667046,-157.95213,1862.0,13,25,10,298
2017-10-25 14:00:00+00:00,4.39,300.65,10081.0,21.667046,-157.95213,1815.0,14,25,10,298
2017-10-25 15:00:00+00:00,3.84,314.91,10082.0,21.667046,-157.95213,1797.0,15,25,10,298
2017-10-25 16:00:00+00:00,2.71,299.85,10088.0,21.667046,-157.95213,1784.0,16,25,10,298
2017-10-25 17:00:00+00:00,2.48,302.94,10091.0,21.667046,-157.95213,2105.0,17,25,10,298
2017-10-25 18:00:00+00:00,2.1,298.84,10101.0,21.667046,-157.95213,2614.0,18,25,10,298
2017-10-25 19:00:00+00:00,2.37,313.52,10105.0,21.667046,-157.95213,2941.0,19,25,10,298
2017-10-25 20:00:00+00:00,3.83,317.16,10106.0,21.667046,-157.95213,3179.0,20,25,10,298
2017-10-25 21:00:00+00:00,4.5,334.03,10104.0,21.667046,-157.95213,3317.0,21,25,10,298
2017-10-25 22:00:00+00:00,4.04,351.72,10100.0,21.667046,-157.95213,2856.0,22,25,10,298
2017-10-25 23:00:00+00:00,4.57,347.76,10097.0,21.667046,-157.95213,2905.0,23,25,10,298
2017-10-26 00:00:00+00:00,5.45,324.43,10096.0,21.667046,-157.95213,2664.0,0,26,10,299
2017-10-26 01:00:00+00:00,6.88,327.86,10099.0,21.667046,-157.95213,2510.0,1,26,10,299
2017-10-26 02:00:00+00:00,5.35,323.74,10095.0,21.667046,-157.95213,2666.0,2,26,10,299
2017-10-26 03:00:00+00:00,4.8,326.91,10099.0,21.667046,-157.95213,2525.0,3,26,10,299
2017-10-26 04:00:00+00:00,4.57,326.77,10103.0,21.667046,-157.95213,1876.0,4,26,10,299
2017-10-26 05:00:00+00:00,4.7,339.64,10109.0,21.667046,-157.95213,1928.0,5,26,10,299
2017-10-26 06:00:00+00:00,3.08,351.85,10111.0,21.667046,-157.95213,1887.0,6,26,10,299
2017-10-26 07:00:00+00:00,2.37,322.58,10111.0,21.667046,-157.95213,1852.0,7,26,10,299
2017-10-26 08:00:00+00:00,2.78,324.47,10112.0,21.667046,-157.95213,1843.0,8,26,10,299
2017-10-26 09:00:00+00:00,3.22,323.19,10108.0,21.667046,-157.95213,1838.0,9,26,10,299
2017-10-26 10:00:00+00:00,3.27,330.59,10106.0,21.667046,-157.95213,1816.0,10,26,10,299
2017-10-26 11:00:00+00:00,3.61,315.93,10102.0,21.667046,-157.95213,1853.0,11,26,10,299
2017-10-26 12:00:00+00:00,4.33,313.03,10101.0,21.667046,-157.95213,1850.0,12,26,10,299
2017-10-26 13:00:00+00:00,5.98,326.02,10095.0,21.667046,-157.95213,1883.0,13,26,10,299
2017-10-26 14:00:00+00:00,5.55,335.71,10093.0,21.667046,-157.95213,1802.0,14,26,10,299
2017-10-26 15:00:00+00:00,4.74,339.27,10093.0,21.667046,-157.95213,1801.0,15,26,10,299
2017-10-26 16:00:00+00:00,2.99,331.63,10094.0,21.667046,-157.95213,1787.0,16,26,10,299
2017-10-26 17:00:00+00:00,3.17,342.93,10098.0,21.667046,-157.95213,2103.0,17,26,10,299
2017-10-26 18:00:00+00:00,2.79,348.79,10100.0,21.667046,-157.95213,2564.0,18,26,10,299
2017-10-26 19:00:00+00:00,3.78,349.55,10105.0,21.667046,-157.95213,2883.0,19,26,10,299
2017-10-26 20:00:00+00:00,4.49,352.52,10105.0,21.667046,-157.95213,3036.0,20,26,10,299
2017-10-26 21:00:00+00:00,4.32,350.55,10103.0,21.667046,-157.95213,3207.0,21,26,10,299
2017-10-26 22:00:00+00:00,4.76,356.1,10097.0,21.667046,-157.95213,3097.0,22,26,10,299
2017-10-26 23:00:00+00:00,5.72,345.49,10089.0,21.667046,-157.95213,3260.0,23,26,10,299
2017-10-27 00:00:00+00:00,5.02,344.56,10084.0,21.667046,-157.95213,3291.0,0,27,10,300
2017-10-27 01:00:00+00:00,4.67,346.26,10079.0,21.667046,-157.95213,3096.0,1,27,10,300
2017-10-27 02:00:00+00:00,4.68,351.92,10083.0,21.667046,-157.95213,2815.0,2,27,10,300
2017-10-27 03:00:00+00:00,4.41,348.0,10082.0,21.667046,-157.95213,2514.0,3,27,10,300
2017-10-27 04:00:00+00:00,4.08,340.07,10086.0,21.667046,-157.95213,1897.0,4,27,10,300
2017-10-27 05:00:00+00:00,4.44,344.75,10090.0,21.667046,-157.95213,1926.0,5,27,10,300
2017-10-27 06:00:00+00:00,3.23,346.37,10096.0,21.667046,-157.95213,1941.0,6,27,10,300
2017-10-27 07:00:00+00:00,2.42,319.31,10097.0,21.667046,-157.95213,1941.0,7,27,10,300
2017-10-27 08:00:00+00:00,1.6,320.23,10096.0,21.667046,-157.95213,1922.0,8,27,10,300
2017-10-27 09:00:00+00:00,2.26,337.7,10095.0,21.667046,-157.95213,1909.0,9,27,10,300
2017-10-27 10:00:00+00:00,1.86,315.71,10089.0,21.667046,-157.95213,1906.0,10,27,10,300
2017-10-27 11:00:00+00:00,1.19,322.58,10088.0,21.667046,-157.95213,1904.0,11,27,10,300
2017-10-27 12:00:00+00:00,2.18,311.49,10083.0,21.667046,-157.95213,2079.0,12,27,10,300
2017-10-27 13:00:00+00:00,2.58,329.23,10077.0,21.667046,-157.95213,1886.0,13,27,10,300
2017-10-27 14:00:00+00:00,1.93,336.35,10077.0,21.667046,-157.95213,1870.0,14,27,10,300
2017-10-27 15:00:00+00:00,1.24,294.59,10076.0,21.667046,-157.95213,1847.0,15,27,10,300
2017-10-27 16:00:00+00:00,0.63,348.28,10079.0,21.667046,-157.95213,1930.0,16,27,10,300
2017-10-27 17:00:00+00:00,1.34,327.76,10081.0,21.667046,-157.95213,1948.0,17,27,10,300
2017-10-27 18:00:00+00:00,0.5,331.55,10085.0,21.667046,-157.95213,2477.0,18,27,10,300
2017-10-27 19:00:00+00:00,1.21,41.65,10087.0,21.667046,-157.95213,2783.0,19,27,10,300
2017-10-27 20:00:00+00:00,2.77,27.94,10087.0,21.667046,-157.95213,3217.0,20,27,10,300
2017-10-27 21:00:00+00:00,3.77,0.29,10082.0,21.667046,-157.95213,3378.0,21,27,10,300
2017-10-27 22:00:00+00:00,4.03,350.99,10073.0,21.667046,-157.95213,3437.0,22,27,10,300
2017-10-27 23:00:00+00:00,4.3,346.07,10064.0,21.667046,-157.95213,3458.0,23,27,10,300
2017-10-28 00:00:00+00:00,4.78,341.65,10058.0,21.667046,-157.95213,3353.0,0,28,10,301
2017-10-28 01:00:00+00:00,4.46,341.08,10056.0,21.667046,-157.95213,3181.0,1,28,10,301
2017-10-28 02:00:00+00:00,4.17,337.1,10058.0,21.667046,-157.95213,2949.0,2,28,10,301
2017-10-28 03:00:00+00:00,3.6,335.65,10062.0,21.667046,-157.95213,2614.0,3,28,10,301
2017-10-28 04:00:00+00:00,2.99,334.69,10068.0,21.667046,-157.95213,1943.0,4,28,10,301
2017-10-28 05:00:00+00:00,1.94,328.3,10070.0,21.667046,-157.95213,2024.0,5,28,10,301
2017-10-28 06:00:00+00:00,1.53,311.29,10075.0,21.667046,-157.95213,1974.0,6,28,10,301
2017-10-28 07:00:00+00:00,0.69,306.95,10076.0,21.667046,-157.95213,1976.0,7,28,10,301
2017-10-28 08:00:00+00:00,0.32,238.55,10078.0,21.667046,-157.95213,1990.0,8,28,10,301
2017-10-28 09:00:00+00:00,1.74,161.1,10078.0,21.667046,-157.95213,2008.0,9,28,10,301
2017-10-28 10:00:00+00:00,1.73,162.09,10074.0,21.667046,-157.95213,1992.0,10,28,10,301
2017-10-28 11:00:00+00:00,3.1,152.78,10071.0,21.667046,-157.95213,2003.0,11,28,10,301
2017-10-28 12:00:00+00:00,3.88,151.97,10068.0,21.667046,-157.95213,1999.0,12,28,10,301
2017-10-28 13:00:00+00:00,3.74,148.97,10065.0,21.667046,-157.95213,1974.0,13,28,10,301
2017-10-28 14:00:00+00:00,3.29,158.72,10065.0,21.667046,-157.95213,2027.0,14,28,10,301
2017-10-28 15:00:00+00:00,2.16,157.23,10067.0,21.667046,-157.95213,1934.0,15,28,10,301
2017-10-28 16:00:00+00:00,0.6,186.42,10070.0,21.667046,-157.95213,1919.0,16,28,10,301
2017-10-28 17:00:00+00:00,0.59,305.99,10073.0,21.667046,-157.95213,2089.0,17,28,10,301
2017-10-28 18:00:00+00:00,1.23,324.91,10079.0,21.667046,-157.95213,2667.0,18,28,10,301
2017-10-28 19:00:00+00:00,1.28,72.58,10082.0,21.667046,-157.95213,2966.0,19,28,10,301
2017-10-28 20:00:00+00:00,3.65,51.78,10085.0,21.667046,-157.95213,2881.0,20,28,10,301
2017-10-28 21:00:00+00:00,3.35,68.82,10080.0,21.667046,-157.95213,2908.0,21,28,10,301
2017-10-28 22:00:00+00:00,4.38,43.08,10076.0,21.667046,-157.95213,3075.0,22,28,10,301
2017-10-28 23:00:00+00:00,5.15,33.15,10071.0,21.667046,-157.95213,3090.0,23,28,10,301
2017-10-29 00:00:00+00:00,4.42,23.87,10065.0,21.667046,-157.95213,2552.0,0,29,10,302
2017-10-29 01:00:00+00:00,3.9,29.42,10064.0,21.667046,-157.95213,2425.0,1,29,10,302
2017-10-29 02:00:00+00:00,2.72,23.38,10068.0,21.667046,-157.95213,2382.0,2,29,10,302
2017-10-29 03:00:00+00:00,6.25,56.41,10067.0,21.667046,-157.95213,2431.0,3,29,10,302
2017-10-29 04:00:00+00:00,6.39,65.3,10073.0,21.667046,-157.95213,2268.0,4,29,10,302
2017-10-29 05:00:00+00:00,4.38,49.48,10080.0,21.667046,-157.95213,2202.0,5,29,10,302
2017-10-29 06:00:00+00:00,4.59,52.54,10083.0,21.667046,-157.95213,2267.0,6,29,10,302
2017-10-29 07:00:00+00:00,6.81,45.67,10086.0,21.667046,-157.95213,2266.0,7,29,10,302
2017-10-29 08:00:00+00:00,7.6,104.58,10087.0,21.667046,-157.95213,2273.0,8,29,10,302
2017-10-29 09:00:00+00:00,5.62,78.18,10087.0,21.667046,-157.95213,2164.0,9,29,10,302
2017-10-29 10:00:00+00:00,1.16,199.81,10080.0,21.667046,-157.95213,2158.0,10,29,10,302
2017-10-29 11:00:00+00:00,6.79,91.34,10078.0,21.667046,-157.95213,2163.0,11,29,10,302
2017-10-29 12:00:00+00:00,5.62,84.73,10074.0,21.667046,-157.95213,2084.0,12,29,10,302
2017-10-29 13:00:00+00:00,5.16,58.97,10074.0,21.667046,-157.95213,1890.0,13,29,10,302
2017-10-29 14:00:00+00:00,5.3,59.71,10073.0,21.667046,-157.95213,1922.0,14,29,10,302
2017-10-29 15:00:00+00:00,5.24,48.58,10078.0,21.667046,-157.95213,2070.0,15,29,10,302
2017-10-29 16:00:00+00:00,6.05,24.9,10079.0,21.667046,-157.95213,2189.0,16,29,10,302
2017-10-29 17:00:00+00:00,6.23,40.41,10087.0,21.667046,-157.95213,2240.0,17,29,10,302
2017-10-29 18:00:00+00:00,8.47,88.71,10092.0,21.667046,-157.95213,2265.0,18,29,10,302
2017-10-29 19:00:00+00:00,4.58,79.93,10095.0,21.667046,-157.95213,2434.0,19,29,10,302
2017-10-29 20:00:00+00:00,4.81,61.44,10094.0,21.667046,-157.95213,2509.0,20,29,10,302
2017-10-29 21:00:00+00:00,5.07,83.5,10091.0,21.667046,-157.95213,2490.0,21,29,10,302
2017-10-29 22:00:00+00:00,6.43,69.21,10083.0,21.667046,-157.95213,2634.0,22,29,10,302
2017-10-29 23:00:00+00:00,6.49,85.99,10078.0,21.667046,-157.95213,3001.0,23,29,10,302
2017-10-30 00:00:00+00:00,6.19,78.43,10071.0,21.667046,-157.95213,2970.0,0,30,10,303
2017-10-30 01:00:00+00:00,6.67,74.45,10067.0,21.667046,-157.95213,2800.0,1,30,10,303
2017-10-30 02:00:00+00:00,6.27,81.85,10068.0,21.667046,-157.95213,2688.0,2,30,10,303
2017-10-30 03:00:00+00:00,6.02,86.0,10072.0,21.667046,-157.95213,2573.0,3,30,10,303
2017-10-30 04:00:00+00:00,6.14,86.22,10076.0,21.667046,-157.95213,2276.0,4,30,10,303
2017-10-30 05:00:00+00:00,6.13,83.39,10080.0,21.667046,-157.95213,2195.0,5,30,10,303
2017-10-30 06:00:00+00:00,7.14,88.48,10087.0,21.667046,-157.95213,2392.0,6,30,10,303
2017-10-30 07:00:00+00:00,6.44,99.2,10091.0,21.667046,-157.95213,2306.0,7,30,10,303
2017-10-30 08:00:00+00:00,5.39,132.36,10094.0,21.667046,-157.95213,2194.0,8,30,10,303
2017-10-30 09:00:00+00:00,5.71,156.44,10092.0,21.667046,-157.95213,2219.0,9,30,10,303
2017-10-30 10:00:00+00:00,4.88,144.86,10089.0,21.667046,-157.95213,2074.0,10,30,10,303
2017-10-30 11:00:00+00:00,3.64,141.91,10085.0,21.667046,-157.95213,2045.0,11,30,10,303
2017-10-30 12:00:00+00:00,4.29,149.96,10078.0,21.667046,-157.95213,2037.0,12,30,10,303
2017-10-30 13:00:00+00:00,4.15,148.79,10079.0,21.667046,-157.95213,2061.0,13,30,10,303
2017-10-30 14:00:00+00:00,3.47,146.34,10076.0,21.667046,-157.95213,1946.0,14,30,10,303
2017-10-30 15:00:00+00:00,3.49,126.41,10077.0,21.667046,-157.95213,1921.0,15,30,10,303
2017-10-30 16:00:00+00:00,2.26,123.42,10079.0,21.667046,-157.95213,1883.0,16,30,10,303
2017-10-30 17:00:00+00:00,1.96,136.9,10082.0,21.667046,-157.95213,2102.0,17,30,10,303
2017-10-30 18:00:00+00:00,1.81,132.8,10086.0,21.667046,-157.95213,2742.0,18,30,10,303
2017-10-30 19:00:00+00:00,2.99,117.06,10086.0,21.667046,-157.95213,3033.0,19,30,10,303
2017-10-30 20:00:00+00:00,3.44,116.64,10089.0,21.667046,-157.95213,3352.0,20,30,10,303
2017-10-30 21:00:00+00:00,4.37,107.78,10088.0,21.667046,-157.95213,3255.0,21,30,10,303
2017-10-30 22:00:00+00:00,4.22,96.21,10084.0,21.667046,-157.95213,3365.0,22,30,10,303
2017-10-30 23:00:00+00:00,3.86,84.02,10078.0,21.667046,-157.95213,3210.0,23,30,10,303
2017-10-31 00:00:00+00:00,2.43,69.39,10071.0,21.667046,-157.95213,2419.0,0,31,10,304
2017-10-31 01:00:00+00:00,1.72,107.94,10068.0,21.667046,-157.95213,2645.0,1,31,10,304
2017-10-31 02:00:00+00:00,1.75,73.19,10066.0,21.667046,-157.95213,2681.0,2,31,10,304
2017-10-31 03:00:00+00:00,1.23,299.41,10070.0,21.667046,-157.95213,2279.0,3,31,10,304
2017-10-31 04:00:00+00:00,0.22,142.89,10072.0,21.667046,-157.95213,2277.0,4,31,10,304
2017-10-31 05:00:00+00:00,0.85,10.65,10080.0,21.667046,-157.95213,2250.0,5,31,10,304
2017-10-31 06:00:00+00:00,0.89,113.31,10086.0,21.667046,-157.95213,2147.0,6,31,10,304
2017-10-31 07:00:00+00:00,6.38,145.9,10090.0,21.667046,-157.95213,2125.0,7,31,10,304
2017-10-31 08:00:00+00:00,5.88,143.22,10088.0,21.667046,-157.95213,2226.0,8,31,10,304
2017-10-31 09:00:00+00:00,5.37,144.23,10088.0,21.667046,-157.95213,2282.0,9,31,10,304
2017-10-31 10:00:00+00:00,4.22,210.11,10094.0,21.667046,-157.95213,2240.0,10,31,10,304
2017-10-31 11:00:00+00:00,4.43,149.29,10087.0,21.667046,-157.95213,2205.0,11,31,10,304
2017-10-31 12:00:00+00:00,3.74,151.54,10078.0,21.667046,-157.95213,2120.0,12,31,10,304
2017-10-31 13:00:00+00:00,5.78,135.23,10077.0,21.667046,-157.95213,2214.0,13,31,10,304
2017-10-31 14:00:00+00:00,4.24,152.71,10073.0,21.667046,-157.95213,2165.0,14,31,10,304
2017-10-31 15:00:00+00:00,3.99,123.74,10068.0,21.667046,-157.95213,2040.0,15,31,10,304
2017-10-31 16:00:00+00:00,4.19,137.76,10073.0,21.667046,-157.95213,2170.0,16,31,10,304
2017-10-31 17:00:00+00:00,2.11,160.14,10078.0,21.667046,-157.95213,2241.0,17,31,10,304
2017-10-31 18:00:00+00:00,4.03,139.55,10087.0,21.667046,-157.95213,2494.0,18,31,10,304
2017-10-31 19:00:00+00:00,4.39,135.97,10091.0,21.667046,-157.95213,2631.0,19,31,10,304
2017-10-31 20:00:00+00:00,4.9,139.15,10091.0,21.667046,-157.95213,2887.0,20,31,10,304
2017-10-31 21:00:00+00:00,4.41,127.55,10090.0,21.667046,-157.95213,3467.0,21,31,10,304
2017-10-31 22:00:00+00:00,4.39,146.22,10082.0,21.667046,-157.95213,3158.0,22,31,10,304
2017-10-31 23:00:00+00:00,3.78,140.46,10074.0,21.667046,-157.95213,3513.0,23,31,10,304
2017-11-01 00:00:00+00:00,3.81,160.84,10072.0,21.667046,-157.95213,3235.0,0,1,11,305
2017-11-01 01:00:00+00:00,4.96,187.95,10071.0,21.667046,-157.95213,3051.0,1,1,11,305
2017-11-01 02:00:00+00:00,3.7,162.26,10076.0,21.667046,-157.95213,3176.0,2,1,11,305
2017-11-01 03:00:00+00:00,2.48,117.88,10083.0,21.667046,-157.95213,2781.0,3,1,11,305
2017-11-01 04:00:00+00:00,2.88,108.0,10084.0,21.667046,-157.95213,2359.0,4,1,11,305
2017-11-01 05:00:00+00:00,3.69,111.56,10090.0,21.667046,-157.95213,2315.0,5,1,11,305
2017-11-01 06:00:00+00:00,6.66,174.07,10094.0,21.667046,-157.95213,2401.0,6,1,11,305
2017-11-01 07:00:00+00:00,10.03,188.97,10096.0,21.667046,-157.95213,2281.0,7,1,11,305
2017-11-01 08:00:00+00:00,4.66,139.16,10099.0,21.667046,-157.95213,2397.0,8,1,11,305
2017-11-01 09:00:00+00:00,6.02,129.08,10099.0,21.667046,-157.95213,2312.0,9,1,11,305
2017-11-01 10:00:00+00:00,6.62,134.58,10096.0,21.667046,-157.95213,2234.0,10,1,11,305
2017-11-01 11:00:00+00:00,6.13,133.83,10096.0,21.667046,-157.95213,2175.0,11,1,11,305
2017-11-01 12:00:00+00:00,5.59,136.85,10093.0,21.667046,-157.95213,2207.0,12,1,11,305
2017-11-01 13:00:00+00:00,4.27,125.77,10090.0,21.667046,-157.95213,2112.0,13,1,11,305
2017-11-01 14:00:00+00:00,2.39,123.59,10094.0,21.667046,-157.95213,2188.0,14,1,11,305
2017-11-01 15:00:00+00:00,2.24,140.97,10091.0,21.667046,-157.95213,2127.0,15,1,11,305
2017-11-01 16:00:00+00:00,5.19,138.55,10093.0,21.667046,-157.95213,2100.0,16,1,11,305
2017-11-01 17:00:00+00:00,4.9,140.44,10100.0,21.667046,-157.95213,2304.0,17,1,11,305
2017-11-01 18:00:00+00:00,3.52,124.87,10106.0,21.667046,-157.95213,2798.0,18,1,11,305
2017-11-01 19:00:00+00:00,4.92,110.3,10111.0,21.667046,-157.95213,2910.0,19,1,11,305
2017-11-01 20:00:00+00:00,5.57,102.84,10111.0,21.667046,-157.95213,3216.0,20,1,11,305
2017-11-01 21:00:00+00:00,5.86,104.8,10109.0,21.667046,-157.95213,3406.0,21,1,11,305
2017-11-01 22:00:00+00:00,6.37,110.61,10099.0,21.667046,-157.95213,3526.0,22,1,11,305
2017-11-01 23:00:00+00:00,6.0,107.08,10093.0,21.667046,-157.95213,3525.0,23,1,11,305
2017-11-02 00:00:00+00:00,4.12,101.23,10087.0,21.667046,-157.95213,2754.0,0,2,11,306
2017-11-02 01:00:00+00:00,3.95,330.63,10084.0,21.667046,-157.95213,3442.0,1,2,11,306
2017-11-02 02:00:00+00:00,3.97,336.2,10086.0,21.667046,-157.95213,3185.0,2,2,11,306
2017-11-02 03:00:00+00:00,2.44,350.77,10086.0,21.667046,-157.95213,2857.0,3,2,11,306
2017-11-02 04:00:00+00:00,1.64,14.67,10093.0,21.667046,-157.95213,2239.0,4,2,11,306
2017-11-02 05:00:00+00:00,0.75,18.38,10094.0,21.667046,-157.95213,2245.0,5,2,11,306
2017-11-02 06:00:00+00:00,0.49,138.99,10103.0,21.667046,-157.95213,2191.0,6,2,11,306
2017-11-02 07:00:00+00:00,0.73,173.79,10111.0,21.667046,-157.95213,2161.0,7,2,11,306
2017-11-02 08:00:00+00:00,1.78,143.61,10114.0,21.667046,-157.95213,2164.0,8,2,11,306
2017-11-02 09:00:00+00:00,4.29,140.56,10113.0,21.667046,-157.95213,2177.0,9,2,11,306
2017-11-02 10:00:00+00:00,4.1,142.96,10111.0,21.667046,-157.95213,2176.0,10,2,11,306
2017-11-02 11:00:00+00:00,3.9,146.6,10108.0,21.667046,-157.95213,2207.0,11,2,11,306
2017-11-02 12:00:00+00:00,4.53,143.91,10100.0,21.667046,-157.95213,2139.0,12,2,11,306
2017-11-02 13:00:00+00:00,4.82,147.88,10096.0,21.667046,-157.95213,2125.0,13,2,11,306
2017-11-02 14:00:00+00:00,4.49,150.4,10098.0,21.667046,-157.95213,2120.0,14,2,11,306
2017-11-02 15:00:00+00:00,4.24,147.18,10098.0,21.667046,-157.95213,2136.0,15,2,11,306
2017-11-02 16:00:00+00:00,5.15,145.08,10104.0,21.667046,-157.95213,2118.0,16,2,11,306
2017-11-02 17:00:00+00:00,5.07,143.41,10107.0,21.667046,-157.95213,2247.0,17,2,11,306
2017-11-02 18:00:00+00:00,4.79,134.15,10113.0,21.667046,-157.95213,2827.0,18,2,11,306
2017-11-02 19:00:00+00:00,5.93,114.5,10121.0,21.667046,-157.95213,3103.0,19,2,11,306
2017-11-02 20:00:00+00:00,5.98,116.67,10121.0,21.667046,-157.95213,3332.0,20,2,11,306
2017-11-02 21:00:00+00:00,6.44,115.48,10120.0,21.667046,-157.95213,3495.0,21,2,11,306
2017-11-02 22:00:00+00:00,6.7,118.0,10113.0,21.667046,-157.95213,3548.0,22,2,11,306
2017-11-02 23:00:00+00:00,7.1,114.84,10108.0,21.667046,-157.95213,3559.0,23,2,11,306
2017-11-03 00:00:00+00:00,6.95,113.39,10103.0,21.667046,-157.95213,3459.0,0,3,11,307
2017-11-03 01:00:00+00:00,6.19,111.28,10102.0,21.667046,-157.95213,3313.0,1,3,11,307
2017-11-03 02:00:00+00:00,5.29,111.98,10104.0,21.667046,-157.95213,3080.0,2,3,11,307
2017-11-03 03:00:00+00:00,4.89,114.81,10108.0,21.667046,-157.95213,2771.0,3,3,11,307
2017-11-03 04:00:00+00:00,5.12,117.86,10114.0,21.667046,-157.95213,2251.0,4,3,11,307
2017-11-03 05:00:00+00:00,4.2,118.27,10123.0,21.667046,-157.95213,2185.0,5,3,11,307
2017-11-03 06:00:00+00:00,4.28,115.01,10131.0,21.667046,-157.95213,2104.0,6,3,11,307
2017-11-03 07:00:00+00:00,5.69,101.44,10137.0,21.667046,-157.95213,2078.0,7,3,11,307
2017-11-03 08:00:00+00:00,7.15,91.47,10138.0,21.667046,-157.95213,2210.0,8,3,11,307
2017-11-03 09:00:00+00:00,8.72,100.1,10137.0,21.667046,-157.95213,2306.0,9,3,11,307
2017-11-03 10:00:00+00:00,8.77,99.83,10135.0,21.667046,-157.95213,2308.0,10,3,11,307
2017-11-03 11:00:00+00:00,9.47,97.76,10135.0,21.667046,-157.95213,2327.0,11,3,11,307
2017-11-03 12:00:00+00:00,8.88,108.64,10130.0,21.667046,-157.95213,2280.0,12,3,11,307
2017-11-03 13:00:00+00:00,9.31,100.34,10131.0,21.667046,-157.95213,2312.0,13,3,11,307
2017-11-03 14:00:00+00:00,7.76,97.14,10131.0,21.667046,-157.95213,2438.0,14,3,11,307
2017-11-03 15:00:00+00:00,9.29,99.29,10135.0,21.667046,-157.95213,2297.0,15,3,11,307
2017-11-03 16:00:00+00:00,9.08,98.46,10133.0,21.667046,-157.95213,2298.0,16,3,11,307
2017-11-03 17:00:00+00:00,10.01,99.74,10141.0,21.667046,-157.95213,2411.0,17,3,11,307
2017-11-03 18:00:00+00:00,9.89,102.7,10143.0,21.667046,-157.95213,2760.0,18,3,11,307
2017-11-03 19:00:00+00:00,9.83,101.74,10145.0,21.667046,-157.95213,2917.0,19,3,11,307
2017-11-03 20:00:00+00:00,9.63,103.48,10146.0,21.667046,-157.95213,3168.0,20,3,11,307
2017-11-03 21:00:00+00:00,9.29,104.87,10146.0,21.667046,-157.95213,3357.0,21,3,11,307
2017-11-03 22:00:00+00:00,8.86,99.9,10139.0,21.667046,-157.95213,3342.0,22,3,11,307
2017-11-03 23:00:00+00:00,8.88,92.9,10133.0,21.667046,-157.95213,3223.0,23,3,11,307
2017-11-04 00:00:00+00:00,8.29,95.56,10126.0,21.667046,-157.95213,3270.0,0,4,11,308
2017-11-04 01:00:00+00:00,7.97,93.41,10127.0,21.667046,-157.95213,3088.0,1,4,11,308
2017-11-04 02:00:00+00:00,7.64,89.7,10127.0,21.667046,-157.95213,2822.0,2,4,11,308
2017-11-04 03:00:00+00:00,8.01,91.3,10128.0,21.667046,-157.95213,2699.0,3,4,11,308
2017-11-04 04:00:00+00:00,8.35,82.89,10136.0,21.667046,-157.95213,2425.0,4,4,11,308
2017-11-04 05:00:00+00:00,7.69,93.3,10141.0,21.667046,-157.95213,2410.0,5,4,11,308
2017-11-04 06:00:00+00:00,8.8,82.84,10146.0,21.667046,-157.95213,2458.0,6,4,11,308
2017-11-04 07:00:00+00:00,8.92,89.8,10151.0,21.667046,-157.95213,2481.0,7,4,11,308
2017-11-04 08:00:00+00:00,8.01,81.38,10151.0,21.667046,-157.95213,2349.0,8,4,11,308
2017-11-04 09:00:00+00:00,9.2,91.58,10152.0,21.667046,-157.95213,2342.0,9,4,11,308
2017-11-04 10:00:00+00:00,9.54,79.36,10152.0,21.667046,-157.95213,2318.0,10,4,11,308
2017-11-04 11:00:00+00:00,9.49,87.15,10151.0,21.667046,-157.95213,2277.0,11,4,11,308
2017-11-04 12:00:00+00:00,7.98,81.36,10143.0,21.667046,-157.95213,2297.0,12,4,11,308
2017-11-04 13:00:00+00:00,8.89,81.32,10142.0,21.667046,-157.95213,2236.0,13,4,11,308
2017-11-04 14:00:00+00:00,8.94,81.15,10138.0,21.667046,-157.95213,2256.0,14,4,11,308
2017-11-04 15:00:00+00:00,10.16,82.83,10138.0,21.667046,-157.95213,2281.0,15,4,11,308
2017-11-04 16:00:00+00:00,9.87,86.12,10139.0,21.667046,-157.95213,2278.0,16,4,11,308
2017-11-04 17:00:00+00:00,9.54,86.85,10142.0,21.667046,-157.95213,2345.0,17,4,11,308
2017-11-04 18:00:00+00:00,9.95,89.02,10144.0,21.667046,-157.95213,2726.0,18,4,11,308
2017-11-04 19:00:00+00:00,10.16,84.56,10144.0,21.667046,-157.95213,2974.0,19,4,11,308
2017-11-04 20:00:00+00:00,10.1,84.14,10146.0,21.667046,-157.95213,3079.0,20,4,11,308
2017-11-04 21:00:00+00:00,10.11,87.45,10142.0,21.667046,-157.95213,2336.0,21,4,11,308
2017-11-04 22:00:00+00:00,9.64,83.63,10136.0,21.667046,-157.95213,2963.0,22,4,11,308
2017-11-04 23:00:00+00:00,9.13,77.53,10127.0,21.667046,-157.95213,3161.0,23,4,11,308
2017-11-05 00:00:00+00:00,9.49,85.15,10122.0,21.667046,-157.95213,2747.0,0,5,11,309
2017-11-05 01:00:00+00:00,10.67,92.87,10122.0,21.667046,-157.95213,2402.0,1,5,11,309
2017-11-05 02:00:00+00:00,10.81,81.43,10122.0,21.667046,-157.95213,2613.0,2,5,11,309
2017-11-05 03:00:00+00:00,10.95,86.32,10125.0,21.667046,-157.95213,2686.0,3,5,11,309
2017-11-05 04:00:00+00:00,11.27,86.13,10129.0,21.667046,-157.95213,2385.0,4,5,11,309
2017-11-05 05:00:00+00:00,10.85,88.65,10134.0,21.667046,-157.95213,2387.0,5,5,11,309
2017-11-05 06:00:00+00:00,12.03,85.01,10136.0,21.667046,-157.95213,2396.0,6,5,11,309
2017-11-05 07:00:00+00:00,11.51,86.67,10139.0,21.667046,-157.95213,2390.0,7,5,11,309
2017-11-05 08:00:00+00:00,10.4,92.01,10139.0,21.667046,-157.95213,2397.0,8,5,11,309
2017-11-05 09:00:00+00:00,12.01,83.88,10138.0,21.667046,-157.95213,2357.0,9,5,11,309
2017-11-05 10:00:00+00:00,11.26,85.15,10138.0,21.667046,-157.95213,2339.0,10,5,11,309
2017-11-05 11:00:00+00:00,10.35,90.22,10135.0,21.667046,-157.95213,2315.0,11,5,11,309
2017-11-05 12:00:00+00:00,10.31,92.71,10129.0,21.667046,-157.95213,2311.0,12,5,11,309
2017-11-05 13:00:00+00:00,10.69,88.1,10127.0,21.667046,-157.95213,2314.0,13,5,11,309
2017-11-05 14:00:00+00:00,11.28,84.45,10127.0,21.667046,-157.95213,2312.0,14,5,11,309
2017-11-05 15:00:00+00:00,12.05,91.15,10127.0,21.667046,-157.95213,2300.0,15,5,11,309
2017-11-05 16:00:00+00:00,11.9,86.19,10129.0,21.667046,-157.95213,2308.0,16,5,11,309
2017-11-05 17:00:00+00:00,10.78,95.67,10132.0,21.667046,-157.95213,2330.0,17,5,11,309
2017-11-05 18:00:00+00:00,11.91,84.37,10134.0,21.667046,-157.95213,2718.0,18,5,11,309
2017-11-05 19:00:00+00:00,11.51,86.04,10139.0,21.667046,-157.95213,2978.0,19,5,11,309
2017-11-05 20:00:00+00:00,10.62,85.64,10140.0,21.667046,-157.95213,3013.0,20,5,11,309
2017-11-05 21:00:00+00:00,10.23,90.95,10135.0,21.667046,-157.95213,3118.0,21,5,11,309
2017-11-05 22:00:00+00:00,9.9,87.99,10128.0,21.667046,-157.95213,3248.0,22,5,11,309
2017-11-05 23:00:00+00:00,9.71,89.5,10122.0,21.667046,-157.95213,2964.0,23,5,11,309
2017-11-06 00:00:00+00:00,10.53,92.78,10117.0,21.667046,-157.95213,3082.0,0,6,11,310
2017-11-06 01:00:00+00:00,10.75,91.78,10114.0,21.667046,-157.95213,3085.0,1,6,11,310
2017-11-06 02:00:00+00:00,11.1,92.55,10112.0,21.667046,-157.95213,2859.0,2,6,11,310
2017-11-06 03:00:00+00:00,10.65,92.75,10117.0,21.667046,-157.95213,2624.0,3,6,11,310
2017-11-06 04:00:00+00:00,11.47,96.99,10120.0,21.667046,-157.95213,2323.0,4,6,11,310
2017-11-06 05:00:00+00:00,11.49,92.22,10125.0,21.667046,-157.95213,2315.0,5,6,11,310
2017-11-06 06:00:00+00:00,11.62,96.12,10128.0,21.667046,-157.95213,2304.0,6,6,11,310
2017-11-06 07:00:00+00:00,10.61,88.29,10132.0,21.667046,-157.95213,2299.0,7,6,11,310
2017-11-06 08:00:00+00:00,11.69,96.29,10132.0,21.667046,-157.95213,2292.0,8,6,11,310
2017-11-06 09:00:00+00:00,11.95,93.55,10133.0,21.667046,-157.95213,2291.0,9,6,11,310
2017-11-06 10:00:00+00:00,11.46,95.79,10129.0,21.667046,-157.95213,2273.0,10,6,11,310
2017-11-06 11:00:00+00:00,11.16,90.76,10129.0,21.667046,-157.95213,2317.0,11,6,11,310
2017-11-06 12:00:00+00:00,10.84,88.55,10129.0,21.667046,-157.95213,2242.0,12,6,11,310
2017-11-06 13:00:00+00:00,10.77,94.55,10127.0,21.667046,-157.95213,2207.0,13,6,11,310
2017-11-06 14:00:00+00:00,10.54,97.31,10125.0,21.667046,-157.95213,2215.0,14,6,11,310
2017-11-06 15:00:00+00:00,10.25,90.49,10124.0,21.667046,-157.95213,2190.0,15,6,11,310
2017-11-06 16:00:00+00:00,9.66,96.7,10126.0,21.667046,-157.95213,2150.0,16,6,11,310
2017-11-06 17:00:00+00:00,8.78,99.08,10130.0,21.667046,-157.95213,2231.0,17,6,11,310
2017-11-06 18:00:00+00:00,9.77,102.27,10131.0,21.667046,-157.95213,2695.0,18,6,11,310
2017-11-06 19:00:00+00:00,10.31,99.23,10132.0,21.667046,-157.95213,2905.0,19,6,11,310
2017-11-06 20:00:00+00:00,10.43,103.52,10133.0,21.667046,-157.95213,3084.0,20,6,11,310
2017-11-06 21:00:00+00:00,9.63,103.5,10131.0,21.667046,-157.95213,3167.0,21,6,11,310
2017-11-06 22:00:00+00:00,9.59,106.39,10123.0,21.667046,-157.95213,3376.0,22,6,11,310
2017-11-06 23:00:00+00:00,9.58,105.59,10118.0,21.667046,-157.95213,3318.0,23,6,11,310
2017-11-07 00:00:00+00:00,9.34,104.19,10110.0,21.667046,-157.95213,3277.0,0,7,11,311
2017-11-07 01:00:00+00:00,9.09,101.93,10109.0,21.667046,-157.95213,3042.0,1,7,11,311
2017-11-07 02:00:00+00:00,8.96,98.01,10109.0,21.667046,-157.95213,2795.0,2,7,11,311
2017-11-07 03:00:00+00:00,8.91,99.66,10115.0,21.667046,-157.95213,2627.0,3,7,11,311
2017-11-07 04:00:00+00:00,8.92,104.58,10120.0,21.667046,-157.95213,2241.0,4,7,11,311
2017-11-07 05:00:00+00:00,8.71,107.08,10126.0,21.667046,-157.95213,2248.0,5,7,11,311
2017-11-07 06:00:00+00:00,9.58,108.59,10129.0,21.667046,-157.95213,2244.0,6,7,11,311
2017-11-07 07:00:00+00:00,9.2,106.91,10132.0,21.667046,-157.95213,2239.0,7,7,11,311
2017-11-07 08:00:00+00:00,9.49,107.52,10132.0,21.667046,-157.95213,2254.0,8,7,11,311
2017-11-07 09:00:00+00:00,10.03,109.23,10129.0,21.667046,-157.95213,2232.0,9,7,11,311
2017-11-07 10:00:00+00:00,9.2,104.76,10128.0,21.667046,-157.95213,2274.0,10,7,11,311
2017-11-07 11:00:00+00:00,8.16,110.88,10126.0,21.667046,-157.95213,2185.0,11,7,11,311
2017-11-07 12:00:00+00:00,8.02,102.13,10123.0,21.667046,-157.95213,2026.0,12,7,11,311
2017-11-07 13:00:00+00:00,6.06,118.75,10118.0,21.667046,-157.95213,2230.0,13,7,11,311
2017-11-07 14:00:00+00:00,8.62,103.82,10118.0,21.667046,-157.95213,2043.0,14,7,11,311
2017-11-07 15:00:00+00:00,7.11,113.74,10117.0,21.667046,-157.95213,1865.0,15,7,11,311
2017-11-07 16:00:00+00:00,10.23,118.85,10121.0,21.667046,-157.95213,2095.0,16,7,11,311
2017-11-07 17:00:00+00:00,5.38,153.68,10126.0,21.667046,-157.95213,2188.0,17,7,11,311
2017-11-07 18:00:00+00:00,8.8,115.95,10130.0,21.667046,-157.95213,2609.0,18,7,11,311
2017-11-07 19:00:00+00:00,11.05,98.29,10134.0,21.667046,-157.95213,2720.0,19,7,11,311
2017-11-07 20:00:00+00:00,6.26,115.54,10138.0,21.667046,-157.95213,2906.0,20,7,11,311
2017-11-07 21:00:00+00:00,7.36,89.34,10134.0,21.667046,-157.95213,2663.0,21,7,11,311
2017-11-07 22:00:00+00:00,8.08,134.21,10129.0,21.667046,-157.95213,2773.0,22,7,11,311
2017-11-07 23:00:00+00:00,5.5,95.91,10117.0,21.667046,-157.95213,3048.0,23,7,11,311
2017-11-08 00:00:00+00:00,7.57,89.22,10111.0,21.667046,-157.95213,2862.0,0,8,11,312
2017-11-08 01:00:00+00:00,8.21,87.04,10109.0,21.667046,-157.95213,2885.0,1,8,11,312
2017-11-08 02:00:00+00:00,8.27,89.6,10110.0,21.667046,-157.95213,2715.0,2,8,11,312
2017-11-08 03:00:00+00:00,8.32,90.62,10115.0,21.667046,-157.95213,2482.0,3,8,11,312
2017-11-08 04:00:00+00:00,8.02,95.55,10119.0,21.667046,-157.95213,2287.0,4,8,11,312
2017-11-08 05:00:00+00:00,8.53,95.31,10125.0,21.667046,-157.95213,2262.0,5,8,11,312
2017-11-08 06:00:00+00:00,8.76,89.59,10131.0,21.667046,-157.95213,2243.0,6,8,11,312
2017-11-08 07:00:00+00:00,8.66,82.65,10134.0,21.667046,-157.95213,2330.0,7,8,11,312
2017-11-08 08:00:00+00:00,8.84,99.46,10137.0,21.667046,-157.95213,2262.0,8,8,11,312
2017-11-08 09:00:00+00:00,9.92,95.86,10135.0,21.667046,-157.95213,2313.0,9,8,11,312
2017-11-08 10:00:00+00:00,9.88,94.52,10133.0,21.667046,-157.95213,2312.0,10,8,11,312
2017-11-08 11:00:00+00:00,9.05,98.13,10132.0,21.667046,-157.95213,2221.0,11,8,11,312
2017-11-08 12:00:00+00:00,8.51,101.7,10128.0,21.667046,-157.95213,2240.0,12,8,11,312
2017-11-08 13:00:00+00:00,8.27,91.28,10124.0,21.667046,-157.95213,2151.0,13,8,11,312
2017-11-08 14:00:00+00:00,6.51,90.0,10122.0,21.667046,-157.95213,1874.0,14,8,11,312
2017-11-08 15:00:00+00:00,6.76,83.71,10123.0,21.667046,-157.95213,2294.0,15,8,11,312
2017-11-08 16:00:00+00:00,6.65,84.28,10126.0,21.667046,-157.95213,2213.0,16,8,11,312
2017-11-08 17:00:00+00:00,7.55,84.02,10130.0,21.667046,-157.95213,2315.0,17,8,11,312
2017-11-08 18:00:00+00:00,7.58,84.51,10131.0,21.667046,-157.95213,2700.0,18,8,11,312
2017-11-08 19:00:00+00:00,8.21,91.44,10131.0,21.667046,-157.95213,2779.0,19,8,11,312
2017-11-08 20:00:00+00:00,7.57,96.8,10132.0,21.667046,-157.95213,3204.0,20,8,11,312
2017-11-08 21:00:00+00:00,7.97,96.47,10128.0,21.667046,-157.95213,3149.0,21,8,11,312
2017-11-08 22:00:00+00:00,7.74,95.97,10119.0,21.667046,-157.95213,3309.0,22,8,11,312
2017-11-08 23:00:00+00:00,7.83,96.85,10113.0,21.667046,-157.95213,3232.0,23,8,11,312
2017-11-09 00:00:00+00:00,7.53,96.32,10105.0,21.667046,-157.95213,3124.0,0,9,11,313
2017-11-09 01:00:00+00:00,7.31,93.34,10104.0,21.667046,-157.95213,2935.0,1,9,11,313
2017-11-09 02:00:00+00:00,7.56,89.39,10103.0,21.667046,-157.95213,2890.0,2,9,11,313
2017-11-09 03:00:00+00:00,8.0,90.08,10108.0,21.667046,-157.95213,2612.0,3,9,11,313
2017-11-09 04:00:00+00:00,8.26,90.46,10113.0,21.667046,-157.95213,2253.0,4,9,11,313
2017-11-09 05:00:00+00:00,8.08,89.06,10118.0,21.667046,-157.95213,2219.0,5,9,11,313
2017-11-09 06:00:00+00:00,8.63,85.54,10124.0,21.667046,-157.95213,2251.0,6,9,11,313
2017-11-09 07:00:00+00:00,8.42,89.4,10124.0,21.667046,-157.95213,2226.0,7,9,11,313
2017-11-09 08:00:00+00:00,8.33,94.76,10123.0,21.667046,-157.95213,2183.0,8,9,11,313
2017-11-09 09:00:00+00:00,8.21,91.85,10122.0,21.667046,-157.95213,2205.0,9,9,11,313
2017-11-09 10:00:00+00:00,9.57,94.72,10118.0,21.667046,-157.95213,2295.0,10,9,11,313
2017-11-09 11:00:00+00:00,7.76,102.74,10116.0,21.667046,-157.95213,2005.0,11,9,11,313
2017-11-09 12:00:00+00:00,7.43,105.03,10110.0,21.667046,-157.95213,1811.0,12,9,11,313
2017-11-09 13:00:00+00:00,7.64,100.75,10111.0,21.667046,-157.95213,1856.0,13,9,11,313
2017-11-09 14:00:00+00:00,7.07,97.57,10108.0,21.667046,-157.95213,1811.0,14,9,11,313
2017-11-09 15:00:00+00:00,6.56,91.88,10112.0,21.667046,-157.95213,1822.0,15,9,11,313
2017-11-09 16:00:00+00:00,7.21,83.45,10113.0,21.667046,-157.95213,2246.0,16,9,11,313
2017-11-09 17:00:00+00:00,7.64,95.3,10117.0,21.667046,-157.95213,2194.0,17,9,11,313
2017-11-09 18:00:00+00:00,7.51,92.94,10120.0,21.667046,-157.95213,2704.0,18,9,11,313
2017-11-09 19:00:00+00:00,8.05,99.71,10125.0,21.667046,-157.95213,2993.0,19,9,11,313
2017-11-09 20:00:00+00:00,8.63,101.94,10125.0,21.667046,-157.95213,3096.0,20,9,11,313
2017-11-09 21:00:00+00:00,8.62,102.56,10120.0,21.667046,-157.95213,3320.0,21,9,11,313
2017-11-09 22:00:00+00:00,8.81,101.54,10114.0,21.667046,-157.95213,3414.0,22,9,11,313
2017-11-09 23:00:00+00:00,8.8,100.91,10108.0,21.667046,-157.95213,3425.0,23,9,11,313
2017-11-10 00:00:00+00:00,9.32,100.65,10099.0,21.667046,-157.95213,3176.0,0,10,11,314
2017-11-10 01:00:00+00:00,9.95,96.68,10099.0,21.667046,-157.95213,3088.0,1,10,11,314
2017-11-10 02:00:00+00:00,10.07,96.51,10102.0,21.667046,-157.95213,2784.0,2,10,11,314
2017-11-10 03:00:00+00:00,10.83,100.5,10103.0,21.667046,-157.95213,2554.0,3,10,11,314
2017-11-10 04:00:00+00:00,11.05,97.23,10106.0,21.667046,-157.95213,2294.0,4,10,11,314
2017-11-10 05:00:00+00:00,10.95,104.5,10111.0,21.667046,-157.95213,2359.0,5,10,11,314
2017-11-10 06:00:00+00:00,10.79,99.44,10116.0,21.667046,-157.95213,2331.0,6,10,11,314
2017-11-10 07:00:00+00:00,11.19,91.82,10118.0,21.667046,-157.95213,2324.0,7,10,11,314
2017-11-10 08:00:00+00:00,10.32,89.84,10121.0,21.667046,-157.95213,2307.0,8,10,11,314
2017-11-10 09:00:00+00:00,10.07,88.31,10120.0,21.667046,-157.95213,2278.0,9,10,11,314
2017-11-10 10:00:00+00:00,8.93,87.43,10121.0,21.667046,-157.95213,2227.0,10,10,11,314
2017-11-10 11:00:00+00:00,8.45,79.31,10121.0,21.667046,-157.95213,2164.0,11,10,11,314
2017-11-10 12:00:00+00:00,7.73,81.02,10118.0,21.667046,-157.95213,2110.0,12,10,11,314
2017-11-10 13:00:00+00:00,7.03,86.04,10113.0,21.667046,-157.95213,1916.0,13,10,11,314
2017-11-10 14:00:00+00:00,6.55,87.65,10111.0,21.667046,-157.95213,1762.0,14,10,11,314
2017-11-10 15:00:00+00:00,5.9,90.18,10111.0,21.667046,-157.95213,1721.0,15,10,11,314
2017-11-10 16:00:00+00:00,5.73,89.15,10114.0,21.667046,-157.95213,1739.0,16,10,11,314
2017-11-10 17:00:00+00:00,5.15,84.87,10119.0,21.667046,-157.95213,1873.0,17,10,11,314
2017-11-10 18:00:00+00:00,5.57,91.11,10122.0,21.667046,-157.95213,2631.0,18,10,11,314
2017-11-10 19:00:00+00:00,5.92,81.46,10125.0,21.667046,-157.95213,2738.0,19,10,11,314
2017-11-10 20:00:00+00:00,6.34,78.08,10125.0,21.667046,-157.95213,2838.0,20,10,11,314
2017-11-10 21:00:00+00:00,4.37,101.63,10124.0,21.667046,-157.95213,2929.0,21,10,11,314
2017-11-10 22:00:00+00:00,3.59,93.47,10119.0,21.667046,-157.95213,2610.0,22,10,11,314
2017-11-10 23:00:00+00:00,5.97,92.85,10108.0,21.667046,-157.95213,3022.0,23,10,11,314
2017-11-11 00:00:00+00:00,4.88,86.21,10101.0,21.667046,-157.95213,3104.0,0,11,11,315
2017-11-11 01:00:00+00:00,4.73,79.94,10098.0,21.667046,-157.95213,2961.0,1,11,11,315
2017-11-11 02:00:00+00:00,6.69,90.18,10101.0,21.667046,-157.95213,2821.0,2,11,11,315
2017-11-11 03:00:00+00:00,7.07,91.06,10105.0,21.667046,-157.95213,2584.0,3,11,11,315
2017-11-11 04:00:00+00:00,8.19,90.53,10109.0,21.667046,-157.95213,2273.0,4,11,11,315
2017-11-11 05:00:00+00:00,8.53,90.05,10116.0,21.667046,-157.95213,2233.0,5,11,11,315
2017-11-11 06:00:00+00:00,8.93,88.23,10121.0,21.667046,-157.95213,2263.0,6,11,11,315
2017-11-11 07:00:00+00:00,10.44,82.44,10121.0,21.667046,-157.95213,2298.0,7,11,11,315
2017-11-11 08:00:00+00:00,9.91,90.42,10122.0,21.667046,-157.95213,2309.0,8,11,11,315
2017-11-11 09:00:00+00:00,6.64,119.33,10122.0,21.667046,-157.95213,2273.0,9,11,11,315
2017-11-11 10:00:00+00:00,8.34,107.13,10120.0,21.667046,-157.95213,2332.0,10,11,11,315
2017-11-11 11:00:00+00:00,3.22,103.82,10119.0,21.667046,-157.95213,1999.0,11,11,11,315
2017-11-11 12:00:00+00:00,4.01,123.16,10111.0,21.667046,-157.95213,2213.0,12,11,11,315
2017-11-11 13:00:00+00:00,8.05,91.81,10107.0,21.667046,-157.95213,2339.0,13,11,11,315
2017-11-11 14:00:00+00:00,6.29,84.14,10104.0,21.667046,-157.95213,2297.0,14,11,11,315
2017-11-11 15:00:00+00:00,8.18,99.0,10105.0,21.667046,-157.95213,2343.0,15,11,11,315
2017-11-11 16:00:00+00:00,8.89,95.95,10107.0,21.667046,-157.95213,2312.0,16,11,11,315
2017-11-11 17:00:00+00:00,8.67,101.54,10113.0,21.667046,-157.95213,2362.0,17,11,11,315
2017-11-11 18:00:00+00:00,10.08,102.04,10119.0,21.667046,-157.95213,2508.0,18,11,11,315
2017-11-11 19:00:00+00:00,8.22,80.35,10122.0,21.667046,-157.95213,2325.0,19,11,11,315
2017-11-11 20:00:00+00:00,8.17,80.19,10119.0,21.667046,-157.95213,2288.0,20,11,11,315
2017-11-11 21:00:00+00:00,8.06,73.02,10114.0,21.667046,-157.95213,2451.0,21,11,11,315
2017-11-11 22:00:00+00:00,8.66,80.56,10109.0,21.667046,-157.95213,2569.0,22,11,11,315
2017-11-11 23:00:00+00:00,9.4,76.71,10100.0,21.667046,-157.95213,2600.0,23,11,11,315
2017-11-12 00:00:00+00:00,9.23,91.74,10095.0,21.667046,-157.95213,2533.0,0,12,11,316
2017-11-12 01:00:00+00:00,9.24,93.56,10092.0,21.667046,-157.95213,2714.0,1,12,11,316
2017-11-12 02:00:00+00:00,9.43,94.3,10094.0,21.667046,-157.95213,2785.0,2,12,11,316
2017-11-12 03:00:00+00:00,7.91,94.69,10097.0,21.667046,-157.95213,2610.0,3,12,11,316
2017-11-12 04:00:00+00:00,7.25,105.88,10101.0,21.667046,-157.95213,2246.0,4,12,11,316
2017-11-12 05:00:00+00:00,7.65,97.27,10105.0,21.667046,-157.95213,2222.0,5,12,11,316
2017-11-12 06:00:00+00:00,7.84,94.86,10114.0,21.667046,-157.95213,2407.0,6,12,11,316
2017-11-12 07:00:00+00:00,8.41,87.65,10115.0,21.667046,-157.95213,2439.0,7,12,11,316
2017-11-12 08:00:00+00:00,7.66,91.4,10115.0,21.667046,-157.95213,2427.0,8,12,11,316
2017-11-12 09:00:00+00:00,8.47,88.26,10116.0,21.667046,-157.95213,2390.0,9,12,11,316
2017-11-12 10:00:00+00:00,7.09,111.81,10119.0,21.667046,-157.95213,2267.0,10,12,11,316
2017-11-12 11:00:00+00:00,7.78,90.94,10114.0,21.667046,-157.95213,2194.0,11,12,11,316
2017-11-12 12:00:00+00:00,6.13,43.53,10108.0,21.667046,-157.95213,2162.0,12,12,11,316
2017-11-12 13:00:00+00:00,7.91,62.06,10100.0,21.667046,-157.95213,2247.0,13,12,11,316
2017-11-12 14:00:00+00:00,7.12,83.07,10098.0,21.667046,-157.95213,2149.0,14,12,11,316
2017-11-12 15:00:00+00:00,8.62,73.78,10098.0,21.667046,-157.95213,2230.0,15,12,11,316
2017-11-12 16:00:00+00:00,4.33,88.58,10102.0,21.667046,-157.95213,2242.0,16,12,11,316
2017-11-12 17:00:00+00:00,3.7,87.52,10106.0,21.667046,-157.95213,2248.0,17,12,11,316
2017-11-12 18:00:00+00:00,12.45,70.19,10117.0,21.667046,-157.95213,2280.0,18,12,11,316
2017-11-12 19:00:00+00:00,5.29,99.38,10121.0,21.667046,-157.95213,2264.0,19,12,11,316
2017-11-12 20:00:00+00:00,4.01,106.08,10115.0,21.667046,-157.95213,2551.0,20,12,11,316
2017-11-12 21:00:00+00:00,4.79,121.66,10114.0,21.667046,-157.95213,2647.0,21,12,11,316
2017-11-12 22:00:00+00:00,7.6,87.76,10104.0,21.667046,-157.95213,2999.0,22,12,11,316
2017-11-12 23:00:00+00:00,7.59,84.33,10100.0,21.667046,-157.95213,2962.0,23,12,11,316
2017-11-13 00:00:00+00:00,6.76,86.65,10095.0,21.667046,-157.95213,3014.0,0,13,11,317
2017-11-13 01:00:00+00:00,6.97,86.59,10093.0,21.667046,-157.95213,3029.0,1,13,11,317
2017-11-13 02:00:00+00:00,5.59,99.46,10095.0,21.667046,-157.95213,2661.0,2,13,11,317
2017-11-13 03:00:00+00:00,5.96,80.66,10100.0,21.667046,-157.95213,2625.0,3,13,11,317
2017-11-13 04:00:00+00:00,6.7,79.31,10108.0,21.667046,-157.95213,2205.0,4,13,11,317
2017-11-13 05:00:00+00:00,6.54,71.83,10114.0,21.667046,-157.95213,2271.0,5,13,11,317
2017-11-13 06:00:00+00:00,7.24,74.95,10119.0,21.667046,-157.95213,2246.0,6,13,11,317
2017-11-13 07:00:00+00:00,7.92,60.71,10122.0,21.667046,-157.95213,2381.0,7,13,11,317
2017-11-13 08:00:00+00:00,7.52,73.77,10120.0,21.667046,-157.95213,2391.0,8,13,11,317
2017-11-13 09:00:00+00:00,7.9,81.04,10121.0,21.667046,-157.95213,2300.0,9,13,11,317
2017-11-13 10:00:00+00:00,7.25,75.53,10116.0,21.667046,-157.95213,2199.0,10,13,11,317
2017-11-13 11:00:00+00:00,7.52,79.79,10116.0,21.667046,-157.95213,2162.0,11,13,11,317
2017-11-13 12:00:00+00:00,6.82,82.24,10109.0,21.667046,-157.95213,2122.0,12,13,11,317
2017-11-13 13:00:00+00:00,7.58,86.35,10106.0,21.667046,-157.95213,2147.0,13,13,11,317
2017-11-13 14:00:00+00:00,7.16,88.73,10105.0,21.667046,-157.95213,2038.0,14,13,11,317
2017-11-13 15:00:00+00:00,7.13,82.49,10106.0,21.667046,-157.95213,2042.0,15,13,11,317
2017-11-13 16:00:00+00:00,8.8,80.81,10107.0,21.667046,-157.95213,2159.0,16,13,11,317
2017-11-13 17:00:00+00:00,5.82,89.56,10114.0,21.667046,-157.95213,2008.0,17,13,11,317
2017-11-13 18:00:00+00:00,7.46,74.68,10118.0,21.667046,-157.95213,2651.0,18,13,11,317
2017-11-13 19:00:00+00:00,7.5,81.14,10123.0,21.667046,-157.95213,2925.0,19,13,11,317
2017-11-13 20:00:00+00:00,7.76,82.17,10126.0,21.667046,-157.95213,3034.0,20,13,11,317
2017-11-13 21:00:00+00:00,7.66,82.42,10123.0,21.667046,-157.95213,3153.0,21,13,11,317
2017-11-13 22:00:00+00:00,7.35,82.72,10115.0,21.667046,-157.95213,3160.0,22,13,11,317
2017-11-13 23:00:00+00:00,7.28,83.23,10112.0,21.667046,-157.95213,3093.0,23,13,11,317
2017-11-14 00:00:00+00:00,7.3,82.66,10105.0,21.667046,-157.95213,3197.0,0,14,11,318
2017-11-14 01:00:00+00:00,7.24,75.26,10102.0,21.667046,-157.95213,2992.0,1,14,11,318
2017-11-14 02:00:00+00:00,7.36,72.32,10104.0,21.667046,-157.95213,2790.0,2,14,11,318
2017-11-14 03:00:00+00:00,6.71,74.34,10109.0,21.667046,-157.95213,2574.0,3,14,11,318
2017-11-14 04:00:00+00:00,7.09,71.26,10114.0,21.667046,-157.95213,2200.0,4,14,11,318
2017-11-14 05:00:00+00:00,7.09,72.11,10121.0,21.667046,-157.95213,2166.0,5,14,11,318
2017-11-14 06:00:00+00:00,7.19,67.88,10126.0,21.667046,-157.95213,2199.0,6,14,11,318
2017-11-14 07:00:00+00:00,7.46,70.33,10130.0,21.667046,-157.95213,2178.0,7,14,11,318
2017-11-14 08:00:00+00:00,8.16,67.33,10132.0,21.667046,-157.95213,2222.0,8,14,11,318
2017-11-14 09:00:00+00:00,7.5,69.73,10131.0,21.667046,-157.95213,2134.0,9,14,11,318
2017-11-14 10:00:00+00:00,9.48,59.27,10131.0,21.667046,-157.95213,2225.0,10,14,11,318
2017-11-14 11:00:00+00:00,7.29,79.34,10130.0,21.667046,-157.95213,2091.0,11,14,11,318
2017-11-14 12:00:00+00:00,7.24,64.22,10125.0,21.667046,-157.95213,2109.0,12,14,11,318
2017-11-14 13:00:00+00:00,6.29,73.65,10122.0,21.667046,-157.95213,2132.0,13,14,11,318
2017-11-14 14:00:00+00:00,7.25,78.03,10117.0,21.667046,-157.95213,2045.0,14,14,11,318
2017-11-14 15:00:00+00:00,8.8,77.25,10115.0,21.667046,-157.95213,2165.0,15,14,11,318
2017-11-14 16:00:00+00:00,8.3,84.05,10120.0,21.667046,-157.95213,2175.0,16,14,11,318
2017-11-14 17:00:00+00:00,9.02,75.34,10124.0,21.667046,-157.95213,2254.0,17,14,11,318
2017-11-14 18:00:00+00:00,8.29,69.17,10129.0,21.667046,-157.95213,2585.0,18,14,11,318
2017-11-14 19:00:00+00:00,8.84,67.38,10133.0,21.667046,-157.95213,2753.0,19,14,11,318
2017-11-14 20:00:00+00:00,8.34,70.9,10136.0,21.667046,-157.95213,2804.0,20,14,11,318
2017-11-14 21:00:00+00:00,8.3,70.18,10135.0,21.667046,-157.95213,3159.0,21,14,11,318
2017-11-14 22:00:00+00:00,8.35,63.12,10130.0,21.667046,-157.95213,3185.0,22,14,11,318
2017-11-14 23:00:00+00:00,8.98,66.91,10124.0,21.667046,-157.95213,2888.0,23,14,11,318
2017-11-15 00:00:00+00:00,9.69,59.11,10115.0,21.667046,-157.95213,2838.0,0,15,11,319
2017-11-15 01:00:00+00:00,10.64,48.3,10116.0,21.667046,-157.95213,2871.0,1,15,11,319
2017-11-15 02:00:00+00:00,5.45,51.35,10114.0,21.667046,-157.95213,2755.0,2,15,11,319
2017-11-15 03:00:00+00:00,11.61,56.65,10118.0,21.667046,-157.95213,2214.0,3,15,11,319
2017-11-15 04:00:00+00:00,11.69,52.51,10122.0,21.667046,-157.95213,2097.0,4,15,11,319
2017-11-15 05:00:00+00:00,11.38,57.58,10132.0,21.667046,-157.95213,2103.0,5,15,11,319
2017-11-15 06:00:00+00:00,11.06,63.42,10140.0,21.667046,-157.95213,2133.0,6,15,11,319
2017-11-15 07:00:00+00:00,11.46,62.32,10143.0,21.667046,-157.95213,2170.0,7,15,11,319
2017-11-15 08:00:00+00:00,10.9,60.64,10145.0,21.667046,-157.95213,2187.0,8,15,11,319
2017-11-15 09:00:00+00:00,10.59,60.89,10145.0,21.667046,-157.95213,2207.0,9,15,11,319
2017-11-15 10:00:00+00:00,9.98,61.71,10145.0,21.667046,-157.95213,2246.0,10,15,11,319
2017-11-15 11:00:00+00:00,9.95,64.71,10143.0,21.667046,-157.95213,2155.0,11,15,11,319
2017-11-15 12:00:00+00:00,9.71,67.17,10137.0,21.667046,-157.95213,2124.0,12,15,11,319
2017-11-15 13:00:00+00:00,9.34,64.51,10134.0,21.667046,-157.95213,2127.0,13,15,11,319
2017-11-15 14:00:00+00:00,10.71,62.07,10131.0,21.667046,-157.95213,2171.0,14,15,11,319
2017-11-15 15:00:00+00:00,10.41,62.83,10134.0,21.667046,-157.95213,2143.0,15,15,11,319
2017-11-15 16:00:00+00:00,10.27,63.24,10133.0,21.667046,-157.95213,2141.0,16,15,11,319
2017-11-15 17:00:00+00:00,9.97,67.4,10139.0,21.667046,-157.95213,2172.0,17,15,11,319
2017-11-15 18:00:00+00:00,10.49,70.12,10145.0,21.667046,-157.95213,2568.0,18,15,11,319
2017-11-15 19:00:00+00:00,10.92,69.28,10148.0,21.667046,-157.95213,2809.0,19,15,11,319
2017-11-15 20:00:00+00:00,11.25,68.32,10151.0,21.667046,-157.95213,2966.0,20,15,11,319
2017-11-15 21:00:00+00:00,11.09,67.56,10148.0,21.667046,-157.95213,3083.0,21,15,11,319
2017-11-15 22:00:00+00:00,11.53,71.75,10141.0,21.667046,-157.95213,3170.0,22,15,11,319
2017-11-15 23:00:00+00:00,11.37,66.44,10134.0,21.667046,-157.95213,2918.0,23,15,11,319
2017-11-16 00:00:00+00:00,11.86,75.07,10126.0,21.667046,-157.95213,3095.0,0,16,11,320
2017-11-16 01:00:00+00:00,12.2,74.08,10125.0,21.667046,-157.95213,2956.0,1,16,11,320
2017-11-16 02:00:00+00:00,11.42,73.04,10125.0,21.667046,-157.95213,2728.0,2,16,11,320
2017-11-16 03:00:00+00:00,11.71,73.76,10129.0,21.667046,-157.95213,2503.0,3,16,11,320
2017-11-16 04:00:00+00:00,11.94,77.35,10134.0,21.667046,-157.95213,2240.0,4,16,11,320
2017-11-16 05:00:00+00:00,11.83,76.29,10139.0,21.667046,-157.95213,2226.0,5,16,11,320
2017-11-16 06:00:00+00:00,11.53,77.55,10144.0,21.667046,-157.95213,2243.0,6,16,11,320
2017-11-16 07:00:00+00:00,12.52,69.74,10147.0,21.667046,-157.95213,2255.0,7,16,11,320
2017-11-16 08:00:00+00:00,13.25,67.37,10149.0,21.667046,-157.95213,2269.0,8,16,11,320
2017-11-16 09:00:00+00:00,12.01,70.42,10147.0,21.667046,-157.95213,2233.0,9,16,11,320
2017-11-16 10:00:00+00:00,13.46,67.05,10145.0,21.667046,-157.95213,2229.0,10,16,11,320
2017-11-16 11:00:00+00:00,9.62,45.11,10145.0,21.667046,-157.95213,2096.0,11,16,11,320
2017-11-16 12:00:00+00:00,12.39,66.72,10135.0,21.667046,-157.95213,2181.0,12,16,11,320
2017-11-16 13:00:00+00:00,11.29,65.56,10134.0,21.667046,-157.95213,2150.0,13,16,11,320
2017-11-16 14:00:00+00:00,11.04,63.18,10130.0,21.667046,-157.95213,2147.0,14,16,11,320
2017-11-16 15:00:00+00:00,11.18,62.72,10130.0,21.667046,-157.95213,2169.0,15,16,11,320
2017-11-16 16:00:00+00:00,9.67,66.56,10133.0,21.667046,-157.95213,2063.0,16,16,11,320
2017-11-16 17:00:00+00:00,10.28,71.93,10138.0,21.667046,-157.95213,2104.0,17,16,11,320
2017-11-16 18:00:00+00:00,10.99,70.74,10142.0,21.667046,-157.95213,2519.0,18,16,11,320
2017-11-16 19:00:00+00:00,10.54,73.61,10145.0,21.667046,-157.95213,2710.0,19,16,11,320
2017-11-16 20:00:00+00:00,10.98,74.71,10148.0,21.667046,-157.95213,2865.0,20,16,11,320
2017-11-16 21:00:00+00:00,11.72,83.13,10144.0,21.667046,-157.95213,2873.0,21,16,11,320
2017-11-16 22:00:00+00:00,9.18,73.48,10135.0,21.667046,-157.95213,3031.0,22,16,11,320
2017-11-16 23:00:00+00:00,10.18,62.89,10129.0,21.667046,-157.95213,2993.0,23,16,11,320
2017-11-17 00:00:00+00:00,9.55,61.95,10121.0,21.667046,-157.95213,2903.0,0,17,11,321
2017-11-17 01:00:00+00:00,8.76,63.15,10123.0,21.667046,-157.95213,2892.0,1,17,11,321
2017-11-17 02:00:00+00:00,9.33,61.57,10126.0,21.667046,-157.95213,2655.0,2,17,11,321
2017-11-17 03:00:00+00:00,9.88,60.49,10126.0,21.667046,-157.95213,2456.0,3,17,11,321
2017-11-17 04:00:00+00:00,9.11,61.96,10129.0,21.667046,-157.95213,2127.0,4,17,11,321
2017-11-17 05:00:00+00:00,9.85,56.29,10130.0,21.667046,-157.95213,2130.0,5,17,11,321
2017-11-17 06:00:00+00:00,9.07,54.87,10137.0,21.667046,-157.95213,2076.0,6,17,11,321
2017-11-17 07:00:00+00:00,12.34,36.96,10140.0,21.667046,-157.95213,2036.0,7,17,11,321
2017-11-17 08:00:00+00:00,10.48,45.9,10138.0,21.667046,-157.95213,2001.0,8,17,11,321
2017-11-17 09:00:00+00:00,9.35,36.93,10135.0,21.667046,-157.95213,2019.0,9,17,11,321
2017-11-17 10:00:00+00:00,9.17,44.11,10130.0,21.667046,-157.95213,1989.0,10,17,11,321
2017-11-17 11:00:00+00:00,8.95,59.65,10129.0,21.667046,-157.95213,1909.0,11,17,11,321
2017-11-17 12:00:00+00:00,8.25,48.69,10118.0,21.667046,-157.95213,1865.0,12,17,11,321
2017-11-17 13:00:00+00:00,6.26,55.87,10112.0,21.667046,-157.95213,1958.0,13,17,11,321
2017-11-17 14:00:00+00:00,9.37,50.89,10107.0,21.667046,-157.95213,1925.0,14,17,11,321
2017-11-17 15:00:00+00:00,6.34,48.13,10106.0,21.667046,-157.95213,1982.0,15,17,11,321
2017-11-17 16:00:00+00:00,8.31,38.68,10106.0,21.667046,-157.95213,1915.0,16,17,11,321
2017-11-17 17:00:00+00:00,9.24,57.23,10109.0,21.667046,-157.95213,2026.0,17,17,11,321
2017-11-17 18:00:00+00:00,6.38,62.73,10116.0,21.667046,-157.95213,2068.0,18,17,11,321
2017-11-17 19:00:00+00:00,7.61,54.37,10114.0,21.667046,-157.95213,2457.0,19,17,11,321
2017-11-17 20:00:00+00:00,7.0,54.93,10116.0,21.667046,-157.95213,2733.0,20,17,11,321
2017-11-17 21:00:00+00:00,6.68,58.2,10111.0,21.667046,-157.95213,2778.0,21,17,11,321
2017-11-17 22:00:00+00:00,5.7,49.6,10106.0,21.667046,-157.95213,3123.0,22,17,11,321
2017-11-17 23:00:00+00:00,4.7,54.7,10098.0,21.667046,-157.95213,3011.0,23,17,11,321
2017-11-18 00:00:00+00:00,5.23,52.37,10087.0,21.667046,-157.95213,2863.0,0,18,11,322
2017-11-18 01:00:00+00:00,4.65,56.09,10089.0,21.667046,-157.95213,2844.0,1,18,11,322
2017-11-18 02:00:00+00:00,4.35,57.02,10086.0,21.667046,-157.95213,2659.0,2,18,11,322
2017-11-18 03:00:00+00:00,4.78,39.2,10090.0,21.667046,-157.95213,2403.0,3,18,11,322
2017-11-18 04:00:00+00:00,3.93,59.11,10090.0,21.667046,-157.95213,1875.0,4,18,11,322
2017-11-18 05:00:00+00:00,5.21,45.45,10097.0,21.667046,-157.95213,1914.0,5,18,11,322
2017-11-18 06:00:00+00:00,5.0,44.0,10100.0,21.667046,-157.95213,2100.0,6,18,11,322
2017-11-18 07:00:00+00:00,3.37,46.37,10101.0,21.667046,-157.95213,1743.0,7,18,11,322
2017-11-18 08:00:00+00:00,2.41,12.22,10104.0,21.667046,-157.95213,1827.0,8,18,11,322
2017-11-18 09:00:00+00:00,3.93,343.43,10101.0,21.667046,-157.95213,1917.0,9,18,11,322
2017-11-18 10:00:00+00:00,2.97,0.55,10100.0,21.667046,-157.95213,2063.0,10,18,11,322
2017-11-18 11:00:00+00:00,4.35,4.76,10097.0,21.667046,-157.95213,2056.0,11,18,11,322
2017-11-18 12:00:00+00:00,2.7,355.7,10088.0,21.667046,-157.95213,1824.0,12,18,11,322
2017-11-18 13:00:00+00:00,2.93,341.97,10085.0,21.667046,-157.95213,1811.0,13,18,11,322
2017-11-18 14:00:00+00:00,1.9,329.22,10081.0,21.667046,-157.95213,1852.0,14,18,11,322
2017-11-18 15:00:00+00:00,3.51,340.86,10085.0,21.667046,-157.95213,1761.0,15,18,11,322
2017-11-18 16:00:00+00:00,3.8,3.96,10081.0,21.667046,-157.95213,1880.0,16,18,11,322
2017-11-18 17:00:00+00:00,5.38,344.43,10085.0,21.667046,-157.95213,1839.0,17,18,11,322
2017-11-18 18:00:00+00:00,4.03,332.49,10087.0,21.667046,-157.95213,2483.0,18,18,11,322
2017-11-18 19:00:00+00:00,4.56,340.43,10091.0,21.667046,-157.95213,2773.0,19,18,11,322
2017-11-18 20:00:00+00:00,4.49,344.92,10096.0,21.667046,-157.95213,2901.0,20,18,11,322
2017-11-18 21:00:00+00:00,4.52,343.73,10091.0,21.667046,-157.95213,3094.0,21,18,11,322
2017-11-18 22:00:00+00:00,5.18,340.06,10085.0,21.667046,-157.95213,2885.0,22,18,11,322
2017-11-18 23:00:00+00:00,6.5,337.02,10078.0,21.667046,-157.95213,2941.0,23,18,11,322
2017-11-19 00:00:00+00:00,6.45,336.19,10072.0,21.667046,-157.95213,2731.0,0,19,11,323
2017-11-19 01:00:00+00:00,6.29,336.79,10069.0,21.667046,-157.95213,2731.0,1,19,11,323
2017-11-19 02:00:00+00:00,7.88,355.96,10075.0,21.667046,-157.95213,2450.0,2,19,11,323
2017-11-19 03:00:00+00:00,6.22,4.36,10077.0,21.667046,-157.95213,2356.0,3,19,11,323
2017-11-19 04:00:00+00:00,1.43,357.31,10086.0,21.667046,-157.95213,1911.0,4,19,11,323
2017-11-19 05:00:00+00:00,6.97,274.24,10089.0,21.667046,-157.95213,1898.0,5,19,11,323
2017-11-19 06:00:00+00:00,4.79,311.47,10096.0,21.667046,-157.95213,1795.0,6,19,11,323
2017-11-19 07:00:00+00:00,4.78,353.86,10097.0,21.667046,-157.95213,1861.0,7,19,11,323
2017-11-19 08:00:00+00:00,7.1,335.44,10099.0,21.667046,-157.95213,1777.0,8,19,11,323
2017-11-19 09:00:00+00:00,7.18,330.66,10098.0,21.667046,-157.95213,1695.0,9,19,11,323
2017-11-19 10:00:00+00:00,6.38,325.97,10096.0,21.667046,-157.95213,1638.0,10,19,11,323
2017-11-19 11:00:00+00:00,6.53,329.34,10093.0,21.667046,-157.95213,1649.0,11,19,11,323
2017-11-19 12:00:00+00:00,6.96,326.19,10088.0,21.667046,-157.95213,1617.0,12,19,11,323
2017-11-19 13:00:00+00:00,6.74,323.78,10085.0,21.667046,-157.95213,1620.0,13,19,11,323
2017-11-19 14:00:00+00:00,8.32,328.96,10085.0,21.667046,-157.95213,1623.0,14,19,11,323
2017-11-19 15:00:00+00:00,9.21,337.92,10089.0,21.667046,-157.95213,1559.0,15,19,11,323
2017-11-19 16:00:00+00:00,8.77,318.9,10091.0,21.667046,-157.95213,1575.0,16,19,11,323
2017-11-19 17:00:00+00:00,9.62,334.18,10099.0,21.667046,-157.95213,1568.0,17,19,11,323
2017-11-19 18:00:00+00:00,7.53,333.69,10101.0,21.667046,-157.95213,2117.0,18,19,11,323
2017-11-19 19:00:00+00:00,3.48,302.18,10106.0,21.667046,-157.95213,2214.0,19,19,11,323
2017-11-19 20:00:00+00:00,8.22,331.42,10105.0,21.667046,-157.95213,2571.0,20,19,11,323
2017-11-19 21:00:00+00:00,9.62,336.17,10103.0,21.667046,-157.95213,2785.0,21,19,11,323
2017-11-19 22:00:00+00:00,10.43,332.75,10096.0,21.667046,-157.95213,2856.0,22,19,11,323
2017-11-19 23:00:00+00:00,9.16,339.65,10091.0,21.667046,-157.95213,2839.0,23,19,11,323
2017-11-20 00:00:00+00:00,9.15,337.11,10086.0,21.667046,-157.95213,2861.0,0,20,11,324
2017-11-20 01:00:00+00:00,7.41,352.27,10085.0,21.667046,-157.95213,2664.0,1,20,11,324
2017-11-20 02:00:00+00:00,8.47,349.25,10086.0,21.667046,-157.95213,2492.0,2,20,11,324
2017-11-20 03:00:00+00:00,6.57,349.69,10087.0,21.667046,-157.95213,2248.0,3,20,11,324
2017-11-20 04:00:00+00:00,4.65,2.53,10090.0,21.667046,-157.95213,1476.0,4,20,11,324
2017-11-20 05:00:00+00:00,7.47,314.93,10094.0,21.667046,-157.95213,1984.0,5,20,11,324
2017-11-20 06:00:00+00:00,7.11,358.38,10095.0,21.667046,-157.95213,1485.0,6,20,11,324
2017-11-20 07:00:00+00:00,3.14,325.92,10098.0,21.667046,-157.95213,1902.0,7,20,11,324
2017-11-20 08:00:00+00:00,7.1,353.79,10096.0,21.667046,-157.95213,1356.0,8,20,11,324
2017-11-20 09:00:00+00:00,6.57,19.09,10096.0,21.667046,-157.95213,1386.0,9,20,11,324
2017-11-20 10:00:00+00:00,6.53,347.06,10094.0,21.667046,-157.95213,1462.0,10,20,11,324
2017-11-20 11:00:00+00:00,5.91,359.01,10092.0,21.667046,-157.95213,1419.0,11,20,11,324
2017-11-20 12:00:00+00:00,8.96,319.04,10088.0,21.667046,-157.95213,1597.0,12,20,11,324
2017-11-20 13:00:00+00:00,6.61,343.77,10084.0,21.667046,-157.95213,1455.0,13,20,11,324
2017-11-20 14:00:00+00:00,7.23,347.12,10084.0,21.667046,-157.95213,1372.0,14,20,11,324
2017-11-20 15:00:00+00:00,11.51,1.73,10086.0,21.667046,-157.95213,1875.0,15,20,11,324
2017-11-20 16:00:00+00:00,6.84,348.35,10088.0,21.667046,-157.95213,1469.0,16,20,11,324
2017-11-20 17:00:00+00:00,8.15,4.32,10092.0,21.667046,-157.95213,1512.0,17,20,11,324
2017-11-20 18:00:00+00:00,4.32,14.1,10095.0,21.667046,-157.95213,2273.0,18,20,11,324
2017-11-20 19:00:00+00:00,6.24,348.49,10097.0,21.667046,-157.95213,2529.0,19,20,11,324
2017-11-20 20:00:00+00:00,6.27,358.59,10102.0,21.667046,-157.95213,2820.0,20,20,11,324
2017-11-20 21:00:00+00:00,6.71,3.32,10097.0,21.667046,-157.95213,2532.0,21,20,11,324
2017-11-20 22:00:00+00:00,6.55,0.18,10095.0,21.667046,-157.95213,2900.0,22,20,11,324
2017-11-20 23:00:00+00:00,5.91,3.48,10090.0,21.667046,-157.95213,2854.0,23,20,11,324
2017-11-21 00:00:00+00:00,6.02,1.82,10081.0,21.667046,-157.95213,2740.0,0,21,11,325
2017-11-21 01:00:00+00:00,5.5,1.49,10087.0,21.667046,-157.95213,2607.0,1,21,11,325
2017-11-21 02:00:00+00:00,4.92,23.15,10084.0,21.667046,-157.95213,2541.0,2,21,11,325
2017-11-21 03:00:00+00:00,4.22,17.39,10091.0,21.667046,-157.95213,2327.0,3,21,11,325
2017-11-21 04:00:00+00:00,5.58,10.57,10094.0,21.667046,-157.95213,1578.0,4,21,11,325
2017-11-21 05:00:00+00:00,5.61,4.67,10103.0,21.667046,-157.95213,1551.0,5,21,11,325
2017-11-21 06:00:00+00:00,5.65,5.7,10105.0,21.667046,-157.95213,1546.0,6,21,11,325
2017-11-21 07:00:00+00:00,6.26,7.3,10110.0,21.667046,-157.95213,1590.0,7,21,11,325
2017-11-21 08:00:00+00:00,5.95,14.62,10112.0,21.667046,-157.95213,1531.0,8,21,11,325
2017-11-21 09:00:00+00:00,6.67,10.05,10111.0,21.667046,-157.95213,1502.0,9,21,11,325
2017-11-21 10:00:00+00:00,7.36,9.6,10109.0,21.667046,-157.95213,1477.0,10,21,11,325
2017-11-21 11:00:00+00:00,6.53,10.82,10104.0,21.667046,-157.95213,1436.0,11,21,11,325
2017-11-21 12:00:00+00:00,6.42,2.58,10101.0,21.667046,-157.95213,1454.0,12,21,11,325
2017-11-21 13:00:00+00:00,5.67,2.33,10097.0,21.667046,-157.95213,1439.0,13,21,11,325
2017-11-21 14:00:00+00:00,5.28,7.94,10097.0,21.667046,-157.95213,1454.0,14,21,11,325
2017-11-21 15:00:00+00:00,4.54,335.64,10102.0,21.667046,-157.95213,1659.0,15,21,11,325
2017-11-21 16:00:00+00:00,2.71,350.35,10108.0,21.667046,-157.95213,1747.0,16,21,11,325
2017-11-21 17:00:00+00:00,1.45,274.8,10112.0,21.667046,-157.95213,1679.0,17,21,11,325
2017-11-21 18:00:00+00:00,2.09,335.46,10116.0,21.667046,-157.95213,2092.0,18,21,11,325
2017-11-21 19:00:00+00:00,7.04,356.75,10120.0,21.667046,-157.95213,2349.0,19,21,11,325
2017-11-21 20:00:00+00:00,5.87,6.27,10121.0,21.667046,-157.95213,2781.0,20,21,11,325
2017-11-21 21:00:00+00:00,5.13,11.83,10118.0,21.667046,-157.95213,2942.0,21,21,11,325
2017-11-21 22:00:00+00:00,5.45,12.2,10111.0,21.667046,-157.95213,3087.0,22,21,11,325
2017-11-21 23:00:00+00:00,5.6,13.97,10105.0,21.667046,-157.95213,2910.0,23,21,11,325
2017-11-22 00:00:00+00:00,4.95,11.7,10098.0,21.667046,-157.95213,2910.0,0,22,11,326
2017-11-22 01:00:00+00:00,3.19,14.01,10104.0,21.667046,-157.95213,1948.0,1,22,11,326
2017-11-22 02:00:00+00:00,8.92,348.83,10102.0,21.667046,-157.95213,2252.0,2,22,11,326
2017-11-22 03:00:00+00:00,6.71,6.59,10104.0,21.667046,-157.95213,2186.0,3,22,11,326
2017-11-22 04:00:00+00:00,7.26,54.78,10111.0,21.667046,-157.95213,1918.0,4,22,11,326
2017-11-22 05:00:00+00:00,3.24,93.6,10116.0,21.667046,-157.95213,1816.0,5,22,11,326
2017-11-22 06:00:00+00:00,2.9,288.55,10122.0,21.667046,-157.95213,1849.0,6,22,11,326
2017-11-22 07:00:00+00:00,5.35,19.55,10123.0,21.667046,-157.95213,1925.0,7,22,11,326
2017-11-22 08:00:00+00:00,6.62,19.18,10128.0,21.667046,-157.95213,1702.0,8,22,11,326
2017-11-22 09:00:00+00:00,6.12,23.82,10129.0,21.667046,-157.95213,1495.0,9,22,11,326
2017-11-22 10:00:00+00:00,5.69,23.75,10125.0,21.667046,-157.95213,1508.0,10,22,11,326
2017-11-22 11:00:00+00:00,5.8,28.43,10123.0,21.667046,-157.95213,1560.0,11,22,11,326
2017-11-22 12:00:00+00:00,6.43,32.29,10120.0,21.667046,-157.95213,1478.0,12,22,11,326
2017-11-22 13:00:00+00:00,7.01,22.5,10118.0,21.667046,-157.95213,1384.0,13,22,11,326
2017-11-22 14:00:00+00:00,7.43,19.18,10118.0,21.667046,-157.95213,1387.0,14,22,11,326
2017-11-22 15:00:00+00:00,9.59,29.83,10119.0,21.667046,-157.95213,1613.0,15,22,11,326
2017-11-22 16:00:00+00:00,7.78,34.03,10122.0,21.667046,-157.95213,1411.0,16,22,11,326
2017-11-22 17:00:00+00:00,6.83,29.04,10128.0,21.667046,-157.95213,1433.0,17,22,11,326
2017-11-22 18:00:00+00:00,7.04,40.85,10135.0,21.667046,-157.95213,2144.0,18,22,11,326
2017-11-22 19:00:00+00:00,7.26,43.35,10142.0,21.667046,-157.95213,2484.0,19,22,11,326
2017-11-22 20:00:00+00:00,6.97,44.61,10147.0,21.667046,-157.95213,2712.0,20,22,11,326
2017-11-22 21:00:00+00:00,6.1,47.07,10146.0,21.667046,-157.95213,2551.0,21,22,11,326
2017-11-22 22:00:00+00:00,9.46,44.39,10142.0,21.667046,-157.95213,2766.0,22,22,11,326
2017-11-22 23:00:00+00:00,8.29,45.83,10137.0,21.667046,-157.95213,2972.0,23,22,11,326
2017-11-23 00:00:00+00:00,8.75,46.95,10132.0,21.667046,-157.95213,2725.0,0,23,11,327
2017-11-23 01:00:00+00:00,8.92,47.94,10132.0,21.667046,-157.95213,2319.0,1,23,11,327
2017-11-23 02:00:00+00:00,7.89,45.3,10138.0,21.667046,-157.95213,2602.0,2,23,11,327
2017-11-23 03:00:00+00:00,8.74,45.46,10141.0,21.667046,-157.95213,2351.0,3,23,11,327
2017-11-23 04:00:00+00:00,9.44,43.84,10146.0,21.667046,-157.95213,1988.0,4,23,11,327
2017-11-23 05:00:00+00:00,9.76,46.11,10153.0,21.667046,-157.95213,1991.0,5,23,11,327
2017-11-23 06:00:00+00:00,10.0,43.54,10156.0,21.667046,-157.95213,2007.0,6,23,11,327
2017-11-23 07:00:00+00:00,11.06,51.71,10161.0,21.667046,-157.95213,2032.0,7,23,11,327
2017-11-23 08:00:00+00:00,10.69,49.95,10163.0,21.667046,-157.95213,2191.0,8,23,11,327
2017-11-23 09:00:00+00:00,10.7,50.79,10163.0,21.667046,-157.95213,2068.0,9,23,11,327
2017-11-23 10:00:00+00:00,9.92,52.53,10160.0,21.667046,-157.95213,2027.0,10,23,11,327
2017-11-23 11:00:00+00:00,10.53,49.08,10159.0,21.667046,-157.95213,2040.0,11,23,11,327
2017-11-23 12:00:00+00:00,10.61,49.95,10158.0,21.667046,-157.95213,2038.0,12,23,11,327
2017-11-23 13:00:00+00:00,10.79,44.05,10154.0,21.667046,-157.95213,2031.0,13,23,11,327
2017-11-23 14:00:00+00:00,12.12,43.29,10152.0,21.667046,-157.95213,2053.0,14,23,11,327
2017-11-23 15:00:00+00:00,11.22,44.66,10152.0,21.667046,-157.95213,2035.0,15,23,11,327
2017-11-23 16:00:00+00:00,11.27,45.97,10155.0,21.667046,-157.95213,2047.0,16,23,11,327
2017-11-23 17:00:00+00:00,11.58,46.94,10160.0,21.667046,-157.95213,2047.0,17,23,11,327
2017-11-23 18:00:00+00:00,11.17,44.97,10164.0,21.667046,-157.95213,2389.0,18,23,11,327
2017-11-23 19:00:00+00:00,11.39,45.63,10168.0,21.667046,-157.95213,2599.0,19,23,11,327
2017-11-23 20:00:00+00:00,10.64,51.35,10170.0,21.667046,-157.95213,2813.0,20,23,11,327
2017-11-23 21:00:00+00:00,10.53,53.92,10166.0,21.667046,-157.95213,2902.0,21,23,11,327
2017-11-23 22:00:00+00:00,10.99,54.2,10157.0,21.667046,-157.95213,2883.0,22,23,11,327
2017-11-23 23:00:00+00:00,10.82,54.82,10152.0,21.667046,-157.95213,2932.0,23,23,11,327
2017-11-24 00:00:00+00:00,11.15,59.23,10145.0,21.667046,-157.95213,2757.0,0,24,11,328
2017-11-24 01:00:00+00:00,11.93,52.03,10148.0,21.667046,-157.95213,2683.0,1,24,11,328
2017-11-24 02:00:00+00:00,11.86,53.89,10150.0,21.667046,-157.95213,2500.0,2,24,11,328
2017-11-24 03:00:00+00:00,11.85,52.83,10153.0,21.667046,-157.95213,2318.0,3,24,11,328
2017-11-24 04:00:00+00:00,12.25,52.39,10155.0,21.667046,-157.95213,2064.0,4,24,11,328
2017-11-24 05:00:00+00:00,11.77,52.15,10158.0,21.667046,-157.95213,2035.0,5,24,11,328
2017-11-24 06:00:00+00:00,11.92,52.52,10161.0,21.667046,-157.95213,2048.0,6,24,11,328
2017-11-24 07:00:00+00:00,12.77,51.5,10164.0,21.667046,-157.95213,2034.0,7,24,11,328
2017-11-24 08:00:00+00:00,12.05,56.02,10167.0,21.667046,-157.95213,2032.0,8,24,11,328
2017-11-24 09:00:00+00:00,12.05,60.78,10166.0,21.667046,-157.95213,2086.0,9,24,11,328
2017-11-24 10:00:00+00:00,11.91,58.27,10163.0,21.667046,-157.95213,2048.0,10,24,11,328
2017-11-24 11:00:00+00:00,9.08,81.96,10162.0,21.667046,-157.95213,2102.0,11,24,11,328
2017-11-24 12:00:00+00:00,6.19,78.43,10156.0,21.667046,-157.95213,1759.0,12,24,11,328
2017-11-24 13:00:00+00:00,12.96,53.24,10148.0,21.667046,-157.95213,1774.0,13,24,11,328
2017-11-24 14:00:00+00:00,11.44,53.78,10143.0,21.667046,-157.95213,1756.0,14,24,11,328
2017-11-24 15:00:00+00:00,10.34,54.27,10143.0,21.667046,-157.95213,1805.0,15,24,11,328
2017-11-24 16:00:00+00:00,10.64,49.74,10145.0,21.667046,-157.95213,1775.0,16,24,11,328
2017-11-24 17:00:00+00:00,10.06,49.7,10149.0,21.667046,-157.95213,1812.0,17,24,11,328
2017-11-24 18:00:00+00:00,10.4,48.78,10153.0,21.667046,-157.95213,2024.0,18,24,11,328
2017-11-24 19:00:00+00:00,8.61,56.2,10157.0,21.667046,-157.95213,1931.0,19,24,11,328
2017-11-24 20:00:00+00:00,11.87,62.22,10157.0,21.667046,-157.95213,2401.0,20,24,11,328
2017-11-24 21:00:00+00:00,6.64,66.1,10151.0,21.667046,-157.95213,2320.0,21,24,11,328
2017-11-24 22:00:00+00:00,9.88,57.13,10144.0,21.667046,-157.95213,2841.0,22,24,11,328
2017-11-24 23:00:00+00:00,10.13,64.15,10137.0,21.667046,-157.95213,2613.0,23,24,11,328
2017-11-25 00:00:00+00:00,11.61,64.68,10128.0,21.667046,-157.95213,2566.0,0,25,11,329
2017-11-25 01:00:00+00:00,9.16,60.05,10128.0,21.667046,-157.95213,2215.0,1,25,11,329
2017-11-25 02:00:00+00:00,8.65,66.65,10129.0,21.667046,-157.95213,2224.0,2,25,11,329
2017-11-25 03:00:00+00:00,10.21,58.5,10132.0,21.667046,-157.95213,2242.0,3,25,11,329
2017-11-25 04:00:00+00:00,10.28,68.03,10133.0,21.667046,-157.95213,1968.0,4,25,11,329
2017-11-25 05:00:00+00:00,10.02,59.48,10136.0,21.667046,-157.95213,1940.0,5,25,11,329
2017-11-25 06:00:00+00:00,12.05,55.31,10139.0,21.667046,-157.95213,2035.0,6,25,11,329
2017-11-25 07:00:00+00:00,11.52,59.65,10141.0,21.667046,-157.95213,2013.0,7,25,11,329
2017-11-25 08:00:00+00:00,9.77,52.08,10145.0,21.667046,-157.95213,1958.0,8,25,11,329
2017-11-25 09:00:00+00:00,11.31,61.44,10147.0,21.667046,-157.95213,2040.0,9,25,11,329
2017-11-25 10:00:00+00:00,10.04,90.76,10144.0,21.667046,-157.95213,2071.0,10,25,11,329
2017-11-25 11:00:00+00:00,5.32,92.87,10144.0,21.667046,-157.95213,1790.0,11,25,11,329
2017-11-25 12:00:00+00:00,10.92,52.37,10139.0,21.667046,-157.95213,1822.0,12,25,11,329
2017-11-25 13:00:00+00:00,10.68,50.9,10135.0,21.667046,-157.95213,1845.0,13,25,11,329
2017-11-25 14:00:00+00:00,9.6,52.37,10134.0,21.667046,-157.95213,1831.0,14,25,11,329
2017-11-25 15:00:00+00:00,11.2,61.94,10136.0,21.667046,-157.95213,1792.0,15,25,11,329
2017-11-25 16:00:00+00:00,12.02,59.34,10136.0,21.667046,-157.95213,1892.0,16,25,11,329
2017-11-25 17:00:00+00:00,10.44,73.68,10141.0,21.667046,-157.95213,1901.0,17,25,11,329
2017-11-25 18:00:00+00:00,12.46,59.53,10145.0,21.667046,-157.95213,2182.0,18,25,11,329
2017-11-25 19:00:00+00:00,12.96,66.51,10150.0,21.667046,-157.95213,2445.0,19,25,11,329
2017-11-25 20:00:00+00:00,12.13,64.4,10152.0,21.667046,-157.95213,2593.0,20,25,11,329
2017-11-25 21:00:00+00:00,12.19,63.07,10151.0,21.667046,-157.95213,2685.0,21,25,11,329
2017-11-25 22:00:00+00:00,12.07,63.1,10145.0,21.667046,-157.95213,2642.0,22,25,11,329
2017-11-25 23:00:00+00:00,11.92,62.96,10138.0,21.667046,-157.95213,2614.0,23,25,11,329
2017-11-26 00:00:00+00:00,11.78,62.74,10128.0,21.667046,-157.95213,2612.0,0,26,11,330
2017-11-26 01:00:00+00:00,11.73,61.85,10130.0,21.667046,-157.95213,2523.0,1,26,11,330
2017-11-26 02:00:00+00:00,11.88,62.24,10132.0,21.667046,-157.95213,2550.0,2,26,11,330
2017-11-26 03:00:00+00:00,13.52,60.13,10139.0,21.667046,-157.95213,2184.0,3,26,11,330
2017-11-26 04:00:00+00:00,13.05,63.05,10145.0,21.667046,-157.95213,2143.0,4,26,11,330
2017-11-26 05:00:00+00:00,14.04,61.34,10152.0,21.667046,-157.95213,2095.0,5,26,11,330
2017-11-26 06:00:00+00:00,13.39,65.8,10159.0,21.667046,-157.95213,2075.0,6,26,11,330
2017-11-26 07:00:00+00:00,13.39,69.97,10162.0,21.667046,-157.95213,2094.0,7,26,11,330
2017-11-26 08:00:00+00:00,12.76,71.46,10163.0,21.667046,-157.95213,2152.0,8,26,11,330
2017-11-26 09:00:00+00:00,13.25,70.97,10160.0,21.667046,-157.95213,2176.0,9,26,11,330
2017-11-26 10:00:00+00:00,12.38,69.51,10160.0,21.667046,-157.95213,2190.0,10,26,11,330
2017-11-26 11:00:00+00:00,11.98,75.16,10162.0,21.667046,-157.95213,2212.0,11,26,11,330
2017-11-26 12:00:00+00:00,13.63,73.03,10154.0,21.667046,-157.95213,2220.0,12,26,11,330
2017-11-26 13:00:00+00:00,15.87,62.18,10149.0,21.667046,-157.95213,1912.0,13,26,11,330
2017-11-26 14:00:00+00:00,15.1,84.23,10150.0,21.667046,-157.95213,1866.0,14,26,11,330
2017-11-26 15:00:00+00:00,14.51,75.97,10153.0,21.667046,-157.95213,1978.0,15,26,11,330
2017-11-26 16:00:00+00:00,14.19,80.61,10158.0,21.667046,-157.95213,2033.0,16,26,11,330
2017-11-26 17:00:00+00:00,15.35,79.36,10161.0,21.667046,-157.95213,2057.0,17,26,11,330
2017-11-26 18:00:00+00:00,15.05,79.6,10163.0,21.667046,-157.95213,2230.0,18,26,11,330
2017-11-26 19:00:00+00:00,14.47,72.87,10168.0,21.667046,-157.95213,2480.0,19,26,11,330
2017-11-26 20:00:00+00:00,14.58,80.18,10172.0,21.667046,-157.95213,2423.0,20,26,11,330
2017-11-26 21:00:00+00:00,12.99,86.05,10175.0,21.667046,-157.95213,2732.0,21,26,11,330
2017-11-26 22:00:00+00:00,13.63,84.89,10164.0,21.667046,-157.95213,2769.0,22,26,11,330
2017-11-26 23:00:00+00:00,14.32,83.66,10154.0,21.667046,-157.95213,2862.0,23,26,11,330
2017-11-27 00:00:00+00:00,12.78,82.89,10144.0,21.667046,-157.95213,2923.0,0,27,11,331
2017-11-27 01:00:00+00:00,12.74,84.8,10147.0,21.667046,-157.95213,2817.0,1,27,11,331
2017-11-27 02:00:00+00:00,12.01,84.12,10148.0,21.667046,-157.95213,2625.0,2,27,11,331
2017-11-27 03:00:00+00:00,13.0,81.97,10146.0,21.667046,-157.95213,2353.0,3,27,11,331
2017-11-27 04:00:00+00:00,10.9,94.71,10153.0,21.667046,-157.95213,2199.0,4,27,11,331
2017-11-27 05:00:00+00:00,12.1,89.04,10156.0,21.667046,-157.95213,2202.0,5,27,11,331
2017-11-27 06:00:00+00:00,14.06,69.44,10162.0,21.667046,-157.95213,2076.0,6,27,11,331
2017-11-27 07:00:00+00:00,11.23,91.19,10166.0,21.667046,-157.95213,2177.0,7,27,11,331
2017-11-27 08:00:00+00:00,10.52,88.95,10173.0,21.667046,-157.95213,2202.0,8,27,11,331
2017-11-27 09:00:00+00:00,12.54,72.39,10165.0,21.667046,-157.95213,2200.0,9,27,11,331
2017-11-27 10:00:00+00:00,12.25,56.78,10167.0,21.667046,-157.95213,2169.0,10,27,11,331
2017-11-27 11:00:00+00:00,9.74,106.95,10159.0,21.667046,-157.95213,2096.0,11,27,11,331
2017-11-27 12:00:00+00:00,11.55,99.55,10159.0,21.667046,-157.95213,2078.0,12,27,11,331
2017-11-27 13:00:00+00:00,12.34,80.67,10155.0,21.667046,-157.95213,2022.0,13,27,11,331
2017-11-27 14:00:00+00:00,12.8,81.37,10152.0,21.667046,-157.95213,2064.0,14,27,11,331
2017-11-27 15:00:00+00:00,14.85,75.25,10149.0,21.667046,-157.95213,2045.0,15,27,11,331
2017-11-27 16:00:00+00:00,14.73,78.87,10154.0,21.667046,-157.95213,2052.0,16,27,11,331
2017-11-27 17:00:00+00:00,13.25,82.52,10160.0,21.667046,-157.95213,2056.0,17,27,11,331
2017-11-27 18:00:00+00:00,14.38,78.0,10166.0,21.667046,-157.95213,2113.0,18,27,11,331
2017-11-27 19:00:00+00:00,13.94,77.05,10172.0,21.667046,-157.95213,2187.0,19,27,11,331
2017-11-27 20:00:00+00:00,13.58,76.28,10175.0,21.667046,-157.95213,2406.0,20,27,11,331
2017-11-27 21:00:00+00:00,13.39,78.59,10171.0,21.667046,-157.95213,2538.0,21,27,11,331
2017-11-27 22:00:00+00:00,13.41,75.18,10163.0,21.667046,-157.95213,2475.0,22,27,11,331
2017-11-27 23:00:00+00:00,12.29,79.3,10154.0,21.667046,-157.95213,2569.0,23,27,11,331
2017-11-28 00:00:00+00:00,9.91,97.0,10149.0,21.667046,-157.95213,2343.0,0,28,11,332
2017-11-28 01:00:00+00:00,10.72,85.37,10147.0,21.667046,-157.95213,2374.0,1,28,11,332
2017-11-28 02:00:00+00:00,10.46,79.36,10147.0,21.667046,-157.95213,2372.0,2,28,11,332
2017-11-28 03:00:00+00:00,11.5,78.42,10148.0,21.667046,-157.95213,2319.0,3,28,11,332
2017-11-28 04:00:00+00:00,10.69,88.58,10147.0,21.667046,-157.95213,2297.0,4,28,11,332
2017-11-28 05:00:00+00:00,10.36,86.01,10150.0,21.667046,-157.95213,2298.0,5,28,11,332
2017-11-28 06:00:00+00:00,11.85,84.86,10156.0,21.667046,-157.95213,2308.0,6,28,11,332
2017-11-28 07:00:00+00:00,11.55,91.66,10159.0,21.667046,-157.95213,2308.0,7,28,11,332
2017-11-28 08:00:00+00:00,11.6,95.73,10158.0,21.667046,-157.95213,2315.0,8,28,11,332
2017-11-28 09:00:00+00:00,11.39,97.2,10155.0,21.667046,-157.95213,2318.0,9,28,11,332
2017-11-28 10:00:00+00:00,10.78,89.13,10158.0,21.667046,-157.95213,2319.0,10,28,11,332
2017-11-28 11:00:00+00:00,11.03,90.45,10152.0,21.667046,-157.95213,2324.0,11,28,11,332
2017-11-28 12:00:00+00:00,10.54,92.68,10146.0,21.667046,-157.95213,2323.0,12,28,11,332
2017-11-28 13:00:00+00:00,9.9,96.17,10141.0,21.667046,-157.95213,2316.0,13,28,11,332
2017-11-28 14:00:00+00:00,9.31,91.36,10138.0,21.667046,-157.95213,2309.0,14,28,11,332
2017-11-28 15:00:00+00:00,11.04,70.42,10135.0,21.667046,-157.95213,2293.0,15,28,11,332
2017-11-28 16:00:00+00:00,8.68,83.56,10143.0,21.667046,-157.95213,2146.0,16,28,11,332
2017-11-28 17:00:00+00:00,10.79,82.82,10146.0,21.667046,-157.95213,2165.0,17,28,11,332
2017-11-28 18:00:00+00:00,10.47,82.32,10149.0,21.667046,-157.95213,2241.0,18,28,11,332
2017-11-28 19:00:00+00:00,10.05,87.07,10153.0,21.667046,-157.95213,2272.0,19,28,11,332
2017-11-28 20:00:00+00:00,10.07,85.21,10155.0,21.667046,-157.95213,2298.0,20,28,11,332
2017-11-28 21:00:00+00:00,9.68,82.23,10153.0,21.667046,-157.95213,2398.0,21,28,11,332
2017-11-28 22:00:00+00:00,10.75,83.23,10147.0,21.667046,-157.95213,2641.0,22,28,11,332
2017-11-28 23:00:00+00:00,9.59,75.85,10140.0,21.667046,-157.95213,2320.0,23,28,11,332
2017-11-29 00:00:00+00:00,10.89,69.64,10130.0,21.667046,-157.95213,2338.0,0,29,11,333
2017-11-29 01:00:00+00:00,10.54,72.42,10129.0,21.667046,-157.95213,2404.0,1,29,11,333
2017-11-29 02:00:00+00:00,10.4,74.32,10131.0,21.667046,-157.95213,2367.0,2,29,11,333
2017-11-29 03:00:00+00:00,10.62,81.52,10132.0,21.667046,-157.95213,2338.0,3,29,11,333
2017-11-29 04:00:00+00:00,9.49,80.08,10137.0,21.667046,-157.95213,2303.0,4,29,11,333
2017-11-29 05:00:00+00:00,8.93,80.58,10141.0,21.667046,-157.95213,2315.0,5,29,11,333
2017-11-29 06:00:00+00:00,8.55,81.86,10147.0,21.667046,-157.95213,2315.0,6,29,11,333
2017-11-29 07:00:00+00:00,9.58,80.99,10145.0,21.667046,-157.95213,2327.0,7,29,11,333
2017-11-29 08:00:00+00:00,10.09,87.1,10148.0,21.667046,-157.95213,2313.0,8,29,11,333
2017-11-29 09:00:00+00:00,7.61,80.52,10146.0,21.667046,-157.95213,2281.0,9,29,11,333
2017-11-29 10:00:00+00:00,8.95,85.97,10143.0,21.667046,-157.95213,2317.0,10,29,11,333
2017-11-29 11:00:00+00:00,9.47,79.86,10141.0,21.667046,-157.95213,2306.0,11,29,11,333
2017-11-29 12:00:00+00:00,8.34,86.45,10133.0,21.667046,-157.95213,2316.0,12,29,11,333
2017-11-29 13:00:00+00:00,9.62,86.84,10126.0,21.667046,-157.95213,2326.0,13,29,11,333
2017-11-29 14:00:00+00:00,9.28,84.5,10123.0,21.667046,-157.95213,2316.0,14,29,11,333
2017-11-29 15:00:00+00:00,8.8,87.06,10124.0,21.667046,-157.95213,2314.0,15,29,11,333
2017-11-29 16:00:00+00:00,9.25,91.1,10127.0,21.667046,-157.95213,2268.0,16,29,11,333
2017-11-29 17:00:00+00:00,9.14,89.1,10132.0,21.667046,-157.95213,2199.0,17,29,11,333
2017-11-29 18:00:00+00:00,9.11,87.57,10138.0,21.667046,-157.95213,2527.0,18,29,11,333
2017-11-29 19:00:00+00:00,9.19,89.24,10143.0,21.667046,-157.95213,2724.0,19,29,11,333
2017-11-29 20:00:00+00:00,9.07,89.09,10146.0,21.667046,-157.95213,2988.0,20,29,11,333
2017-11-29 21:00:00+00:00,9.1,87.49,10143.0,21.667046,-157.95213,3013.0,21,29,11,333
2017-11-29 22:00:00+00:00,9.07,86.23,10138.0,21.667046,-157.95213,3061.0,22,29,11,333
2017-11-29 23:00:00+00:00,9.1,87.91,10130.0,21.667046,-157.95213,3047.0,23,29,11,333
2017-11-30 00:00:00+00:00,8.64,86.79,10120.0,21.667046,-157.95213,2965.0,0,30,11,334
2017-11-30 01:00:00+00:00,8.24,84.72,10118.0,21.667046,-157.95213,2833.0,1,30,11,334
2017-11-30 02:00:00+00:00,8.03,82.81,10116.0,21.667046,-157.95213,2698.0,2,30,11,334
2017-11-30 03:00:00+00:00,8.39,84.52,10120.0,21.667046,-157.95213,2505.0,3,30,11,334
2017-11-30 04:00:00+00:00,8.55,92.45,10126.0,21.667046,-157.95213,2378.0,4,30,11,334
2017-11-30 05:00:00+00:00,8.22,103.15,10133.0,21.667046,-157.95213,2269.0,5,30,11,334
2017-11-30 06:00:00+00:00,10.11,91.62,10135.0,21.667046,-157.95213,2251.0,6,30,11,334
2017-11-30 07:00:00+00:00,10.17,96.33,10138.0,21.667046,-157.95213,2233.0,7,30,11,334
2017-11-30 08:00:00+00:00,8.61,96.24,10138.0,21.667046,-157.95213,2196.0,8,30,11,334
2017-11-30 09:00:00+00:00,8.92,99.52,10135.0,21.667046,-157.95213,2232.0,9,30,11,334
2017-11-30 10:00:00+00:00,8.87,99.23,10132.0,21.667046,-157.95213,2281.0,10,30,11,334
2017-11-30 11:00:00+00:00,9.79,105.6,10128.0,21.667046,-157.95213,2242.0,11,30,11,334
2017-11-30 12:00:00+00:00,10.44,112.18,10119.0,21.667046,-157.95213,2226.0,12,30,11,334
2017-11-30 13:00:00+00:00,10.82,97.34,10115.0,21.667046,-157.95213,2273.0,13,30,11,334
2017-11-30 14:00:00+00:00,11.12,103.19,10116.0,21.667046,-157.95213,2260.0,14,30,11,334
2017-11-30 15:00:00+00:00,12.84,100.34,10114.0,21.667046,-157.95213,2253.0,15,30,11,334
2017-11-30 16:00:00+00:00,11.34,103.97,10115.0,21.667046,-157.95213,2260.0,16,30,11,334
2017-11-30 17:00:00+00:00,12.24,99.03,10121.0,21.667046,-157.95213,2267.0,17,30,11,334
2017-11-30 18:00:00+00:00,13.06,97.98,10129.0,21.667046,-157.95213,2398.0,18,30,11,334
2017-11-30 19:00:00+00:00,13.03,101.42,10133.0,21.667046,-157.95213,2552.0,19,30,11,334
2017-11-30 20:00:00+00:00,12.27,101.17,10135.0,21.667046,-157.95213,2798.0,20,30,11,334
2017-11-30 21:00:00+00:00,11.69,99.96,10134.0,21.667046,-157.95213,2860.0,21,30,11,334
2017-11-30 22:00:00+00:00,11.97,99.92,10128.0,21.667046,-157.95213,2897.0,22,30,11,334
2017-11-30 23:00:00+00:00,11.6,97.87,10124.0,21.667046,-157.95213,2933.0,23,30,11,334
2017-12-01 00:00:00+00:00,10.85,95.74,10116.0,21.667046,-157.95213,2765.0,0,1,12,335
2017-12-01 01:00:00+00:00,10.39,91.22,10115.0,21.667046,-157.95213,2732.0,1,1,12,335
2017-12-01 02:00:00+00:00,10.72,84.26,10117.0,21.667046,-157.95213,2586.0,2,1,12,335
2017-12-01 03:00:00+00:00,10.86,97.98,10122.0,21.667046,-157.95213,2362.0,3,1,12,335
2017-12-01 04:00:00+00:00,13.65,137.11,10132.0,21.667046,-157.95213,2205.0,4,1,12,335
2017-12-01 05:00:00+00:00,11.03,130.58,10140.0,21.667046,-157.95213,2156.0,5,1,12,335
2017-12-01 06:00:00+00:00,8.07,134.93,10144.0,21.667046,-157.95213,2219.0,6,1,12,335
2017-12-01 07:00:00+00:00,9.42,112.35,10149.0,21.667046,-157.95213,2254.0,7,1,12,335
2017-12-01 08:00:00+00:00,8.25,112.82,10149.0,21.667046,-157.95213,2260.0,8,1,12,335
2017-12-01 09:00:00+00:00,9.47,102.8,10146.0,21.667046,-157.95213,2228.0,9,1,12,335
2017-12-01 10:00:00+00:00,10.32,100.48,10145.0,21.667046,-157.95213,2210.0,10,1,12,335
2017-12-01 11:00:00+00:00,10.43,104.85,10145.0,21.667046,-157.95213,2193.0,11,1,12,335
2017-12-01 12:00:00+00:00,9.73,93.36,10137.0,21.667046,-157.95213,2206.0,12,1,12,335
2017-12-01 13:00:00+00:00,9.55,84.16,10135.0,21.667046,-157.95213,2232.0,13,1,12,335
2017-12-01 14:00:00+00:00,10.6,86.48,10130.0,21.667046,-157.95213,2208.0,14,1,12,335
2017-12-01 15:00:00+00:00,9.72,86.92,10131.0,21.667046,-157.95213,2199.0,15,1,12,335
2017-12-01 16:00:00+00:00,11.79,83.69,10133.0,21.667046,-157.95213,2222.0,16,1,12,335
2017-12-01 17:00:00+00:00,11.28,85.51,10136.0,21.667046,-157.95213,2278.0,17,1,12,335
2017-12-01 18:00:00+00:00,11.48,87.35,10141.0,21.667046,-157.95213,2402.0,18,1,12,335
2017-12-01 19:00:00+00:00,11.34,88.59,10146.0,21.667046,-157.95213,2617.0,19,1,12,335
2017-12-01 20:00:00+00:00,11.52,80.1,10147.0,21.667046,-157.95213,2754.0,20,1,12,335
2017-12-01 21:00:00+00:00,11.32,81.06,10142.0,21.667046,-157.95213,2859.0,21,1,12,335
2017-12-01 22:00:00+00:00,12.52,69.45,10139.0,21.667046,-157.95213,2840.0,22,1,12,335
2017-12-01 23:00:00+00:00,11.95,69.75,10133.0,21.667046,-157.95213,2732.0,23,1,12,335
2017-12-02 00:00:00+00:00,11.39,72.68,10124.0,21.667046,-157.95213,2758.0,0,2,12,336
2017-12-02 01:00:00+00:00,11.32,67.39,10127.0,21.667046,-157.95213,2592.0,1,2,12,336
2017-12-02 02:00:00+00:00,11.88,71.94,10128.0,21.667046,-157.95213,2584.0,2,2,12,336
2017-12-02 03:00:00+00:00,11.57,72.19,10130.0,21.667046,-157.95213,2472.0,3,2,12,336
2017-12-02 04:00:00+00:00,11.73,71.09,10137.0,21.667046,-157.95213,2320.0,4,2,12,336
2017-12-02 05:00:00+00:00,11.77,73.11,10145.0,21.667046,-157.95213,2317.0,5,2,12,336
2017-12-02 06:00:00+00:00,13.11,76.23,10149.0,21.667046,-157.95213,2287.0,6,2,12,336
2017-12-02 07:00:00+00:00,11.82,76.46,10152.0,21.667046,-157.95213,2246.0,7,2,12,336
2017-12-02 08:00:00+00:00,12.69,76.39,10155.0,21.667046,-157.95213,2270.0,8,2,12,336
2017-12-02 09:00:00+00:00,12.09,76.38,10155.0,21.667046,-157.95213,2289.0,9,2,12,336
2017-12-02 10:00:00+00:00,12.76,78.24,10149.0,21.667046,-157.95213,2266.0,10,2,12,336
2017-12-02 11:00:00+00:00,13.26,81.33,10143.0,21.667046,-157.95213,2273.0,11,2,12,336
2017-12-02 12:00:00+00:00,12.5,78.14,10138.0,21.667046,-157.95213,2252.0,12,2,12,336
2017-12-02 13:00:00+00:00,11.94,76.29,10136.0,21.667046,-157.95213,2284.0,13,2,12,336
2017-12-02 14:00:00+00:00,12.21,72.7,10131.0,21.667046,-157.95213,2280.0,14,2,12,336
2017-12-02 15:00:00+00:00,11.07,69.59,10140.0,21.667046,-157.95213,2330.0,15,2,12,336
2017-12-02 16:00:00+00:00,12.9,65.54,10139.0,21.667046,-157.95213,2249.0,16,2,12,336
2017-12-02 17:00:00+00:00,10.97,71.73,10145.0,21.667046,-157.95213,2204.0,17,2,12,336
2017-12-02 18:00:00+00:00,12.09,68.9,10146.0,21.667046,-157.95213,2465.0,18,2,12,336
2017-12-02 19:00:00+00:00,11.71,71.01,10151.0,21.667046,-157.95213,2546.0,19,2,12,336
2017-12-02 20:00:00+00:00,11.88,67.86,10153.0,21.667046,-157.95213,2655.0,20,2,12,336
2017-12-02 21:00:00+00:00,11.38,66.49,10150.0,21.667046,-157.95213,2511.0,21,2,12,336
2017-12-02 22:00:00+00:00,12.09,69.47,10141.0,21.667046,-157.95213,3099.0,22,2,12,336
2017-12-02 23:00:00+00:00,12.32,66.53,10133.0,21.667046,-157.95213,2984.0,23,2,12,336
2017-12-03 00:00:00+00:00,11.96,66.3,10122.0,21.667046,-157.95213,2951.0,0,3,12,337
2017-12-03 01:00:00+00:00,11.45,67.33,10119.0,21.667046,-157.95213,2685.0,1,3,12,337
2017-12-03 02:00:00+00:00,12.15,70.59,10120.0,21.667046,-157.95213,2555.0,2,3,12,337
2017-12-03 03:00:00+00:00,12.52,68.78,10126.0,21.667046,-157.95213,2444.0,3,3,12,337
2017-12-03 04:00:00+00:00,13.0,66.62,10130.0,21.667046,-157.95213,2152.0,4,3,12,337
2017-12-03 05:00:00+00:00,12.9,65.5,10135.0,21.667046,-157.95213,2130.0,5,3,12,337
2017-12-03 06:00:00+00:00,13.21,68.01,10139.0,21.667046,-157.95213,2114.0,6,3,12,337
2017-12-03 07:00:00+00:00,12.96,67.5,10140.0,21.667046,-157.95213,2099.0,7,3,12,337
2017-12-03 08:00:00+00:00,13.25,64.73,10142.0,21.667046,-157.95213,2090.0,8,3,12,337
2017-12-03 09:00:00+00:00,13.64,62.82,10145.0,21.667046,-157.95213,2089.0,9,3,12,337
2017-12-03 10:00:00+00:00,12.99,68.15,10145.0,21.667046,-157.95213,2072.0,10,3,12,337
2017-12-03 11:00:00+00:00,13.17,64.73,10142.0,21.667046,-157.95213,2070.0,11,3,12,337
2017-12-03 12:00:00+00:00,13.58,66.35,10134.0,21.667046,-157.95213,2062.0,12,3,12,337
2017-12-03 13:00:00+00:00,13.39,76.47,10130.0,21.667046,-157.95213,2057.0,13,3,12,337
2017-12-03 14:00:00+00:00,13.15,76.92,10127.0,21.667046,-157.95213,2041.0,14,3,12,337
2017-12-03 15:00:00+00:00,13.27,76.16,10129.0,21.667046,-157.95213,2049.0,15,3,12,337
2017-12-03 16:00:00+00:00,13.92,76.93,10128.0,21.667046,-157.95213,2069.0,16,3,12,337
2017-12-03 17:00:00+00:00,13.72,79.41,10133.0,21.667046,-157.95213,2062.0,17,3,12,337
2017-12-03 18:00:00+00:00,12.68,78.42,10139.0,21.667046,-157.95213,2378.0,18,3,12,337
2017-12-03 19:00:00+00:00,12.63,79.09,10142.0,21.667046,-157.95213,2640.0,19,3,12,337
2017-12-03 20:00:00+00:00,12.31,83.76,10141.0,21.667046,-157.95213,2609.0,20,3,12,337
2017-12-03 21:00:00+00:00,12.01,80.96,10140.0,21.667046,-157.95213,2688.0,21,3,12,337
2017-12-03 22:00:00+00:00,11.6,83.54,10131.0,21.667046,-157.95213,2943.0,22,3,12,337
2017-12-03 23:00:00+00:00,11.76,83.15,10122.0,21.667046,-157.95213,2992.0,23,3,12,337
2017-12-04 00:00:00+00:00,11.23,79.22,10115.0,21.667046,-157.95213,2869.0,0,4,12,338
2017-12-04 01:00:00+00:00,11.36,78.22,10115.0,21.667046,-157.95213,2616.0,1,4,12,338
2017-12-04 02:00:00+00:00,10.43,78.87,10119.0,21.667046,-157.95213,2656.0,2,4,12,338
2017-12-04 03:00:00+00:00,11.13,78.99,10120.0,21.667046,-157.95213,2407.0,3,4,12,338
2017-12-04 04:00:00+00:00,11.48,79.71,10124.0,21.667046,-157.95213,2103.0,4,4,12,338
2017-12-04 05:00:00+00:00,10.97,79.88,10127.0,21.667046,-157.95213,2086.0,5,4,12,338
2017-12-04 06:00:00+00:00,10.23,81.89,10131.0,21.667046,-157.95213,2022.0,6,4,12,338
2017-12-04 07:00:00+00:00,10.62,73.78,10133.0,21.667046,-157.95213,2204.0,7,4,12,338
2017-12-04 08:00:00+00:00,10.13,70.29,10137.0,21.667046,-157.95213,2214.0,8,4,12,338
2017-12-04 09:00:00+00:00,9.45,73.07,10138.0,21.667046,-157.95213,2017.0,9,4,12,338
2017-12-04 10:00:00+00:00,9.92,79.21,10133.0,21.667046,-157.95213,1979.0,10,4,12,338
2017-12-04 11:00:00+00:00,7.61,83.12,10128.0,21.667046,-157.95213,1852.0,11,4,12,338
2017-12-04 12:00:00+00:00,8.45,95.07,10120.0,21.667046,-157.95213,1856.0,12,4,12,338
2017-12-04 13:00:00+00:00,7.55,88.38,10118.0,21.667046,-157.95213,1724.0,13,4,12,338
2017-12-04 14:00:00+00:00,7.77,43.21,10116.0,21.667046,-157.95213,1872.0,14,4,12,338
2017-12-04 15:00:00+00:00,5.71,44.52,10123.0,21.667046,-157.95213,1972.0,15,4,12,338
2017-12-04 16:00:00+00:00,9.64,72.53,10125.0,21.667046,-157.95213,1883.0,16,4,12,338
2017-12-04 17:00:00+00:00,4.23,72.52,10134.0,21.667046,-157.95213,1908.0,17,4,12,338
2017-12-04 18:00:00+00:00,7.75,66.02,10133.0,21.667046,-157.95213,2155.0,18,4,12,338
2017-12-04 19:00:00+00:00,7.25,65.65,10136.0,21.667046,-157.95213,2611.0,19,4,12,338
2017-12-04 20:00:00+00:00,4.95,55.44,10139.0,21.667046,-157.95213,2866.0,20,4,12,338
2017-12-04 21:00:00+00:00,6.23,51.6,10136.0,21.667046,-157.95213,3011.0,21,4,12,338
2017-12-04 22:00:00+00:00,5.35,59.9,10128.0,21.667046,-157.95213,3135.0,22,4,12,338
2017-12-04 23:00:00+00:00,4.8,50.7,10119.0,21.667046,-157.95213,3194.0,23,4,12,338
2017-12-05 00:00:00+00:00,5.05,39.95,10109.0,21.667046,-157.95213,2867.0,0,5,12,339
2017-12-05 01:00:00+00:00,5.4,22.65,10112.0,21.667046,-157.95213,2769.0,1,5,12,339
2017-12-05 02:00:00+00:00,6.27,15.58,10114.0,21.667046,-157.95213,2547.0,2,5,12,339
2017-12-05 03:00:00+00:00,6.38,18.97,10121.0,21.667046,-157.95213,2326.0,3,5,12,339
2017-12-05 04:00:00+00:00,7.72,1.44,10127.0,21.667046,-157.95213,2131.0,4,5,12,339
2017-12-05 05:00:00+00:00,6.66,359.04,10133.0,21.667046,-157.95213,1583.0,5,5,12,339
2017-12-05 06:00:00+00:00,8.36,3.08,10138.0,21.667046,-157.95213,1661.0,6,5,12,339
2017-12-05 07:00:00+00:00,8.78,358.32,10141.0,21.667046,-157.95213,1514.0,7,5,12,339
2017-12-05 08:00:00+00:00,6.68,4.21,10142.0,21.667046,-157.95213,1493.0,8,5,12,339
2017-12-05 09:00:00+00:00,6.95,5.98,10144.0,21.667046,-157.95213,1477.0,9,5,12,339
2017-12-05 10:00:00+00:00,7.12,4.61,10140.0,21.667046,-157.95213,1960.0,10,5,12,339
2017-12-05 11:00:00+00:00,7.61,5.71,10137.0,21.667046,-157.95213,2038.0,11,5,12,339
2017-12-05 12:00:00+00:00,8.5,3.44,10133.0,21.667046,-157.95213,2027.0,12,5,12,339
2017-12-05 13:00:00+00:00,10.19,24.48,10128.0,21.667046,-157.95213,1934.0,13,5,12,339
2017-12-05 14:00:00+00:00,10.92,20.57,10125.0,21.667046,-157.95213,1911.0,14,5,12,339
2017-12-05 15:00:00+00:00,10.75,22.35,10124.0,21.667046,-157.95213,1986.0,15,5,12,339
2017-12-05 16:00:00+00:00,11.84,17.84,10132.0,21.667046,-157.95213,1952.0,16,5,12,339
2017-12-05 17:00:00+00:00,12.38,23.52,10138.0,21.667046,-157.95213,1835.0,17,5,12,339
2017-12-05 18:00:00+00:00,11.88,25.54,10144.0,21.667046,-157.95213,2274.0,18,5,12,339
2017-12-05 19:00:00+00:00,11.88,27.2,10150.0,21.667046,-157.95213,2557.0,19,5,12,339
2017-12-05 20:00:00+00:00,11.22,31.41,10150.0,21.667046,-157.95213,2759.0,20,5,12,339
2017-12-05 21:00:00+00:00,10.86,32.33,10151.0,21.667046,-157.95213,2898.0,21,5,12,339
2017-12-05 22:00:00+00:00,10.74,33.14,10152.0,21.667046,-157.95213,2951.0,22,5,12,339
2017-12-05 23:00:00+00:00,11.08,29.5,10148.0,21.667046,-157.95213,2786.0,23,5,12,339
2017-12-06 00:00:00+00:00,11.03,27.8,10139.0,21.667046,-157.95213,2726.0,0,6,12,340
2017-12-06 01:00:00+00:00,10.58,35.3,10137.0,21.667046,-157.95213,2667.0,1,6,12,340
2017-12-06 02:00:00+00:00,10.16,35.59,10141.0,21.667046,-157.95213,2452.0,2,6,12,340
2017-12-06 03:00:00+00:00,9.38,47.97,10141.0,21.667046,-157.95213,2154.0,3,6,12,340
2017-12-06 04:00:00+00:00,9.51,46.9,10141.0,21.667046,-157.95213,1861.0,4,6,12,340
2017-12-06 05:00:00+00:00,9.1,30.01,10145.0,21.667046,-157.95213,1961.0,5,6,12,340
2017-12-06 06:00:00+00:00,8.89,30.69,10149.0,21.667046,-157.95213,1778.0,6,6,12,340
2017-12-06 07:00:00+00:00,8.19,18.98,10150.0,21.667046,-157.95213,1689.0,7,6,12,340
2017-12-06 08:00:00+00:00,7.56,15.29,10153.0,21.667046,-157.95213,1730.0,8,6,12,340
2017-12-06 09:00:00+00:00,7.27,45.68,10153.0,21.667046,-157.95213,1880.0,9,6,12,340
2017-12-06 10:00:00+00:00,7.22,22.09,10148.0,21.667046,-157.95213,1880.0,10,6,12,340
2017-12-06 11:00:00+00:00,6.27,36.67,10145.0,21.667046,-157.95213,1502.0,11,6,12,340
2017-12-06 12:00:00+00:00,6.92,33.12,10144.0,21.667046,-157.95213,1342.0,12,6,12,340
2017-12-06 13:00:00+00:00,6.45,38.86,10137.0,21.667046,-157.95213,1230.0,13,6,12,340
2017-12-06 14:00:00+00:00,5.5,33.95,10136.0,21.667046,-157.95213,1124.0,14,6,12,340
2017-12-06 15:00:00+00:00,5.55,51.32,10138.0,21.667046,-157.95213,1129.0,15,6,12,340
2017-12-06 16:00:00+00:00,6.15,34.78,10144.0,21.667046,-157.95213,1460.0,16,6,12,340
2017-12-06 17:00:00+00:00,5.66,41.66,10148.0,21.667046,-157.95213,1229.0,17,6,12,340
2017-12-06 18:00:00+00:00,4.45,21.35,10153.0,21.667046,-157.95213,2202.0,18,6,12,340
2017-12-06 19:00:00+00:00,3.83,30.83,10154.0,21.667046,-157.95213,2580.0,19,6,12,340
2017-12-06 20:00:00+00:00,4.28,61.09,10153.0,21.667046,-157.95213,2736.0,20,6,12,340
2017-12-06 21:00:00+00:00,2.95,50.07,10150.0,21.667046,-157.95213,3003.0,21,6,12,340
2017-12-06 22:00:00+00:00,3.71,44.87,10145.0,21.667046,-157.95213,3106.0,22,6,12,340
2017-12-06 23:00:00+00:00,3.87,46.52,10141.0,21.667046,-157.95213,3119.0,23,6,12,340
2017-12-07 00:00:00+00:00,3.23,50.97,10130.0,21.667046,-157.95213,3051.0,0,7,12,341
2017-12-07 01:00:00+00:00,3.18,45.92,10128.0,21.667046,-157.95213,2884.0,1,7,12,341
2017-12-07 02:00:00+00:00,3.73,14.65,10137.0,21.667046,-157.95213,2641.0,2,7,12,341
2017-12-07 03:00:00+00:00,3.69,15.08,10144.0,21.667046,-157.95213,2269.0,3,7,12,341
2017-12-07 04:00:00+00:00,3.44,21.25,10145.0,21.667046,-157.95213,1322.0,4,7,12,341
2017-12-07 05:00:00+00:00,3.46,357.69,10147.0,21.667046,-157.95213,1491.0,5,7,12,341
2017-12-07 06:00:00+00:00,2.78,8.33,10150.0,21.667046,-157.95213,1525.0,6,7,12,341
2017-12-07 07:00:00+00:00,1.12,329.24,10147.0,21.667046,-157.95213,1530.0,7,7,12,341
2017-12-07 08:00:00+00:00,1.15,298.87,10146.0,21.667046,-157.95213,1510.0,8,7,12,341
2017-12-07 09:00:00+00:00,0.74,224.79,10145.0,21.667046,-157.95213,1530.0,9,7,12,341
2017-12-07 10:00:00+00:00,1.08,253.21,10144.0,21.667046,-157.95213,1522.0,10,7,12,341
2017-12-07 11:00:00+00:00,1.64,275.57,10143.0,21.667046,-157.95213,1489.0,11,7,12,341
2017-12-07 12:00:00+00:00,2.29,281.19,10139.0,21.667046,-157.95213,1490.0,12,7,12,341
2017-12-07 13:00:00+00:00,2.39,289.52,10134.0,21.667046,-157.95213,1492.0,13,7,12,341
2017-12-07 14:00:00+00:00,2.08,289.5,10135.0,21.667046,-157.95213,1498.0,14,7,12,341
2017-12-07 15:00:00+00:00,1.89,297.8,10134.0,21.667046,-157.95213,1516.0,15,7,12,341
2017-12-07 16:00:00+00:00,1.56,307.62,10133.0,21.667046,-157.95213,1491.0,16,7,12,341
2017-12-07 17:00:00+00:00,1.36,308.8,10135.0,21.667046,-157.95213,1485.0,17,7,12,341
2017-12-07 18:00:00+00:00,1.37,291.39,10137.0,21.667046,-157.95213,2287.0,18,7,12,341
2017-12-07 19:00:00+00:00,1.36,345.65,10137.0,21.667046,-157.95213,2722.0,19,7,12,341
2017-12-07 20:00:00+00:00,2.26,353.22,10139.0,21.667046,-157.95213,3020.0,20,7,12,341
2017-12-07 21:00:00+00:00,3.25,8.45,10139.0,21.667046,-157.95213,3196.0,21,7,12,341
2017-12-07 22:00:00+00:00,3.82,1.67,10135.0,21.667046,-157.95213,3273.0,22,7,12,341
2017-12-07 23:00:00+00:00,3.79,3.29,10131.0,21.667046,-157.95213,3295.0,23,7,12,341
2017-12-08 00:00:00+00:00,3.66,356.66,10121.0,21.667046,-157.95213,3221.0,0,8,12,342
2017-12-08 01:00:00+00:00,3.63,343.11,10119.0,21.667046,-157.95213,3066.0,1,8,12,342
2017-12-08 02:00:00+00:00,3.34,335.64,10122.0,21.667046,-157.95213,2815.0,2,8,12,342
2017-12-08 03:00:00+00:00,2.55,323.68,10124.0,21.667046,-157.95213,2456.0,3,8,12,342
2017-12-08 04:00:00+00:00,2.27,308.09,10131.0,21.667046,-157.95213,1776.0,4,8,12,342
2017-12-08 05:00:00+00:00,1.82,279.51,10136.0,21.667046,-157.95213,1757.0,5,8,12,342
2017-12-08 06:00:00+00:00,2.23,267.66,10141.0,21.667046,-157.95213,1733.0,6,8,12,342
2017-12-08 07:00:00+00:00,3.39,292.1,10145.0,21.667046,-157.95213,1779.0,7,8,12,342
2017-12-08 08:00:00+00:00,3.65,291.51,10146.0,21.667046,-157.95213,1790.0,8,8,12,342
2017-12-08 09:00:00+00:00,2.92,293.68,10146.0,21.667046,-157.95213,1756.0,9,8,12,342
2017-12-08 10:00:00+00:00,2.05,296.45,10143.0,21.667046,-157.95213,1738.0,10,8,12,342
2017-12-08 11:00:00+00:00,3.12,309.05,10139.0,21.667046,-157.95213,1749.0,11,8,12,342
2017-12-08 12:00:00+00:00,2.93,292.7,10135.0,21.667046,-157.95213,1738.0,12,8,12,342
2017-12-08 13:00:00+00:00,2.81,276.27,10130.0,21.667046,-157.95213,1732.0,13,8,12,342
2017-12-08 14:00:00+00:00,2.0,262.75,10125.0,21.667046,-157.95213,1669.0,14,8,12,342
2017-12-08 15:00:00+00:00,3.22,287.61,10130.0,21.667046,-157.95213,1725.0,15,8,12,342
2017-12-08 16:00:00+00:00,3.73,275.08,10131.0,21.667046,-157.95213,1710.0,16,8,12,342
2017-12-08 17:00:00+00:00,4.14,280.53,10139.0,21.667046,-157.95213,1761.0,17,8,12,342
2017-12-08 18:00:00+00:00,3.88,275.98,10142.0,21.667046,-157.95213,2386.0,18,8,12,342
2017-12-08 19:00:00+00:00,2.95,290.26,10145.0,21.667046,-157.95213,2798.0,19,8,12,342
2017-12-08 20:00:00+00:00,2.99,307.14,10143.0,21.667046,-157.95213,3020.0,20,8,12,342
2017-12-08 21:00:00+00:00,3.73,318.09,10141.0,21.667046,-157.95213,3216.0,21,8,12,342
2017-12-08 22:00:00+00:00,4.41,316.17,10133.0,21.667046,-157.95213,3192.0,22,8,12,342
2017-12-08 23:00:00+00:00,5.31,316.83,10130.0,21.667046,-157.95213,3150.0,23,8,12,342
2017-12-09 00:00:00+00:00,5.38,314.86,10123.0,21.667046,-157.95213,3060.0,0,9,12,343
2017-12-09 01:00:00+00:00,4.62,312.76,10122.0,21.667046,-157.95213,2975.0,1,9,12,343
2017-12-09 02:00:00+00:00,3.96,311.99,10121.0,21.667046,-157.95213,2700.0,2,9,12,343
2017-12-09 03:00:00+00:00,3.87,305.63,10125.0,21.667046,-157.95213,2429.0,3,9,12,343
2017-12-09 04:00:00+00:00,4.1,292.66,10127.0,21.667046,-157.95213,1861.0,4,9,12,343
2017-12-09 05:00:00+00:00,2.81,315.28,10129.0,21.667046,-157.95213,1811.0,5,9,12,343
2017-12-09 06:00:00+00:00,1.79,314.52,10133.0,21.667046,-157.95213,1825.0,6,9,12,343
2017-12-09 07:00:00+00:00,2.7,297.18,10136.0,21.667046,-157.95213,1813.0,7,9,12,343
2017-12-09 08:00:00+00:00,3.03,273.2,10134.0,21.667046,-157.95213,1810.0,8,9,12,343
2017-12-09 09:00:00+00:00,3.07,265.76,10131.0,21.667046,-157.95213,1777.0,9,9,12,343
2017-12-09 10:00:00+00:00,2.98,255.64,10127.0,21.667046,-157.95213,1822.0,10,9,12,343
2017-12-09 11:00:00+00:00,2.55,253.68,10122.0,21.667046,-157.95213,1793.0,11,9,12,343
2017-12-09 12:00:00+00:00,3.3,257.68,10118.0,21.667046,-157.95213,1728.0,12,9,12,343
2017-12-09 13:00:00+00:00,3.84,268.16,10115.0,21.667046,-157.95213,1777.0,13,9,12,343
2017-12-09 14:00:00+00:00,4.38,262.03,10112.0,21.667046,-157.95213,1720.0,14,9,12,343
2017-12-09 15:00:00+00:00,5.29,259.44,10114.0,21.667046,-157.95213,1666.0,15,9,12,343
2017-12-09 16:00:00+00:00,5.32,273.14,10117.0,21.667046,-157.95213,1840.0,16,9,12,343
2017-12-09 17:00:00+00:00,6.08,285.74,10118.0,21.667046,-157.95213,1958.0,17,9,12,343
2017-12-09 18:00:00+00:00,5.29,284.78,10121.0,21.667046,-157.95213,2093.0,18,9,12,343
2017-12-09 19:00:00+00:00,4.03,290.86,10127.0,21.667046,-157.95213,2616.0,19,9,12,343
2017-12-09 20:00:00+00:00,4.12,302.65,10129.0,21.667046,-157.95213,2903.0,20,9,12,343
2017-12-09 21:00:00+00:00,5.15,300.47,10128.0,21.667046,-157.95213,2935.0,21,9,12,343
2017-12-09 22:00:00+00:00,5.09,314.19,10123.0,21.667046,-157.95213,3226.0,22,9,12,343
2017-12-09 23:00:00+00:00,5.09,313.31,10109.0,21.667046,-157.95213,3358.0,23,9,12,343
2017-12-10 00:00:00+00:00,5.58,312.49,10100.0,21.667046,-157.95213,3253.0,0,10,12,344
2017-12-10 01:00:00+00:00,5.48,314.84,10099.0,21.667046,-157.95213,3079.0,1,10,12,344
2017-12-10 02:00:00+00:00,5.59,320.32,10103.0,21.667046,-157.95213,2808.0,2,10,12,344
2017-12-10 03:00:00+00:00,5.38,316.23,10110.0,21.667046,-157.95213,2477.0,3,10,12,344
2017-12-10 04:00:00+00:00,4.59,330.18,10116.0,21.667046,-157.95213,2147.0,4,10,12,344
2017-12-10 05:00:00+00:00,4.75,343.45,10121.0,21.667046,-157.95213,1849.0,5,10,12,344
2017-12-10 06:00:00+00:00,3.89,355.48,10123.0,21.667046,-157.95213,1872.0,6,10,12,344
2017-12-10 07:00:00+00:00,5.84,10.06,10122.0,21.667046,-157.95213,1749.0,7,10,12,344
2017-12-10 08:00:00+00:00,7.09,21.38,10125.0,21.667046,-157.95213,2102.0,8,10,12,344
2017-12-10 09:00:00+00:00,7.94,31.93,10128.0,21.667046,-157.95213,2174.0,9,10,12,344
2017-12-10 10:00:00+00:00,7.81,35.97,10126.0,21.667046,-157.95213,2176.0,10,10,12,344
2017-12-10 11:00:00+00:00,7.49,31.22,10123.0,21.667046,-157.95213,2158.0,11,10,12,344
2017-12-10 12:00:00+00:00,7.24,33.33,10124.0,21.667046,-157.95213,2157.0,12,10,12,344
2017-12-10 13:00:00+00:00,6.2,33.4,10117.0,21.667046,-157.95213,1988.0,13,10,12,344
2017-12-10 14:00:00+00:00,5.84,32.05,10122.0,21.667046,-157.95213,2071.0,14,10,12,344
2017-12-10 15:00:00+00:00,6.86,26.03,10125.0,21.667046,-157.95213,1787.0,15,10,12,344
2017-12-10 16:00:00+00:00,7.0,28.72,10127.0,21.667046,-157.95213,2085.0,16,10,12,344
2017-12-10 17:00:00+00:00,6.05,50.98,10125.0,21.667046,-157.95213,1749.0,17,10,12,344
2017-12-10 18:00:00+00:00,5.76,68.44,10131.0,21.667046,-157.95213,2387.0,18,10,12,344
2017-12-10 19:00:00+00:00,5.61,67.45,10136.0,21.667046,-157.95213,2615.0,19,10,12,344
2017-12-10 20:00:00+00:00,5.45,66.11,10138.0,21.667046,-157.95213,2819.0,20,10,12,344
2017-12-10 21:00:00+00:00,5.23,69.34,10136.0,21.667046,-157.95213,2942.0,21,10,12,344
2017-12-10 22:00:00+00:00,4.95,63.7,10132.0,21.667046,-157.95213,2922.0,22,10,12,344
2017-12-10 23:00:00+00:00,5.01,64.66,10125.0,21.667046,-157.95213,2407.0,23,10,12,344
2017-12-11 00:00:00+00:00,4.66,66.75,10114.0,21.667046,-157.95213,2472.0,0,11,12,345
2017-12-11 01:00:00+00:00,4.72,64.36,10110.0,21.667046,-157.95213,2736.0,1,11,12,345
2017-12-11 02:00:00+00:00,4.35,63.08,10111.0,21.667046,-157.95213,2500.0,2,11,12,345
2017-12-11 03:00:00+00:00,4.24,90.59,10111.0,21.667046,-157.95213,2388.0,3,11,12,345
2017-12-11 04:00:00+00:00,5.17,106.79,10112.0,21.667046,-157.95213,1756.0,4,11,12,345
2017-12-11 05:00:00+00:00,5.24,124.82,10115.0,21.667046,-157.95213,1888.0,5,11,12,345
2017-12-11 06:00:00+00:00,4.97,138.34,10120.0,21.667046,-157.95213,1807.0,6,11,12,345
2017-12-11 07:00:00+00:00,4.76,139.74,10122.0,21.667046,-157.95213,1915.0,7,11,12,345
2017-12-11 08:00:00+00:00,4.16,140.09,10123.0,21.667046,-157.95213,1828.0,8,11,12,345
2017-12-11 09:00:00+00:00,4.24,139.19,10121.0,21.667046,-157.95213,1969.0,9,11,12,345
2017-12-11 10:00:00+00:00,3.77,127.21,10114.0,21.667046,-157.95213,1802.0,10,11,12,345
2017-12-11 11:00:00+00:00,2.7,159.91,10112.0,21.667046,-157.95213,1991.0,11,11,12,345
2017-12-11 12:00:00+00:00,1.23,137.95,10110.0,21.667046,-157.95213,1920.0,12,11,12,345
2017-12-11 13:00:00+00:00,1.0,142.71,10107.0,21.667046,-157.95213,1843.0,13,11,12,345
2017-12-11 14:00:00+00:00,0.5,134.24,10105.0,21.667046,-157.95213,1892.0,14,11,12,345
2017-12-11 15:00:00+00:00,1.76,339.6,10112.0,21.667046,-157.95213,2067.0,15,11,12,345
2017-12-11 16:00:00+00:00,1.77,77.17,10111.0,21.667046,-157.95213,1843.0,16,11,12,345
2017-12-11 17:00:00+00:00,1.84,134.99,10110.0,21.667046,-157.95213,1899.0,17,11,12,345
2017-12-11 18:00:00+00:00,2.48,151.82,10111.0,21.667046,-157.95213,2314.0,18,11,12,345
2017-12-11 19:00:00+00:00,2.72,181.96,10118.0,21.667046,-157.95213,2190.0,19,11,12,345
2017-12-11 20:00:00+00:00,0.97,161.54,10119.0,21.667046,-157.95213,2600.0,20,11,12,345
2017-12-11 21:00:00+00:00,1.56,46.53,10118.0,21.667046,-157.95213,2314.0,21,11,12,345
2017-12-11 22:00:00+00:00,2.37,310.82,10116.0,21.667046,-157.95213,2089.0,22,11,12,345
2017-12-11 23:00:00+00:00,4.44,314.07,10106.0,21.667046,-157.95213,2663.0,23,11,12,345
2017-12-12 00:00:00+00:00,1.89,268.92,10095.0,21.667046,-157.95213,2791.0,0,12,12,346
2017-12-12 01:00:00+00:00,8.86,238.65,10092.0,21.667046,-157.95213,2134.0,1,12,12,346
2017-12-12 02:00:00+00:00,5.26,288.72,10095.0,21.667046,-157.95213,2249.0,2,12,12,346
2017-12-12 03:00:00+00:00,5.1,298.78,10098.0,21.667046,-157.95213,2265.0,3,12,12,346
2017-12-12 04:00:00+00:00,9.78,253.11,10102.0,21.667046,-157.95213,2005.0,4,12,12,346
2017-12-12 05:00:00+00:00,4.32,269.05,10106.0,21.667046,-157.95213,1995.0,5,12,12,346
2017-12-12 06:00:00+00:00,3.53,289.19,10109.0,21.667046,-157.95213,1892.0,6,12,12,346
2017-12-12 07:00:00+00:00,3.25,248.62,10112.0,21.667046,-157.95213,1610.0,7,12,12,346
2017-12-12 08:00:00+00:00,5.08,217.18,10113.0,21.667046,-157.95213,1522.0,8,12,12,346
2017-12-12 09:00:00+00:00,8.57,224.57,10109.0,21.667046,-157.95213,1691.0,9,12,12,346
2017-12-12 10:00:00+00:00,7.66,224.84,10107.0,21.667046,-157.95213,1567.0,10,12,12,346
2017-12-12 11:00:00+00:00,4.91,214.75,10099.0,21.667046,-157.95213,1556.0,11,12,12,346
2017-12-12 12:00:00+00:00,4.6,218.84,10099.0,21.667046,-157.95213,1554.0,12,12,12,346
2017-12-12 13:00:00+00:00,5.48,213.41,10098.0,21.667046,-157.95213,1510.0,13,12,12,346
2017-12-12 14:00:00+00:00,10.46,221.9,10098.0,21.667046,-157.95213,1570.0,14,12,12,346
2017-12-12 15:00:00+00:00,10.58,217.71,10096.0,21.667046,-157.95213,1539.0,15,12,12,346
2017-12-12 16:00:00+00:00,11.8,225.5,10098.0,21.667046,-157.95213,1559.0,16,12,12,346
2017-12-12 17:00:00+00:00,10.07,223.57,10099.0,21.667046,-157.95213,1587.0,17,12,12,346
2017-12-12 18:00:00+00:00,10.88,219.19,10102.0,21.667046,-157.95213,2242.0,18,12,12,346
2017-12-12 19:00:00+00:00,8.51,228.27,10109.0,21.667046,-157.95213,2659.0,19,12,12,346
2017-12-12 20:00:00+00:00,5.51,246.38,10113.0,21.667046,-157.95213,3093.0,20,12,12,346
2017-12-12 21:00:00+00:00,6.78,246.05,10112.0,21.667046,-157.95213,3149.0,21,12,12,346
2017-12-12 22:00:00+00:00,6.8,255.47,10108.0,21.667046,-157.95213,3325.0,22,12,12,346
2017-12-12 23:00:00+00:00,8.58,256.13,10106.0,21.667046,-157.95213,2059.0,23,12,12,346
2017-12-13 00:00:00+00:00,5.19,275.57,10098.0,21.667046,-157.95213,2532.0,0,13,12,347
2017-12-13 01:00:00+00:00,8.19,320.84,10099.0,21.667046,-157.95213,2109.0,1,13,12,347
2017-12-13 02:00:00+00:00,7.39,331.33,10105.0,21.667046,-157.95213,2148.0,2,13,12,347
2017-12-13 03:00:00+00:00,7.97,333.34,10110.0,21.667046,-157.95213,2132.0,3,13,12,347
2017-12-13 04:00:00+00:00,6.89,333.8,10110.0,21.667046,-157.95213,1746.0,4,13,12,347
2017-12-13 05:00:00+00:00,6.38,337.4,10116.0,21.667046,-157.95213,1755.0,5,13,12,347
2017-12-13 06:00:00+00:00,5.52,347.26,10124.0,21.667046,-157.95213,1757.0,6,13,12,347
2017-12-13 07:00:00+00:00,5.6,348.55,10128.0,21.667046,-157.95213,1680.0,7,13,12,347
2017-12-13 08:00:00+00:00,5.51,350.19,10129.0,21.667046,-157.95213,1703.0,8,13,12,347
2017-12-13 09:00:00+00:00,5.39,345.34,10130.0,21.667046,-157.95213,1723.0,9,13,12,347
2017-12-13 10:00:00+00:00,3.87,347.99,10127.0,21.667046,-157.95213,1629.0,10,13,12,347
2017-12-13 11:00:00+00:00,6.94,337.09,10124.0,21.667046,-157.95213,1872.0,11,13,12,347
2017-12-13 12:00:00+00:00,6.01,350.28,10124.0,21.667046,-157.95213,1878.0,12,13,12,347
2017-12-13 13:00:00+00:00,7.78,349.68,10120.0,21.667046,-157.95213,1519.0,13,13,12,347
2017-12-13 14:00:00+00:00,8.19,341.62,10129.0,21.667046,-157.95213,1722.0,14,13,12,347
2017-12-13 15:00:00+00:00,8.53,345.55,10133.0,21.667046,-157.95213,1836.0,15,13,12,347
2017-12-13 16:00:00+00:00,9.16,346.24,10133.0,21.667046,-157.95213,1697.0,16,13,12,347
2017-12-13 17:00:00+00:00,7.61,358.73,10136.0,21.667046,-157.95213,1391.0,17,13,12,347
2017-12-13 18:00:00+00:00,6.54,1.02,10142.0,21.667046,-157.95213,2039.0,18,13,12,347
2017-12-13 19:00:00+00:00,6.85,16.5,10147.0,21.667046,-157.95213,2369.0,19,13,12,347
2017-12-13 20:00:00+00:00,6.5,17.95,10154.0,21.667046,-157.95213,2720.0,20,13,12,347
2017-12-13 21:00:00+00:00,6.48,23.04,10153.0,21.667046,-157.95213,2866.0,21,13,12,347
2017-12-13 22:00:00+00:00,6.69,25.52,10147.0,21.667046,-157.95213,2931.0,22,13,12,347
2017-12-13 23:00:00+00:00,7.14,34.83,10139.0,21.667046,-157.95213,2580.0,23,13,12,347
2017-12-14 00:00:00+00:00,5.68,29.47,10131.0,21.667046,-157.95213,2277.0,0,14,12,348
2017-12-14 01:00:00+00:00,6.44,32.83,10130.0,21.667046,-157.95213,2458.0,1,14,12,348
2017-12-14 02:00:00+00:00,7.32,31.42,10131.0,21.667046,-157.95213,2447.0,2,14,12,348
2017-12-14 03:00:00+00:00,7.09,37.74,10133.0,21.667046,-157.95213,2190.0,3,14,12,348
2017-12-14 04:00:00+00:00,7.33,54.24,10138.0,21.667046,-157.95213,1884.0,4,14,12,348
2017-12-14 05:00:00+00:00,8.72,34.23,10146.0,21.667046,-157.95213,1877.0,5,14,12,348
2017-12-14 06:00:00+00:00,8.86,32.19,10148.0,21.667046,-157.95213,1836.0,6,14,12,348
2017-12-14 07:00:00+00:00,9.2,37.42,10155.0,21.667046,-157.95213,1879.0,7,14,12,348
2017-12-14 08:00:00+00:00,8.44,31.25,10157.0,21.667046,-157.95213,1951.0,8,14,12,348
2017-12-14 09:00:00+00:00,9.81,33.15,10158.0,21.667046,-157.95213,1955.0,9,14,12,348
2017-12-14 10:00:00+00:00,9.9,30.33,10154.0,21.667046,-157.95213,1809.0,10,14,12,348
2017-12-14 11:00:00+00:00,10.65,27.26,10153.0,21.667046,-157.95213,1963.0,11,14,12,348
2017-12-14 12:00:00+00:00,9.78,30.66,10148.0,21.667046,-157.95213,1860.0,12,14,12,348
2017-12-14 13:00:00+00:00,10.97,30.91,10146.0,21.667046,-157.95213,1887.0,13,14,12,348
2017-12-14 14:00:00+00:00,11.67,41.86,10149.0,21.667046,-157.95213,1841.0,14,14,12,348
2017-12-14 15:00:00+00:00,11.92,30.75,10151.0,21.667046,-157.95213,1883.0,15,14,12,348
2017-12-14 16:00:00+00:00,10.0,41.86,10155.0,21.667046,-157.95213,1819.0,16,14,12,348
2017-12-14 17:00:00+00:00,13.02,47.95,10155.0,21.667046,-157.95213,1834.0,17,14,12,348
2017-12-14 18:00:00+00:00,12.22,46.41,10157.0,21.667046,-157.95213,2134.0,18,14,12,348
2017-12-14 19:00:00+00:00,10.13,42.72,10162.0,21.667046,-157.95213,2259.0,19,14,12,348
2017-12-14 20:00:00+00:00,11.0,41.21,10166.0,21.667046,-157.95213,2432.0,20,14,12,348
2017-12-14 21:00:00+00:00,9.84,45.08,10163.0,21.667046,-157.95213,2734.0,21,14,12,348
2017-12-14 22:00:00+00:00,11.42,43.14,10154.0,21.667046,-157.95213,2759.0,22,14,12,348
2017-12-14 23:00:00+00:00,12.72,40.84,10143.0,21.667046,-157.95213,2674.0,23,14,12,348
2017-12-15 00:00:00+00:00,11.53,46.24,10131.0,21.667046,-157.95213,2762.0,0,15,12,349
2017-12-15 01:00:00+00:00,11.61,41.56,10129.0,21.667046,-157.95213,2612.0,1,15,12,349
2017-12-15 02:00:00+00:00,12.75,44.64,10134.0,21.667046,-157.95213,2272.0,2,15,12,349
2017-12-15 03:00:00+00:00,13.2,47.01,10137.0,21.667046,-157.95213,2145.0,3,15,12,349
2017-12-15 04:00:00+00:00,13.44,49.04,10136.0,21.667046,-157.95213,1973.0,4,15,12,349
2017-12-15 05:00:00+00:00,13.87,50.56,10143.0,21.667046,-157.95213,1886.0,5,15,12,349
2017-12-15 06:00:00+00:00,13.12,46.09,10150.0,21.667046,-157.95213,1876.0,6,15,12,349
2017-12-15 07:00:00+00:00,14.34,45.39,10150.0,21.667046,-157.95213,1995.0,7,15,12,349
2017-12-15 08:00:00+00:00,14.36,51.12,10154.0,21.667046,-157.95213,1942.0,8,15,12,349
2017-12-15 09:00:00+00:00,14.22,40.84,10152.0,21.667046,-157.95213,1856.0,9,15,12,349
2017-12-15 10:00:00+00:00,13.28,42.69,10147.0,21.667046,-157.95213,1849.0,10,15,12,349
2017-12-15 11:00:00+00:00,12.42,40.09,10137.0,21.667046,-157.95213,1836.0,11,15,12,349
2017-12-15 12:00:00+00:00,12.5,36.26,10129.0,21.667046,-157.95213,1844.0,12,15,12,349
2017-12-15 13:00:00+00:00,12.36,36.46,10118.0,21.667046,-157.95213,1843.0,13,15,12,349
2017-12-15 14:00:00+00:00,12.51,27.13,10116.0,21.667046,-157.95213,1871.0,14,15,12,349
2017-12-15 15:00:00+00:00,11.24,50.0,10116.0,21.667046,-157.95213,1809.0,15,15,12,349
2017-12-15 16:00:00+00:00,13.11,29.03,10117.0,21.667046,-157.95213,1951.0,16,15,12,349
2017-12-15 17:00:00+00:00,7.07,54.09,10120.0,21.667046,-157.95213,1564.0,17,15,12,349
2017-12-15 18:00:00+00:00,11.82,32.38,10123.0,21.667046,-157.95213,1874.0,18,15,12,349
2017-12-15 19:00:00+00:00,12.16,33.61,10125.0,21.667046,-157.95213,2213.0,19,15,12,349
2017-12-15 20:00:00+00:00,11.56,29.11,10124.0,21.667046,-157.95213,2632.0,20,15,12,349
2017-12-15 21:00:00+00:00,8.9,19.23,10119.0,21.667046,-157.95213,2655.0,21,15,12,349
2017-12-15 22:00:00+00:00,10.15,27.09,10111.0,21.667046,-157.95213,2797.0,22,15,12,349
2017-12-15 23:00:00+00:00,10.19,25.13,10104.0,21.667046,-157.95213,2524.0,23,15,12,349
2017-12-16 00:00:00+00:00,7.49,17.25,10089.0,21.667046,-157.95213,2327.0,0,16,12,350
2017-12-16 01:00:00+00:00,8.71,5.98,10090.0,21.667046,-157.95213,2392.0,1,16,12,350
2017-12-16 02:00:00+00:00,8.94,3.41,10078.0,21.667046,-157.95213,2410.0,2,16,12,350
2017-12-16 03:00:00+00:00,10.58,11.39,10083.0,21.667046,-157.95213,2237.0,3,16,12,350
2017-12-16 04:00:00+00:00,9.61,2.77,10080.0,21.667046,-157.95213,1587.0,4,16,12,350
2017-12-16 05:00:00+00:00,10.11,7.98,10086.0,21.667046,-157.95213,1585.0,5,16,12,350
2017-12-16 06:00:00+00:00,8.22,2.13,10089.0,21.667046,-157.95213,1612.0,6,16,12,350
2017-12-16 07:00:00+00:00,9.05,1.91,10092.0,21.667046,-157.95213,1613.0,7,16,12,350
2017-12-16 08:00:00+00:00,8.64,356.21,10094.0,21.667046,-157.95213,1545.0,8,16,12,350
2017-12-16 09:00:00+00:00,8.67,350.46,10092.0,21.667046,-157.95213,1604.0,9,16,12,350
2017-12-16 10:00:00+00:00,8.4,347.45,10088.0,21.667046,-157.95213,1553.0,10,16,12,350
2017-12-16 11:00:00+00:00,6.92,340.69,10082.0,21.667046,-157.95213,1632.0,11,16,12,350
2017-12-16 12:00:00+00:00,6.44,333.64,10076.0,21.667046,-157.95213,1668.0,12,16,12,350
2017-12-16 13:00:00+00:00,4.7,324.2,10066.0,21.667046,-157.95213,1654.0,13,16,12,350
2017-12-16 14:00:00+00:00,4.33,315.34,10063.0,21.667046,-157.95213,1670.0,14,16,12,350
2017-12-16 15:00:00+00:00,4.84,316.08,10060.0,21.667046,-157.95213,1620.0,15,16,12,350
2017-12-16 16:00:00+00:00,4.71,276.63,10060.0,21.667046,-157.95213,1679.0,16,16,12,350
2017-12-16 17:00:00+00:00,4.61,244.21,10061.0,21.667046,-157.95213,1682.0,17,16,12,350
2017-12-16 18:00:00+00:00,2.0,271.3,10067.0,21.667046,-157.95213,2219.0,18,16,12,350
2017-12-16 19:00:00+00:00,2.37,264.88,10065.0,21.667046,-157.95213,2699.0,19,16,12,350
2017-12-16 20:00:00+00:00,2.09,127.32,10070.0,21.667046,-157.95213,2990.0,20,16,12,350
2017-12-16 21:00:00+00:00,3.44,117.29,10068.0,21.667046,-157.95213,2304.0,21,16,12,350
2017-12-16 22:00:00+00:00,0.97,320.03,10064.0,21.667046,-157.95213,2501.0,22,16,12,350
2017-12-16 23:00:00+00:00,9.63,212.6,10057.0,21.667046,-157.95213,2233.0,23,16,12,350
2017-12-17 00:00:00+00:00,10.86,232.74,10054.0,21.667046,-157.95213,2032.0,0,17,12,351
2017-12-17 01:00:00+00:00,8.04,213.64,10055.0,21.667046,-157.95213,2039.0,1,17,12,351
2017-12-17 02:00:00+00:00,4.97,181.58,10061.0,21.667046,-157.95213,2089.0,2,17,12,351
2017-12-17 03:00:00+00:00,9.42,203.48,10065.0,21.667046,-157.95213,2025.0,3,17,12,351
2017-12-17 04:00:00+00:00,8.79,194.25,10070.0,21.667046,-157.95213,1805.0,4,17,12,351
2017-12-17 05:00:00+00:00,6.72,200.38,10073.0,21.667046,-157.95213,1547.0,5,17,12,351
2017-12-17 06:00:00+00:00,3.66,135.31,10079.0,21.667046,-157.95213,1573.0,6,17,12,351
2017-12-17 07:00:00+00:00,7.08,187.49,10082.0,21.667046,-157.95213,1536.0,7,17,12,351
2017-12-17 08:00:00+00:00,9.32,205.16,10077.0,21.667046,-157.95213,1567.0,8,17,12,351
2017-12-17 09:00:00+00:00,9.97,206.6,10078.0,21.667046,-157.95213,1511.0,9,17,12,351
2017-12-17 10:00:00+00:00,8.8,207.14,10078.0,21.667046,-157.95213,1781.0,10,17,12,351
2017-12-17 11:00:00+00:00,1.07,145.66,10079.0,21.667046,-157.95213,1765.0,11,17,12,351
2017-12-17 12:00:00+00:00,1.51,112.68,10073.0,21.667046,-157.95213,1845.0,12,17,12,351
2017-12-17 13:00:00+00:00,3.05,187.38,10071.0,21.667046,-157.95213,1867.0,13,17,12,351
2017-12-17 14:00:00+00:00,4.27,189.57,10069.0,21.667046,-157.95213,1733.0,14,17,12,351
2017-12-17 15:00:00+00:00,4.69,211.94,10069.0,21.667046,-157.95213,1898.0,15,17,12,351
2017-12-17 16:00:00+00:00,3.36,190.38,10072.0,21.667046,-157.95213,1671.0,16,17,12,351
2017-12-17 17:00:00+00:00,2.6,175.4,10077.0,21.667046,-157.95213,1489.0,17,17,12,351
2017-12-17 18:00:00+00:00,1.77,103.37,10081.0,21.667046,-157.95213,2120.0,18,17,12,351
2017-12-17 19:00:00+00:00,0.84,136.86,10084.0,21.667046,-157.95213,2397.0,19,17,12,351
2017-12-17 20:00:00+00:00,1.92,94.1,10085.0,21.667046,-157.95213,2633.0,20,17,12,351
2017-12-17 21:00:00+00:00,3.25,104.02,10078.0,21.667046,-157.95213,2948.0,21,17,12,351
2017-12-17 22:00:00+00:00,2.39,104.85,10077.0,21.667046,-157.95213,2966.0,22,17,12,351
2017-12-17 23:00:00+00:00,2.74,29.59,10072.0,21.667046,-157.95213,2555.0,23,17,12,351
2017-12-18 00:00:00+00:00,3.87,339.78,10060.0,21.667046,-157.95213,2880.0,0,18,12,352
2017-12-18 01:00:00+00:00,4.27,342.06,10060.0,21.667046,-157.95213,2700.0,1,18,12,352
2017-12-18 02:00:00+00:00,3.8,338.83,10061.0,21.667046,-157.95213,2578.0,2,18,12,352
2017-12-18 03:00:00+00:00,3.69,351.95,10067.0,21.667046,-157.95213,2478.0,3,18,12,352
2017-12-18 04:00:00+00:00,3.63,359.1,10070.0,21.667046,-157.95213,1850.0,4,18,12,352
2017-12-18 05:00:00+00:00,1.46,123.91,10079.0,21.667046,-157.95213,1863.0,5,18,12,352
2017-12-18 06:00:00+00:00,2.04,148.73,10085.0,21.667046,-157.95213,1836.0,6,18,12,352
2017-12-18 07:00:00+00:00,1.69,174.87,10090.0,21.667046,-157.95213,1719.0,7,18,12,352
2017-12-18 08:00:00+00:00,2.09,152.6,10094.0,21.667046,-157.95213,1724.0,8,18,12,352
2017-12-18 09:00:00+00:00,2.56,144.11,10094.0,21.667046,-157.95213,1727.0,9,18,12,352
2017-12-18 10:00:00+00:00,2.87,140.32,10094.0,21.667046,-157.95213,1740.0,10,18,12,352
2017-12-18 11:00:00+00:00,2.96,139.42,10095.0,21.667046,-157.95213,1717.0,11,18,12,352
2017-12-18 12:00:00+00:00,2.3,153.78,10089.0,21.667046,-157.95213,1694.0,12,18,12,352
2017-12-18 13:00:00+00:00,1.0,145.78,10088.0,21.667046,-157.95213,1728.0,13,18,12,352
2017-12-18 14:00:00+00:00,0.7,149.48,10085.0,21.667046,-157.95213,1704.0,14,18,12,352
2017-12-18 15:00:00+00:00,0.4,252.44,10089.0,21.667046,-157.95213,1642.0,15,18,12,352
2017-12-18 16:00:00+00:00,0.33,330.62,10091.0,21.667046,-157.95213,1670.0,16,18,12,352
2017-12-18 17:00:00+00:00,0.34,88.84,10098.0,21.667046,-157.95213,1673.0,17,18,12,352
2017-12-18 18:00:00+00:00,1.11,142.43,10102.0,21.667046,-157.95213,2353.0,18,18,12,352
2017-12-18 19:00:00+00:00,1.59,108.28,10108.0,21.667046,-157.95213,2809.0,19,18,12,352
2017-12-18 20:00:00+00:00,3.07,99.62,10109.0,21.667046,-157.95213,3057.0,20,18,12,352
2017-12-18 21:00:00+00:00,3.3,88.45,10107.0,21.667046,-157.95213,3153.0,21,18,12,352
2017-12-18 22:00:00+00:00,2.85,77.29,10102.0,21.667046,-157.95213,3162.0,22,18,12,352
2017-12-18 23:00:00+00:00,2.69,72.79,10096.0,21.667046,-157.95213,3051.0,23,18,12,352
2017-12-19 00:00:00+00:00,2.25,26.93,10086.0,21.667046,-157.95213,2743.0,0,19,12,353
2017-12-19 01:00:00+00:00,2.94,24.64,10083.0,21.667046,-157.95213,2723.0,1,19,12,353
2017-12-19 02:00:00+00:00,2.23,3.1,10086.0,21.667046,-157.95213,2743.0,2,19,12,353
2017-12-19 03:00:00+00:00,1.35,352.81,10093.0,21.667046,-157.95213,2543.0,3,19,12,353
2017-12-19 04:00:00+00:00,2.4,334.26,10095.0,21.667046,-157.95213,1752.0,4,19,12,353
2017-12-19 05:00:00+00:00,2.17,321.75,10100.0,21.667046,-157.95213,1879.0,5,19,12,353
2017-12-19 06:00:00+00:00,2.5,324.16,10106.0,21.667046,-157.95213,1987.0,6,19,12,353
2017-12-19 07:00:00+00:00,2.33,305.29,10113.0,21.667046,-157.95213,1953.0,7,19,12,353
2017-12-19 08:00:00+00:00,1.97,295.46,10114.0,21.667046,-157.95213,2159.0,8,19,12,353
2017-12-19 09:00:00+00:00,2.11,290.85,10116.0,21.667046,-157.95213,2014.0,9,19,12,353
2017-12-19 10:00:00+00:00,2.68,291.3,10115.0,21.667046,-157.95213,2084.0,10,19,12,353
2017-12-19 11:00:00+00:00,2.92,302.27,10106.0,21.667046,-157.95213,2030.0,11,19,12,353
2017-12-19 12:00:00+00:00,2.86,319.37,10097.0,21.667046,-157.95213,1944.0,12,19,12,353
2017-12-19 13:00:00+00:00,3.45,313.28,10098.0,21.667046,-157.95213,1998.0,13,19,12,353
2017-12-19 14:00:00+00:00,3.97,333.85,10094.0,21.667046,-157.95213,1994.0,14,19,12,353
2017-12-19 15:00:00+00:00,3.25,335.73,10098.0,21.667046,-157.95213,2101.0,15,19,12,353
2017-12-19 16:00:00+00:00,2.35,339.02,10098.0,21.667046,-157.95213,2019.0,16,19,12,353
2017-12-19 17:00:00+00:00,2.97,335.5,10102.0,21.667046,-157.95213,2088.0,17,19,12,353
2017-12-19 18:00:00+00:00,3.65,336.76,10109.0,21.667046,-157.95213,2308.0,18,19,12,353
2017-12-19 19:00:00+00:00,3.85,338.43,10114.0,21.667046,-157.95213,2559.0,19,19,12,353
2017-12-19 20:00:00+00:00,4.72,345.55,10116.0,21.667046,-157.95213,2594.0,20,19,12,353
2017-12-19 21:00:00+00:00,4.18,349.9,10115.0,21.667046,-157.95213,2519.0,21,19,12,353
2017-12-19 22:00:00+00:00,4.0,352.82,10111.0,21.667046,-157.95213,2538.0,22,19,12,353
2017-12-19 23:00:00+00:00,4.01,2.38,10103.0,21.667046,-157.95213,2903.0,23,19,12,353
2017-12-20 00:00:00+00:00,3.2,12.68,10098.0,21.667046,-157.95213,2847.0,0,20,12,354
2017-12-20 01:00:00+00:00,3.46,24.17,10096.0,21.667046,-157.95213,2512.0,1,20,12,354
2017-12-20 02:00:00+00:00,1.88,81.55,10097.0,21.667046,-157.95213,2553.0,2,20,12,354
2017-12-20 03:00:00+00:00,6.67,70.95,10091.0,21.667046,-157.95213,2323.0,3,20,12,354
2017-12-20 04:00:00+00:00,7.15,47.25,10091.0,21.667046,-157.95213,2198.0,4,20,12,354
2017-12-20 05:00:00+00:00,7.36,35.43,10101.0,21.667046,-157.95213,2158.0,5,20,12,354
2017-12-20 06:00:00+00:00,7.42,50.28,10106.0,21.667046,-157.95213,2075.0,6,20,12,354
2017-12-20 07:00:00+00:00,5.79,38.3,10120.0,21.667046,-157.95213,2082.0,7,20,12,354
2017-12-20 08:00:00+00:00,7.15,28.61,10120.0,21.667046,-157.95213,2065.0,8,20,12,354
2017-12-20 09:00:00+00:00,7.97,29.0,10120.0,21.667046,-157.95213,2070.0,9,20,12,354
2017-12-20 10:00:00+00:00,6.6,28.55,10116.0,21.667046,-157.95213,2035.0,10,20,12,354
2017-12-20 11:00:00+00:00,6.08,23.45,10112.0,21.667046,-157.95213,2016.0,11,20,12,354
2017-12-20 12:00:00+00:00,6.49,27.18,10103.0,21.667046,-157.95213,2002.0,12,20,12,354
2017-12-20 13:00:00+00:00,7.1,26.15,10098.0,21.667046,-157.95213,1973.0,13,20,12,354
2017-12-20 14:00:00+00:00,7.98,22.84,10097.0,21.667046,-157.95213,1972.0,14,20,12,354
2017-12-20 15:00:00+00:00,7.27,22.05,10098.0,21.667046,-157.95213,1927.0,15,20,12,354
2017-12-20 16:00:00+00:00,7.94,36.11,10093.0,21.667046,-157.95213,1926.0,16,20,12,354
2017-12-20 17:00:00+00:00,7.25,30.02,10101.0,21.667046,-157.95213,1931.0,17,20,12,354
2017-12-20 18:00:00+00:00,8.21,30.99,10103.0,21.667046,-157.95213,1993.0,18,20,12,354
2017-12-20 19:00:00+00:00,7.6,37.19,10110.0,21.667046,-157.95213,2052.0,19,20,12,354
2017-12-20 20:00:00+00:00,8.17,28.41,10112.0,21.667046,-157.95213,2150.0,20,20,12,354
2017-12-20 21:00:00+00:00,7.77,29.76,10112.0,21.667046,-157.95213,2139.0,21,20,12,354
2017-12-20 22:00:00+00:00,7.03,33.56,10106.0,21.667046,-157.95213,2162.0,22,20,12,354
2017-12-20 23:00:00+00:00,7.7,32.7,10093.0,21.667046,-157.95213,2164.0,23,20,12,354
2017-12-21 00:00:00+00:00,6.74,27.46,10090.0,21.667046,-157.95213,2214.0,0,21,12,355
2017-12-21 01:00:00+00:00,6.18,40.84,10088.0,21.667046,-157.95213,1879.0,1,21,12,355
2017-12-21 02:00:00+00:00,6.56,24.4,10097.0,21.667046,-157.95213,1861.0,2,21,12,355
2017-12-21 03:00:00+00:00,6.54,38.13,10098.0,21.667046,-157.95213,1815.0,3,21,12,355
2017-12-21 04:00:00+00:00,8.02,8.92,10100.0,21.667046,-157.95213,1782.0,4,21,12,355
2017-12-21 05:00:00+00:00,6.56,7.69,10104.0,21.667046,-157.95213,1754.0,5,21,12,355
2017-12-21 06:00:00+00:00,7.26,22.28,10109.0,21.667046,-157.95213,1784.0,6,21,12,355
2017-12-21 07:00:00+00:00,6.64,49.37,10109.0,21.667046,-157.95213,1782.0,7,21,12,355
2017-12-21 08:00:00+00:00,6.07,54.29,10109.0,21.667046,-157.95213,1801.0,8,21,12,355
2017-12-21 09:00:00+00:00,10.96,53.58,10110.0,21.667046,-157.95213,1803.0,9,21,12,355
2017-12-21 10:00:00+00:00,8.81,32.64,10104.0,21.667046,-157.95213,1776.0,10,21,12,355
2017-12-21 11:00:00+00:00,10.28,35.48,10100.0,21.667046,-157.95213,1809.0,11,21,12,355
2017-12-21 12:00:00+00:00,9.74,25.18,10095.0,21.667046,-157.95213,1801.0,12,21,12,355
2017-12-21 13:00:00+00:00,8.75,32.16,10091.0,21.667046,-157.95213,1809.0,13,21,12,355
2017-12-21 14:00:00+00:00,10.29,24.6,10088.0,21.667046,-157.95213,1822.0,14,21,12,355
2017-12-21 15:00:00+00:00,9.53,24.5,10091.0,21.667046,-157.95213,1814.0,15,21,12,355
2017-12-21 16:00:00+00:00,9.51,20.27,10094.0,21.667046,-157.95213,1602.0,16,21,12,355
2017-12-21 17:00:00+00:00,8.76,20.42,10096.0,21.667046,-157.95213,1817.0,17,21,12,355
2017-12-21 18:00:00+00:00,8.57,26.13,10104.0,21.667046,-157.95213,1971.0,18,21,12,355
2017-12-21 19:00:00+00:00,8.99,31.21,10104.0,21.667046,-157.95213,1983.0,19,21,12,355
2017-12-21 20:00:00+00:00,9.98,33.58,10104.0,21.667046,-157.95213,2412.0,20,21,12,355
2017-12-21 21:00:00+00:00,8.64,35.6,10100.0,21.667046,-157.95213,2538.0,21,21,12,355
2017-12-21 22:00:00+00:00,8.41,36.83,10091.0,21.667046,-157.95213,2768.0,22,21,12,355
2017-12-21 23:00:00+00:00,7.81,39.19,10081.0,21.667046,-157.95213,2826.0,23,21,12,355
2017-12-22 00:00:00+00:00,7.84,35.4,10072.0,21.667046,-157.95213,2721.0,0,22,12,356
2017-12-22 01:00:00+00:00,7.6,35.52,10075.0,21.667046,-157.95213,2708.0,1,22,12,356
2017-12-22 02:00:00+00:00,8.17,26.7,10076.0,21.667046,-157.95213,2528.0,2,22,12,356
2017-12-22 03:00:00+00:00,8.22,29.52,10080.0,21.667046,-157.95213,2270.0,3,22,12,356
2017-12-22 04:00:00+00:00,9.25,29.38,10083.0,21.667046,-157.95213,1870.0,4,22,12,356
2017-12-22 05:00:00+00:00,8.25,36.45,10090.0,21.667046,-157.95213,1753.0,5,22,12,356
2017-12-22 06:00:00+00:00,8.83,30.28,10098.0,21.667046,-157.95213,1795.0,6,22,12,356
2017-12-22 07:00:00+00:00,8.45,33.11,10104.0,21.667046,-157.95213,1773.0,7,22,12,356
2017-12-22 08:00:00+00:00,8.19,38.12,10106.0,21.667046,-157.95213,1824.0,8,22,12,356
2017-12-22 09:00:00+00:00,9.18,34.75,10109.0,21.667046,-157.95213,1977.0,9,22,12,356
2017-12-22 10:00:00+00:00,7.72,29.08,10105.0,21.667046,-157.95213,1880.0,10,22,12,356
2017-12-22 11:00:00+00:00,7.27,30.42,10102.0,21.667046,-157.95213,1441.0,11,22,12,356
2017-12-22 12:00:00+00:00,6.69,29.76,10101.0,21.667046,-157.95213,1378.0,12,22,12,356
2017-12-22 13:00:00+00:00,6.87,22.71,10097.0,21.667046,-157.95213,1453.0,13,22,12,356
2017-12-22 14:00:00+00:00,6.32,7.85,10100.0,21.667046,-157.95213,1557.0,14,22,12,356
2017-12-22 15:00:00+00:00,6.7,9.29,10099.0,21.667046,-157.95213,1348.0,15,22,12,356
2017-12-22 16:00:00+00:00,6.99,351.75,10105.0,21.667046,-157.95213,1427.0,16,22,12,356
2017-12-22 17:00:00+00:00,7.48,353.16,10111.0,21.667046,-157.95213,1326.0,17,22,12,356
2017-12-22 18:00:00+00:00,8.21,2.62,10114.0,21.667046,-157.95213,2066.0,18,22,12,356
2017-12-22 19:00:00+00:00,6.84,16.79,10122.0,21.667046,-157.95213,2340.0,19,22,12,356
2017-12-22 20:00:00+00:00,6.8,5.88,10121.0,21.667046,-157.95213,2534.0,20,22,12,356
2017-12-22 21:00:00+00:00,6.71,17.34,10123.0,21.667046,-157.95213,2799.0,21,22,12,356
2017-12-22 22:00:00+00:00,6.48,13.02,10119.0,21.667046,-157.95213,2751.0,22,22,12,356
2017-12-22 23:00:00+00:00,6.71,16.27,10113.0,21.667046,-157.95213,2923.0,23,22,12,356
2017-12-23 00:00:00+00:00,7.06,16.83,10102.0,21.667046,-157.95213,2779.0,0,23,12,357
2017-12-23 01:00:00+00:00,6.43,24.16,10103.0,21.667046,-157.95213,2602.0,1,23,12,357
2017-12-23 02:00:00+00:00,6.47,15.71,10107.0,21.667046,-157.95213,2510.0,2,23,12,357
2017-12-23 03:00:00+00:00,6.08,18.56,10112.0,21.667046,-157.95213,2223.0,3,23,12,357
2017-12-23 04:00:00+00:00,6.31,13.22,10115.0,21.667046,-157.95213,1915.0,4,23,12,357
2017-12-23 05:00:00+00:00,6.19,13.74,10119.0,21.667046,-157.95213,1608.0,5,23,12,357
2017-12-23 06:00:00+00:00,7.87,26.83,10126.0,21.667046,-157.95213,1534.0,6,23,12,357
2017-12-23 07:00:00+00:00,7.72,37.42,10127.0,21.667046,-157.95213,1702.0,7,23,12,357
2017-12-23 08:00:00+00:00,8.31,46.86,10129.0,21.667046,-157.95213,1828.0,8,23,12,357
2017-12-23 09:00:00+00:00,8.06,50.82,10126.0,21.667046,-157.95213,1866.0,9,23,12,357
2017-12-23 10:00:00+00:00,7.83,49.28,10122.0,21.667046,-157.95213,1767.0,10,23,12,357
2017-12-23 11:00:00+00:00,8.38,55.55,10120.0,21.667046,-157.95213,1835.0,11,23,12,357
2017-12-23 12:00:00+00:00,8.06,68.24,10113.0,21.667046,-157.95213,1841.0,12,23,12,357
2017-12-23 13:00:00+00:00,8.39,72.64,10107.0,21.667046,-157.95213,1870.0,13,23,12,357
2017-12-23 14:00:00+00:00,8.42,75.45,10107.0,21.667046,-157.95213,1873.0,14,23,12,357
2017-12-23 15:00:00+00:00,8.37,69.7,10112.0,21.667046,-157.95213,1931.0,15,23,12,357
2017-12-23 16:00:00+00:00,8.44,82.97,10115.0,21.667046,-157.95213,1901.0,16,23,12,357
2017-12-23 17:00:00+00:00,8.34,83.42,10121.0,21.667046,-157.95213,1879.0,17,23,12,357
2017-12-23 18:00:00+00:00,9.03,86.94,10122.0,21.667046,-157.95213,2272.0,18,23,12,357
2017-12-23 19:00:00+00:00,8.64,90.89,10126.0,21.667046,-157.95213,2493.0,19,23,12,357
2017-12-23 20:00:00+00:00,8.57,90.77,10128.0,21.667046,-157.95213,2644.0,20,23,12,357
2017-12-23 21:00:00+00:00,7.92,91.14,10127.0,21.667046,-157.95213,2914.0,21,23,12,357
2017-12-23 22:00:00+00:00,7.48,86.62,10122.0,21.667046,-157.95213,2924.0,22,23,12,357
2017-12-23 23:00:00+00:00,7.0,85.67,10113.0,21.667046,-157.95213,3011.0,23,23,12,357
2017-12-24 00:00:00+00:00,6.65,87.63,10106.0,21.667046,-157.95213,2816.0,0,24,12,358
2017-12-24 01:00:00+00:00,6.71,88.03,10106.0,21.667046,-157.95213,2680.0,1,24,12,358
2017-12-24 02:00:00+00:00,5.86,87.28,10111.0,21.667046,-157.95213,2614.0,2,24,12,358
2017-12-24 03:00:00+00:00,5.47,82.8,10115.0,21.667046,-157.95213,2411.0,3,24,12,358
2017-12-24 04:00:00+00:00,5.37,74.62,10120.0,21.667046,-157.95213,1672.0,4,24,12,358
2017-12-24 05:00:00+00:00,5.18,63.22,10126.0,21.667046,-157.95213,1618.0,5,24,12,358
2017-12-24 06:00:00+00:00,5.25,58.25,10131.0,21.667046,-157.95213,1561.0,6,24,12,358
2017-12-24 07:00:00+00:00,5.2,65.01,10136.0,21.667046,-157.95213,1630.0,7,24,12,358
2017-12-24 08:00:00+00:00,4.98,60.79,10140.0,21.667046,-157.95213,1531.0,8,24,12,358
2017-12-24 09:00:00+00:00,4.38,60.07,10141.0,21.667046,-157.95213,1550.0,9,24,12,358
2017-12-24 10:00:00+00:00,6.2,14.06,10139.0,21.667046,-157.95213,1930.0,10,24,12,358
2017-12-24 11:00:00+00:00,3.51,36.52,10136.0,21.667046,-157.95213,1544.0,11,24,12,358
2017-12-24 12:00:00+00:00,4.18,36.53,10135.0,21.667046,-157.95213,1903.0,12,24,12,358
2017-12-24 13:00:00+00:00,2.62,16.45,10126.0,21.667046,-157.95213,1766.0,13,24,12,358
2017-12-24 14:00:00+00:00,3.16,26.2,10128.0,21.667046,-157.95213,1561.0,14,24,12,358
2017-12-24 15:00:00+00:00,4.04,11.26,10127.0,21.667046,-157.95213,1732.0,15,24,12,358
2017-12-24 16:00:00+00:00,3.21,14.89,10127.0,21.667046,-157.95213,1719.0,16,24,12,358
2017-12-24 17:00:00+00:00,3.39,15.8,10133.0,21.667046,-157.95213,1703.0,17,24,12,358
2017-12-24 18:00:00+00:00,3.24,26.9,10136.0,21.667046,-157.95213,2132.0,18,24,12,358
2017-12-24 19:00:00+00:00,3.4,28.29,10141.0,21.667046,-157.95213,2391.0,19,24,12,358
2017-12-24 20:00:00+00:00,4.05,25.08,10142.0,21.667046,-157.95213,2665.0,20,24,12,358
2017-12-24 21:00:00+00:00,4.1,25.62,10139.0,21.667046,-157.95213,2997.0,21,24,12,358
2017-12-24 22:00:00+00:00,4.52,32.12,10132.0,21.667046,-157.95213,3069.0,22,24,12,358
2017-12-24 23:00:00+00:00,4.28,32.93,10125.0,21.667046,-157.95213,2996.0,23,24,12,358
2017-12-25 00:00:00+00:00,4.6,35.04,10116.0,21.667046,-157.95213,2953.0,0,25,12,359
2017-12-25 01:00:00+00:00,4.43,35.55,10115.0,21.667046,-157.95213,2731.0,1,25,12,359
2017-12-25 02:00:00+00:00,4.37,32.39,10118.0,21.667046,-157.95213,2681.0,2,25,12,359
2017-12-25 03:00:00+00:00,4.28,30.86,10121.0,21.667046,-157.95213,2371.0,3,25,12,359
2017-12-25 04:00:00+00:00,3.99,30.2,10121.0,21.667046,-157.95213,1811.0,4,25,12,359
2017-12-25 05:00:00+00:00,4.93,50.91,10124.0,21.667046,-157.95213,1573.0,5,25,12,359
2017-12-25 06:00:00+00:00,4.81,58.3,10127.0,21.667046,-157.95213,1583.0,6,25,12,359
2017-12-25 07:00:00+00:00,4.92,54.88,10130.0,21.667046,-157.95213,1520.0,7,25,12,359
2017-12-25 08:00:00+00:00,5.22,55.47,10133.0,21.667046,-157.95213,1582.0,8,25,12,359
2017-12-25 09:00:00+00:00,5.11,62.08,10131.0,21.667046,-157.95213,1539.0,9,25,12,359
2017-12-25 10:00:00+00:00,5.52,63.9,10129.0,21.667046,-157.95213,1570.0,10,25,12,359
2017-12-25 11:00:00+00:00,5.33,59.87,10127.0,21.667046,-157.95213,1577.0,11,25,12,359
2017-12-25 12:00:00+00:00,5.66,64.45,10121.0,21.667046,-157.95213,1541.0,12,25,12,359
2017-12-25 13:00:00+00:00,5.95,73.57,10119.0,21.667046,-157.95213,1524.0,13,25,12,359
2017-12-25 14:00:00+00:00,5.89,82.73,10116.0,21.667046,-157.95213,1605.0,14,25,12,359
2017-12-25 15:00:00+00:00,6.22,90.39,10118.0,21.667046,-157.95213,1534.0,15,25,12,359
2017-12-25 16:00:00+00:00,8.3,96.34,10120.0,21.667046,-157.95213,1763.0,16,25,12,359
2017-12-25 17:00:00+00:00,7.17,106.48,10124.0,21.667046,-157.95213,1693.0,17,25,12,359
2017-12-25 18:00:00+00:00,7.16,111.74,10126.0,21.667046,-157.95213,2142.0,18,25,12,359
2017-12-25 19:00:00+00:00,7.22,115.7,10132.0,21.667046,-157.95213,2230.0,19,25,12,359
2017-12-25 20:00:00+00:00,7.43,112.19,10133.0,21.667046,-157.95213,2826.0,20,25,12,359
2017-12-25 21:00:00+00:00,7.11,109.14,10130.0,21.667046,-157.95213,3017.0,21,25,12,359
2017-12-25 22:00:00+00:00,6.91,105.96,10123.0,21.667046,-157.95213,3111.0,22,25,12,359
2017-12-25 23:00:00+00:00,6.71,106.19,10113.0,21.667046,-157.95213,3145.0,23,25,12,359
2017-12-26 00:00:00+00:00,6.29,105.77,10102.0,21.667046,-157.95213,3085.0,0,26,12,360
2017-12-26 01:00:00+00:00,5.95,105.52,10097.0,21.667046,-157.95213,2917.0,1,26,12,360
2017-12-26 02:00:00+00:00,6.33,105.43,10100.0,21.667046,-157.95213,2707.0,2,26,12,360
2017-12-26 03:00:00+00:00,6.23,105.48,10102.0,21.667046,-157.95213,2417.0,3,26,12,360
2017-12-26 04:00:00+00:00,6.57,107.75,10104.0,21.667046,-157.95213,1671.0,4,26,12,360
2017-12-26 05:00:00+00:00,6.13,111.6,10107.0,21.667046,-157.95213,1657.0,5,26,12,360
2017-12-26 06:00:00+00:00,6.33,118.94,10111.0,21.667046,-157.95213,1685.0,6,26,12,360
2017-12-26 07:00:00+00:00,5.96,129.87,10112.0,21.667046,-157.95213,1672.0,7,26,12,360
2017-12-26 08:00:00+00:00,5.39,137.91,10111.0,21.667046,-157.95213,1727.0,8,26,12,360
2017-12-26 09:00:00+00:00,6.65,136.15,10110.0,21.667046,-157.95213,1728.0,9,26,12,360
2017-12-26 10:00:00+00:00,6.25,143.04,10107.0,21.667046,-157.95213,1756.0,10,26,12,360
2017-12-26 11:00:00+00:00,6.11,142.14,10103.0,21.667046,-157.95213,1782.0,11,26,12,360
2017-12-26 12:00:00+00:00,7.43,147.78,10098.0,21.667046,-157.95213,1781.0,12,26,12,360
2017-12-26 13:00:00+00:00,6.99,148.49,10094.0,21.667046,-157.95213,1754.0,13,26,12,360
2017-12-26 14:00:00+00:00,8.0,142.4,10084.0,21.667046,-157.95213,1579.0,14,26,12,360
2017-12-26 15:00:00+00:00,7.94,144.25,10086.0,21.667046,-157.95213,1728.0,15,26,12,360
2017-12-26 16:00:00+00:00,8.48,144.22,10086.0,21.667046,-157.95213,1792.0,16,26,12,360
2017-12-26 17:00:00+00:00,9.35,146.53,10088.0,21.667046,-157.95213,1600.0,17,26,12,360
2017-12-26 18:00:00+00:00,10.06,145.17,10090.0,21.667046,-157.95213,2103.0,18,26,12,360
2017-12-26 19:00:00+00:00,10.84,139.17,10084.0,21.667046,-157.95213,2307.0,19,26,12,360
2017-12-26 20:00:00+00:00,10.16,139.39,10090.0,21.667046,-157.95213,2450.0,20,26,12,360
2017-12-26 21:00:00+00:00,9.13,130.41,10083.0,21.667046,-157.95213,2573.0,21,26,12,360
2017-12-26 22:00:00+00:00,8.84,121.74,10073.0,21.667046,-157.95213,2568.0,22,26,12,360
2017-12-26 23:00:00+00:00,10.0,131.05,10065.0,21.667046,-157.95213,2417.0,23,26,12,360
2017-12-27 00:00:00+00:00,6.62,150.13,10066.0,21.667046,-157.95213,2042.0,0,27,12,361
2017-12-27 01:00:00+00:00,8.57,131.4,10056.0,21.667046,-157.95213,2004.0,1,27,12,361
2017-12-27 02:00:00+00:00,9.47,178.57,10055.0,21.667046,-157.95213,2022.0,2,27,12,361
2017-12-27 03:00:00+00:00,8.39,358.3,10065.0,21.667046,-157.95213,1935.0,3,27,12,361
2017-12-27 04:00:00+00:00,1.95,354.51,10077.0,21.667046,-157.95213,1949.0,4,27,12,361
2017-12-27 05:00:00+00:00,4.41,315.75,10075.0,21.667046,-157.95213,1906.0,5,27,12,361
2017-12-27 06:00:00+00:00,3.65,292.24,10084.0,21.667046,-157.95213,1830.0,6,27,12,361
2017-12-27 07:00:00+00:00,5.62,282.23,10087.0,21.667046,-157.95213,1784.0,7,27,12,361
2017-12-27 08:00:00+00:00,4.95,284.2,10091.0,21.667046,-157.95213,1655.0,8,27,12,361
2017-12-27 09:00:00+00:00,3.76,292.17,10095.0,21.667046,-157.95213,1734.0,9,27,12,361
2017-12-27 10:00:00+00:00,2.88,298.45,10096.0,21.667046,-157.95213,1702.0,10,27,12,361
2017-12-27 11:00:00+00:00,2.47,294.55,10094.0,21.667046,-157.95213,1677.0,11,27,12,361
2017-12-27 12:00:00+00:00,2.52,261.88,10090.0,21.667046,-157.95213,1678.0,12,27,12,361
2017-12-27 13:00:00+00:00,3.65,241.07,10087.0,21.667046,-157.95213,1681.0,13,27,12,361
2017-12-27 14:00:00+00:00,3.57,237.27,10084.0,21.667046,-157.95213,1766.0,14,27,12,361
2017-12-27 15:00:00+00:00,2.33,222.12,10087.0,21.667046,-157.95213,1797.0,15,27,12,361
2017-12-27 16:00:00+00:00,2.36,204.79,10088.0,21.667046,-157.95213,1700.0,16,27,12,361
2017-12-27 17:00:00+00:00,5.81,212.0,10093.0,21.667046,-157.95213,1782.0,17,27,12,361
2017-12-27 18:00:00+00:00,3.17,180.31,10098.0,21.667046,-157.95213,2067.0,18,27,12,361
2017-12-27 19:00:00+00:00,2.24,137.74,10099.0,21.667046,-157.95213,2400.0,19,27,12,361
2017-12-27 20:00:00+00:00,1.64,203.11,10101.0,21.667046,-157.95213,2786.0,20,27,12,361
2017-12-27 21:00:00+00:00,3.55,231.87,10100.0,21.667046,-157.95213,3000.0,21,27,12,361
2017-12-27 22:00:00+00:00,4.38,234.22,10094.0,21.667046,-157.95213,3188.0,22,27,12,361
2017-12-27 23:00:00+00:00,2.79,132.05,10086.0,21.667046,-157.95213,3170.0,23,27,12,361
2017-12-28 00:00:00+00:00,3.39,107.98,10077.0,21.667046,-157.95213,2805.0,0,28,12,362
2017-12-28 01:00:00+00:00,5.65,216.87,10086.0,21.667046,-157.95213,2038.0,1,28,12,362
2017-12-28 02:00:00+00:00,3.61,291.71,10093.0,21.667046,-157.95213,2047.0,2,28,12,362
2017-12-28 03:00:00+00:00,2.62,245.23,10095.0,21.667046,-157.95213,2131.0,3,28,12,362
2017-12-28 04:00:00+00:00,3.7,245.84,10098.0,21.667046,-157.95213,1890.0,4,28,12,362
2017-12-28 05:00:00+00:00,3.73,254.81,10105.0,21.667046,-157.95213,1821.0,5,28,12,362
2017-12-28 06:00:00+00:00,2.74,250.81,10111.0,21.667046,-157.95213,1861.0,6,28,12,362
2017-12-28 07:00:00+00:00,3.75,278.86,10114.0,21.667046,-157.95213,1846.0,7,28,12,362
2017-12-28 08:00:00+00:00,4.69,286.28,10118.0,21.667046,-157.95213,1870.0,8,28,12,362
2017-12-28 09:00:00+00:00,3.67,297.97,10116.0,21.667046,-157.95213,1842.0,9,28,12,362
2017-12-28 10:00:00+00:00,2.58,316.72,10120.0,21.667046,-157.95213,1836.0,10,28,12,362
2017-12-28 11:00:00+00:00,1.76,332.03,10119.0,21.667046,-157.95213,1842.0,11,28,12,362
2017-12-28 12:00:00+00:00,0.91,328.19,10114.0,21.667046,-157.95213,1795.0,12,28,12,362
2017-12-28 13:00:00+00:00,1.38,322.23,10110.0,21.667046,-157.95213,1883.0,13,28,12,362
2017-12-28 14:00:00+00:00,1.44,329.46,10111.0,21.667046,-157.95213,1879.0,14,28,12,362
2017-12-28 15:00:00+00:00,1.58,332.28,10111.0,21.667046,-157.95213,1803.0,15,28,12,362
2017-12-28 16:00:00+00:00,3.35,339.08,10115.0,21.667046,-157.95213,1806.0,16,28,12,362
2017-12-28 17:00:00+00:00,2.2,357.45,10120.0,21.667046,-157.95213,1875.0,17,28,12,362
2017-12-28 18:00:00+00:00,0.77,95.19,10123.0,21.667046,-157.95213,2105.0,18,28,12,362
2017-12-28 19:00:00+00:00,2.2,64.5,10130.0,21.667046,-157.95213,2380.0,19,28,12,362
2017-12-28 20:00:00+00:00,3.32,47.64,10137.0,21.667046,-157.95213,2458.0,20,28,12,362
2017-12-28 21:00:00+00:00,3.34,49.4,10135.0,21.667046,-157.95213,2501.0,21,28,12,362
2017-12-28 22:00:00+00:00,3.76,26.12,10133.0,21.667046,-157.95213,2823.0,22,28,12,362
2017-12-28 23:00:00+00:00,4.14,23.26,10125.0,21.667046,-157.95213,2864.0,23,28,12,362
2017-12-29 00:00:00+00:00,5.2,51.49,10116.0,21.667046,-157.95213,2690.0,0,29,12,363
2017-12-29 01:00:00+00:00,4.54,42.12,10112.0,21.667046,-157.95213,2711.0,1,29,12,363
2017-12-29 02:00:00+00:00,4.64,48.63,10113.0,21.667046,-157.95213,2696.0,2,29,12,363
2017-12-29 03:00:00+00:00,4.74,44.6,10114.0,21.667046,-157.95213,2393.0,3,29,12,363
2017-12-29 04:00:00+00:00,7.64,31.87,10118.0,21.667046,-157.95213,1883.0,4,29,12,363
2017-12-29 05:00:00+00:00,7.23,41.42,10124.0,21.667046,-157.95213,1828.0,5,29,12,363
2017-12-29 06:00:00+00:00,7.74,53.31,10130.0,21.667046,-157.95213,1891.0,6,29,12,363
2017-12-29 07:00:00+00:00,8.16,66.49,10134.0,21.667046,-157.95213,1974.0,7,29,12,363
2017-12-29 08:00:00+00:00,7.49,67.47,10137.0,21.667046,-157.95213,1892.0,8,29,12,363
2017-12-29 09:00:00+00:00,6.9,75.37,10138.0,21.667046,-157.95213,1739.0,9,29,12,363
2017-12-29 10:00:00+00:00,6.42,78.54,10139.0,21.667046,-157.95213,1642.0,10,29,12,363
2017-12-29 11:00:00+00:00,6.18,88.03,10138.0,21.667046,-157.95213,1802.0,11,29,12,363
2017-12-29 12:00:00+00:00,7.68,88.63,10130.0,21.667046,-157.95213,1966.0,12,29,12,363
2017-12-29 13:00:00+00:00,7.77,80.39,10127.0,21.667046,-157.95213,1855.0,13,29,12,363
2017-12-29 14:00:00+00:00,7.19,75.41,10125.0,21.667046,-157.95213,1949.0,14,29,12,363
2017-12-29 15:00:00+00:00,7.26,88.5,10124.0,21.667046,-157.95213,1880.0,15,29,12,363
2017-12-29 16:00:00+00:00,6.74,81.17,10124.0,21.667046,-157.95213,1838.0,16,29,12,363
2017-12-29 17:00:00+00:00,6.93,79.79,10129.0,21.667046,-157.95213,1854.0,17,29,12,363
2017-12-29 18:00:00+00:00,5.62,79.76,10138.0,21.667046,-157.95213,2212.0,18,29,12,363
2017-12-29 19:00:00+00:00,5.47,72.57,10142.0,21.667046,-157.95213,2483.0,19,29,12,363
2017-12-29 20:00:00+00:00,6.65,73.78,10146.0,21.667046,-157.95213,2753.0,20,29,12,363
2017-12-29 21:00:00+00:00,6.51,77.43,10146.0,21.667046,-157.95213,2757.0,21,29,12,363
2017-12-29 22:00:00+00:00,6.61,71.8,10142.0,21.667046,-157.95213,2811.0,22,29,12,363
2017-12-29 23:00:00+00:00,6.38,81.04,10132.0,21.667046,-157.95213,2808.0,23,29,12,363
2017-12-30 00:00:00+00:00,6.47,78.12,10123.0,21.667046,-157.95213,2846.0,0,30,12,364
2017-12-30 01:00:00+00:00,6.17,74.01,10120.0,21.667046,-157.95213,2827.0,1,30,12,364
2017-12-30 02:00:00+00:00,6.24,74.91,10125.0,21.667046,-157.95213,2494.0,2,30,12,364
2017-12-30 03:00:00+00:00,5.9,70.47,10128.0,21.667046,-157.95213,2280.0,3,30,12,364
2017-12-30 04:00:00+00:00,5.69,74.86,10133.0,21.667046,-157.95213,1819.0,4,30,12,364
2017-12-30 05:00:00+00:00,5.62,70.26,10140.0,21.667046,-157.95213,1863.0,5,30,12,364
2017-12-30 06:00:00+00:00,5.84,59.0,10148.0,21.667046,-157.95213,1917.0,6,30,12,364
2017-12-30 07:00:00+00:00,5.82,62.57,10150.0,21.667046,-157.95213,1673.0,7,30,12,364
2017-12-30 08:00:00+00:00,6.02,61.46,10154.0,21.667046,-157.95213,1572.0,8,30,12,364
2017-12-30 09:00:00+00:00,5.9,61.42,10152.0,21.667046,-157.95213,1546.0,9,30,12,364
2017-12-30 10:00:00+00:00,5.73,63.25,10149.0,21.667046,-157.95213,1506.0,10,30,12,364
2017-12-30 11:00:00+00:00,5.38,65.34,10147.0,21.667046,-157.95213,1472.0,11,30,12,364
2017-12-30 12:00:00+00:00,4.76,62.35,10142.0,21.667046,-157.95213,1446.0,12,30,12,364
2017-12-30 13:00:00+00:00,4.27,63.81,10138.0,21.667046,-157.95213,1458.0,13,30,12,364
2017-12-30 14:00:00+00:00,4.24,56.94,10143.0,21.667046,-157.95213,1424.0,14,30,12,364
2017-12-30 15:00:00+00:00,4.17,30.16,10143.0,21.667046,-157.95213,1844.0,15,30,12,364
2017-12-30 16:00:00+00:00,4.79,3.9,10148.0,21.667046,-157.95213,1873.0,16,30,12,364
2017-12-30 17:00:00+00:00,3.86,3.94,10150.0,21.667046,-157.95213,1656.0,17,30,12,364
2017-12-30 18:00:00+00:00,4.68,56.17,10157.0,21.667046,-157.95213,2097.0,18,30,12,364
2017-12-30 19:00:00+00:00,4.93,49.49,10161.0,21.667046,-157.95213,2442.0,19,30,12,364
2017-12-30 20:00:00+00:00,4.95,51.23,10163.0,21.667046,-157.95213,2707.0,20,30,12,364
2017-12-30 21:00:00+00:00,5.14,59.65,10159.0,21.667046,-157.95213,2836.0,21,30,12,364
2017-12-30 22:00:00+00:00,8.25,49.62,10155.0,21.667046,-157.95213,2371.0,22,30,12,364
2017-12-30 23:00:00+00:00,6.36,54.2,10144.0,21.667046,-157.95213,2895.0,23,30,12,364
2017-12-31 00:00:00+00:00,5.83,55.46,10136.0,21.667046,-157.95213,2895.0,0,31,12,365
2017-12-31 01:00:00+00:00,6.44,61.33,10130.0,21.667046,-157.95213,2754.0,1,31,12,365
2017-12-31 02:00:00+00:00,7.16,54.41,10132.0,21.667046,-157.95213,2476.0,2,31,12,365
2017-12-31 03:00:00+00:00,6.65,63.18,10135.0,21.667046,-157.95213,2280.0,3,31,12,365
2017-12-31 04:00:00+00:00,7.62,67.47,10139.0,21.667046,-157.95213,1828.0,4,31,12,365
2017-12-31 05:00:00+00:00,6.99,73.93,10145.0,21.667046,-157.95213,1748.0,5,31,12,365
2017-12-31 06:00:00+00:00,8.51,67.34,10153.0,21.667046,-157.95213,2060.0,6,31,12,365
2017-12-31 07:00:00+00:00,7.89,70.66,10158.0,21.667046,-157.95213,2091.0,7,31,12,365
2017-12-31 08:00:00+00:00,8.45,74.37,10161.0,21.667046,-157.95213,1922.0,8,31,12,365
2017-12-31 09:00:00+00:00,7.98,88.47,10160.0,21.667046,-157.95213,2044.0,9,31,12,365
2017-12-31 10:00:00+00:00,8.69,78.68,10157.0,21.667046,-157.95213,1940.0,10,31,12,365
2017-12-31 11:00:00+00:00,8.59,84.78,10154.0,21.667046,-157.95213,1875.0,11,31,12,365
2017-12-31 12:00:00+00:00,8.42,92.84,10148.0,21.667046,-157.95213,1790.0,12,31,12,365
2017-12-31 13:00:00+00:00,9.2,83.89,10143.0,21.667046,-157.95213,2022.0,13,31,12,365
2017-12-31 14:00:00+00:00,8.79,98.02,10142.0,21.667046,-157.95213,1821.0,14,31,12,365
2017-12-31 15:00:00+00:00,8.62,100.13,10143.0,21.667046,-157.95213,1947.0,15,31,12,365
2017-12-31 16:00:00+00:00,9.12,91.53,10143.0,21.667046,-157.95213,1850.0,16,31,12,365
2017-12-31 17:00:00+00:00,7.71,91.72,10147.0,21.667046,-157.95213,1766.0,17,31,12,365
2017-12-31 18:00:00+00:00,8.48,100.53,10151.0,21.667046,-157.95213,2203.0,18,31,12,365
2017-12-31 19:00:00+00:00,8.82,88.23,10157.0,21.667046,-157.95213,2474.0,19,31,12,365
2017-12-31 20:00:00+00:00,7.81,95.27,10159.0,21.667046,-157.95213,2714.0,20,31,12,365
2017-12-31 21:00:00+00:00,7.53,93.88,10157.0,21.667046,-157.95213,2791.0,21,31,12,365
2017-12-31 22:00:00+00:00,7.78,92.33,10149.0,21.667046,-157.95213,2996.0,22,31,12,365
2017-12-31 23:00:00+00:00,7.27,91.6,10142.0,21.667046,-157.95213,2979.0,23,31,12,365
