Time,mu_wind,sigma_wind,true_wind
2019-01-02 00:00:00+00:00,11.66002,0.8033355,12.33
2019-01-02 01:00:00+00:00,11.927,0.759123,12.22
2019-01-02 02:00:00+00:00,12.05211,0.7676548,12.41
2019-01-02 03:00:00+00:00,12.30566,0.7810732,12.54
2019-01-02 04:00:00+00:00,12.5485,0.7949509,12.63
2019-01-02 05:00:00+00:00,12.72536,0.8090041,13.46
2019-01-02 06:00:00+00:00,13.23711,0.820275,13.29
2019-01-02 07:00:00+00:00,13.36558,0.8311345,12.49
2019-01-02 08:00:00+00:00,13.00418,0.8443528,12.01
2019-01-02 09:00:00+00:00,12.531,0.8640099,13.13
2019-01-02 10:00:00+00:00,12.82823,0.8740686,12.15
2019-01-02 11:00:00+00:00,12.50797,0.8898925,11.66
2019-01-02 12:00:00+00:00,12.0674,0.9082592,11.85
2019-01-02 13:00:00+00:00,11.90391,0.9228282,11.2
2019-01-02 14:00:00+00:00,11.48896,0.9403455,11.51
2019-01-02 15:00:00+00:00,11.40845,0.9483854,11.38
2019-01-02 16:00:00+00:00,11.30756,0.9522893,10.96
2019-01-02 17:00:00+00:00,11.04646,0.954174,12.21
2019-01-02 18:00:00+00:00,11.53708,0.9323919,12.23
2019-01-02 19:00:00+00:00,11.81593,0.9099475,12.34
2019-01-02 20:00:00+00:00,12.00581,0.8848599,11.95
2019-01-02 21:00:00+00:00,11.88457,0.8620867,11.78
2019-01-02 22:00:00+00:00,11.70675,0.838523,11.54
2019-01-02 23:00:00+00:00,11.45938,0.817057,11.08
2019-01-03 00:00:00+00:00,11.05901,0.7979679,11.76
2019-01-03 01:00:00+00:00,11.34704,0.7522795,11.04
2019-01-03 02:00:00+00:00,11.10879,0.7633771,10.92
2019-01-03 03:00:00+00:00,11.02301,0.7840458,10.56
2019-01-03 04:00:00+00:00,10.85175,0.807963,10.97
2019-01-03 05:00:00+00:00,11.06762,0.8291454,10.77
2019-01-03 06:00:00+00:00,11.05941,0.8509452,10.39
2019-01-03 07:00:00+00:00,10.83511,0.8749638,9.99
2019-01-03 08:00:00+00:00,10.48889,0.9038047,10.19
2019-01-03 09:00:00+00:00,10.39469,0.930904,9.85
2019-01-03 10:00:00+00:00,10.1592,0.9581322,10.13
2019-01-03 11:00:00+00:00,10.17495,0.9767905,9.84
2019-01-03 12:00:00+00:00,10.01941,0.9952638,10.15
2019-01-03 13:00:00+00:00,10.07153,1.006287,10.02
2019-01-03 14:00:00+00:00,10.04942,1.008256,9.85
2019-01-03 15:00:00+00:00,9.954174,1.006053,10.82
2019-01-03 16:00:00+00:00,10.37352,0.9888132,11.55
2019-01-03 17:00:00+00:00,10.9807,0.9562484,10.72
2019-01-03 18:00:00+00:00,10.87313,0.935632,11.08
2019-01-03 19:00:00+00:00,10.98183,0.9086294,10.1
2019-01-03 20:00:00+00:00,10.50462,0.8969584,9.81
2019-01-03 21:00:00+00:00,10.08602,0.8861189,10.5
2019-01-03 22:00:00+00:00,10.24777,0.8626118,10.45
2019-01-03 23:00:00+00:00,10.31329,0.8360516,10.08
2019-01-04 00:00:00+00:00,10.1315,0.8140009,9.39
2019-01-04 01:00:00+00:00,9.695402,0.7652906,9.75
2019-01-04 02:00:00+00:00,9.729169,0.7730834,9.82
2019-01-04 03:00:00+00:00,9.914152,0.7833535,11.28
2019-01-04 04:00:00+00:00,10.94203,0.7886922,10.06
2019-01-04 05:00:00+00:00,10.68414,0.8032148,11.98
2019-01-04 06:00:00+00:00,11.62145,0.814421,12.6
2019-01-04 07:00:00+00:00,12.35134,0.8195306,13.05
2019-01-04 08:00:00+00:00,12.89666,0.8222474,13.08
2019-01-04 09:00:00+00:00,13.1122,0.8278707,13.84
2019-01-04 10:00:00+00:00,13.53768,0.8324135,16.57
2019-01-04 11:00:00+00:00,14.9261,0.8328547,14.06
2019-01-04 12:00:00+00:00,14.64507,0.8347426,14.88
2019-01-04 13:00:00+00:00,14.76474,0.8344789,15.11
2019-01-04 14:00:00+00:00,14.94545,0.8371577,12.81
2019-01-04 15:00:00+00:00,14.04969,0.8467961,14.5
2019-01-04 16:00:00+00:00,14.21013,0.8490521,14.66
2019-01-04 17:00:00+00:00,14.38597,0.8527461,13.31
2019-01-04 18:00:00+00:00,13.84874,0.859863,12.25
2019-01-04 19:00:00+00:00,12.98407,0.8700012,12.75
2019-01-04 20:00:00+00:00,12.72303,0.870927,13.3
2019-01-04 21:00:00+00:00,12.85311,0.863393,11.62
2019-01-04 22:00:00+00:00,12.08439,0.8612555,12.34
2019-01-04 23:00:00+00:00,12.02045,0.8448997,11.64
2019-01-05 00:00:00+00:00,11.6254,0.8283867,11.5
2019-01-05 01:00:00+00:00,11.44333,0.7791534,11.39
2019-01-05 02:00:00+00:00,11.34777,0.7853045,11.73
2019-01-05 03:00:00+00:00,11.5911,0.7969542,12.78
2019-01-05 04:00:00+00:00,12.36358,0.8056564,13.53
2019-01-05 05:00:00+00:00,13.13437,0.8128407,13.73
2019-01-05 06:00:00+00:00,13.57776,0.8191034,14.03
2019-01-05 07:00:00+00:00,13.92419,0.8233692,14.39
2019-01-05 08:00:00+00:00,14.23186,0.828573,15.7
2019-01-05 09:00:00+00:00,14.91649,0.8331377,14.04
2019-01-05 10:00:00+00:00,14.57981,0.8383926,14.54
2019-01-05 11:00:00+00:00,14.57331,0.8416794,13.66
2019-01-05 12:00:00+00:00,14.1709,0.8518999,12.68
2019-01-05 13:00:00+00:00,13.4493,0.8684435,13.45
2019-01-05 14:00:00+00:00,13.36551,0.879454,11.62
2019-01-05 15:00:00+00:00,12.4705,0.9051254,12.05
2019-01-05 16:00:00+00:00,12.15592,0.9181785,12.34
2019-01-05 17:00:00+00:00,12.15097,0.92093,12.45
2019-01-05 18:00:00+00:00,12.22713,0.9137028,12.14
2019-01-05 19:00:00+00:00,12.1228,0.9039807,10.85
2019-01-05 20:00:00+00:00,11.35488,0.9114529,11.21
2019-01-05 21:00:00+00:00,11.13485,0.8988069,10.5
2019-01-05 22:00:00+00:00,10.64752,0.8906684,10.96
2019-01-05 23:00:00+00:00,10.63449,0.8705978,10.62
2019-01-06 00:00:00+00:00,10.45002,0.8464273,10.44
2019-01-06 01:00:00+00:00,10.3096,0.7961271,9.77
2019-01-06 02:00:00+00:00,9.875959,0.8123784,9.23
2019-01-06 03:00:00+00:00,9.447651,0.8456282,8.85
2019-01-06 04:00:00+00:00,9.105702,0.8890356,9.45
2019-01-06 05:00:00+00:00,9.377107,0.9265266,8.43
2019-01-06 06:00:00+00:00,8.870179,0.9831269,8.05
2019-01-06 07:00:00+00:00,8.390161,1.058656,5.81
2019-01-06 08:00:00+00:00,6.784208,1.209896,5.03
2019-01-06 09:00:00+00:00,5.656065,1.369244,3.52
2019-01-06 10:00:00+00:00,4.393173,1.513332,4.43
2019-01-06 11:00:00+00:00,4.337502,1.617758,3.52
2019-01-06 12:00:00+00:00,3.888607,1.661836,2.82
2019-01-06 13:00:00+00:00,3.42139,1.642972,1.9
2019-01-06 14:00:00+00:00,2.838245,1.555831,0.32
2019-01-06 15:00:00+00:00,1.872932,1.479694,3.35
2019-01-06 16:00:00+00:00,3.295199,1.695835,2.14
2019-01-06 17:00:00+00:00,3.189254,1.679152,0.719999999999999
2019-01-06 18:00:00+00:00,2.435424,1.504777,0.27
2019-01-06 19:00:00+00:00,2.102993,1.365632,1.39
2019-01-06 20:00:00+00:00,2.567755,1.304949,2.94
2019-01-06 21:00:00+00:00,3.780973,1.350513,3.85
2019-01-06 22:00:00+00:00,4.96418,1.668207,4.61
2019-01-06 23:00:00+00:00,5.426558,1.750174,5.25
2019-01-07 00:00:00+00:00,5.902712,1.77472,5.6
2019-01-07 01:00:00+00:00,5.926402,1.860521,5.76
2019-01-07 02:00:00+00:00,5.878925,1.852351,5.73
2019-01-07 03:00:00+00:00,5.913323,1.824411,5.73
2019-01-07 04:00:00+00:00,5.986346,1.795833,4.94
2019-01-07 05:00:00+00:00,5.388698,1.700343,3.58
2019-01-07 06:00:00+00:00,4.232998,1.552156,3.47
2019-01-07 07:00:00+00:00,4.002276,1.47975,3.49
2019-01-07 08:00:00+00:00,4.037662,1.435794,3.32
2019-01-07 09:00:00+00:00,3.944803,1.390395,3.79
2019-01-07 10:00:00+00:00,4.182582,1.440478,3.77
2019-01-07 11:00:00+00:00,4.470385,1.515204,3.59
2019-01-07 12:00:00+00:00,4.210362,1.479966,4.03
2019-01-07 13:00:00+00:00,4.324548,1.399223,4.61
2019-01-07 14:00:00+00:00,4.681956,1.311859,5.24
2019-01-07 15:00:00+00:00,5.20611,1.233191,5.21
2019-01-07 16:00:00+00:00,5.337668,1.174117,5.71
2019-01-07 17:00:00+00:00,5.688787,1.160884,5.64
2019-01-07 18:00:00+00:00,5.741348,1.157335,5.38
2019-01-07 19:00:00+00:00,5.597057,1.167583,5.43
2019-01-07 20:00:00+00:00,5.583484,1.182061,5.34
2019-01-07 21:00:00+00:00,5.558112,1.184847,5.11
2019-01-07 22:00:00+00:00,5.466601,1.175213,5.17
2019-01-07 23:00:00+00:00,5.513287,1.154692,5.63
2019-01-08 00:00:00+00:00,5.828545,1.122909,5.13
2019-01-08 01:00:00+00:00,5.415662,1.052984,6.21
2019-01-08 02:00:00+00:00,5.961453,1.035325,5.81
2019-01-08 03:00:00+00:00,5.999221,1.037494,5.96
2019-01-08 04:00:00+00:00,6.196289,1.045902,6.22
2019-01-08 05:00:00+00:00,6.466001,1.058637,5.3
2019-01-08 06:00:00+00:00,5.937067,1.091511,6.04
2019-01-08 07:00:00+00:00,6.155728,1.132738,6.6
2019-01-08 08:00:00+00:00,6.533242,1.166831,6.34
2019-01-08 09:00:00+00:00,6.503065,1.194142,5.98
2019-01-08 10:00:00+00:00,6.239606,1.232218,5.57
2019-01-08 11:00:00+00:00,5.863018,1.276588,8.26
2019-01-08 12:00:00+00:00,7.296937,1.278408,5.06
2019-01-08 13:00:00+00:00,6.096845,1.277294,3.41
2019-01-08 14:00:00+00:00,4.640256,1.362991,4.58
2019-01-08 15:00:00+00:00,4.55076,1.453119,4.56
2019-01-08 16:00:00+00:00,4.596978,1.464037,4.82
2019-01-08 17:00:00+00:00,4.812267,1.466316,4.16
2019-01-08 18:00:00+00:00,4.588694,1.464635,4.08
2019-01-08 19:00:00+00:00,4.52108,1.450076,4.98
2019-01-08 20:00:00+00:00,5.093494,1.395116,5.42
2019-01-08 21:00:00+00:00,5.611733,1.342182,5.45
2019-01-08 22:00:00+00:00,5.827769,1.279496,5.67
2019-01-08 23:00:00+00:00,6.028064,1.215224,5.78
2019-01-09 00:00:00+00:00,6.143858,1.158007,5.88
2019-01-09 01:00:00+00:00,5.8917,1.117507,5.81
2019-01-09 02:00:00+00:00,5.761481,1.132523,5.87
2019-01-09 03:00:00+00:00,5.91104,1.159067,5.33
2019-01-09 04:00:00+00:00,5.676311,1.183585,5.04
2019-01-09 05:00:00+00:00,5.436391,1.219926,4.08
2019-01-09 06:00:00+00:00,4.611825,1.302841,4.64
2019-01-09 07:00:00+00:00,4.732537,1.376297,4.84
2019-01-09 08:00:00+00:00,4.891153,1.449948,3.87
2019-01-09 09:00:00+00:00,4.301448,1.487921,3.66
2019-01-09 10:00:00+00:00,3.990843,1.521387,3.54
2019-01-09 11:00:00+00:00,3.830616,1.54088,2.81
2019-01-09 12:00:00+00:00,3.346976,1.528549,2.17
2019-01-09 13:00:00+00:00,2.841161,1.524932,1.64
2019-01-09 14:00:00+00:00,2.44903,1.482312,0.66
2019-01-09 15:00:00+00:00,1.874582,1.398327,0.339999999999999
2019-01-09 16:00:00+00:00,1.739727,1.479165,1.78
2019-01-09 17:00:00+00:00,2.685884,1.534892,0.749999999999999
2019-01-09 18:00:00+00:00,2.188293,1.347131,2.62
2019-01-09 19:00:00+00:00,3.520362,1.409571,1.9
2019-01-09 20:00:00+00:00,3.360834,1.492833,1.75
2019-01-09 21:00:00+00:00,2.927288,1.346308,3.22
2019-01-09 22:00:00+00:00,3.842096,1.313955,0.679999999999999
2019-01-09 23:00:00+00:00,2.842017,1.451717,3.29
2019-01-10 00:00:00+00:00,3.740712,1.332601,3
2019-01-10 01:00:00+00:00,3.894272,1.669767,4.08
2019-01-10 02:00:00+00:00,4.359342,1.806525,4.29
2019-01-10 03:00:00+00:00,4.687892,1.824332,3.24
2019-01-10 04:00:00+00:00,3.919546,1.714378,2.87
2019-01-10 05:00:00+00:00,3.813946,1.663103,3.04
2019-01-10 06:00:00+00:00,3.815212,1.579795,3
2019-01-10 07:00:00+00:00,3.668775,1.426957,2.67
2019-01-10 08:00:00+00:00,3.284638,1.308774,4.28
2019-01-10 09:00:00+00:00,4.149535,1.313827,5.79
2019-01-10 10:00:00+00:00,5.413125,1.333042,5.94
2019-01-10 11:00:00+00:00,5.816646,1.369843,4.75
2019-01-10 12:00:00+00:00,5.063184,1.392135,4.6
2019-01-10 13:00:00+00:00,4.692722,1.456791,4.95
2019-01-10 14:00:00+00:00,4.851783,1.487629,5.2
2019-01-10 15:00:00+00:00,5.12815,1.507824,5.65
2019-01-10 16:00:00+00:00,5.587129,1.511297,5.55
2019-01-10 17:00:00+00:00,5.710435,1.512487,4.74
2019-01-10 18:00:00+00:00,5.25762,1.488512,4.65
2019-01-10 19:00:00+00:00,5.086798,1.473826,4.21
2019-01-10 20:00:00+00:00,4.797495,1.439528,4.2
2019-01-10 21:00:00+00:00,4.745514,1.395304,4.48
2019-01-10 22:00:00+00:00,4.944119,1.355094,5.64
2019-01-10 23:00:00+00:00,5.764712,1.318822,5.93
2019-01-11 00:00:00+00:00,6.181338,1.26083,2.25
2019-01-11 01:00:00+00:00,3.617405,1.230773,2.9
2019-01-11 02:00:00+00:00,3.14736,1.236294,3.31
2019-01-11 03:00:00+00:00,3.434599,1.21756,2.5
2019-01-11 04:00:00+00:00,3.129691,1.176682,1.69
2019-01-11 05:00:00+00:00,2.634805,1.127506,0.85
2019-01-11 06:00:00+00:00,1.712111,1.254107,0.53
2019-01-11 07:00:00+00:00,1.330816,1.276754,1.63
2019-01-11 08:00:00+00:00,2.008682,1.294064,1.08
2019-01-11 09:00:00+00:00,1.876156,1.273413,0.15
2019-01-11 10:00:00+00:00,1.287542,1.351127,1.57
2019-01-11 11:00:00+00:00,2.127372,1.367384,3.49
2019-01-11 12:00:00+00:00,3.841321,1.469891,4.88
2019-01-11 13:00:00+00:00,5.266711,1.592893,4.68
2019-01-11 14:00:00+00:00,5.264163,1.616116,3.61
2019-01-11 15:00:00+00:00,4.353735,1.569558,2.63
2019-01-11 16:00:00+00:00,3.454145,1.525932,1.92
2019-01-11 17:00:00+00:00,2.841226,1.476977,2.39
2019-01-11 18:00:00+00:00,3.078312,1.487186,2.5
2019-01-11 19:00:00+00:00,3.284565,1.473568,2.47
2019-01-11 20:00:00+00:00,3.374264,1.43371,3.32
2019-01-11 21:00:00+00:00,3.992982,1.425225,4.07
2019-01-11 22:00:00+00:00,4.627345,1.393983,4.32
2019-01-11 23:00:00+00:00,4.918525,1.341322,4.74
2019-01-12 00:00:00+00:00,5.218749,1.268336,4.24
2019-01-12 01:00:00+00:00,4.564805,1.271284,4.06
2019-01-12 02:00:00+00:00,4.192074,1.295325,3.55
2019-01-12 03:00:00+00:00,3.855874,1.301545,2.51
2019-01-12 04:00:00+00:00,3.179751,1.252895,2.85
2019-01-12 05:00:00+00:00,3.407219,1.169901,3.49
2019-01-12 06:00:00+00:00,3.900147,1.133959,2.3
2019-01-12 07:00:00+00:00,3.254562,1.097634,2.66
2019-01-12 08:00:00+00:00,3.009609,1.190855,1.05
2019-01-12 09:00:00+00:00,1.724031,1.455087,1.26
2019-01-12 10:00:00+00:00,1.904053,1.277131,1.08
2019-01-12 11:00:00+00:00,1.69678,1.464589,3.26
2019-01-12 12:00:00+00:00,3.18637,1.623726,1.34
2019-01-12 13:00:00+00:00,2.471833,1.392952,1.34
2019-01-12 14:00:00+00:00,2.479294,1.361928,4.28
2019-01-12 15:00:00+00:00,4.502944,1.451881,5.17
2019-01-12 16:00:00+00:00,5.525355,1.479095,2.57
2019-01-12 17:00:00+00:00,3.779878,1.393779,4.21
2019-01-12 18:00:00+00:00,4.461272,1.404283,5.03
2019-01-12 19:00:00+00:00,5.217619,1.445422,3.67
2019-01-12 20:00:00+00:00,4.473598,1.405349,4.33
2019-01-12 21:00:00+00:00,4.754526,1.400428,7.07
2019-01-12 22:00:00+00:00,6.732496,1.421679,5.95
2019-01-12 23:00:00+00:00,6.462522,1.345299,6.19
2019-01-13 00:00:00+00:00,6.500352,1.317217,5.51
2019-01-13 01:00:00+00:00,5.71755,1.365834,5.97
2019-01-13 02:00:00+00:00,5.785143,1.4995,6.7
2019-01-13 03:00:00+00:00,6.561605,1.626032,6.24
2019-01-13 04:00:00+00:00,6.601035,1.718539,4.9
2019-01-13 05:00:00+00:00,5.604297,1.871142,5.27
2019-01-13 06:00:00+00:00,5.542398,2.036789,5.14
2019-01-13 07:00:00+00:00,5.424908,2.1592,4.05
2019-01-13 08:00:00+00:00,4.666083,2.117572,3.63
2019-01-13 09:00:00+00:00,4.17084,2.023213,0.860000000000001
2019-01-13 10:00:00+00:00,2.395497,1.768638,1.97
2019-01-13 11:00:00+00:00,2.488771,1.719788,3.92
2019-01-13 12:00:00+00:00,3.80594,1.781038,3.37
2019-01-13 13:00:00+00:00,3.840961,1.75374,3.6
2019-01-13 14:00:00+00:00,4.023921,1.737233,3.53
2019-01-13 15:00:00+00:00,4.011859,1.690926,4.34
2019-01-13 16:00:00+00:00,4.582067,1.711725,3.47
2019-01-13 17:00:00+00:00,4.118055,1.635565,5.64
2019-01-13 18:00:00+00:00,5.5669,1.730741,5.87
2019-01-13 19:00:00+00:00,6.100539,1.748849,3.42
2019-01-13 20:00:00+00:00,4.537357,1.598124,4.48
2019-01-13 21:00:00+00:00,4.818122,1.564221,5.74
2019-01-13 22:00:00+00:00,5.750693,1.547727,6.39
2019-01-13 23:00:00+00:00,6.447079,1.503479,6.96
2019-01-14 00:00:00+00:00,6.992629,1.446759,5.87
2019-01-14 01:00:00+00:00,6.171016,1.465688,5.07
2019-01-14 02:00:00+00:00,5.301683,1.519976,4.37
2019-01-14 03:00:00+00:00,4.679818,1.546707,3.68
2019-01-14 04:00:00+00:00,4.132679,1.54967,3.45
2019-01-14 05:00:00+00:00,3.877504,1.543991,2.73
2019-01-14 06:00:00+00:00,3.343635,1.51203,1.95
2019-01-14 07:00:00+00:00,2.678046,1.486081,1.9
2019-01-14 08:00:00+00:00,2.457609,1.480912,1.61
2019-01-14 09:00:00+00:00,2.245105,1.457791,1.51
2019-01-14 10:00:00+00:00,2.165448,1.44,1.39
2019-01-14 11:00:00+00:00,2.117011,1.402857,0.2
2019-01-14 12:00:00+00:00,1.50572,1.248361,0.749999999999999
2019-01-14 13:00:00+00:00,1.610459,1.371788,0.55
2019-01-14 14:00:00+00:00,1.67676,1.435398,1.45
2019-01-14 15:00:00+00:00,2.415818,1.468701,2.36
2019-01-14 16:00:00+00:00,3.236728,1.467088,3.24
2019-01-14 17:00:00+00:00,4.152052,1.540634,2.53
2019-01-14 18:00:00+00:00,3.672107,1.504016,0.789999999999999
2019-01-14 19:00:00+00:00,2.412346,1.39485,2.18
2019-01-14 20:00:00+00:00,3.0522,1.422769,3.28
2019-01-14 21:00:00+00:00,3.905541,1.456,4.03
2019-01-14 22:00:00+00:00,4.560891,1.453339,5.03
2019-01-14 23:00:00+00:00,5.354612,1.436593,5.71
2019-01-15 00:00:00+00:00,5.941344,1.371737,6.29
2019-01-15 01:00:00+00:00,6.248916,1.42389,5.73
2019-01-15 02:00:00+00:00,5.860141,1.455865,5.65
2019-01-15 03:00:00+00:00,5.811537,1.487768,5.56
2019-01-15 04:00:00+00:00,5.810773,1.516297,5.19
2019-01-15 05:00:00+00:00,5.560321,1.538623,4.84
2019-01-15 06:00:00+00:00,5.21199,1.571127,4.9
2019-01-15 07:00:00+00:00,5.114984,1.62157,4.02
2019-01-15 08:00:00+00:00,4.465118,1.633461,3.45
2019-01-15 09:00:00+00:00,3.883413,1.639106,3.48
2019-01-15 10:00:00+00:00,3.725129,1.654871,2.77
2019-01-15 11:00:00+00:00,3.259309,1.635315,2.35
2019-01-15 12:00:00+00:00,2.911606,1.617784,1.25
2019-01-15 13:00:00+00:00,2.25064,1.49902,3.8
2019-01-15 14:00:00+00:00,3.735234,1.580132,0.85
2019-01-15 15:00:00+00:00,2.314303,1.452914,1.04
2019-01-15 16:00:00+00:00,2.139139,1.361781,0.800000000000001
2019-01-15 17:00:00+00:00,2.025703,1.355828,1
2019-01-15 18:00:00+00:00,2.166012,1.324211,1.63
2019-01-15 19:00:00+00:00,2.667804,1.330076,1.47
2019-01-15 20:00:00+00:00,2.678928,1.262965,2.72
2019-01-15 21:00:00+00:00,3.506908,1.250346,3.15
2019-01-15 22:00:00+00:00,3.915148,1.189113,3.6
2019-01-15 23:00:00+00:00,4.280362,1.135211,3.53
2019-01-16 00:00:00+00:00,4.289175,1.063606,3.36
2019-01-16 01:00:00+00:00,3.749565,1.04518,3.27
2019-01-16 02:00:00+00:00,3.47002,1.061565,3.08
2019-01-16 03:00:00+00:00,3.381582,1.07784,2.79
2019-01-16 04:00:00+00:00,3.265423,1.085151,2.32
2019-01-16 05:00:00+00:00,2.979117,1.090207,2.17
2019-01-16 06:00:00+00:00,2.785737,1.114073,1.78
2019-01-16 07:00:00+00:00,2.421638,1.151387,1.63
2019-01-16 08:00:00+00:00,2.172194,1.199511,2.77
2019-01-16 09:00:00+00:00,2.864092,1.231859,3.38
2019-01-16 10:00:00+00:00,3.471448,1.263672,5.15
2019-01-16 11:00:00+00:00,4.94329,1.308259,4.9
2019-01-16 12:00:00+00:00,5.107105,1.327831,6.08
2019-01-16 13:00:00+00:00,5.965388,1.3865,6.21
2019-01-16 14:00:00+00:00,6.248139,1.423129,6.56
2019-01-16 15:00:00+00:00,6.552289,1.454803,4.78
2019-01-16 16:00:00+00:00,5.420434,1.459224,4.63
2019-01-16 17:00:00+00:00,4.994268,1.479879,4.65
2019-01-16 18:00:00+00:00,4.926053,1.491637,3.89
2019-01-16 19:00:00+00:00,4.499861,1.521407,3.45
2019-01-16 20:00:00+00:00,4.177286,1.4692,7.3
2019-01-16 21:00:00+00:00,6.745066,1.678585,5.04
2019-01-16 22:00:00+00:00,5.94369,1.700772,4.79
2019-01-16 23:00:00+00:00,5.549803,1.74243,1.07
2019-01-17 00:00:00+00:00,3.255627,1.529956,3.86
2019-01-17 01:00:00+00:00,3.896636,1.73453,5.26
2019-01-17 02:00:00+00:00,5.105193,1.971979,4.95
2019-01-17 03:00:00+00:00,5.345663,2.082137,5.26
2019-01-17 04:00:00+00:00,5.743374,2.180106,4.79
2019-01-17 05:00:00+00:00,5.459998,2.168809,3.98
2019-01-17 06:00:00+00:00,4.741709,2.075812,3.14
2019-01-17 07:00:00+00:00,3.933306,1.951951,3.85
2019-01-17 08:00:00+00:00,4.279573,1.974013,3.31
2019-01-17 09:00:00+00:00,3.940756,1.918837,4.68
2019-01-17 10:00:00+00:00,4.910902,2.025886,10.25
2019-01-17 11:00:00+00:00,9.560874,2.60587,11.66
2019-01-17 12:00:00+00:00,11.32257,2.829977,12.71
2019-01-17 13:00:00+00:00,12.18785,2.870012,12.45
2019-01-17 14:00:00+00:00,12.13716,2.832962,13.43
2019-01-17 15:00:00+00:00,12.45523,2.758672,13.14
2019-01-17 16:00:00+00:00,12.34095,2.685027,13.75
2019-01-17 17:00:00+00:00,12.52861,2.59452,14.69
2019-01-17 18:00:00+00:00,13.01158,2.505163,14.35
2019-01-17 19:00:00+00:00,13.03716,2.446133,13.87
2019-01-17 20:00:00+00:00,12.78222,2.396805,11.17
2019-01-17 21:00:00+00:00,11.29071,2.369041,11.97
2019-01-17 22:00:00+00:00,10.9893,2.296789,9.48
2019-01-17 23:00:00+00:00,9.491036,2.233834,7.84
2019-01-18 00:00:00+00:00,7.964344,2.125892,7.72
2019-01-18 01:00:00+00:00,7.357836,2.127234,8.25
2019-01-18 02:00:00+00:00,7.659034,2.129781,7.83
2019-01-18 03:00:00+00:00,7.724946,2.121996,7.97
2019-01-18 04:00:00+00:00,8.070244,2.143494,7.86
2019-01-18 05:00:00+00:00,8.189742,2.164122,8.14
2019-01-18 06:00:00+00:00,8.477367,2.204875,8.39
2019-01-18 07:00:00+00:00,8.555649,2.18697,7.77
2019-01-18 08:00:00+00:00,8.303565,2.147933,5.85
2019-01-18 09:00:00+00:00,7.053164,2.020869,3.19
2019-01-18 10:00:00+00:00,4.570323,2.121224,2.76
2019-01-18 11:00:00+00:00,3.455976,1.978342,3.05
2019-01-18 12:00:00+00:00,3.470083,1.810377,3.88
2019-01-18 13:00:00+00:00,4.173561,1.740188,4.38
2019-01-18 14:00:00+00:00,4.628835,1.692684,4.41
2019-01-18 15:00:00+00:00,4.703873,1.59168,6.15
2019-01-18 16:00:00+00:00,5.904356,1.575052,5.54
2019-01-18 17:00:00+00:00,5.787579,1.558242,2.85
2019-01-18 18:00:00+00:00,3.999278,1.494272,4.48
2019-01-18 19:00:00+00:00,4.507257,1.488248,3.91
2019-01-18 20:00:00+00:00,4.373802,1.450951,2.47
2019-01-18 21:00:00+00:00,3.552431,1.359677,3.99
2019-01-18 22:00:00+00:00,4.284561,1.269411,3.17
2019-01-18 23:00:00+00:00,4.06015,1.200386,4.54
2019-01-19 00:00:00+00:00,4.865217,1.16042,4.82
2019-01-19 01:00:00+00:00,4.864789,1.130429,5.03
2019-01-19 02:00:00+00:00,5.008128,1.142069,5.14
2019-01-19 03:00:00+00:00,5.288029,1.144786,5.08
2019-01-19 04:00:00+00:00,5.405444,1.16067,5.07
2019-01-19 05:00:00+00:00,5.457567,1.177503,5.22
2019-01-19 06:00:00+00:00,5.599639,1.183173,5.53
2019-01-19 07:00:00+00:00,5.850545,1.182147,7.15
2019-01-19 08:00:00+00:00,7.034078,1.193775,7.33
2019-01-19 09:00:00+00:00,7.498588,1.185699,7.91
2019-01-19 10:00:00+00:00,7.92763,1.189494,7.87
2019-01-19 11:00:00+00:00,7.985363,1.192931,8.29
2019-01-19 12:00:00+00:00,8.200758,1.205964,7.79
2019-01-19 13:00:00+00:00,7.937279,1.227735,7.64
2019-01-19 14:00:00+00:00,7.701663,1.251833,7.69
2019-01-19 15:00:00+00:00,7.612305,1.269667,7.64
2019-01-19 16:00:00+00:00,7.554267,1.274436,7.16
2019-01-19 17:00:00+00:00,7.288354,1.269139,6.88
2019-01-19 18:00:00+00:00,7.022034,1.267653,6.73
2019-01-19 19:00:00+00:00,6.863972,1.246879,8.09
2019-01-19 20:00:00+00:00,7.584816,1.198043,9.16
2019-01-19 21:00:00+00:00,8.545024,1.127743,9.57
2019-01-19 22:00:00+00:00,9.212176,1.047253,9.83
2019-01-19 23:00:00+00:00,9.622795,0.966703,10
2019-01-20 00:00:00+00:00,9.844183,0.89608,9.54
2019-01-20 01:00:00+00:00,9.598291,0.8320809,9.39
2019-01-20 02:00:00+00:00,9.380071,0.8389482,9.67
2019-01-20 03:00:00+00:00,9.573848,0.8587515,9.57
2019-01-20 04:00:00+00:00,9.673347,0.8815744,9.94
2019-01-20 05:00:00+00:00,9.975097,0.9076548,9.67
2019-01-20 06:00:00+00:00,9.93668,0.9359218,10.5
2019-01-20 07:00:00+00:00,10.39293,0.9599513,10.03
2019-01-20 08:00:00+00:00,10.28028,0.987034,10.46
2019-01-20 09:00:00+00:00,10.42562,1.012677,10.76
2019-01-20 10:00:00+00:00,10.61695,1.03002,10.8
2019-01-20 11:00:00+00:00,10.68261,1.04694,11.03
2019-01-20 12:00:00+00:00,10.8033,1.057868,10.5
2019-01-20 13:00:00+00:00,10.52663,1.081085,9.7
2019-01-20 14:00:00+00:00,9.94994,1.112328,8.35
2019-01-20 15:00:00+00:00,8.923414,1.170966,8.74
2019-01-20 16:00:00+00:00,8.619308,1.210241,8.86
2019-01-20 17:00:00+00:00,8.575797,1.227726,9.57
2019-01-20 18:00:00+00:00,8.99053,1.205293,9.85
2019-01-20 19:00:00+00:00,9.386499,1.16592,8.25
2019-01-20 20:00:00+00:00,8.708962,1.141829,6.42
2019-01-20 21:00:00+00:00,7.365047,1.148414,3.85
2019-01-20 22:00:00+00:00,5.415545,1.226063,3.98
2019-01-20 23:00:00+00:00,4.69715,1.278062,0.95
2019-01-21 00:00:00+00:00,3.145806,1.247256,1.9
2019-01-21 01:00:00+00:00,2.416811,1.442023,0.47
2019-01-21 02:00:00+00:00,1.44182,1.355265,2.33
2019-01-21 03:00:00+00:00,2.456571,1.501408,4.13
2019-01-21 04:00:00+00:00,4.251902,1.711825,0.59
2019-01-21 05:00:00+00:00,2.218813,1.473541,2.53
2019-01-21 06:00:00+00:00,3.325335,1.604946,3.16
2019-01-21 07:00:00+00:00,3.901791,1.699043,3.56
2019-01-21 08:00:00+00:00,4.215545,1.767629,3.15
2019-01-21 09:00:00+00:00,3.850664,1.754571,3.02
2019-01-21 10:00:00+00:00,3.592652,1.728741,3.32
2019-01-21 11:00:00+00:00,3.68985,1.73092,3.92
2019-01-21 12:00:00+00:00,4.109565,1.758929,4.11
2019-01-21 13:00:00+00:00,4.333698,1.76453,4.57
2019-01-21 14:00:00+00:00,4.722293,1.78452,4.41
2019-01-21 15:00:00+00:00,4.705345,1.754018,3.94
2019-01-21 16:00:00+00:00,4.386693,1.712941,3.49
2019-01-21 17:00:00+00:00,4.029179,1.658189,2.59
2019-01-21 18:00:00+00:00,3.410336,1.557052,1.34
2019-01-21 19:00:00+00:00,2.625128,1.505214,1.67
2019-01-21 20:00:00+00:00,2.678566,1.442272,2.29
2019-01-21 21:00:00+00:00,3.145492,1.38003,3.04
2019-01-21 22:00:00+00:00,3.759132,1.309205,3.98
2019-01-21 23:00:00+00:00,4.485633,1.218039,3.48
2019-01-22 00:00:00+00:00,4.298046,1.092348,3.43
2019-01-22 01:00:00+00:00,3.831312,1.034317,3.44
2019-01-22 02:00:00+00:00,3.662734,1.02514,2.96
2019-01-22 03:00:00+00:00,3.383003,1.037286,2.26
2019-01-22 04:00:00+00:00,2.922541,1.050652,1.84
2019-01-22 05:00:00+00:00,2.493621,1.097518,1.61
2019-01-22 06:00:00+00:00,2.237908,1.12812,1.03
2019-01-22 07:00:00+00:00,1.814237,1.153489,0.81
2019-01-22 08:00:00+00:00,1.532957,1.193632,0.73
2019-01-22 09:00:00+00:00,1.470694,1.194783,1.68
2019-01-22 10:00:00+00:00,2.031018,1.241271,4.25
2019-01-22 11:00:00+00:00,4.056051,1.330983,6.37
2019-01-22 12:00:00+00:00,6.281986,1.417679,7.45
2019-01-22 13:00:00+00:00,7.607065,1.447889,6.96
2019-01-22 14:00:00+00:00,7.422351,1.423895,6.48
2019-01-22 15:00:00+00:00,6.874276,1.425491,5.34
2019-01-22 16:00:00+00:00,5.835361,1.448222,4.18
2019-01-22 17:00:00+00:00,4.783016,1.464704,4.16
2019-01-22 18:00:00+00:00,4.51342,1.485871,5.12
2019-01-22 19:00:00+00:00,5.130311,1.516328,3.51
2019-01-22 20:00:00+00:00,4.388697,1.457113,3.7
2019-01-22 21:00:00+00:00,4.351854,1.416929,4
2019-01-22 22:00:00+00:00,4.563204,1.355254,4.64
2019-01-22 23:00:00+00:00,5.04107,1.276193,4.53
2019-01-23 00:00:00+00:00,5.121667,1.216478,5.29
2019-01-23 01:00:00+00:00,5.247696,1.237211,5.74
2019-01-23 02:00:00+00:00,5.605484,1.293434,5.52
2019-01-23 03:00:00+00:00,5.702407,1.340828,4.78
2019-01-23 04:00:00+00:00,5.277461,1.363166,3.27
2019-01-23 05:00:00+00:00,4.110863,1.359295,2.88
2019-01-23 06:00:00+00:00,3.430094,1.421344,3.31
2019-01-23 07:00:00+00:00,3.508169,1.469388,5.16
2019-01-23 08:00:00+00:00,4.87606,1.562399,4.06
2019-01-23 09:00:00+00:00,4.469196,1.586595,3.98
2019-01-23 10:00:00+00:00,4.298815,1.611582,4.74
2019-01-23 11:00:00+00:00,4.788315,1.654982,5.21
2019-01-23 12:00:00+00:00,5.271605,1.694152,5.45
2019-01-23 13:00:00+00:00,5.583111,1.720677,5.58
2019-01-23 14:00:00+00:00,5.755559,1.737245,5.04
2019-01-23 15:00:00+00:00,5.417779,1.720999,4.75
2019-01-23 16:00:00+00:00,5.122087,1.707639,4.45
2019-01-23 17:00:00+00:00,4.858852,1.682058,3.81
2019-01-23 18:00:00+00:00,4.414415,1.650231,4.84
2019-01-23 19:00:00+00:00,5.000203,1.645623,6.58
2019-01-23 20:00:00+00:00,6.393722,1.642601,6.74
2019-01-23 21:00:00+00:00,6.914511,1.595937,7.53
2019-01-23 22:00:00+00:00,7.540062,1.552304,6.97
2019-01-23 23:00:00+00:00,7.285834,1.462405,6.92
2019-01-24 00:00:00+00:00,7.101876,1.382133,6.53
2019-01-24 01:00:00+00:00,6.563219,1.421799,5.87
2019-01-24 02:00:00+00:00,5.91633,1.504553,6.33
2019-01-24 03:00:00+00:00,6.212574,1.602018,7.47
2019-01-24 04:00:00+00:00,7.308011,1.730056,7.19
2019-01-24 05:00:00+00:00,7.528688,1.836176,5.5
2019-01-24 06:00:00+00:00,6.375236,1.894348,4.13
2019-01-24 07:00:00+00:00,5.011542,1.918149,3.34
2019-01-24 08:00:00+00:00,4.022607,1.896659,4.08
2019-01-24 09:00:00+00:00,4.139009,1.919245,6.08
2019-01-24 10:00:00+00:00,5.653,1.91458,2.14
2019-01-24 11:00:00+00:00,3.601966,1.709751,4.09
2019-01-24 12:00:00+00:00,4.075998,1.733389,4.25
2019-01-24 13:00:00+00:00,4.337676,1.697241,6.3
2019-01-24 14:00:00+00:00,5.873138,1.769272,5.16
2019-01-24 15:00:00+00:00,5.577142,1.692305,5.11
2019-01-24 16:00:00+00:00,5.440057,1.641159,5.48
2019-01-24 17:00:00+00:00,5.6351,1.590634,7.54
2019-01-24 18:00:00+00:00,7.112618,1.57714,7.68
2019-01-24 19:00:00+00:00,7.673011,1.498056,6.38
2019-01-24 20:00:00+00:00,6.956801,1.417517,7.19
2019-01-24 21:00:00+00:00,7.177417,1.369073,8.19
2019-01-24 22:00:00+00:00,7.86736,1.314091,7.57
2019-01-24 23:00:00+00:00,7.691662,1.242337,6.97
2019-01-25 00:00:00+00:00,7.222179,1.182226,5.89
2019-01-25 01:00:00+00:00,6.11112,1.19198,1.03
2019-01-25 02:00:00+00:00,2.806306,1.537441,0.95
2019-01-25 03:00:00+00:00,1.836481,1.568526,0.99
2019-01-25 04:00:00+00:00,1.735858,1.508185,1.99
2019-01-25 05:00:00+00:00,2.526181,1.511755,1.82
2019-01-25 06:00:00+00:00,2.696925,1.45964,2.56
2019-01-25 07:00:00+00:00,3.339873,1.46876,2.93
2019-01-25 08:00:00+00:00,3.710996,1.463166,2.87
2019-01-25 09:00:00+00:00,3.664327,1.431993,2.87
2019-01-25 10:00:00+00:00,3.652998,1.419576,2.37
2019-01-25 11:00:00+00:00,3.286996,1.383072,5
2019-01-25 12:00:00+00:00,5.34807,1.560299,3.4
2019-01-25 13:00:00+00:00,4.320824,1.507134,3.65
2019-01-25 14:00:00+00:00,4.321405,1.503671,4.8
2019-01-25 15:00:00+00:00,5.236251,1.570314,4.4
2019-01-25 16:00:00+00:00,5.029101,1.548932,4.65
2019-01-25 17:00:00+00:00,5.203314,1.552409,3.89
2019-01-25 18:00:00+00:00,4.66451,1.492354,3.79
2019-01-25 19:00:00+00:00,4.534401,1.45639,4.08
2019-01-25 20:00:00+00:00,4.804681,1.451661,4.1
2019-01-25 21:00:00+00:00,4.861917,1.433872,5.22
2019-01-25 22:00:00+00:00,5.71332,1.487467,5.92
2019-01-25 23:00:00+00:00,6.33018,1.543754,6.51
2019-01-26 00:00:00+00:00,6.799687,1.598495,10.58
2019-01-26 01:00:00+00:00,9.728477,1.995763,9.78
2019-01-26 02:00:00+00:00,9.496,2.119375,10.03
2019-01-26 03:00:00+00:00,10.20316,2.241411,9.17
2019-01-26 04:00:00+00:00,9.984143,2.167229,11.65
2019-01-26 05:00:00+00:00,11.60456,1.997531,10.9
2019-01-26 06:00:00+00:00,11.85118,1.701613,11.67
2019-01-26 07:00:00+00:00,12.3847,1.404776,11.26
2019-01-26 08:00:00+00:00,12.37837,1.189687,10.46
2019-01-26 09:00:00+00:00,11.87507,1.078391,11.45
2019-01-26 10:00:00+00:00,12.00773,1.013635,11.36
2019-01-26 11:00:00+00:00,11.98923,0.9792612,9.97
2019-01-26 12:00:00+00:00,11.24982,0.9780365,9.67
2019-01-26 13:00:00+00:00,10.62492,0.9871963,9.81
2019-01-26 14:00:00+00:00,10.30378,0.9946392,11.15
2019-01-26 15:00:00+00:00,10.74942,0.9782404,10.64
2019-01-26 16:00:00+00:00,10.76314,0.9648331,9.55
2019-01-26 17:00:00+00:00,10.1864,0.9701756,10.4
2019-01-26 18:00:00+00:00,10.28461,0.9518996,8.1
2019-01-26 19:00:00+00:00,9.233324,0.9615091,8.9
2019-01-26 20:00:00+00:00,9.047441,0.9561967,7.32
2019-01-26 21:00:00+00:00,8.18928,0.9717377,7.96
2019-01-26 22:00:00+00:00,8.098747,0.961076,8.94
2019-01-26 23:00:00+00:00,8.57449,0.9253429,8.72
2019-01-27 00:00:00+00:00,8.726089,0.8912984,7.36
2019-01-27 01:00:00+00:00,8.123098,0.8335025,8.55
2019-01-27 02:00:00+00:00,8.506265,0.8134915,8.81
2019-01-27 03:00:00+00:00,8.928633,0.8021074,8.74
2019-01-27 04:00:00+00:00,9.135505,0.8020042,9.43
2019-01-27 05:00:00+00:00,9.629127,0.8057921,9.72
2019-01-27 06:00:00+00:00,9.976258,0.81481,8.99
2019-01-27 07:00:00+00:00,9.693401,0.8358741,10.74
2019-01-27 08:00:00+00:00,10.45552,0.8434117,9.92
2019-01-27 09:00:00+00:00,10.33704,0.8600515,8.98
2019-01-27 10:00:00+00:00,9.751119,0.89134,7.73
2019-01-27 11:00:00+00:00,8.742075,0.9509081,7.92
2019-01-27 12:00:00+00:00,8.306346,1.002069,8.59
2019-01-27 13:00:00+00:00,8.430932,1.023409,9.41
2019-01-27 14:00:00+00:00,8.917644,1.018754,9.18
2019-01-27 15:00:00+00:00,9.092072,1.008133,9.36
2019-01-27 16:00:00+00:00,9.268368,0.9948679,9.03
2019-01-27 17:00:00+00:00,9.184589,0.9867488,9.23
2019-01-27 18:00:00+00:00,9.256935,0.9686679,6.82
2019-01-27 19:00:00+00:00,8.063711,0.9996055,7.96
2019-01-27 20:00:00+00:00,8.030842,0.9982229,8.1
2019-01-27 21:00:00+00:00,8.124605,0.9759181,8.46
2019-01-27 22:00:00+00:00,8.373313,0.9466252,8.4
2019-01-27 23:00:00+00:00,8.46273,0.9258422,7.4
2019-01-28 00:00:00+00:00,8.003244,0.9112269,7.65
2019-01-28 01:00:00+00:00,7.889234,0.8418613,6.59
2019-01-28 02:00:00+00:00,7.208566,0.8575243,8.56
2019-01-28 03:00:00+00:00,8.207269,0.8418685,8.74
2019-01-28 04:00:00+00:00,8.805622,0.8356099,9.09
2019-01-28 05:00:00+00:00,9.336286,0.8320054,8.91
2019-01-28 06:00:00+00:00,9.457502,0.8390185,11.56
2019-01-28 07:00:00+00:00,10.91771,0.8358979,4
2019-01-28 08:00:00+00:00,7.520323,0.9285525,8.58
2019-01-28 09:00:00+00:00,8.221233,0.9598852,10.3
2019-01-28 10:00:00+00:00,9.426287,0.944708,10.81
2019-01-28 11:00:00+00:00,10.29687,0.9260414,9.27
2019-01-28 12:00:00+00:00,9.938985,0.9315594,8.77
2019-01-28 13:00:00+00:00,9.453427,0.9519556,10.41
2019-01-28 14:00:00+00:00,10.01628,0.9424721,11.36
2019-01-28 15:00:00+00:00,10.78811,0.9195949,10.75
2019-01-28 16:00:00+00:00,10.8928,0.9089398,9.14
2019-01-28 17:00:00+00:00,10.12027,0.9205418,9.49
2019-01-28 18:00:00+00:00,9.850437,0.9252478,10.66
2019-01-28 19:00:00+00:00,10.29507,0.9062886,7.67
2019-01-28 20:00:00+00:00,9.015428,0.936912,9.5
2019-01-28 21:00:00+00:00,9.258341,0.9250953,8.46
2019-01-28 22:00:00+00:00,8.873493,0.9228376,9.25
2019-01-28 23:00:00+00:00,9.10247,0.8976336,11.13
2019-01-29 00:00:00+00:00,10.19298,0.849037,9.25
2019-01-29 01:00:00+00:00,9.939275,0.7760268,11.71
2019-01-29 02:00:00+00:00,11.1734,0.7518577,10.06
2019-01-29 03:00:00+00:00,10.93634,0.7460846,11.56
2019-01-29 04:00:00+00:00,11.65413,0.7485331,11.72
2019-01-29 05:00:00+00:00,12.07741,0.7547566,10.96
2019-01-29 06:00:00+00:00,11.86285,0.7667991,11.76
2019-01-29 07:00:00+00:00,12.10816,0.7817368,11.07
2019-01-29 08:00:00+00:00,11.86136,0.7984111,11.29
2019-01-29 09:00:00+00:00,11.79502,0.816411,11.02
2019-01-29 10:00:00+00:00,11.61666,0.8342003,12.05
2019-01-29 11:00:00+00:00,11.98945,0.8438309,9.34
2019-01-29 12:00:00+00:00,10.87063,0.875843,9.88
2019-01-29 13:00:00+00:00,10.4473,0.9035555,12.4
2019-01-29 14:00:00+00:00,11.45022,0.8903003,10.64
2019-01-29 15:00:00+00:00,11.17456,0.8980163,9.8
2019-01-29 16:00:00+00:00,10.56751,0.914417,11.56
2019-01-29 17:00:00+00:00,11.06849,0.9011585,10.95
2019-01-29 18:00:00+00:00,11.0598,0.8954565,9.95
2019-01-29 19:00:00+00:00,10.58637,0.8932925,10.27
2019-01-29 20:00:00+00:00,10.46212,0.8856452,9.3
2019-01-29 21:00:00+00:00,9.936294,0.8853583,9.05
2019-01-29 22:00:00+00:00,9.528207,0.8846629,8.91
2019-01-29 23:00:00+00:00,9.260764,0.8782435,9.03
2019-01-30 00:00:00+00:00,9.196289,0.865408,9.68
2019-01-30 01:00:00+00:00,9.667343,0.7863026,10.21
2019-01-30 02:00:00+00:00,10.25517,0.765595,11.06
2019-01-30 03:00:00+00:00,11.0863,0.7556098,11.46
2019-01-30 04:00:00+00:00,11.73398,0.7549522,11.6
2019-01-30 05:00:00+00:00,12.12104,0.7607324,11.73
2019-01-30 06:00:00+00:00,12.34618,0.7712089,11.84
2019-01-30 07:00:00+00:00,12.48702,0.7836618,11.64
2019-01-30 08:00:00+00:00,12.43349,0.7983636,12.16
2019-01-30 09:00:00+00:00,12.60697,0.8129069,11.88
2019-01-30 10:00:00+00:00,12.54631,0.8281249,11.87
2019-01-30 11:00:00+00:00,12.48283,0.8420112,11.34
2019-01-30 12:00:00+00:00,12.17643,0.858102,11.77
2019-01-30 13:00:00+00:00,12.171,0.8691613,12.14
2019-01-30 14:00:00+00:00,12.33426,0.8742999,12.62
2019-01-30 15:00:00+00:00,12.63404,0.8741592,12.31
2019-01-30 16:00:00+00:00,12.66595,0.8745789,11.9
2019-01-30 17:00:00+00:00,12.43635,0.8804166,9.43
2019-01-30 18:00:00+00:00,11.13968,0.902846,11.96
2019-01-30 19:00:00+00:00,11.51832,0.8946103,10.97
2019-01-30 20:00:00+00:00,11.28932,0.8929098,12.02
2019-01-30 21:00:00+00:00,11.65093,0.8726046,11.63
2019-01-30 22:00:00+00:00,11.67787,0.8542878,11.57
2019-01-30 23:00:00+00:00,11.65524,0.8336444,11.08
2019-01-31 00:00:00+00:00,11.39987,0.8137273,10.85
2019-01-31 01:00:00+00:00,11.35357,0.7537192,10.85
2019-01-31 02:00:00+00:00,11.36442,0.7475034,10.39
2019-01-31 03:00:00+00:00,11.18991,0.751071,11.49
2019-01-31 04:00:00+00:00,11.73918,0.7560238,12.36
2019-01-31 05:00:00+00:00,12.4655,0.7632524,12.09
2019-01-31 06:00:00+00:00,12.68748,0.7726545,11.36
2019-01-31 07:00:00+00:00,12.40565,0.7862011,11.51
2019-01-31 08:00:00+00:00,12.26653,0.8030705,11.71
2019-01-31 09:00:00+00:00,12.24037,0.8200892,13.35
2019-01-31 10:00:00+00:00,12.97595,0.827263,12.93
2019-01-31 11:00:00+00:00,13.17438,0.8360652,12.89
2019-01-31 12:00:00+00:00,13.2504,0.8423768,12.55
2019-01-31 13:00:00+00:00,13.13067,0.8496825,12.72
2019-01-31 14:00:00+00:00,13.11591,0.8555399,11.77
2019-01-31 15:00:00+00:00,12.66709,0.8666148,10.3
2019-01-31 16:00:00+00:00,11.69625,0.8878666,12.59
2019-01-31 17:00:00+00:00,12.17099,0.8819057,12.92
2019-01-31 18:00:00+00:00,12.61725,0.8734839,12.16
2019-01-31 19:00:00+00:00,12.5339,0.8675278,12.91
2019-01-31 20:00:00+00:00,12.79748,0.8546187,12.89
2019-01-31 21:00:00+00:00,12.94387,0.8427939,12.85
2019-01-31 22:00:00+00:00,13.00449,0.8294933,13.15
2019-01-31 23:00:00+00:00,13.16613,0.8148432,13.11
2019-02-01 00:00:00+00:00,13.23806,0.7999982,13.03
2019-02-01 01:00:00+00:00,13.5075,0.7526653,12.82
2019-02-01 02:00:00+00:00,13.58156,0.7527826,13.21
2019-02-01 03:00:00+00:00,13.8239,0.7594523,11.92
2019-02-01 04:00:00+00:00,13.32661,0.7683892,11.5
2019-02-01 05:00:00+00:00,12.80961,0.7815626,11.59
2019-02-01 06:00:00+00:00,12.51454,0.7993643,10.59
2019-02-01 07:00:00+00:00,11.80573,0.8242251,11.99
2019-02-01 08:00:00+00:00,12.08895,0.8382988,13.63
2019-02-01 09:00:00+00:00,12.99534,0.8413132,13.18
2019-02-01 10:00:00+00:00,13.27504,0.8460908,16.1
2019-02-01 11:00:00+00:00,14.61507,0.8419072,14.07
2019-02-01 12:00:00+00:00,14.58232,0.8456687,12.78
2019-02-01 13:00:00+00:00,13.87478,0.855553,15.12
2019-02-01 14:00:00+00:00,14.49806,0.850045,13.1
2019-02-01 15:00:00+00:00,13.98879,0.8619514,10.57
2019-02-01 16:00:00+00:00,12.49293,0.8866035,10.49
2019-02-01 17:00:00+00:00,11.52247,0.9120948,10.02
2019-02-01 18:00:00+00:00,10.74058,0.940299,10.37
2019-02-01 19:00:00+00:00,10.4949,0.9480927,10.87
2019-02-01 20:00:00+00:00,10.58797,0.9403762,10.32
2019-02-01 21:00:00+00:00,10.39982,0.9264208,9.89
2019-02-01 22:00:00+00:00,10.07536,0.9117329,12.23
2019-02-01 23:00:00+00:00,11.08549,0.8597055,9.15
2019-02-02 00:00:00+00:00,10.07932,0.8383622,12.96
2019-02-02 01:00:00+00:00,11.65595,0.7568368,10.29
2019-02-02 02:00:00+00:00,11.05251,0.7505596,10.88
2019-02-02 03:00:00+00:00,11.13018,0.7534186,11.14
2019-02-02 04:00:00+00:00,11.30906,0.7646296,8.7
2019-02-02 05:00:00+00:00,10.06133,0.793961,11.01
2019-02-02 06:00:00+00:00,10.65898,0.816413,11.63
2019-02-02 07:00:00+00:00,11.21132,0.8334615,11.6
2019-02-02 08:00:00+00:00,11.53425,0.8381853,11.6
2019-02-02 09:00:00+00:00,11.61922,0.849548,12
2019-02-02 10:00:00+00:00,11.82208,0.8588502,12.06
2019-02-02 11:00:00+00:00,11.93513,0.8662494,12.29
2019-02-02 12:00:00+00:00,12.08756,0.8712883,10.42
2019-02-02 13:00:00+00:00,11.21831,0.8954922,10.48
2019-02-02 14:00:00+00:00,10.77666,0.9158324,10.69
2019-02-02 15:00:00+00:00,10.67308,0.9242315,9.59
2019-02-02 16:00:00+00:00,10.08051,0.9444329,10.41
2019-02-02 17:00:00+00:00,10.15897,0.9451335,10.97
2019-02-02 18:00:00+00:00,10.51545,0.925979,10.24
2019-02-02 19:00:00+00:00,10.34604,0.914039,9.29
2019-02-02 20:00:00+00:00,9.751731,0.9133113,9.05
2019-02-02 21:00:00+00:00,9.321445,0.907941,8.84
2019-02-02 22:00:00+00:00,9.012189,0.8962474,8.29
2019-02-02 23:00:00+00:00,8.587177,0.886655,8.93
2019-02-03 00:00:00+00:00,8.750684,0.8571207,9.05
2019-02-03 01:00:00+00:00,8.894046,0.7896836,8.4
2019-02-03 02:00:00+00:00,8.595889,0.7967862,8.29
2019-02-03 03:00:00+00:00,8.496217,0.815748,7.78
2019-02-03 04:00:00+00:00,8.18518,0.8496642,7.86
2019-02-03 05:00:00+00:00,8.119994,0.8882313,8.02
2019-02-03 06:00:00+00:00,8.207529,0.9205141,8.43
2019-02-03 07:00:00+00:00,8.486888,0.9444262,8.37
2019-02-03 08:00:00+00:00,8.540026,0.9739556,8.08
2019-02-03 09:00:00+00:00,8.355571,1.010068,8.08
2019-02-03 10:00:00+00:00,8.219371,1.049438,7.52
2019-02-03 11:00:00+00:00,7.786136,1.104388,7.08
2019-02-03 12:00:00+00:00,7.309694,1.168121,6.69
2019-02-03 13:00:00+00:00,6.87253,1.228609,5.86
2019-02-03 14:00:00+00:00,6.25209,1.289662,5.08
2019-02-03 15:00:00+00:00,5.588567,1.346753,4.42
2019-02-03 16:00:00+00:00,5.003207,1.378806,4.39
2019-02-03 17:00:00+00:00,4.739183,1.394288,4.93
2019-02-03 18:00:00+00:00,4.969082,1.361635,4.61
2019-02-03 19:00:00+00:00,4.97815,1.299892,4.68
2019-02-03 20:00:00+00:00,5.050879,1.249628,5.88
2019-02-03 21:00:00+00:00,5.778941,1.182189,6.29
2019-02-03 22:00:00+00:00,6.335066,1.110378,5.48
2019-02-03 23:00:00+00:00,6.11112,1.054442,5.96
2019-02-04 00:00:00+00:00,6.292445,1.009367,5.89
2019-02-04 01:00:00+00:00,6.085636,0.948141,6.39
2019-02-04 02:00:00+00:00,6.327046,0.9437721,6.49
2019-02-04 03:00:00+00:00,6.602788,0.9448765,6.96
2019-02-04 04:00:00+00:00,7.100232,0.9480886,7.55
2019-02-04 05:00:00+00:00,7.679865,0.9564992,7.41
2019-02-04 06:00:00+00:00,7.789893,0.9711777,6.62
2019-02-04 07:00:00+00:00,7.280379,1.008827,7.54
2019-02-04 08:00:00+00:00,7.599903,1.033378,8.26
2019-02-04 09:00:00+00:00,8.09485,1.047226,5.95
2019-02-04 10:00:00+00:00,6.92824,1.109176,5
2019-02-04 11:00:00+00:00,5.856339,1.203593,8.66
2019-02-04 12:00:00+00:00,7.347732,1.19732,8.03
2019-02-04 13:00:00+00:00,7.74992,1.169924,4.85
2019-02-04 14:00:00+00:00,6.156255,1.247453,5.05
2019-02-04 15:00:00+00:00,5.403838,1.364215,1.76
2019-02-04 16:00:00+00:00,3.714314,1.42961,4.17
2019-02-04 17:00:00+00:00,4.10679,1.415048,6.72
2019-02-04 18:00:00+00:00,5.685577,1.340442,6.97
2019-02-04 19:00:00+00:00,6.605522,1.259973,6.28
2019-02-04 20:00:00+00:00,6.637705,1.190133,6.89
2019-02-04 21:00:00+00:00,6.98846,1.129417,6.39
2019-02-04 22:00:00+00:00,6.839451,1.074375,8.04
2019-02-04 23:00:00+00:00,7.717252,1.009281,7.63
2019-02-05 00:00:00+00:00,7.84404,0.9453651,8.07
2019-02-05 01:00:00+00:00,8.041644,0.867164,8.37
2019-02-05 02:00:00+00:00,8.329513,0.8548009,8.4
2019-02-05 03:00:00+00:00,8.586456,0.8504955,7.83
2019-02-05 04:00:00+00:00,8.393587,0.8611684,7.86
2019-02-05 05:00:00+00:00,8.341148,0.8830617,9.03
2019-02-05 06:00:00+00:00,8.997301,0.8983482,8.99
2019-02-05 07:00:00+00:00,9.214088,0.9129586,9.3
2019-02-05 08:00:00+00:00,9.406647,0.9340268,10.43
2019-02-05 09:00:00+00:00,10.06511,0.9425032,9.73
2019-02-05 10:00:00+00:00,9.926368,0.9596797,12.16
2019-02-05 11:00:00+00:00,11.12013,0.9458529,10.4
2019-02-05 12:00:00+00:00,10.81949,0.9414906,8.55
2019-02-05 13:00:00+00:00,9.592729,0.9836823,9.44
2019-02-05 14:00:00+00:00,9.427686,1.002543,14.3
2019-02-05 15:00:00+00:00,11.81627,0.9335429,9.52
2019-02-05 16:00:00+00:00,10.76389,0.9265037,8.87
2019-02-05 17:00:00+00:00,9.764462,0.9428439,7.54
2019-02-05 18:00:00+00:00,8.551686,0.9879528,13.51
2019-02-05 19:00:00+00:00,10.94227,0.9212599,6.24
2019-02-05 20:00:00+00:00,8.515471,0.9654856,2.08
2019-02-05 21:00:00+00:00,5.358897,1.14376,9.49
2019-02-05 22:00:00+00:00,7.469589,1.069647,6.8
2019-02-05 23:00:00+00:00,7.130036,1.041259,7.26
2019-02-06 00:00:00+00:00,7.246781,1.015439,6.35
2019-02-06 01:00:00+00:00,6.604569,0.9575378,8.94
2019-02-06 02:00:00+00:00,7.996541,0.9261381,9.1
2019-02-06 03:00:00+00:00,8.841885,0.9061651,8.61
2019-02-06 04:00:00+00:00,8.950464,0.9041829,8.71
2019-02-06 05:00:00+00:00,9.097157,0.9074014,8.24
2019-02-06 06:00:00+00:00,8.803325,0.9335278,7.4
2019-02-06 07:00:00+00:00,8.106593,0.9850588,7
2019-02-06 08:00:00+00:00,7.523811,1.049732,5.77
2019-02-06 09:00:00+00:00,6.523204,1.141865,6.94
2019-02-06 10:00:00+00:00,6.67699,1.210661,6.67
2019-02-06 11:00:00+00:00,6.587899,1.268565,5.59
2019-02-06 12:00:00+00:00,5.956532,1.340737,4.94
2019-02-06 13:00:00+00:00,5.291212,1.430697,5.35
2019-02-06 14:00:00+00:00,5.236898,1.494515,4.08
2019-02-06 15:00:00+00:00,4.599484,1.525073,6.16
2019-02-06 16:00:00+00:00,5.543068,1.548863,5.02
2019-02-06 17:00:00+00:00,5.340917,1.538455,5.77
2019-02-06 18:00:00+00:00,5.738465,1.591469,6.33
2019-02-06 19:00:00+00:00,6.277492,1.664644,5.39
2019-02-06 20:00:00+00:00,5.914025,1.715631,2.75
2019-02-06 21:00:00+00:00,4.280077,1.693447,1.31
2019-02-06 22:00:00+00:00,3.012961,1.473412,2.63
2019-02-06 23:00:00+00:00,3.456866,1.410266,2.97
2019-02-07 00:00:00+00:00,3.79348,1.331886,2.26
2019-02-07 01:00:00+00:00,3.061682,1.465402,5.51
2019-02-07 02:00:00+00:00,5.083422,1.81976,8.55
2019-02-07 03:00:00+00:00,8.228996,2.370576,6.48
2019-02-07 04:00:00+00:00,7.378528,2.485757,6.7
2019-02-07 05:00:00+00:00,7.241976,2.560194,8.66
2019-02-07 06:00:00+00:00,8.605785,2.762605,6.9
2019-02-07 07:00:00+00:00,7.591815,2.689592,8.13
2019-02-07 08:00:00+00:00,8.11498,2.718139,7.94
2019-02-07 09:00:00+00:00,8.066463,2.683039,6.74
2019-02-07 10:00:00+00:00,7.142893,2.544864,6.18
2019-02-07 11:00:00+00:00,6.450072,2.40139,6.54
2019-02-07 12:00:00+00:00,6.537345,2.337529,6.12
2019-02-07 13:00:00+00:00,6.293351,2.251081,2.74
2019-02-07 14:00:00+00:00,3.963152,1.930195,4.34
2019-02-07 15:00:00+00:00,4.497681,1.885214,4.5
2019-02-07 16:00:00+00:00,4.849079,1.84196,4.61
2019-02-07 17:00:00+00:00,5.0945,1.806389,4.54
2019-02-07 18:00:00+00:00,5.11879,1.764522,4.73
2019-02-07 19:00:00+00:00,5.313264,1.756677,5.22
2019-02-07 20:00:00+00:00,5.692317,1.7757,3.09
2019-02-07 21:00:00+00:00,4.309245,1.627374,6.61
2019-02-07 22:00:00+00:00,6.586148,1.816564,7.18
2019-02-07 23:00:00+00:00,7.360632,1.892391,6.8
2019-02-08 00:00:00+00:00,7.119141,1.849774,3.7
2019-02-08 01:00:00+00:00,4.714718,1.683656,5.85
2019-02-08 02:00:00+00:00,5.600849,1.728371,6.87
2019-02-08 03:00:00+00:00,6.724908,1.814138,6.18
2019-02-08 04:00:00+00:00,6.453237,1.778645,5.85
2019-02-08 05:00:00+00:00,6.170298,1.731861,6.33
2019-02-08 06:00:00+00:00,6.526416,1.737956,5.82
2019-02-08 07:00:00+00:00,6.152158,1.683721,4.31
2019-02-08 08:00:00+00:00,4.879305,1.554355,4.61
2019-02-08 09:00:00+00:00,4.935618,1.515985,3.93
2019-02-08 10:00:00+00:00,4.451735,1.449317,6.22
2019-02-08 11:00:00+00:00,6.235325,1.618439,4.68
2019-02-08 12:00:00+00:00,5.640634,1.740936,7.59
2019-02-08 13:00:00+00:00,7.454261,1.90912,7.99
2019-02-08 14:00:00+00:00,7.951665,1.930478,9.24
2019-02-08 15:00:00+00:00,8.863789,1.972654,10.06
2019-02-08 16:00:00+00:00,9.497318,1.993412,9.96
2019-02-08 17:00:00+00:00,9.451183,1.954283,8.91
2019-02-08 18:00:00+00:00,8.65988,1.85121,8.68
2019-02-08 19:00:00+00:00,8.30004,1.781385,8.74
2019-02-08 20:00:00+00:00,8.275276,1.746138,9.11
2019-02-08 21:00:00+00:00,8.535074,1.74522,8.89
2019-02-08 22:00:00+00:00,8.454232,1.727708,9.04
2019-02-08 23:00:00+00:00,8.525255,1.72242,8.84
2019-02-09 00:00:00+00:00,8.402558,1.705697,8.74
2019-02-09 01:00:00+00:00,8.299779,1.748565,9.64
2019-02-09 02:00:00+00:00,8.836084,1.80274,9.74
2019-02-09 03:00:00+00:00,9.128424,1.829608,9.28
2019-02-09 04:00:00+00:00,8.933817,1.808031,9.51
2019-02-09 05:00:00+00:00,9.093998,1.807492,11.07
2019-02-09 06:00:00+00:00,10.21318,1.887262,11.82
2019-02-09 07:00:00+00:00,10.89432,1.948264,12.05
2019-02-09 08:00:00+00:00,11.13126,1.969948,12.18
2019-02-09 09:00:00+00:00,11.1981,1.970077,11.51
2019-02-09 10:00:00+00:00,11.28557,1.988508,11.33
2019-02-09 11:00:00+00:00,11.56069,1.949709,6.17
2019-02-09 12:00:00+00:00,8.448256,1.817566,13.45
2019-02-09 13:00:00+00:00,11.22185,2.19555,12.25
2019-02-09 14:00:00+00:00,11.14482,2.375827,13.02
2019-02-09 15:00:00+00:00,11.46561,2.372792,13.71
2019-02-09 16:00:00+00:00,11.87767,2.320005,11.19
2019-02-09 17:00:00+00:00,10.6908,2.216758,10.5
2019-02-09 18:00:00+00:00,9.812166,2.075662,11.33
2019-02-09 19:00:00+00:00,10.02587,2.00087,12.51
2019-02-09 20:00:00+00:00,10.81757,2.002462,12.97
2019-02-09 21:00:00+00:00,11.32265,2.022008,14.21
2019-02-09 22:00:00+00:00,12.09471,2.069308,14.7
2019-02-09 23:00:00+00:00,12.53846,2.10818,15.45
2019-02-10 00:00:00+00:00,12.95735,2.138617,12.4
2019-02-10 01:00:00+00:00,11.85894,2.169156,11.73
2019-02-10 02:00:00+00:00,11.00298,2.119054,12.3
2019-02-10 03:00:00+00:00,11.10959,2.086703,12.25
2019-02-10 04:00:00+00:00,11.21263,2.071859,12.29
2019-02-10 05:00:00+00:00,11.34645,2.062344,12.18
2019-02-10 06:00:00+00:00,11.36756,2.052806,14.13
2019-02-10 07:00:00+00:00,12.43996,2.0933,14.15
2019-02-10 08:00:00+00:00,12.76866,2.123868,16.01
2019-02-10 09:00:00+00:00,13.65008,2.14945,14.76
2019-02-10 10:00:00+00:00,13.3839,2.156507,8.85
2019-02-10 11:00:00+00:00,10.24181,2.081245,12.44
2019-02-10 12:00:00+00:00,10.98882,2.01669,11.08
2019-02-10 13:00:00+00:00,10.48975,1.996725,9.97
2019-02-10 14:00:00+00:00,9.703857,1.95388,12.5
2019-02-10 15:00:00+00:00,11.01841,1.997602,9.23
2019-02-10 16:00:00+00:00,9.496763,1.963992,12.3
2019-02-10 17:00:00+00:00,10.98778,2.038969,12.79
2019-02-10 18:00:00+00:00,11.66522,2.121671,13.77
2019-02-10 19:00:00+00:00,12.34043,2.189141,10.24
2019-02-10 20:00:00+00:00,10.53202,2.149229,8.93
2019-02-10 21:00:00+00:00,8.98252,2.04644,12.94
2019-02-10 22:00:00+00:00,10.89639,2.108012,19.11
2019-02-10 23:00:00+00:00,14.13898,2.287204,15.55
2019-02-11 00:00:00+00:00,13.79849,2.337395,19.61
2019-02-11 01:00:00+00:00,15.17667,2.38213,19.33
2019-02-11 02:00:00+00:00,15.5974,2.386137,18.82
2019-02-11 03:00:00+00:00,15.64708,2.360008,16.41
2019-02-11 04:00:00+00:00,14.95909,2.373715,16.07
2019-02-11 05:00:00+00:00,14.48312,2.330965,14.91
2019-02-11 06:00:00+00:00,13.85036,2.297062,14.62
2019-02-11 07:00:00+00:00,13.34197,2.223225,12.23
2019-02-11 08:00:00+00:00,11.99357,2.162557,18.52
2019-02-11 09:00:00+00:00,14.08908,2.063429,12.79
2019-02-11 10:00:00+00:00,12.59423,2.095325,14.74
2019-02-11 11:00:00+00:00,12.76355,2.023583,12.56
2019-02-11 12:00:00+00:00,12.43175,1.992138,7.61
2019-02-11 13:00:00+00:00,9.240177,2.009478,12.78
2019-02-11 14:00:00+00:00,10.76823,1.975299,12.3
2019-02-11 15:00:00+00:00,10.97627,1.985644,11.76
2019-02-11 16:00:00+00:00,10.75072,1.959679,11.93
2019-02-11 17:00:00+00:00,10.77197,1.938852,11.37
2019-02-11 18:00:00+00:00,10.45003,1.908712,9
2019-02-11 19:00:00+00:00,8.909078,1.808568,8.3
2019-02-11 20:00:00+00:00,8.029526,1.723331,9.34
2019-02-11 21:00:00+00:00,8.555489,1.72767,7.96
2019-02-11 22:00:00+00:00,7.840771,1.683008,8.63
2019-02-11 23:00:00+00:00,8.177106,1.699689,9.69
2019-02-12 00:00:00+00:00,8.975087,1.772155,9.09
2019-02-12 01:00:00+00:00,8.830172,1.861406,8.47
2019-02-12 02:00:00+00:00,8.274036,1.856741,11.28
2019-02-12 03:00:00+00:00,10.23679,2.025774,5.93
2019-02-12 04:00:00+00:00,6.938718,1.819698,10.45
2019-02-12 05:00:00+00:00,9.550045,1.967284,9.58
2019-02-12 06:00:00+00:00,9.430546,1.970357,9.69
2019-02-12 07:00:00+00:00,9.432611,1.9515,10.41
2019-02-12 08:00:00+00:00,9.896659,1.96783,9.1
2019-02-12 09:00:00+00:00,9.053826,1.89648,9.53
2019-02-12 10:00:00+00:00,9.098049,1.866353,10.32
2019-02-12 11:00:00+00:00,9.612082,1.876614,11.22
2019-02-12 12:00:00+00:00,10.29403,1.913459,11.85
2019-02-12 13:00:00+00:00,10.80225,1.947055,6.51
2019-02-12 14:00:00+00:00,7.58712,1.789384,8.04
2019-02-12 15:00:00+00:00,8.119658,1.811252,9.22
2019-02-12 16:00:00+00:00,9.063225,1.788711,5.87
2019-02-12 17:00:00+00:00,7.078732,1.603165,8.76
2019-02-12 18:00:00+00:00,8.286074,1.463119,7.03
2019-02-12 19:00:00+00:00,7.573175,1.289239,7.1
2019-02-12 20:00:00+00:00,7.359341,1.161819,5.39
2019-02-12 21:00:00+00:00,6.247878,1.107379,6.5
2019-02-12 22:00:00+00:00,6.468807,1.066738,5.69
2019-02-12 23:00:00+00:00,6.121543,1.037973,5.39
2019-02-13 00:00:00+00:00,5.864551,1.01621,5.6
2019-02-13 01:00:00+00:00,5.658032,0.9616805,5.4
2019-02-13 02:00:00+00:00,5.515043,0.9588153,5.01
2019-02-13 03:00:00+00:00,5.379848,0.9632854,4.21
2019-02-13 04:00:00+00:00,4.963212,0.977064,3.53
2019-02-13 05:00:00+00:00,4.422802,1.012415,6.91
2019-02-13 06:00:00+00:00,6.284833,1.009999,7.91
2019-02-13 07:00:00+00:00,7.604716,0.9984191,6.1
2019-02-13 08:00:00+00:00,6.992006,1.014883,7.47
2019-02-13 09:00:00+00:00,7.449099,1.043714,7.45
2019-02-13 10:00:00+00:00,7.502426,1.076813,11.29
2019-02-13 11:00:00+00:00,9.718328,1.04367,8.86
2019-02-13 12:00:00+00:00,9.453595,1.008248,11.36
2019-02-13 13:00:00+00:00,10.57293,0.9730401,9.28
2019-02-13 14:00:00+00:00,10.02404,0.9691498,11.49
2019-02-13 15:00:00+00:00,10.87513,0.9391175,9.95
2019-02-13 16:00:00+00:00,10.54907,0.9271527,8.3
2019-02-13 17:00:00+00:00,9.483462,0.9476514,11.21
2019-02-13 18:00:00+00:00,10.36877,0.9229176,8.26
2019-02-13 19:00:00+00:00,9.378482,0.934144,7.47
2019-02-13 20:00:00+00:00,8.426431,0.9621896,5.29
2019-02-13 21:00:00+00:00,6.875308,1.031862,9.14
2019-02-13 22:00:00+00:00,8.049128,0.9816846,8.99
2019-02-13 23:00:00+00:00,8.593416,0.9321012,9.08
2019-02-14 00:00:00+00:00,8.927062,0.8902487,8.77
2019-02-14 01:00:00+00:00,9.013567,0.8082177,8.69
2019-02-14 02:00:00+00:00,9.008986,0.7924786,8.02
2019-02-14 03:00:00+00:00,8.677217,0.7983671,8.6
2019-02-14 04:00:00+00:00,8.891892,0.8052679,7.42
2019-02-14 05:00:00+00:00,8.394876,0.8217013,9.61
2019-02-14 06:00:00+00:00,9.308975,0.8305551,8.84
2019-02-14 07:00:00+00:00,9.260573,0.8480487,11
2019-02-14 08:00:00+00:00,10.38603,0.8449852,9.48
2019-02-14 09:00:00+00:00,10.06934,0.8604889,8.62
2019-02-14 10:00:00+00:00,9.388995,0.897186,9.84
2019-02-14 11:00:00+00:00,9.648167,0.9131863,12.03
2019-02-14 12:00:00+00:00,10.87243,0.8968045,15.15
2019-02-14 13:00:00+00:00,12.99368,0.8599339,14.61
2019-02-14 14:00:00+00:00,13.9122,0.8402203,6.19
2019-02-14 15:00:00+00:00,10.47326,0.8853176,8.58
2019-02-14 16:00:00+00:00,9.494267,0.9268687,10.53
2019-02-14 17:00:00+00:00,9.917693,0.9319364,12.12
2019-02-14 18:00:00+00:00,10.98996,0.8997983,12.76
2019-02-14 19:00:00+00:00,11.91629,0.8631768,11.44
2019-02-14 20:00:00+00:00,11.8066,0.8455036,11.34
2019-02-14 21:00:00+00:00,11.64585,0.8344196,12.49
2019-02-14 22:00:00+00:00,12.093,0.8170714,11.8
2019-02-14 23:00:00+00:00,12.00729,0.8026042,16.64
2019-02-15 00:00:00+00:00,14.12847,0.7861264,14.11
2019-02-15 01:00:00+00:00,14.46782,0.7463073,9.01
2019-02-15 02:00:00+00:00,11.95158,0.7352188,9.67
2019-02-15 03:00:00+00:00,10.89738,0.7518821,10.9
2019-02-15 04:00:00+00:00,11.09866,0.7697482,9.81
2019-02-15 05:00:00+00:00,10.65857,0.7906147,7.36
2019-02-15 06:00:00+00:00,9.076353,0.8486466,8.68
2019-02-15 07:00:00+00:00,8.914362,0.8947609,12.8
2019-02-15 08:00:00+00:00,11.10006,0.8603865,12.68
2019-02-15 09:00:00+00:00,12.07355,0.8475357,12.08
2019-02-15 10:00:00+00:00,12.24304,0.8451138,12.81
2019-02-15 11:00:00+00:00,12.64178,0.841664,14.46
2019-02-15 12:00:00+00:00,13.57705,0.8354042,9.67
2019-02-15 13:00:00+00:00,11.92538,0.8561426,11.74
2019-02-15 14:00:00+00:00,11.88501,0.8622087,11.04
2019-02-15 15:00:00+00:00,11.52734,0.8787671,9.82
2019-02-15 16:00:00+00:00,10.73659,0.904054,11.51
2019-02-15 17:00:00+00:00,11.10237,0.8978437,9.83
2019-02-15 18:00:00+00:00,10.49153,0.9135318,10.28
2019-02-15 19:00:00+00:00,10.36436,0.9111894,9
2019-02-15 20:00:00+00:00,9.690348,0.9192386,10.31
2019-02-15 21:00:00+00:00,9.958133,0.9002116,8.76
2019-02-15 22:00:00+00:00,9.35873,0.8959715,8.73
2019-02-15 23:00:00+00:00,9.030785,0.8850794,7.23
2019-02-16 00:00:00+00:00,8.109764,0.8970174,8.85
2019-02-16 01:00:00+00:00,8.519176,0.8174563,8.37
2019-02-16 02:00:00+00:00,8.512675,0.8055027,7.74
2019-02-16 03:00:00+00:00,8.238377,0.8140961,8.82
2019-02-16 04:00:00+00:00,8.823834,0.8112938,8.84
2019-02-16 05:00:00+00:00,9.10957,0.816169,8.03
2019-02-16 06:00:00+00:00,8.759219,0.8393746,9.85
2019-02-16 07:00:00+00:00,9.568355,0.8475888,9.84
2019-02-16 08:00:00+00:00,9.898209,0.8556498,9.18
2019-02-16 09:00:00+00:00,9.662424,0.8754755,9.1
2019-02-16 10:00:00+00:00,9.460225,0.8994598,7.93
2019-02-16 11:00:00+00:00,8.727904,0.9414487,6.81
2019-02-16 12:00:00+00:00,7.759664,1.008213,6.71
2019-02-16 13:00:00+00:00,7.238696,1.060403,5.8
2019-02-16 14:00:00+00:00,6.550978,1.11615,5.78
2019-02-16 15:00:00+00:00,6.211552,1.150407,7.2
2019-02-16 16:00:00+00:00,6.705764,1.142633,10.61
2019-02-16 17:00:00+00:00,8.745749,1.051583,6.51
2019-02-16 18:00:00+00:00,7.734015,1.044431,5.73
2019-02-16 19:00:00+00:00,6.816522,1.067782,5.64
2019-02-16 20:00:00+00:00,6.261724,1.106804,7.54
2019-02-16 21:00:00+00:00,7.030525,1.057174,7.2
2019-02-16 22:00:00+00:00,7.263125,1.008016,6.74
2019-02-16 23:00:00+00:00,7.161324,0.9742563,5.41
2019-02-17 00:00:00+00:00,6.450618,0.9693495,5.03
2019-02-17 01:00:00+00:00,5.781024,0.9178498,7.44
2019-02-17 02:00:00+00:00,6.814721,0.8959671,5.34
2019-02-17 03:00:00+00:00,5.322098,1.133918,7
2019-02-17 04:00:00+00:00,5.759402,1.334744,8.82
2019-02-17 05:00:00+00:00,7.272816,1.579911,10.92
2019-02-17 06:00:00+00:00,9.38597,1.913885,8.3
2019-02-17 07:00:00+00:00,9.072546,1.825998,9.85
2019-02-17 08:00:00+00:00,10.13435,1.729414,4.3
2019-02-17 09:00:00+00:00,7.007758,1.549692,3.85
2019-02-17 10:00:00+00:00,5.415005,1.432031,8.76
2019-02-17 11:00:00+00:00,7.671125,1.310736,9.52
2019-02-17 12:00:00+00:00,9.03573,1.169883,8.33
2019-02-17 13:00:00+00:00,8.052261,1.562306,8.42
2019-02-17 14:00:00+00:00,7.629862,1.984218,7.52
2019-02-17 15:00:00+00:00,7.005265,2.285407,6.71
2019-02-17 16:00:00+00:00,6.734472,2.071872,3.74
2019-02-17 17:00:00+00:00,4.970987,2.155778,8.33
2019-02-17 18:00:00+00:00,7.115817,2.078273,7.59
2019-02-17 19:00:00+00:00,7.629399,1.870148,6.44
2019-02-17 20:00:00+00:00,7.095737,1.575983,6.03
2019-02-17 21:00:00+00:00,6.595511,1.308793,9.52
2019-02-17 22:00:00+00:00,8.423386,1.7638,8.28
2019-02-17 23:00:00+00:00,8.101937,2.052456,8.75
2019-02-18 00:00:00+00:00,8.168598,2.187901,8.64
2019-02-18 01:00:00+00:00,7.968915,2.261151,8.78
2019-02-18 02:00:00+00:00,8.020845,2.196169,5.76
2019-02-18 03:00:00+00:00,6.073828,1.905188,8.01
2019-02-18 04:00:00+00:00,7.334751,1.875272,8.63
2019-02-18 05:00:00+00:00,8.230989,1.887631,7.91
2019-02-18 06:00:00+00:00,7.936626,1.822679,7.17
2019-02-18 07:00:00+00:00,7.301597,1.728377,5.73
2019-02-18 08:00:00+00:00,6.072402,1.600192,5.95
2019-02-18 09:00:00+00:00,6.048904,1.555115,4.09
2019-02-18 10:00:00+00:00,4.667922,1.441366,3.46
2019-02-18 11:00:00+00:00,4.068034,1.377071,4.82
2019-02-18 12:00:00+00:00,5.132654,1.425337,3.12
2019-02-18 13:00:00+00:00,3.997072,1.348211,2.72
2019-02-18 14:00:00+00:00,3.588741,1.307025,1.3
2019-02-18 15:00:00+00:00,2.617934,1.234899,1.84
2019-02-18 16:00:00+00:00,2.960175,1.241677,1.64
2019-02-18 17:00:00+00:00,2.991685,1.229565,0.25
2019-02-18 18:00:00+00:00,1.818242,1.149737,1.36
2019-02-18 19:00:00+00:00,2.863744,1.265654,0.830000000000001
2019-02-18 20:00:00+00:00,2.262215,1.217181,2.28
2019-02-18 21:00:00+00:00,3.293395,1.336305,3.12
2019-02-18 22:00:00+00:00,3.919551,1.427308,3.57
2019-02-18 23:00:00+00:00,4.283353,1.486667,5.3
2019-02-19 00:00:00+00:00,5.501552,1.59569,5.13
2019-02-19 01:00:00+00:00,5.399425,1.808762,5.68
2019-02-19 02:00:00+00:00,5.712159,2.009342,5.31
2019-02-19 03:00:00+00:00,5.629772,2.097315,5.91
2019-02-19 04:00:00+00:00,6.16466,2.219274,7.44
2019-02-19 05:00:00+00:00,7.493673,2.405186,5.97
2019-02-19 06:00:00+00:00,6.722885,2.404693,7.46
2019-02-19 07:00:00+00:00,7.511581,2.476708,7.98
2019-02-19 08:00:00+00:00,8.03817,2.526785,8.14
2019-02-19 09:00:00+00:00,8.251005,2.541536,10.28
2019-02-19 10:00:00+00:00,9.609164,2.59255,10.9
2019-02-19 11:00:00+00:00,10.4179,2.571436,11.11
2019-02-19 12:00:00+00:00,10.80617,2.504467,9.81
2019-02-19 13:00:00+00:00,10.19653,2.45312,8.72
2019-02-19 14:00:00+00:00,9.221758,2.410102,7.05
2019-02-19 15:00:00+00:00,7.801455,2.355157,8.87
2019-02-19 16:00:00+00:00,8.137553,2.305932,7.25
2019-02-19 17:00:00+00:00,7.447731,2.208868,7.3
2019-02-19 18:00:00+00:00,7.205585,2.211859,8.73
2019-02-19 19:00:00+00:00,7.993394,2.092662,9.15
2019-02-19 20:00:00+00:00,8.624408,2.110685,9.86
2019-02-19 21:00:00+00:00,9.292003,2.088523,10.87
2019-02-19 22:00:00+00:00,10.09764,2.028416,9.02
2019-02-19 23:00:00+00:00,9.356415,1.935928,10.12
2019-02-20 00:00:00+00:00,9.552115,1.88651,7.5
2019-02-20 01:00:00+00:00,8.124552,2.008019,1.76
2019-02-20 02:00:00+00:00,4.177097,2.037179,3.09
2019-02-20 03:00:00+00:00,3.367711,2.072302,2.65
2019-02-20 04:00:00+00:00,2.848027,1.838754,1.78
2019-02-20 05:00:00+00:00,2.501208,1.659935,4.02
2019-02-20 06:00:00+00:00,4.212628,1.89132,6.34
2019-02-20 07:00:00+00:00,6.450028,2.189713,4.45
2019-02-20 08:00:00+00:00,5.393153,2.112101,5.42
2019-02-20 09:00:00+00:00,5.799213,2.174514,4.96
2019-02-20 10:00:00+00:00,5.456704,2.135077,2.66
2019-02-20 11:00:00+00:00,3.700348,1.895475,3.27
2019-02-20 12:00:00+00:00,3.728704,1.880393,2.8
2019-02-20 13:00:00+00:00,3.420357,1.810891,3.08
2019-02-20 14:00:00+00:00,3.594407,1.801219,1.22
2019-02-20 15:00:00+00:00,2.486383,1.622468,1.08
2019-02-20 16:00:00+00:00,2.237427,1.537151,1.4
2019-02-20 17:00:00+00:00,2.451633,1.5087,1.91
2019-02-20 18:00:00+00:00,2.879533,1.512278,1.79
2019-02-20 19:00:00+00:00,2.916898,1.485292,1.44
2019-02-20 20:00:00+00:00,2.65872,1.397232,2.6
2019-02-20 21:00:00+00:00,3.359264,1.401377,3.37
2019-02-20 22:00:00+00:00,3.965968,1.375925,3.51
2019-02-20 23:00:00+00:00,4.146917,1.293395,3.26
2019-02-21 00:00:00+00:00,4.01219,1.180593,3.08
2019-02-21 01:00:00+00:00,3.440892,1.147414,2.69
2019-02-21 02:00:00+00:00,2.985169,1.117575,2.84
2019-02-21 03:00:00+00:00,3.089258,1.104691,2.66
2019-02-21 04:00:00+00:00,3.061297,1.10475,3.02
2019-02-21 05:00:00+00:00,3.303249,1.136069,3.29
2019-02-21 06:00:00+00:00,3.562348,1.157175,2.3
2019-02-21 07:00:00+00:00,2.919822,1.179344,2.73
2019-02-21 08:00:00+00:00,2.976794,1.239557,2.9
2019-02-21 09:00:00+00:00,3.117144,1.27072,2.88
2019-02-21 10:00:00+00:00,3.142211,1.309891,2.41
2019-02-21 11:00:00+00:00,2.866133,1.331029,1.97
2019-02-21 12:00:00+00:00,2.565332,1.339142,1.57
2019-02-21 13:00:00+00:00,2.317429,1.32906,1.43
2019-02-21 14:00:00+00:00,2.258886,1.319266,0.73
2019-02-21 15:00:00+00:00,1.918864,1.27237,0.32
2019-02-21 16:00:00+00:00,1.758493,1.332173,1.16
2019-02-21 17:00:00+00:00,2.371187,1.380338,1.64
2019-02-21 18:00:00+00:00,2.951468,1.403343,1.93
2019-02-21 19:00:00+00:00,3.308211,1.405614,0.59
2019-02-21 20:00:00+00:00,2.2974,1.246643,2.61
2019-02-21 21:00:00+00:00,3.561977,1.317539,2.22
2019-02-21 22:00:00+00:00,3.328075,1.237533,2.63
2019-02-21 23:00:00+00:00,3.471534,1.155078,3.15
2019-02-22 00:00:00+00:00,3.775835,1.048008,3.31
2019-02-22 01:00:00+00:00,3.594504,0.9875084,3.48
2019-02-22 02:00:00+00:00,3.507711,1.347032,3.85
2019-02-22 03:00:00+00:00,3.812308,1.595451,4.05
2019-02-22 04:00:00+00:00,4.270688,1.751792,3.42
2019-02-22 05:00:00+00:00,4.006943,1.732054,2.27
2019-02-22 06:00:00+00:00,3.162387,1.580408,2.05
2019-02-22 07:00:00+00:00,2.926467,1.503953,1.54
2019-02-22 08:00:00+00:00,2.755023,1.453744,1.08
2019-02-22 09:00:00+00:00,2.276308,1.354841,1.03
2019-02-22 10:00:00+00:00,2.022566,1.249214,0.7
2019-02-22 11:00:00+00:00,1.710768,1.150172,0.32
2019-02-22 12:00:00+00:00,1.40566,1.091089,0.759999999999999
2019-02-22 13:00:00+00:00,1.30503,1.341167,0.450000000000001
2019-02-22 14:00:00+00:00,1.369333,1.154235,0.369999999999999
2019-02-22 15:00:00+00:00,1.450587,1.331186,0.96
2019-02-22 16:00:00+00:00,1.994882,1.374871,0.870000000000001
2019-02-22 17:00:00+00:00,2.118303,1.225739,0.7
2019-02-22 18:00:00+00:00,2.206933,1.189887,1.19
2019-02-22 19:00:00+00:00,2.480689,1.216067,2.29
2019-02-22 20:00:00+00:00,3.185807,1.193983,3.66
2019-02-22 21:00:00+00:00,4.258233,1.179188,4.07
2019-02-22 22:00:00+00:00,4.700178,1.123159,4.06
2019-02-22 23:00:00+00:00,4.751382,1.0569,3.99
2019-02-23 00:00:00+00:00,4.713349,1.005285,3.74
2019-02-23 01:00:00+00:00,4.119875,0.9894828,3.67
2019-02-23 02:00:00+00:00,3.8488,1.006413,3.5
2019-02-23 03:00:00+00:00,3.75538,1.041176,2.92
2019-02-23 04:00:00+00:00,3.373518,1.089878,3.07
2019-02-23 05:00:00+00:00,3.464132,1.111615,2.39
2019-02-23 06:00:00+00:00,3.01512,1.145392,2.04
2019-02-23 07:00:00+00:00,2.649235,1.187639,1.87
2019-02-23 08:00:00+00:00,2.430862,1.222559,1.91
2019-02-23 09:00:00+00:00,2.436446,1.230259,1.35
2019-02-23 10:00:00+00:00,2.038842,1.272462,1.1
2019-02-23 11:00:00+00:00,1.922718,1.214805,1.57
2019-02-23 12:00:00+00:00,2.180078,1.227544,1.74
2019-02-23 13:00:00+00:00,2.424899,1.167636,1.59
2019-02-23 14:00:00+00:00,2.429008,1.113974,1.04
2019-02-23 15:00:00+00:00,1.988573,1.162814,1.5
2019-02-23 16:00:00+00:00,2.22757,1.131544,1.39
2019-02-23 17:00:00+00:00,2.285709,1.105936,0.749999999999999
2019-02-23 18:00:00+00:00,2.005086,1.067512,2.33
2019-02-23 19:00:00+00:00,2.888209,1.04763,3.29
2019-02-23 20:00:00+00:00,3.700936,1.035147,2.83
2019-02-23 21:00:00+00:00,3.641823,1.039039,3.64
2019-02-23 22:00:00+00:00,4.152509,1.050047,4.11
2019-02-23 23:00:00+00:00,4.625948,1.029904,4.26
2019-02-24 00:00:00+00:00,4.893627,0.9990236,3.77
2019-02-24 01:00:00+00:00,4.303233,0.9546623,3.85
2019-02-24 02:00:00+00:00,4.151848,0.9529901,4.23
2019-02-24 03:00:00+00:00,4.504325,0.9484972,4.06
2019-02-24 04:00:00+00:00,4.588807,0.9529291,3.88
2019-02-24 05:00:00+00:00,4.52304,0.971298,3.77
2019-02-24 06:00:00+00:00,4.462149,0.9876586,3.34
2019-02-24 07:00:00+00:00,4.164466,1.013321,5.08
2019-02-24 08:00:00+00:00,5.066549,1.036074,4.58
2019-02-24 09:00:00+00:00,5.006137,1.063133,4.18
2019-02-24 10:00:00+00:00,4.705459,1.106597,4.33
2019-02-24 11:00:00+00:00,4.630472,1.148237,4.4
2019-02-24 12:00:00+00:00,4.616438,1.178853,4.72
2019-02-24 13:00:00+00:00,4.760602,1.204565,3.25
2019-02-24 14:00:00+00:00,4.067235,1.22828,4.8
2019-02-24 15:00:00+00:00,4.579483,1.24833,5.76
2019-02-24 16:00:00+00:00,5.384264,1.218242,5.25
2019-02-24 17:00:00+00:00,5.473737,1.189338,5.54
2019-02-24 18:00:00+00:00,5.697601,1.1669,6.21
2019-02-24 19:00:00+00:00,6.183422,1.133324,5.96
2019-02-24 20:00:00+00:00,6.259904,1.103864,5.97
2019-02-24 21:00:00+00:00,6.299356,1.085308,4.95
2019-02-24 22:00:00+00:00,5.769838,1.08472,4.64
2019-02-24 23:00:00+00:00,5.416517,1.082453,4.74
2019-02-25 00:00:00+00:00,5.354108,1.067088,4.87
2019-02-25 01:00:00+00:00,5.120795,0.9994689,5.31
2019-02-25 02:00:00+00:00,5.293967,0.9867442,5.26
2019-02-25 03:00:00+00:00,5.443621,0.9820847,5.22
2019-02-25 04:00:00+00:00,5.556486,0.9861861,4.93
2019-02-25 05:00:00+00:00,5.430271,1.00643,5.31
2019-02-25 06:00:00+00:00,5.582555,1.035554,5.41
2019-02-25 07:00:00+00:00,5.692879,1.059289,5.04
2019-02-25 08:00:00+00:00,5.485162,1.090776,4.9
2019-02-25 09:00:00+00:00,5.283463,1.128984,4.9
2019-02-25 10:00:00+00:00,5.195378,1.15791,6.17
2019-02-25 11:00:00+00:00,5.88024,1.166158,3.78
2019-02-25 12:00:00+00:00,4.818873,1.197715,4.75
2019-02-25 13:00:00+00:00,4.885758,1.22788,7.59
2019-02-25 14:00:00+00:00,6.480358,1.219119,6.8
2019-02-25 15:00:00+00:00,6.793493,1.172627,9.09
2019-02-25 16:00:00+00:00,8.236199,1.127572,6.46
2019-02-25 17:00:00+00:00,7.40006,1.098377,6.6
2019-02-25 18:00:00+00:00,7.04433,1.103808,5.9
2019-02-25 19:00:00+00:00,6.511216,1.109896,6.72
2019-02-25 20:00:00+00:00,6.751871,1.082366,6.58
2019-02-25 21:00:00+00:00,6.810592,1.050059,6.33
2019-02-25 22:00:00+00:00,6.725293,1.024457,6.47
2019-02-25 23:00:00+00:00,6.777212,0.9976491,6.11
2019-02-26 00:00:00+00:00,6.627745,0.9743571,4.86
2019-02-26 01:00:00+00:00,5.680984,0.9363654,5.33
2019-02-26 02:00:00+00:00,5.503139,0.9488282,5.55
2019-02-26 03:00:00+00:00,4.9052,1.20107,5.93
2019-02-26 04:00:00+00:00,5.789964,1.074463,6.19
2019-02-26 05:00:00+00:00,6.417043,1.025519,6.15
2019-02-26 06:00:00+00:00,6.64237,1.007094,6.03
2019-02-26 07:00:00+00:00,6.604595,1.012839,5.68
2019-02-26 08:00:00+00:00,6.30131,1.039864,5.18
2019-02-26 09:00:00+00:00,5.818237,1.083808,4.67
2019-02-26 10:00:00+00:00,5.270142,1.140786,4.67
2019-02-26 11:00:00+00:00,5.013467,1.188795,4.88
2019-02-26 12:00:00+00:00,5.016792,1.216486,4.37
2019-02-26 13:00:00+00:00,4.760406,1.235508,3.93
2019-02-26 14:00:00+00:00,4.439956,1.250333,3.03
2019-02-26 15:00:00+00:00,3.883851,1.258792,3.7
2019-02-26 16:00:00+00:00,4.012297,1.246786,5.26
2019-02-26 17:00:00+00:00,4.912992,1.20843,5.7
2019-02-26 18:00:00+00:00,5.554574,1.170165,4.93
2019-02-26 19:00:00+00:00,5.032256,1.456359,4.69
2019-02-26 20:00:00+00:00,4.872184,1.620456,4.75
2019-02-26 21:00:00+00:00,5.132677,1.350936,4.94
2019-02-26 22:00:00+00:00,5.465528,1.185848,5.1
2019-02-26 23:00:00+00:00,5.675492,1.060388,4.64
2019-02-27 00:00:00+00:00,5.472621,0.9782992,4.74
2019-02-27 01:00:00+00:00,5.150025,0.9132095,5.17
2019-02-27 02:00:00+00:00,5.307885,0.9064705,5.13
2019-02-27 03:00:00+00:00,5.470369,0.908911,5.59
2019-02-27 04:00:00+00:00,5.905194,0.9183949,6.38
2019-02-27 05:00:00+00:00,6.57398,0.9346951,6.72
2019-02-27 06:00:00+00:00,7.072258,0.9394382,5.36
2019-02-27 07:00:00+00:00,6.305711,0.9853402,5.03
2019-02-27 08:00:00+00:00,5.794139,1.03794,6.89
2019-02-27 09:00:00+00:00,6.602847,1.059757,7.45
2019-02-27 10:00:00+00:00,7.244858,1.060887,7.74
2019-02-27 11:00:00+00:00,7.684844,1.058038,7.67
2019-02-27 12:00:00+00:00,7.823761,1.059416,8.3
2019-02-27 13:00:00+00:00,7.168497,1.335184,8.24
2019-02-27 14:00:00+00:00,7.998252,1.190046,12.12
2019-02-27 15:00:00+00:00,10.35441,1.060396,8.26
2019-02-27 16:00:00+00:00,9.486586,1.005163,9.12
2019-02-27 17:00:00+00:00,9.47757,0.9614565,8.51
2019-02-27 18:00:00+00:00,9.124276,0.9413647,8.04
2019-02-27 19:00:00+00:00,8.666945,0.9387622,6.8
2019-02-27 20:00:00+00:00,7.793115,0.9589362,7.26
2019-02-27 21:00:00+00:00,7.583074,0.9683436,7.11
2019-02-27 22:00:00+00:00,7.416049,0.9678736,9.84
2019-02-27 23:00:00+00:00,8.763993,0.9093196,8.18
2019-02-28 00:00:00+00:00,8.565903,0.8815855,7.08
2019-02-28 01:00:00+00:00,7.944088,0.8111728,8.41
2019-02-28 02:00:00+00:00,8.386891,0.7963372,8.36
2019-02-28 03:00:00+00:00,8.653652,0.7897509,8.89
2019-02-28 04:00:00+00:00,9.119359,0.7897698,8.68
2019-02-28 05:00:00+00:00,9.218517,0.7980866,9.42
2019-02-28 06:00:00+00:00,9.670687,0.8043495,9.25
2019-02-28 07:00:00+00:00,9.734097,0.8186159,8.96
2019-02-28 08:00:00+00:00,9.556341,0.8414427,8.82
2019-02-28 09:00:00+00:00,9.382032,0.8643084,8.99
2019-02-28 10:00:00+00:00,9.323963,0.8882649,9.13
2019-02-28 11:00:00+00:00,9.333982,0.9084671,8.29
2019-02-28 12:00:00+00:00,8.92555,0.93542,6.8
2019-02-28 13:00:00+00:00,7.930533,0.9882863,6.53
2019-02-28 14:00:00+00:00,7.273489,1.042332,6.76
2019-02-28 15:00:00+00:00,7.027787,1.075801,8.15
2019-02-28 16:00:00+00:00,7.625921,1.047269,8.76
2019-02-28 17:00:00+00:00,7.437919,1.239089,6.58
2019-02-28 18:00:00+00:00,7.186282,1.128709,7.79
2019-02-28 19:00:00+00:00,7.593927,1.052714,7.33
2019-02-28 20:00:00+00:00,6.965652,1.274822,6.78
2019-02-28 21:00:00+00:00,6.464731,1.485817,5.73
2019-02-28 22:00:00+00:00,6.152673,1.270678,5.93
2019-02-28 23:00:00+00:00,6.273158,1.122215,5.56
2019-03-01 00:00:00+00:00,6.157183,1.005088,5.67
2019-03-01 01:00:00+00:00,5.927474,0.9108713,6.29
2019-03-01 02:00:00+00:00,6.279318,0.8827477,6.32
2019-03-01 03:00:00+00:00,5.861492,1.170502,9.35
2019-03-01 04:00:00+00:00,8.521264,1.028383,7.29
2019-03-01 05:00:00+00:00,8.257028,0.9501805,8.13
2019-03-01 06:00:00+00:00,8.703941,0.918699,7.55
2019-03-01 07:00:00+00:00,8.477064,0.9056637,7.34
2019-03-01 08:00:00+00:00,8.150723,0.9255568,6.87
2019-03-01 09:00:00+00:00,7.657627,0.9641674,4.53
2019-03-01 10:00:00+00:00,6.141226,1.052467,5.73
2019-03-01 11:00:00+00:00,5.968238,1.120027,6.43
2019-03-01 12:00:00+00:00,6.218153,1.148664,5.49
2019-03-01 13:00:00+00:00,5.871369,1.182382,5.12
2019-03-01 14:00:00+00:00,5.498744,1.224261,6.1
2019-03-01 15:00:00+00:00,5.775887,1.243566,5.75
2019-03-01 16:00:00+00:00,5.767384,1.24385,6.27
2019-03-01 17:00:00+00:00,6.050352,1.223256,5.12
2019-03-01 18:00:00+00:00,5.65254,1.207589,5
2019-03-01 19:00:00+00:00,5.437469,1.194107,4.54
2019-03-01 20:00:00+00:00,5.138164,1.176493,4.29
2019-03-01 21:00:00+00:00,4.956043,1.134988,4.72
2019-03-01 22:00:00+00:00,5.091667,1.115523,6.87
2019-03-01 23:00:00+00:00,6.341937,1.055829,5.36
2019-03-02 00:00:00+00:00,6.086692,0.9972199,4.85
2019-03-02 01:00:00+00:00,5.461262,0.9379854,4.92
2019-03-02 02:00:00+00:00,5.201014,0.9450238,4.53
2019-03-02 03:00:00+00:00,4.943913,0.9586036,4.62
2019-03-02 04:00:00+00:00,4.965171,0.9739189,5.3
2019-03-02 05:00:00+00:00,5.397892,0.9903096,5.67
2019-03-02 06:00:00+00:00,5.848326,0.9933336,8.46
2019-03-02 07:00:00+00:00,7.739339,0.9948827,4.72
2019-03-02 08:00:00+00:00,6.163483,1.016837,5.24
2019-03-02 09:00:00+00:00,5.851243,1.057097,5.07
2019-03-02 10:00:00+00:00,5.490813,1.110626,6.41
2019-03-02 11:00:00+00:00,6.083099,1.125993,5.02
2019-03-02 12:00:00+00:00,5.549724,1.159073,6.65
2019-03-02 13:00:00+00:00,6.20424,1.164003,3.48
2019-03-02 14:00:00+00:00,4.824373,1.214965,3.42
2019-03-02 15:00:00+00:00,4.234629,1.25424,2.64
2019-03-02 16:00:00+00:00,3.582392,1.287762,4.65
2019-03-02 17:00:00+00:00,4.291187,1.27313,5.64
2019-03-02 18:00:00+00:00,5.157294,1.237837,6.53
2019-03-02 19:00:00+00:00,6.112723,1.177315,4.93
2019-03-02 20:00:00+00:00,5.627141,1.155301,4.89
2019-03-02 21:00:00+00:00,5.45423,1.125724,5.14
2019-03-02 22:00:00+00:00,5.533427,1.09655,6.29
2019-03-02 23:00:00+00:00,6.235377,1.044387,5.04
2019-03-03 00:00:00+00:00,5.843894,1.012054,4.36
2019-03-03 01:00:00+00:00,4.992819,0.9700228,5.7
2019-03-03 02:00:00+00:00,5.458923,0.9582007,4.93
2019-03-03 03:00:00+00:00,5.263754,0.9598317,4.82
2019-03-03 04:00:00+00:00,5.204306,0.9754778,5.15
2019-03-03 05:00:00+00:00,5.426776,0.9911419,6.13
2019-03-03 06:00:00+00:00,6.192573,0.9898035,5.73
2019-03-03 07:00:00+00:00,6.180154,1.003125,5.18
2019-03-03 08:00:00+00:00,5.77702,1.041186,7.16
2019-03-03 09:00:00+00:00,6.716434,1.072133,5.74
2019-03-03 10:00:00+00:00,6.354199,1.068256,4.53
2019-03-03 11:00:00+00:00,5.498835,1.109743,5.24
2019-03-03 12:00:00+00:00,5.409153,1.159475,5.28
2019-03-03 13:00:00+00:00,5.327108,1.202234,4.49
2019-03-03 14:00:00+00:00,4.91486,1.233229,4.56
2019-03-03 15:00:00+00:00,4.793994,1.248569,4.33
2019-03-03 16:00:00+00:00,4.649658,1.249795,3.75
2019-03-03 17:00:00+00:00,4.334708,1.244414,4.35
2019-03-03 18:00:00+00:00,4.540523,1.221103,4.41
2019-03-03 19:00:00+00:00,4.68982,1.190399,4.66
2019-03-03 20:00:00+00:00,4.913675,1.160945,4.13
2019-03-03 21:00:00+00:00,4.762383,1.135372,4.67
2019-03-03 22:00:00+00:00,5.017609,1.107473,4.57
2019-03-03 23:00:00+00:00,5.10062,1.073018,6.6
2019-03-04 00:00:00+00:00,6.283502,1.01286,5.76
2019-03-04 01:00:00+00:00,6.096301,0.9254148,7.02
2019-03-04 02:00:00+00:00,6.810479,0.9050801,6.38
2019-03-04 03:00:00+00:00,6.770427,0.8987845,8.02
2019-03-04 04:00:00+00:00,7.839816,0.8995019,8.99
2019-03-04 05:00:00+00:00,8.91282,0.8838343,8.75
2019-03-04 06:00:00+00:00,9.167361,0.878549,8.39
2019-03-04 07:00:00+00:00,9.005306,0.8892509,8.95
2019-03-04 08:00:00+00:00,9.182462,0.903082,9.16
2019-03-04 09:00:00+00:00,9.322453,0.914462,7.84
2019-03-04 10:00:00+00:00,8.632026,0.9490599,7.41
2019-03-04 11:00:00+00:00,8.007023,1.001011,7.79
2019-03-04 12:00:00+00:00,7.935858,1.023995,7.07
2019-03-04 13:00:00+00:00,7.481283,1.062805,3.28
2019-03-04 14:00:00+00:00,5.420723,1.203399,7.41
2019-03-04 15:00:00+00:00,6.386326,1.190022,7.82
2019-03-04 16:00:00+00:00,7.118476,1.139689,6.34
2019-03-04 17:00:00+00:00,6.75232,1.135256,7.76
2019-03-04 18:00:00+00:00,7.340106,1.090271,8.28
2019-03-04 19:00:00+00:00,7.910113,1.038274,8.68
2019-03-04 20:00:00+00:00,8.412695,0.9849456,8.34
2019-03-04 21:00:00+00:00,8.483569,0.9393084,8.87
2019-03-04 22:00:00+00:00,8.788604,0.8944325,7.9
2019-03-04 23:00:00+00:00,8.409879,0.8696936,8.44
2019-03-05 00:00:00+00:00,8.501044,0.846611,9.1
2019-03-05 01:00:00+00:00,8.900906,0.7730494,7.52
2019-03-05 02:00:00+00:00,8.124167,0.78521,6.59
2019-03-05 03:00:00+00:00,7.321493,0.818857,7.98
2019-03-05 04:00:00+00:00,7.877456,0.8293571,9.89
2019-03-05 05:00:00+00:00,9.282674,0.8214818,8.7
2019-03-05 06:00:00+00:00,9.120135,0.838958,8.62
2019-03-05 07:00:00+00:00,8.992753,0.8635594,7.03
2019-03-05 08:00:00+00:00,7.960321,0.9229164,9.38
2019-03-05 09:00:00+00:00,8.770229,0.9397458,9.19
2019-03-05 10:00:00+00:00,8.988769,0.9559826,9.64
2019-03-05 11:00:00+00:00,9.369833,0.9552156,10.62
2019-03-05 12:00:00+00:00,10.06042,0.939616,8.83
2019-03-05 13:00:00+00:00,9.48353,0.9456573,6.49
2019-03-05 14:00:00+00:00,7.902472,1.019661,9.88
2019-03-05 15:00:00+00:00,8.865456,1.000156,9.59
2019-03-05 16:00:00+00:00,9.215086,0.9810759,9.66
2019-03-05 17:00:00+00:00,9.43936,0.9591475,9.32
2019-03-05 18:00:00+00:00,9.368814,0.9444589,8.74
2019-03-05 19:00:00+00:00,9.028754,0.9364062,10.23
2019-03-05 20:00:00+00:00,9.635548,0.8986845,10.14
2019-03-05 21:00:00+00:00,9.913037,0.8607512,10.57
2019-03-05 22:00:00+00:00,10.2755,0.821471,8.9
2019-03-05 23:00:00+00:00,9.553679,0.8043721,8.05
2019-03-06 00:00:00+00:00,8.714532,0.8041646,9.66
2019-03-06 01:00:00+00:00,9.231404,0.7376593,10.89
2019-03-06 02:00:00+00:00,10.26825,0.7245875,9.8
2019-03-06 03:00:00+00:00,10.17855,0.7302087,6.94
2019-03-06 04:00:00+00:00,8.463219,0.7785743,10.19
2019-03-06 05:00:00+00:00,9.674203,0.7873896,9.72
2019-03-06 06:00:00+00:00,9.888673,0.8024266,10.47
2019-03-06 07:00:00+00:00,10.40679,0.8132725,10.3
2019-03-06 08:00:00+00:00,10.472,0.8318521,10.28
2019-03-06 09:00:00+00:00,10.47467,0.8486636,11.14
2019-03-06 10:00:00+00:00,10.85743,0.8593931,9.96
2019-03-06 11:00:00+00:00,10.43172,0.8812381,10.5
2019-03-06 12:00:00+00:00,10.41635,0.9005642,7.46
2019-03-06 13:00:00+00:00,8.874695,0.9705149,9.87
2019-03-06 14:00:00+00:00,9.266732,0.978742,9.96
2019-03-06 15:00:00+00:00,9.549195,0.9723228,12.73
2019-03-06 16:00:00+00:00,11.07952,0.920772,7.09
2019-03-06 17:00:00+00:00,9.165682,0.9514596,10.85
2019-03-06 18:00:00+00:00,9.94619,0.9207441,11.36
2019-03-06 19:00:00+00:00,10.63763,0.8841875,11.44
2019-03-06 20:00:00+00:00,11.03917,0.8518297,11.33
2019-03-06 21:00:00+00:00,11.19015,0.821273,9.58
2019-03-06 22:00:00+00:00,10.34679,0.8087392,10.92
2019-03-06 23:00:00+00:00,10.54942,0.7914469,10.43
2019-03-07 00:00:00+00:00,10.41725,0.7633042,10.82
2019-03-07 01:00:00+00:00,10.67071,0.7071485,10.74
2019-03-07 02:00:00+00:00,10.80757,0.70744,10.66
2019-03-07 03:00:00+00:00,10.90833,0.718105,10.22
2019-03-07 04:00:00+00:00,10.74571,0.7354222,10.01
2019-03-07 05:00:00+00:00,10.55182,0.7593799,10.8
2019-03-07 06:00:00+00:00,10.89114,0.7784815,10.82
2019-03-07 07:00:00+00:00,11.02619,0.7981465,10.87
2019-03-07 08:00:00+00:00,11.06166,0.8194389,11.09
2019-03-07 09:00:00+00:00,11.1664,0.8369387,9.05
2019-03-07 10:00:00+00:00,10.23176,0.8697802,11.53
2019-03-07 11:00:00+00:00,10.8715,0.8790534,9.81
2019-03-07 12:00:00+00:00,10.40376,0.9009392,11.98
2019-03-07 13:00:00+00:00,11.11407,0.9000164,11.55
2019-03-07 14:00:00+00:00,11.31503,0.8990604,10.54
2019-03-07 15:00:00+00:00,10.92358,0.9076744,10.3
2019-03-07 16:00:00+00:00,10.55368,0.9181623,10.25
2019-03-07 17:00:00+00:00,10.32781,0.9230687,11.37
2019-03-07 18:00:00+00:00,10.77511,0.9015859,8
2019-03-07 19:00:00+00:00,9.316818,0.937292,9.53
2019-03-07 20:00:00+00:00,9.324678,0.9242452,11.29
2019-03-07 21:00:00+00:00,10.26906,0.872997,10.04
2019-03-07 22:00:00+00:00,10.15209,0.8395478,10.32
2019-03-07 23:00:00+00:00,10.21412,0.8078384,10.9
2019-03-08 00:00:00+00:00,10.5453,0.7706991,11.51
2019-03-08 01:00:00+00:00,11.16665,0.7077411,11.17
2019-03-08 02:00:00+00:00,11.31393,0.7046737,12.23
2019-03-08 03:00:00+00:00,12.03455,0.7123398,12.75
2019-03-08 04:00:00+00:00,12.67535,0.7244727,12.98
2019-03-08 05:00:00+00:00,13.0827,0.7391955,13.1
2019-03-08 06:00:00+00:00,13.31649,0.7547531,13.77
2019-03-08 07:00:00+00:00,13.67733,0.7725466,15.12
2019-03-08 08:00:00+00:00,14.41331,0.789067,12.84
2019-03-08 09:00:00+00:00,13.83757,0.8036219,11.15
2019-03-08 10:00:00+00:00,12.6586,0.8295966,14.62
2019-03-08 11:00:00+00:00,13.55139,0.8361668,14.49
2019-03-08 12:00:00+00:00,13.99621,0.847298,14.04
2019-03-08 13:00:00+00:00,14.04758,0.8549846,13.07
2019-03-08 14:00:00+00:00,13.64118,0.8666277,13.31
2019-03-08 15:00:00+00:00,13.4886,0.8740274,13.46
2019-03-08 16:00:00+00:00,13.47832,0.87792,12.92
2019-03-08 17:00:00+00:00,13.22806,0.8838283,12.38
2019-03-08 18:00:00+00:00,12.82374,0.8897108,11.52
2019-03-08 19:00:00+00:00,12.17225,0.8987579,11.69
2019-03-08 20:00:00+00:00,11.86913,0.8968436,11.68
2019-03-08 21:00:00+00:00,11.70568,0.8862416,12.33
2019-03-08 22:00:00+00:00,11.94308,0.8599526,11.04
2019-03-08 23:00:00+00:00,11.45205,0.8396823,10.96
2019-03-09 00:00:00+00:00,11.1282,0.8125461,11.61
2019-03-09 01:00:00+00:00,11.41813,0.7521864,11.03
2019-03-09 02:00:00+00:00,11.34659,0.7493193,11.74
2019-03-09 03:00:00+00:00,11.76674,0.7529614,13.49
2019-03-09 04:00:00+00:00,12.9056,0.7591041,13.3
2019-03-09 05:00:00+00:00,13.37141,0.7677469,10.17
2019-03-09 06:00:00+00:00,12.07848,0.7838131,13.21
2019-03-09 07:00:00+00:00,12.78428,0.7969757,12.34
2019-03-09 08:00:00+00:00,12.73398,0.8141578,12.24
2019-03-09 09:00:00+00:00,12.60281,0.8322105,12.58
2019-03-09 10:00:00+00:00,12.64554,0.8480576,11.82
2019-03-09 11:00:00+00:00,12.30889,0.866981,11.69
2019-03-09 12:00:00+00:00,12.00985,0.886303,11.5
2019-03-09 13:00:00+00:00,11.76748,0.9017065,12.46
2019-03-09 14:00:00+00:00,12.06925,0.9014767,12.58
2019-03-09 15:00:00+00:00,12.30989,0.8975867,9.28
2019-03-09 16:00:00+00:00,10.91636,0.930642,12.59
2019-03-09 17:00:00+00:00,11.61973,0.9102191,11.47
2019-03-09 18:00:00+00:00,11.53748,0.9045677,10.18
2019-03-09 19:00:00+00:00,10.85227,0.9076804,9.61
2019-03-09 20:00:00+00:00,10.13921,0.9163011,10.94
2019-03-09 21:00:00+00:00,10.44612,0.8866609,11.43
2019-03-09 22:00:00+00:00,10.86627,0.8517503,10.58
2019-03-09 23:00:00+00:00,10.67813,0.8175937,11.35
2019-03-10 00:00:00+00:00,10.94954,0.7818472,10.67
2019-03-10 01:00:00+00:00,10.83329,0.7242064,9.15
2019-03-10 02:00:00+00:00,9.904457,0.7356868,10.38
2019-03-10 03:00:00+00:00,10.26859,0.746357,10.82
2019-03-10 04:00:00+00:00,10.72632,0.7582599,11.39
2019-03-10 05:00:00+00:00,11.25323,0.7711014,11.58
2019-03-10 06:00:00+00:00,11.59517,0.7831796,12.59
2019-03-10 07:00:00+00:00,12.20987,0.7957622,13.27
2019-03-10 08:00:00+00:00,12.80314,0.8051928,13.86
2019-03-10 09:00:00+00:00,13.33972,0.8125198,15.18
2019-03-10 10:00:00+00:00,14.16254,0.8174962,11.88
2019-03-10 11:00:00+00:00,13.15784,0.8317406,13.7
2019-03-10 12:00:00+00:00,13.34803,0.8383853,13.14
2019-03-10 13:00:00+00:00,13.21616,0.851624,13.42
2019-03-10 14:00:00+00:00,13.24971,0.8597819,13.34
2019-03-10 15:00:00+00:00,13.21533,0.8678865,12.96
2019-03-10 16:00:00+00:00,13.01389,0.8760208,12.31
2019-03-10 17:00:00+00:00,12.57972,0.8856925,12.42
2019-03-10 18:00:00+00:00,12.37965,0.8877006,12.66
2019-03-10 19:00:00+00:00,12.38774,0.8814859,15.08
2019-03-10 20:00:00+00:00,13.523,0.8525265,14.19
2019-03-10 21:00:00+00:00,13.76804,0.8352386,14.31
2019-03-10 22:00:00+00:00,13.91251,0.8149268,13.1
2019-03-10 23:00:00+00:00,13.398,0.7979774,13.24
2019-03-11 00:00:00+00:00,13.12841,0.7803019,13.42
2019-03-11 01:00:00+00:00,13.21977,0.7405359,12.57
2019-03-11 02:00:00+00:00,12.86912,0.7481395,13.55
2019-03-11 03:00:00+00:00,13.25721,0.7608814,13.74
2019-03-11 04:00:00+00:00,13.5815,0.7747723,14.07
2019-03-11 05:00:00+00:00,13.89768,0.7877448,15.07
2019-03-11 06:00:00+00:00,14.49219,0.7992334,14.87
2019-03-11 07:00:00+00:00,14.69564,0.8094503,14.22
2019-03-11 08:00:00+00:00,14.50538,0.8195212,14.52
2019-03-11 09:00:00+00:00,14.50151,0.8287824,15.18
2019-03-11 10:00:00+00:00,14.76334,0.8361775,15.08
2019-03-11 11:00:00+00:00,14.86622,0.843801,14.9
2019-03-11 12:00:00+00:00,14.8418,0.8502645,14.55
2019-03-11 13:00:00+00:00,14.68184,0.8570772,12.83
2019-03-11 14:00:00+00:00,13.86249,0.8738421,14.55
2019-03-11 15:00:00+00:00,14.07911,0.8728383,14.77
2019-03-11 16:00:00+00:00,14.31901,0.8731473,13.83
2019-03-11 17:00:00+00:00,14.05386,0.8768957,13.22
2019-03-11 18:00:00+00:00,13.61084,0.8801551,12.81
2019-03-11 19:00:00+00:00,13.14305,0.8836983,12.49
2019-03-11 20:00:00+00:00,12.72577,0.8841085,12.64
2019-03-11 21:00:00+00:00,12.57412,0.8749909,11.81
2019-03-11 22:00:00+00:00,12.08823,0.8681182,11.69
2019-03-11 23:00:00+00:00,11.76297,0.8511322,11.66
2019-03-12 00:00:00+00:00,11.56239,0.8293434,11.25
2019-03-12 01:00:00+00:00,11.32178,0.7775657,10.42
2019-03-12 02:00:00+00:00,10.79676,0.7855315,10.04
2019-03-12 03:00:00+00:00,10.41476,0.8028635,9.27
2019-03-12 04:00:00+00:00,9.875262,0.8294579,8.98
2019-03-12 05:00:00+00:00,9.510486,0.8590356,9.4
2019-03-12 06:00:00+00:00,9.579223,0.8828171,9.09
2019-03-12 07:00:00+00:00,9.424211,0.9120098,8.63
2019-03-12 08:00:00+00:00,9.079444,0.9485675,8.38
2019-03-12 09:00:00+00:00,8.731354,0.9917294,8.73
2019-03-12 10:00:00+00:00,8.726395,1.021333,8.43
2019-03-12 11:00:00+00:00,8.543957,1.052207,7.82
2019-03-12 12:00:00+00:00,8.116288,1.091799,6.59
2019-03-12 13:00:00+00:00,7.273152,1.150387,6.63
2019-03-12 14:00:00+00:00,6.871304,1.195968,6.75
2019-03-12 15:00:00+00:00,6.769641,1.209534,6.4
2019-03-12 16:00:00+00:00,6.54244,1.226565,5.71
2019-03-12 17:00:00+00:00,6.143004,1.224875,8.84
2019-03-12 18:00:00+00:00,7.671288,1.148562,7.55
2019-03-12 19:00:00+00:00,7.724952,1.086543,7.79
2019-03-12 20:00:00+00:00,7.861312,1.041012,7.65
2019-03-12 21:00:00+00:00,7.834795,0.9954999,7.72
2019-03-12 22:00:00+00:00,7.855176,0.9490026,8.24
2019-03-12 23:00:00+00:00,8.158305,0.8944842,7.65
2019-03-13 00:00:00+00:00,7.947412,0.8505985,8.36
2019-03-13 01:00:00+00:00,8.129038,0.7886057,8.56
2019-03-13 02:00:00+00:00,8.373859,0.7871386,8.57
2019-03-13 03:00:00+00:00,8.604512,0.7978506,8.16
2019-03-13 04:00:00+00:00,8.500728,0.8210016,8.05
2019-03-13 05:00:00+00:00,8.409505,0.8535352,7.77
2019-03-13 06:00:00+00:00,8.214061,0.8886703,7.79
2019-03-13 07:00:00+00:00,8.128419,0.9255139,8.11
2019-03-13 08:00:00+00:00,8.227447,0.9620146,7.95
2019-03-13 09:00:00+00:00,8.150049,0.9963477,8.78
2019-03-13 10:00:00+00:00,8.58196,1.008514,8.36
2019-03-13 11:00:00+00:00,8.531514,1.019889,7.91
2019-03-13 12:00:00+00:00,8.236193,1.040352,7.66
2019-03-13 13:00:00+00:00,7.934758,1.065315,8.1
2019-03-13 14:00:00+00:00,8.019727,1.07091,7.59
2019-03-13 15:00:00+00:00,7.775598,1.085078,7.71
2019-03-13 16:00:00+00:00,7.71937,1.087795,7.63
2019-03-13 17:00:00+00:00,7.686753,1.074933,7.63
2019-03-13 18:00:00+00:00,7.68603,1.055308,8.65
2019-03-13 19:00:00+00:00,8.242531,1.010367,7.98
2019-03-13 20:00:00+00:00,8.159339,0.9784359,7.94
2019-03-13 21:00:00+00:00,8.105367,0.944525,7.65
2019-03-13 22:00:00+00:00,7.927662,0.9154763,7.46
2019-03-13 23:00:00+00:00,7.759748,0.8854012,7.57
2019-03-14 00:00:00+00:00,7.758399,0.8536314,7.01
2019-03-14 01:00:00+00:00,7.307664,0.8036802,6.73
2019-03-14 02:00:00+00:00,6.956813,0.817273,6.96
2019-03-14 03:00:00+00:00,7.030126,0.840019,7.45
2019-03-14 04:00:00+00:00,7.441167,0.8563602,7.72
2019-03-14 05:00:00+00:00,7.805962,0.8745543,7.94
2019-03-14 06:00:00+00:00,8.073498,0.8978549,8.25
2019-03-14 07:00:00+00:00,8.345092,0.9202685,8.75
2019-03-14 08:00:00+00:00,8.708987,0.9392295,8.96
2019-03-14 09:00:00+00:00,8.929334,0.958007,8.77
2019-03-14 10:00:00+00:00,8.889454,0.9770467,8.46
2019-03-14 11:00:00+00:00,8.669166,1.000894,8.34
2019-03-14 12:00:00+00:00,8.449746,1.031357,7.87
2019-03-14 13:00:00+00:00,8.052355,1.072532,7.64
2019-03-14 14:00:00+00:00,7.748107,1.106675,6.82
2019-03-14 15:00:00+00:00,7.163687,1.153034,7.26
2019-03-14 16:00:00+00:00,7.131042,1.171831,6.95
2019-03-14 17:00:00+00:00,6.986593,1.179446,7.05
2019-03-14 18:00:00+00:00,7.007661,1.169455,6.39
2019-03-14 19:00:00+00:00,6.697922,1.160082,6.62
2019-03-14 20:00:00+00:00,6.720406,1.129548,6.53
2019-03-14 21:00:00+00:00,6.718583,1.089255,5.88
2019-03-14 22:00:00+00:00,6.39877,1.048424,5.74
2019-03-14 23:00:00+00:00,6.216067,1.009347,6.01
2019-03-15 00:00:00+00:00,6.319115,0.9654031,5.38
2019-03-15 01:00:00+00:00,5.666638,0.9246615,6.17
2019-03-15 02:00:00+00:00,5.925296,0.9352517,5.93
2019-03-15 03:00:00+00:00,6.025055,0.9463342,5.69
2019-03-15 04:00:00+00:00,5.990234,0.974199,5.81
2019-03-15 05:00:00+00:00,6.11891,0.9995846,5.62
2019-03-15 06:00:00+00:00,6.0391,1.030252,7.84
2019-03-15 07:00:00+00:00,7.497793,1.039852,6.86
2019-03-15 08:00:00+00:00,7.394635,1.031895,7.21
2019-03-15 09:00:00+00:00,7.423166,1.068632,5.95
2019-03-15 10:00:00+00:00,6.640589,1.110982,6.91
2019-03-15 11:00:00+00:00,6.784693,1.15941,6.22
2019-03-15 12:00:00+00:00,6.421056,1.203964,6.13
2019-03-15 13:00:00+00:00,6.2133,1.24145,5.68
2019-03-15 14:00:00+00:00,5.854748,1.284725,5.62
2019-03-15 15:00:00+00:00,5.730334,1.292331,5.46
2019-03-15 16:00:00+00:00,5.615943,1.289947,5.46
2019-03-15 17:00:00+00:00,5.603528,1.275724,5.6
2019-03-15 18:00:00+00:00,5.732813,1.237475,4.9
2019-03-15 19:00:00+00:00,5.433002,1.206272,5.06
2019-03-15 20:00:00+00:00,5.436153,1.167768,4.8
2019-03-15 21:00:00+00:00,5.322286,1.132235,5.38
2019-03-15 22:00:00+00:00,5.643133,1.080475,5.04
2019-03-15 23:00:00+00:00,5.613378,1.022934,5.12
2019-03-16 00:00:00+00:00,5.672532,0.9783692,5.32
2019-03-16 01:00:00+00:00,5.475824,0.9186983,5.28
2019-03-16 02:00:00+00:00,5.38178,0.9213576,5.25
2019-03-16 03:00:00+00:00,5.466691,0.9276285,5.13
2019-03-16 04:00:00+00:00,5.50775,0.9418051,5.06
2019-03-16 05:00:00+00:00,5.523835,0.9607219,4.25
2019-03-16 06:00:00+00:00,4.983435,1.001769,4.82
2019-03-16 07:00:00+00:00,5.145031,1.0313,5.01
2019-03-16 08:00:00+00:00,5.279339,1.058137,5.15
2019-03-16 09:00:00+00:00,5.385722,1.083422,5.22
2019-03-16 10:00:00+00:00,5.41745,1.114245,5.17
2019-03-16 11:00:00+00:00,5.361925,1.14558,4.46
2019-03-16 12:00:00+00:00,4.900934,1.187998,3.27
2019-03-16 13:00:00+00:00,4.03913,1.251292,1.35
2019-03-16 14:00:00+00:00,2.799967,1.304722,1.08
2019-03-16 15:00:00+00:00,2.216035,1.319866,1.52
2019-03-16 16:00:00+00:00,2.253803,1.281146,1.57
2019-03-16 17:00:00+00:00,2.391662,1.211952,1.38
2019-03-16 18:00:00+00:00,2.204658,1.410022,1.18
2019-03-16 19:00:00+00:00,2.281509,1.416127,4
2019-03-16 20:00:00+00:00,4.320308,1.500003,3.96
2019-03-16 21:00:00+00:00,5.017472,1.538091,4.03
2019-03-16 22:00:00+00:00,5.1682,1.535037,4.54
2019-03-16 23:00:00+00:00,5.463279,1.527634,5.38
2019-03-17 00:00:00+00:00,6.019291,1.548425,5.98
2019-03-17 01:00:00+00:00,6.231198,1.647829,6.74
2019-03-17 02:00:00+00:00,6.697203,1.739806,7.58
2019-03-17 03:00:00+00:00,7.51945,1.860028,8
2019-03-17 04:00:00+00:00,8.040065,1.951019,7.25
2019-03-17 05:00:00+00:00,7.536304,1.928661,8.44
2019-03-17 06:00:00+00:00,8.359013,2.010952,8.62
2019-03-17 07:00:00+00:00,8.612084,2.043912,9.13
2019-03-17 08:00:00+00:00,8.979676,2.071079,7.31
2019-03-17 09:00:00+00:00,7.649623,1.947767,9.01
2019-03-17 10:00:00+00:00,8.575087,1.97722,9.37
2019-03-17 11:00:00+00:00,9.010566,1.992297,9.56
2019-03-17 12:00:00+00:00,9.207454,1.989945,9.11
2019-03-17 13:00:00+00:00,8.873816,1.937844,12.44
2019-03-17 14:00:00+00:00,10.92305,2.068509,9.5
2019-03-17 15:00:00+00:00,9.503683,1.965577,8.02
2019-03-17 16:00:00+00:00,8.068648,1.821857,8.64
2019-03-17 17:00:00+00:00,8.146459,1.772827,9.13
2019-03-17 18:00:00+00:00,8.524383,1.767108,6.17
2019-03-17 19:00:00+00:00,6.626957,1.614575,6.4
2019-03-17 20:00:00+00:00,6.436628,1.551789,5.31
2019-03-17 21:00:00+00:00,5.496179,1.4827,5.64
2019-03-17 22:00:00+00:00,6.291885,1.628057,6.12
2019-03-17 23:00:00+00:00,6.422223,1.628835,6.05
2019-03-18 00:00:00+00:00,6.045545,1.561634,5.73
2019-03-18 01:00:00+00:00,6.061407,1.710499,5.79
2019-03-18 02:00:00+00:00,6.040647,1.798266,5.52
2019-03-18 03:00:00+00:00,5.967198,1.783594,5.93
2019-03-18 04:00:00+00:00,6.335136,1.680609,6.37
2019-03-18 05:00:00+00:00,6.792822,1.507744,4.32
2019-03-18 06:00:00+00:00,5.464991,1.36267,5.55
2019-03-18 07:00:00+00:00,5.777393,1.282188,6.86
2019-03-18 08:00:00+00:00,6.709482,1.215057,7.11
2019-03-18 09:00:00+00:00,7.197496,1.161068,6.84
2019-03-18 10:00:00+00:00,7.146935,1.146883,4.75
2019-03-18 11:00:00+00:00,5.868293,1.180079,6.35
2019-03-18 12:00:00+00:00,6.154344,1.204101,5.59
2019-03-18 13:00:00+00:00,5.831777,1.225193,5.94
2019-03-18 14:00:00+00:00,5.885753,1.236561,5.76
2019-03-18 15:00:00+00:00,5.804811,1.247315,5.29
2019-03-18 16:00:00+00:00,5.593651,1.234918,5.76
2019-03-18 17:00:00+00:00,5.780772,1.209202,6.31
2019-03-18 18:00:00+00:00,6.183933,1.172746,5.69
2019-03-18 19:00:00+00:00,6.065259,1.136666,5.94
2019-03-18 20:00:00+00:00,6.159601,1.107221,6.19
2019-03-18 21:00:00+00:00,6.363605,1.068755,5.82
2019-03-18 22:00:00+00:00,6.259427,1.040285,6.09
2019-03-18 23:00:00+00:00,6.392601,1.000483,6.25
2019-03-19 00:00:00+00:00,6.566642,0.9518441,6.37
2019-03-19 01:00:00+00:00,6.471469,0.8811604,6.31
2019-03-19 02:00:00+00:00,6.401699,0.8777866,7.57
2019-03-19 03:00:00+00:00,7.301784,0.8708013,6.66
2019-03-19 04:00:00+00:00,7.127226,0.8798391,6.82
2019-03-19 05:00:00+00:00,7.227569,0.8940402,8.86
2019-03-19 06:00:00+00:00,8.51375,0.8989754,8.24
2019-03-19 07:00:00+00:00,8.590078,0.9081753,7.7
2019-03-19 08:00:00+00:00,8.275654,0.9311543,8.28
2019-03-19 09:00:00+00:00,8.376245,0.9606242,8.22
2019-03-19 10:00:00+00:00,8.325938,0.9899529,8.49
2019-03-19 11:00:00+00:00,8.412742,1.014245,8.05
2019-03-19 12:00:00+00:00,8.167814,1.046885,6.53
2019-03-19 13:00:00+00:00,7.18737,1.120147,6.8
2019-03-19 14:00:00+00:00,6.878997,1.169453,7.06
2019-03-19 15:00:00+00:00,6.903202,1.184294,7.98
2019-03-19 16:00:00+00:00,7.472071,1.151847,8.37
2019-03-19 17:00:00+00:00,8.016373,1.095528,7.64
2019-03-19 18:00:00+00:00,7.858634,1.070549,6.89
2019-03-19 19:00:00+00:00,7.374385,1.060122,7.21
2019-03-19 20:00:00+00:00,7.315344,1.042872,7.34
2019-03-19 21:00:00+00:00,7.381695,1.011143,7.66
2019-03-19 22:00:00+00:00,7.609531,0.9682885,7.34
2019-03-19 23:00:00+00:00,7.545701,0.9264535,7.03
2019-03-20 00:00:00+00:00,7.354723,0.8891876,6.83
2019-03-20 01:00:00+00:00,6.909221,0.8473313,6.64
2019-03-20 02:00:00+00:00,6.60854,0.8730127,4.7
2019-03-20 03:00:00+00:00,5.353783,0.9461679,3.23
2019-03-20 04:00:00+00:00,4.097641,1.034139,1.88
2019-03-20 05:00:00+00:00,2.896046,1.125564,2.58
2019-03-20 06:00:00+00:00,2.76158,1.235331,4.48
2019-03-20 07:00:00+00:00,4.044542,1.297509,1.02
2019-03-20 08:00:00+00:00,2.231598,1.37315,1.22
2019-03-20 09:00:00+00:00,1.93853,1.450985,1.56
2019-03-20 10:00:00+00:00,2.344657,1.320018,3.18
2019-03-20 11:00:00+00:00,3.537801,1.433907,2.24
2019-03-20 12:00:00+00:00,3.070433,1.41437,2.3
2019-03-20 13:00:00+00:00,2.981488,1.439809,1.45
2019-03-20 14:00:00+00:00,2.422871,1.396822,0.6
2019-03-20 15:00:00+00:00,1.847365,1.330315,1.83
2019-03-20 16:00:00+00:00,2.519139,1.374018,0.860000000000001
2019-03-20 17:00:00+00:00,2.107585,1.302526,0.74
2019-03-20 18:00:00+00:00,2.032988,1.282716,0.0199999999999996
2019-03-20 19:00:00+00:00,1.646787,1.204332,2.49
2019-03-20 20:00:00+00:00,3.108314,1.198262,3.03
2019-03-20 21:00:00+00:00,3.754047,1.156245,4.95
2019-03-20 22:00:00+00:00,5.204346,1.141527,5.89
2019-03-20 23:00:00+00:00,6.139646,1.074785,5.89
2019-03-21 00:00:00+00:00,6.327507,0.9951084,5.93
2019-03-21 01:00:00+00:00,6.100357,0.9609199,5.61
2019-03-21 02:00:00+00:00,5.724036,0.9825782,5.3
2019-03-21 03:00:00+00:00,5.492011,1.019924,4.5
2019-03-21 04:00:00+00:00,4.949136,1.058291,3.85
2019-03-21 05:00:00+00:00,4.379323,1.107565,4.21
2019-03-21 06:00:00+00:00,4.464251,1.149243,3.43
2019-03-21 07:00:00+00:00,3.924153,1.199924,3.04
2019-03-21 08:00:00+00:00,3.40595,1.288806,3.27
2019-03-21 09:00:00+00:00,3.501345,1.29085,4.34
2019-03-21 10:00:00+00:00,4.308279,1.296995,2.1
2019-03-21 11:00:00+00:00,3.186211,1.229708,3.05
2019-03-21 12:00:00+00:00,3.379996,1.237549,3.77
2019-03-21 13:00:00+00:00,3.960249,1.180416,7.25
2019-03-21 14:00:00+00:00,6.418678,1.187189,5.7
2019-03-21 15:00:00+00:00,6.157672,1.131254,5.31
2019-03-21 16:00:00+00:00,5.80757,1.111639,7.09
2019-03-21 17:00:00+00:00,6.746872,1.09976,7.52
2019-03-21 18:00:00+00:00,7.342875,1.066266,7.85
2019-03-21 19:00:00+00:00,7.779655,1.023193,7.75
2019-03-21 20:00:00+00:00,7.884734,0.9826348,7.31
2019-03-21 21:00:00+00:00,7.65764,0.9511443,7.51
2019-03-21 22:00:00+00:00,7.680905,0.9182357,7.43
2019-03-21 23:00:00+00:00,7.648992,0.8862396,7.92
2019-03-22 00:00:00+00:00,7.925291,0.8463866,7.3
2019-03-22 01:00:00+00:00,7.520852,0.7910699,7.33
2019-03-22 02:00:00+00:00,7.366526,0.8044603,7.45
2019-03-22 03:00:00+00:00,7.492043,0.8231918,7.07
2019-03-22 04:00:00+00:00,7.391965,0.8479288,7.08
2019-03-22 05:00:00+00:00,7.403103,0.8777751,7.57
2019-03-22 06:00:00+00:00,7.751133,0.8970846,7.88
2019-03-22 07:00:00+00:00,8.073404,0.9125206,8.94
2019-03-22 08:00:00+00:00,8.816581,0.9153436,8.55
2019-03-22 09:00:00+00:00,8.831867,0.9291803,9.1
2019-03-22 10:00:00+00:00,9.103065,0.9393009,9.87
2019-03-22 11:00:00+00:00,9.581129,0.9433418,9.95
2019-03-22 12:00:00+00:00,9.803055,0.9449484,9.8
2019-03-22 13:00:00+00:00,9.781222,0.9544331,10.43
2019-03-22 14:00:00+00:00,10.06175,0.9523171,10.33
2019-03-22 15:00:00+00:00,10.13657,0.947957,10.08
2019-03-22 16:00:00+00:00,10.02416,0.9465599,10.02
2019-03-22 17:00:00+00:00,9.936841,0.9387359,9.77
2019-03-22 18:00:00+00:00,9.761264,0.9295579,8.89
2019-03-22 19:00:00+00:00,9.211116,0.9306095,9
2019-03-22 20:00:00+00:00,9.005192,0.9201143,9.22
2019-03-22 21:00:00+00:00,9.0557,0.8926125,8.07
2019-03-22 22:00:00+00:00,8.493913,0.8757165,8.01
2019-03-22 23:00:00+00:00,8.217933,0.855347,6.94
2019-03-23 00:00:00+00:00,7.541637,0.8474292,6.75
2019-03-23 01:00:00+00:00,6.988627,0.8060201,7.34
2019-03-23 02:00:00+00:00,7.169442,0.808204,7.6
2019-03-23 03:00:00+00:00,7.593362,0.8074308,6.8
2019-03-23 04:00:00+00:00,7.301227,0.8389921,7.97
2019-03-23 05:00:00+00:00,8.053184,0.8391206,7.75
2019-03-23 06:00:00+00:00,8.224479,0.8487311,9.05
2019-03-23 07:00:00+00:00,9.03578,0.8553864,8.07
2019-03-23 08:00:00+00:00,8.725248,0.8812912,9.18
2019-03-23 09:00:00+00:00,9.138259,0.9021634,9.11
2019-03-23 10:00:00+00:00,9.21743,0.9235915,8.6
2019-03-23 11:00:00+00:00,8.923633,0.9549662,8.12
2019-03-23 12:00:00+00:00,8.456322,1.00044,7.41
2019-03-23 13:00:00+00:00,7.798194,1.062884,8.53
2019-03-23 14:00:00+00:00,8.067715,1.07896,8.28
2019-03-23 15:00:00+00:00,8.097959,1.083396,8.1
2019-03-23 16:00:00+00:00,8.055648,1.076672,7.82
2019-03-23 17:00:00+00:00,7.911448,1.06638,7.82
2019-03-23 18:00:00+00:00,7.860751,1.047321,7.67
2019-03-23 19:00:00+00:00,7.781603,1.022552,7.7
2019-03-23 20:00:00+00:00,7.786113,0.9893812,7.38
2019-03-23 21:00:00+00:00,7.62047,0.9662138,7.26
2019-03-23 22:00:00+00:00,7.512502,0.9319618,8.01
2019-03-23 23:00:00+00:00,7.88417,0.8878405,7.93
2019-03-24 00:00:00+00:00,8.015165,0.8430908,7.73
2019-03-24 01:00:00+00:00,7.825615,0.7812918,7.02
2019-03-24 02:00:00+00:00,7.314874,0.7949078,7.76
2019-03-24 03:00:00+00:00,7.716987,0.8021287,7.7
2019-03-24 04:00:00+00:00,7.943699,0.8117136,8.7
2019-03-24 05:00:00+00:00,8.688229,0.8223022,9.12
2019-03-24 06:00:00+00:00,9.247787,0.8299147,9.19
2019-03-24 07:00:00+00:00,9.476345,0.844128,9.99
2019-03-24 08:00:00+00:00,9.953657,0.8584604,10.5
2019-03-24 09:00:00+00:00,10.37966,0.8688827,9.9
2019-03-24 10:00:00+00:00,10.20477,0.8856936,10.06
2019-03-24 11:00:00+00:00,10.14977,0.9041134,10.31
2019-03-24 12:00:00+00:00,10.2139,0.9173698,10.78
2019-03-24 13:00:00+00:00,10.45925,0.9208087,10.53
2019-03-24 14:00:00+00:00,10.44674,0.924374,10.5
2019-03-24 15:00:00+00:00,10.39781,0.9271863,10.19
2019-03-24 16:00:00+00:00,10.21047,0.9299442,10.15
2019-03-24 17:00:00+00:00,10.09508,0.9262803,9.86
2019-03-24 18:00:00+00:00,9.884807,0.9221735,8.9
2019-03-24 19:00:00+00:00,9.289306,0.9271132,8.92
2019-03-24 20:00:00+00:00,9.012671,0.9196382,8.87
2019-03-24 21:00:00+00:00,8.866984,0.9034905,8.75
2019-03-24 22:00:00+00:00,8.755577,0.8800088,8.34
2019-03-24 23:00:00+00:00,8.503163,0.855781,8.39
2019-03-25 00:00:00+00:00,8.434346,0.8237493,7.48
2019-03-25 01:00:00+00:00,7.802964,0.7759983,7.44
2019-03-25 02:00:00+00:00,7.528306,0.7909862,7.38
2019-03-25 03:00:00+00:00,7.514496,0.8108766,7.97
2019-03-25 04:00:00+00:00,7.971854,0.8277443,8.55
2019-03-25 05:00:00+00:00,8.524291,0.849585,8.39
2019-03-25 06:00:00+00:00,8.670993,0.8707531,6.52
2019-03-25 07:00:00+00:00,7.572781,0.9277832,9.94
2019-03-25 08:00:00+00:00,9.120424,0.9345278,9.76
2019-03-25 09:00:00+00:00,9.632977,0.9348874,8.95
2019-03-25 10:00:00+00:00,9.368553,0.9504883,10.08
2019-03-25 11:00:00+00:00,9.750459,0.9674212,9.5
2019-03-25 12:00:00+00:00,9.599956,0.9828527,9.96
2019-03-25 13:00:00+00:00,9.759076,0.9850789,12.2
2019-03-25 14:00:00+00:00,10.94065,0.9617673,10.48
2019-03-25 15:00:00+00:00,10.68194,0.9493514,10.58
2019-03-25 16:00:00+00:00,10.55963,0.937337,10.3
2019-03-25 17:00:00+00:00,10.31789,0.9327981,10.75
2019-03-25 18:00:00+00:00,10.45069,0.9103794,11.13
2019-03-25 19:00:00+00:00,10.72495,0.8803619,10.51
2019-03-25 20:00:00+00:00,10.53821,0.8559835,10.56
2019-03-25 21:00:00+00:00,10.45625,0.8294256,10.47
2019-03-25 22:00:00+00:00,10.35465,0.803515,9.82
2019-03-25 23:00:00+00:00,9.938446,0.7828033,9.77
2019-03-26 00:00:00+00:00,9.707254,0.7611458,9.3
2019-03-26 01:00:00+00:00,9.346483,0.7177483,8.61
2019-03-26 02:00:00+00:00,8.803355,0.7409405,8.27
2019-03-26 03:00:00+00:00,8.497872,0.7746891,8.31
2019-03-26 04:00:00+00:00,8.5075,0.807115,7.85
2019-03-26 05:00:00+00:00,8.28298,0.8459259,8.21
2019-03-26 06:00:00+00:00,8.410199,0.8842061,8.38
2019-03-26 07:00:00+00:00,8.539575,0.9219078,8.61
2019-03-26 08:00:00+00:00,8.7001,0.9567618,8.94
2019-03-26 09:00:00+00:00,8.920552,0.9871261,9.08
2019-03-26 10:00:00+00:00,9.05105,1.016805,8.87
2019-03-26 11:00:00+00:00,8.94532,1.045474,8.75
2019-03-26 12:00:00+00:00,8.784492,1.07848,8.63
2019-03-26 13:00:00+00:00,8.621624,1.10979,8.57
2019-03-26 14:00:00+00:00,8.512462,1.124312,8.68
2019-03-26 15:00:00+00:00,8.537361,1.124683,8.38
2019-03-26 16:00:00+00:00,8.401047,1.121274,8.44
2019-03-26 17:00:00+00:00,8.394144,1.098739,7.73
2019-03-26 18:00:00+00:00,8.015805,1.08748,7.11
2019-03-26 19:00:00+00:00,7.513774,1.080101,6.79
2019-03-26 20:00:00+00:00,7.128514,1.067934,7.21
2019-03-26 21:00:00+00:00,7.222694,1.031616,6.82
2019-03-26 22:00:00+00:00,7.081138,0.9944177,7.17
2019-03-26 23:00:00+00:00,7.24643,0.9451697,6.92
2019-03-27 00:00:00+00:00,7.188251,0.9012538,7.02
2019-03-27 01:00:00+00:00,6.990174,0.8516184,6.49
2019-03-27 02:00:00+00:00,6.588918,0.875416,6.43
2019-03-27 03:00:00+00:00,6.551179,0.9039795,5.76
2019-03-27 04:00:00+00:00,6.210924,0.9411355,5.66
2019-03-27 05:00:00+00:00,6.074048,0.9849753,5.67
2019-03-27 06:00:00+00:00,6.010141,1.035842,6.22
2019-03-27 07:00:00+00:00,6.328701,1.077448,6.19
2019-03-27 08:00:00+00:00,6.403356,1.114324,6.3
2019-03-27 09:00:00+00:00,6.472766,1.1478,5.95
2019-03-27 10:00:00+00:00,6.233156,1.186375,4.84
2019-03-27 11:00:00+00:00,5.425717,1.245324,4.63
2019-03-27 12:00:00+00:00,4.976886,1.293187,4.89
2019-03-27 13:00:00+00:00,4.937703,1.322989,4.28
2019-03-27 14:00:00+00:00,4.576835,1.354144,3.87
2019-03-27 15:00:00+00:00,4.24093,1.374054,3.59
2019-03-27 16:00:00+00:00,3.994562,1.385163,4.97
2019-03-27 17:00:00+00:00,4.777867,1.382674,4.7
2019-03-27 18:00:00+00:00,4.983443,1.354268,3.63
2019-03-27 19:00:00+00:00,4.475377,1.299423,4.08
2019-03-27 20:00:00+00:00,4.625206,1.250542,4.91
2019-03-27 21:00:00+00:00,5.227977,1.197838,4.91
2019-03-27 22:00:00+00:00,5.437745,1.126057,4.64
2019-03-27 23:00:00+00:00,5.341608,1.057875,4.21
2019-03-28 00:00:00+00:00,5.058871,1.004941,3.55
2019-03-28 01:00:00+00:00,4.10407,0.9885791,3.14
2019-03-28 02:00:00+00:00,3.530531,0.9944144,2.93
2019-03-28 03:00:00+00:00,3.399306,0.9896661,2.57
2019-03-28 04:00:00+00:00,3.213311,1.000439,2.16
2019-03-28 05:00:00+00:00,2.921779,1.019067,1.3
2019-03-28 06:00:00+00:00,2.279954,1.050568,0.520000000000001
2019-03-28 07:00:00+00:00,1.621598,1.081804,0.369999999999999
2019-03-28 08:00:00+00:00,1.234711,1.140008,0.47
2019-03-28 09:00:00+00:00,1.179115,1.171394,1.05
2019-03-28 10:00:00+00:00,1.562168,1.191003,1.18
2019-03-28 11:00:00+00:00,1.826345,1.193118,1.15
2019-03-28 12:00:00+00:00,1.9343,1.192472,0.819999999999999
2019-03-28 13:00:00+00:00,1.785592,1.259732,3.45
2019-03-28 14:00:00+00:00,3.70464,1.422968,4.8
2019-03-28 15:00:00+00:00,5.282071,1.596481,6.16
2019-03-28 16:00:00+00:00,6.641153,1.797791,6.36
2019-03-28 17:00:00+00:00,6.909173,1.919993,6.5
2019-03-28 18:00:00+00:00,6.925213,1.984445,3.34
2019-03-28 19:00:00+00:00,4.633749,1.778509,3.89
2019-03-28 20:00:00+00:00,4.593577,1.743303,5.37
2019-03-28 21:00:00+00:00,5.644331,1.792066,6.34
2019-03-28 22:00:00+00:00,6.576664,1.844555,6.95
2019-03-28 23:00:00+00:00,7.169494,1.867711,5.92
2019-03-29 00:00:00+00:00,6.482117,1.754053,3.46
2019-03-29 01:00:00+00:00,4.406084,1.610497,4.34
2019-03-29 02:00:00+00:00,4.462749,1.558284,5.62
2019-03-29 03:00:00+00:00,5.515164,1.585093,2.56
2019-03-29 04:00:00+00:00,3.396466,1.471764,0.65
2019-03-29 05:00:00+00:00,2.178439,1.427571,2.59
2019-03-29 06:00:00+00:00,3.232583,1.626442,3.24
2019-03-29 07:00:00+00:00,3.695983,1.67117,5.14
2019-03-29 08:00:00+00:00,5.339791,1.817869,3.84
2019-03-29 09:00:00+00:00,4.70829,1.919608,2.25
2019-03-29 10:00:00+00:00,3.191477,1.700716,1.35
2019-03-29 11:00:00+00:00,2.327235,1.493804,1.89
2019-03-29 12:00:00+00:00,2.624507,1.416609,3.4
2019-03-29 13:00:00+00:00,3.876054,1.439551,3.97
2019-03-29 14:00:00+00:00,4.378975,1.468366,3.96
2019-03-29 15:00:00+00:00,4.908608,1.640668,2.77
2019-03-29 16:00:00+00:00,3.785717,1.503321,2.42
2019-03-29 17:00:00+00:00,3.386882,1.387576,1.67
2019-03-29 18:00:00+00:00,2.924411,1.277233,0.749999999999999
2019-03-29 19:00:00+00:00,2.300617,1.18536,1.37
2019-03-29 20:00:00+00:00,2.811246,1.193541,0.99
2019-03-29 21:00:00+00:00,2.686212,1.174609,3.25
2019-03-29 22:00:00+00:00,4.310591,1.280428,4.63
2019-03-29 23:00:00+00:00,5.432753,1.372643,4.46
2019-03-30 00:00:00+00:00,5.354276,1.372199,4.42
2019-03-30 01:00:00+00:00,4.941566,1.394019,4.28
2019-03-30 02:00:00+00:00,4.528893,1.36685,3.84
2019-03-30 03:00:00+00:00,4.189183,1.327768,3.32
2019-03-30 04:00:00+00:00,3.813309,1.284351,2.74
2019-03-30 05:00:00+00:00,3.391126,1.241845,2.45
2019-03-30 06:00:00+00:00,3.087144,1.280206,2.74
2019-03-30 07:00:00+00:00,3.728486,1.44224,3.05
2019-03-30 08:00:00+00:00,3.686093,1.44371,3.29
2019-03-30 09:00:00+00:00,3.840133,1.430752,3.23
2019-03-30 10:00:00+00:00,3.840877,1.400969,2.94
2019-03-30 11:00:00+00:00,3.642544,1.350764,3.45
2019-03-30 12:00:00+00:00,4.016419,1.34406,3.09
2019-03-30 13:00:00+00:00,3.831138,1.306296,1.94
2019-03-30 14:00:00+00:00,2.981064,1.232969,2.57
2019-03-30 15:00:00+00:00,3.455767,1.246178,3.3
2019-03-30 16:00:00+00:00,4.09254,1.276638,2.94
2019-03-30 17:00:00+00:00,3.886119,1.25591,2.36
2019-03-30 18:00:00+00:00,3.470643,1.221195,1.99
2019-03-30 19:00:00+00:00,3.239465,1.197594,2.15
2019-03-30 20:00:00+00:00,3.026476,1.183349,3.53
2019-03-30 21:00:00+00:00,4.206835,1.294325,4.21
2019-03-30 22:00:00+00:00,5.240486,1.601606,5.01
2019-03-30 23:00:00+00:00,5.630372,1.676039,5.18
2019-03-31 00:00:00+00:00,5.776739,1.651982,4.96
2019-03-31 01:00:00+00:00,5.333044,1.645254,4.17
2019-03-31 02:00:00+00:00,4.282011,1.634661,3.23
2019-03-31 03:00:00+00:00,3.947495,1.68916,2.89
2019-03-31 04:00:00+00:00,3.718958,1.694353,2.4
2019-03-31 05:00:00+00:00,3.309451,1.594039,1.93
2019-03-31 06:00:00+00:00,2.846452,1.442402,1.56
2019-03-31 07:00:00+00:00,2.359943,1.347966,1.44
2019-03-31 08:00:00+00:00,2.045168,1.307172,1.64
2019-03-31 09:00:00+00:00,2.014438,1.308506,2.02
2019-03-31 10:00:00+00:00,2.249671,1.316146,2.62
2019-03-31 11:00:00+00:00,2.75556,1.325349,3.27
2019-03-31 12:00:00+00:00,3.390766,1.335191,3.44
2019-03-31 13:00:00+00:00,3.706256,1.335376,3.8
2019-03-31 14:00:00+00:00,4.068773,1.342169,4.16
2019-03-31 15:00:00+00:00,4.442222,1.346781,4.14
2019-03-31 16:00:00+00:00,4.543485,1.340297,3.64
2019-03-31 17:00:00+00:00,4.251666,1.312843,3.53
2019-03-31 18:00:00+00:00,4.148732,1.294879,3.13
2019-03-31 19:00:00+00:00,3.912721,1.257391,4.18
2019-03-31 20:00:00+00:00,4.599437,1.239926,4.4
2019-03-31 21:00:00+00:00,4.950055,1.199283,2.98
2019-03-31 22:00:00+00:00,4.15248,1.075363,3.23
2019-03-31 23:00:00+00:00,4.142139,1.010153,3.96
2019-04-01 00:00:00+00:00,4.591608,0.9437392,5.18
2019-04-01 01:00:00+00:00,5.160558,0.8588406,5.9
2019-04-01 02:00:00+00:00,5.458786,1.1499,1.38
2019-04-01 03:00:00+00:00,2.644865,1.374831,6.6
2019-04-01 04:00:00+00:00,5.727068,1.694361,7.38
2019-04-01 05:00:00+00:00,7.318305,2.03644,6.9
2019-04-01 06:00:00+00:00,7.300218,2.199155,5.16
2019-04-01 07:00:00+00:00,5.872789,2.092814,4.49
2019-04-01 08:00:00+00:00,4.96666,1.939061,5.16
2019-04-01 09:00:00+00:00,5.263856,1.891268,3.65
2019-04-01 10:00:00+00:00,4.253984,1.723317,1.33
2019-04-01 11:00:00+00:00,2.549603,1.491355,0.63
2019-04-01 12:00:00+00:00,1.908805,1.377497,1.57
2019-04-01 13:00:00+00:00,2.500527,1.397198,0.299999999999999
2019-04-01 14:00:00+00:00,1.83154,1.463738,0.74
2019-04-01 15:00:00+00:00,1.871783,1.427687,0.13
2019-04-01 16:00:00+00:00,1.625757,1.328305,0.390000000000001
2019-04-01 17:00:00+00:00,1.939912,1.295214,0.77
2019-04-01 18:00:00+00:00,2.253301,1.252864,1.18
2019-04-01 19:00:00+00:00,2.65987,1.233175,1.95
2019-04-01 20:00:00+00:00,3.28669,1.241189,3.99
2019-04-01 21:00:00+00:00,4.826145,1.333995,4.19
2019-04-01 22:00:00+00:00,4.694669,1.329345,4.05
2019-04-01 23:00:00+00:00,4.794004,1.370014,4.44
2019-04-02 00:00:00+00:00,4.921751,1.353684,3.42
2019-04-02 01:00:00+00:00,4.006997,1.395792,4.99
2019-04-02 02:00:00+00:00,4.782623,1.434384,4.17
2019-04-02 03:00:00+00:00,4.49792,1.345546,4.26
2019-04-02 04:00:00+00:00,4.561183,1.249639,3.45
2019-04-02 05:00:00+00:00,4.011517,1.179706,3.5
2019-04-02 06:00:00+00:00,3.913327,1.136713,4.39
2019-04-02 07:00:00+00:00,4.481066,1.11288,3.74
2019-04-02 08:00:00+00:00,4.199319,1.109114,3.82
2019-04-02 09:00:00+00:00,4.087529,1.138006,5.02
2019-04-02 10:00:00+00:00,4.763081,1.155976,5.31
2019-04-02 11:00:00+00:00,5.212709,1.145664,5.55
2019-04-02 12:00:00+00:00,5.514989,1.143372,5.75
2019-04-02 13:00:00+00:00,5.721,1.146695,4.78
2019-04-02 14:00:00+00:00,5.206323,1.168146,4.87
2019-04-02 15:00:00+00:00,5.043857,1.192939,5.06
2019-04-02 16:00:00+00:00,5.091746,1.203376,5.13
2019-04-02 17:00:00+00:00,5.200513,1.19288,5.36
2019-04-02 18:00:00+00:00,5.410437,1.175744,5.38
2019-04-02 19:00:00+00:00,5.562971,1.143061,6.27
2019-04-02 20:00:00+00:00,6.175221,1.095764,6.12
2019-04-02 21:00:00+00:00,6.36095,1.043446,6.42
2019-04-02 22:00:00+00:00,6.63634,0.9882324,7.03
2019-04-02 23:00:00+00:00,7.109262,0.9255909,7.7
2019-04-03 00:00:00+00:00,7.682358,0.8565935,7.8
2019-04-03 01:00:00+00:00,7.826296,0.7754951,7.18
2019-04-03 02:00:00+00:00,7.488618,0.7740797,7.15
2019-04-03 03:00:00+00:00,7.440256,0.7875319,8.09
2019-04-03 04:00:00+00:00,8.063817,0.8002626,8.51
2019-04-03 05:00:00+00:00,8.605852,0.8079198,8.8
2019-04-03 06:00:00+00:00,8.979901,0.8202261,8.85
2019-04-03 07:00:00+00:00,9.125766,0.8366158,8.74
2019-04-03 08:00:00+00:00,9.072227,0.8593659,9.08
2019-04-03 09:00:00+00:00,9.172924,0.8825542,9.75
2019-04-03 10:00:00+00:00,9.533478,0.8962957,9.63
2019-04-03 11:00:00+00:00,9.600752,0.9113491,8.55
2019-04-03 12:00:00+00:00,9.022811,0.9470862,8.27
2019-04-03 13:00:00+00:00,8.549552,0.9895179,8.6
2019-04-03 14:00:00+00:00,8.487563,1.011003,7.8
2019-04-03 15:00:00+00:00,8.04736,1.040738,7.68
2019-04-03 16:00:00+00:00,7.77702,1.059289,7.24
2019-04-03 17:00:00+00:00,7.444229,1.071558,6.66
2019-04-03 18:00:00+00:00,7.000775,1.086058,6.64
2019-04-03 19:00:00+00:00,6.815809,1.079608,6.25
2019-04-03 20:00:00+00:00,6.575962,1.063078,6.88
2019-04-03 21:00:00+00:00,6.842845,1.016748,7.02
2019-04-03 22:00:00+00:00,7.076167,0.9657979,7.02
2019-04-03 23:00:00+00:00,7.204532,0.9168091,7.17
2019-04-04 00:00:00+00:00,7.354472,0.8683783,7.37
2019-04-04 01:00:00+00:00,7.345351,0.8003811,7.52
2019-04-04 02:00:00+00:00,7.439252,0.7990679,7.47
2019-04-04 03:00:00+00:00,7.566497,0.808235,7.7
2019-04-04 04:00:00+00:00,7.843615,0.8224934,7.44
2019-04-04 05:00:00+00:00,7.815434,0.8457415,7.49
2019-04-04 06:00:00+00:00,7.84548,0.871658,7.86
2019-04-04 07:00:00+00:00,8.07533,0.892426,8.02
2019-04-04 08:00:00+00:00,8.226001,0.9137611,8.6
2019-04-04 09:00:00+00:00,8.583783,0.9288737,9.11
2019-04-04 10:00:00+00:00,8.969247,0.9394877,9.3
2019-04-04 11:00:00+00:00,9.194338,0.9493436,9.17
2019-04-04 12:00:00+00:00,9.169841,0.9647981,9.09
2019-04-04 13:00:00+00:00,9.084064,0.9791417,8.94
2019-04-04 14:00:00+00:00,8.939167,0.9932008,8.68
2019-04-04 15:00:00+00:00,8.733246,1.003666,8.38
2019-04-04 16:00:00+00:00,8.476547,1.012424,7.97
2019-04-04 17:00:00+00:00,8.160631,1.01657,8.19
2019-04-04 18:00:00+00:00,8.13137,1.005446,8.5
2019-04-04 19:00:00+00:00,8.282746,0.9840074,8.9
2019-04-04 20:00:00+00:00,8.596225,0.9446245,9.03
2019-04-04 21:00:00+00:00,8.825701,0.9017019,8.4
2019-04-04 22:00:00+00:00,8.591351,0.8678313,8.37
2019-04-04 23:00:00+00:00,8.46674,0.8332558,7.96
2019-04-05 00:00:00+00:00,8.187275,0.805886,7.78
2019-04-05 01:00:00+00:00,7.835421,0.7579185,7.53
2019-04-05 02:00:00+00:00,7.542363,0.7775215,7.68
2019-04-05 03:00:00+00:00,7.650425,0.8008005,7.19
2019-04-05 04:00:00+00:00,7.474721,0.8344769,6.95
2019-04-05 05:00:00+00:00,7.300898,0.8763155,6.92
2019-04-05 06:00:00+00:00,7.219759,0.9209177,7.93
2019-04-05 07:00:00+00:00,7.807791,0.9504262,7.86
2019-04-05 08:00:00+00:00,7.96595,0.9813895,7.7
2019-04-05 09:00:00+00:00,7.889347,1.02026,7.63
2019-04-05 10:00:00+00:00,7.781666,1.057901,7.84
2019-04-05 11:00:00+00:00,7.814114,1.091151,7.83
2019-04-05 12:00:00+00:00,7.773852,1.125779,6.47
2019-04-05 13:00:00+00:00,6.966918,1.187425,6.35
2019-04-05 14:00:00+00:00,6.529132,1.243921,5.73
2019-04-05 15:00:00+00:00,6.003547,1.299094,5.43
2019-04-05 16:00:00+00:00,5.650523,1.333091,4.1
2019-04-05 17:00:00+00:00,4.839881,1.367217,4.73
2019-04-05 18:00:00+00:00,4.900383,1.353715,4.81
2019-04-05 19:00:00+00:00,5.060806,1.29645,5.16
2019-04-05 20:00:00+00:00,5.39015,1.234902,5.72
2019-04-05 21:00:00+00:00,5.89385,1.159732,5.72
2019-04-05 22:00:00+00:00,6.099167,1.080699,5.67
2019-04-05 23:00:00+00:00,6.145727,1.005951,5.06
2019-04-06 00:00:00+00:00,5.801442,0.9565713,4.86
2019-04-06 01:00:00+00:00,5.164088,0.9258857,4.52
2019-04-06 02:00:00+00:00,4.696644,0.9530954,3.85
2019-04-06 03:00:00+00:00,4.256736,0.9764706,3.57
2019-04-06 04:00:00+00:00,4.05376,0.997125,3.31
2019-04-06 05:00:00+00:00,3.852815,1.02519,2.76
2019-04-06 06:00:00+00:00,3.417401,1.062919,2.28
2019-04-06 07:00:00+00:00,2.940141,1.106487,1.43
2019-04-06 08:00:00+00:00,2.15734,1.18543,1.44
2019-04-06 09:00:00+00:00,1.938594,1.223892,2
2019-04-06 10:00:00+00:00,2.218413,1.262453,2.63
2019-04-06 11:00:00+00:00,2.784005,1.28533,2.01
2019-04-06 12:00:00+00:00,2.606246,1.280111,0.779999999999999
2019-04-06 13:00:00+00:00,1.877549,1.258932,2.9
2019-04-06 14:00:00+00:00,3.124116,1.364421,4.73
2019-04-06 15:00:00+00:00,4.878284,1.544074,5.56
2019-04-06 16:00:00+00:00,5.945005,1.733241,5.07
2019-04-06 17:00:00+00:00,5.736968,1.808106,5.31
2019-04-06 18:00:00+00:00,5.779983,1.823728,2.59
2019-04-06 19:00:00+00:00,4.003838,1.628039,3.6
2019-04-06 20:00:00+00:00,4.300257,1.56376,3.87
2019-04-06 21:00:00+00:00,4.625852,1.519207,5.41
2019-04-06 22:00:00+00:00,5.835281,1.578599,5.69
2019-04-06 23:00:00+00:00,6.198675,1.595321,5.5
2019-04-07 00:00:00+00:00,6.074997,1.580396,6.22
2019-04-07 01:00:00+00:00,6.377611,1.71334,6.41
2019-04-07 02:00:00+00:00,6.394127,1.762882,6.92
2019-04-07 03:00:00+00:00,6.871975,1.827113,6.4
2019-04-07 04:00:00+00:00,6.599116,1.805908,5.16
2019-04-07 05:00:00+00:00,5.584489,1.69377,4.63
2019-04-07 06:00:00+00:00,5.003039,1.601415,3.08
2019-04-07 07:00:00+00:00,3.773355,1.458808,2.69
2019-04-07 08:00:00+00:00,3.350408,1.371989,1.92
2019-04-07 09:00:00+00:00,2.80286,1.281205,1.24
2019-04-07 10:00:00+00:00,2.289239,1.215071,0.99
2019-04-07 11:00:00+00:00,2.207461,1.182306,0.85
2019-04-07 12:00:00+00:00,1.991027,1.171608,1.74
2019-04-07 13:00:00+00:00,2.778442,1.274099,2.86
2019-04-07 14:00:00+00:00,3.719452,1.410614,2.86
2019-04-07 15:00:00+00:00,3.710717,1.417952,0.43
2019-04-07 16:00:00+00:00,1.903236,1.260979,1.46
2019-04-07 17:00:00+00:00,2.553408,1.351334,2.8
2019-04-07 18:00:00+00:00,3.494519,1.477726,3.13
2019-04-07 19:00:00+00:00,3.8093,1.524604,2.92
2019-04-07 20:00:00+00:00,3.704286,1.508983,3.42
2019-04-07 21:00:00+00:00,4.006885,1.511752,4.75
2019-04-07 22:00:00+00:00,4.942124,1.530051,5.17
2019-04-07 23:00:00+00:00,5.404559,1.457696,4.54
2019-04-08 00:00:00+00:00,5.092053,1.311716,4.35
2019-04-08 01:00:00+00:00,4.578156,1.302382,3.66
2019-04-08 02:00:00+00:00,3.903432,1.278104,3.67
2019-04-08 03:00:00+00:00,3.841419,1.243237,4.43
2019-04-08 04:00:00+00:00,4.468421,1.209381,4.52
2019-04-08 05:00:00+00:00,4.772735,1.169188,5.12
2019-04-08 06:00:00+00:00,5.308922,1.143442,5.25
2019-04-08 07:00:00+00:00,5.538166,1.123927,6.11
2019-04-08 08:00:00+00:00,6.168526,1.114648,6.23
2019-04-08 09:00:00+00:00,6.357987,1.120968,7.4
2019-04-08 10:00:00+00:00,7.11579,1.13106,6.34
2019-04-08 11:00:00+00:00,6.652444,1.145796,7.35
2019-04-08 12:00:00+00:00,7.041398,1.169359,7.8
2019-04-08 13:00:00+00:00,7.464994,1.163171,8.37
2019-04-08 14:00:00+00:00,7.98188,1.133527,7.72
2019-04-08 15:00:00+00:00,7.802092,1.113127,7.99
2019-04-08 16:00:00+00:00,7.877943,1.104622,7.12
2019-04-08 17:00:00+00:00,7.421717,1.099547,7.85
2019-04-08 18:00:00+00:00,7.672028,1.063488,7.39
2019-04-08 19:00:00+00:00,7.544487,1.03153,7.24
2019-04-08 20:00:00+00:00,7.42816,0.9990957,7.59
2019-04-08 21:00:00+00:00,7.604674,0.9514622,6.68
2019-04-08 22:00:00+00:00,7.185876,0.9203097,7.39
2019-04-08 23:00:00+00:00,7.430995,0.8749146,4.54
2019-04-09 00:00:00+00:00,5.970855,0.8959249,6.31
2019-04-09 01:00:00+00:00,6.083879,0.8421317,6.6
2019-04-09 02:00:00+00:00,6.353184,0.845126,6.32
2019-04-09 03:00:00+00:00,6.392177,0.8719829,7.01
2019-04-09 04:00:00+00:00,7.035636,0.8766878,6.8
2019-04-09 05:00:00+00:00,7.155485,0.8973212,6.98
2019-04-09 06:00:00+00:00,7.335188,0.9186292,7.32
2019-04-09 07:00:00+00:00,7.614251,0.9352872,7.67
2019-04-09 08:00:00+00:00,7.889741,0.9544793,8.18
2019-04-09 09:00:00+00:00,8.237453,0.9725722,7.53
2019-04-09 10:00:00+00:00,7.932285,1.002719,7.06
2019-04-09 11:00:00+00:00,7.429809,1.057512,6.03
2019-04-09 12:00:00+00:00,6.562982,1.140064,8.23
2019-04-09 13:00:00+00:00,7.400651,1.14572,7.92
2019-04-09 14:00:00+00:00,7.649945,1.134205,8.22
2019-04-09 15:00:00+00:00,7.964765,1.106897,8.39
2019-04-09 16:00:00+00:00,8.217075,1.07074,8.44
2019-04-09 17:00:00+00:00,8.362665,1.033871,8.13
2019-04-09 18:00:00+00:00,8.26689,1.001057,8.4
2019-04-09 19:00:00+00:00,8.366668,0.9639133,8.66
2019-04-09 20:00:00+00:00,8.557796,0.9216141,9.16
2019-04-09 21:00:00+00:00,8.918557,0.873894,9.23
2019-04-09 22:00:00+00:00,9.119899,0.8251975,9.47
2019-04-09 23:00:00+00:00,9.319688,0.7833636,9.05
2019-04-10 00:00:00+00:00,9.150173,0.7502857,9.09
2019-04-10 01:00:00+00:00,9.067096,0.6956094,9.4
2019-04-10 02:00:00+00:00,9.239244,0.700731,9.02
2019-04-10 03:00:00+00:00,9.19224,0.7172694,9.47
2019-04-10 04:00:00+00:00,9.543815,0.7339517,8.96
2019-04-10 05:00:00+00:00,9.410344,0.7585603,10.31
2019-04-10 06:00:00+00:00,10.14605,0.7747337,11.2
2019-04-10 07:00:00+00:00,10.9179,0.786453,11.55
2019-04-10 08:00:00+00:00,11.39892,0.7986819,11.62
2019-04-10 09:00:00+00:00,11.59705,0.8134812,11.19
2019-04-10 10:00:00+00:00,11.41903,0.8341092,11.33
2019-04-10 11:00:00+00:00,11.36232,0.8528841,11.55
2019-04-10 12:00:00+00:00,11.41186,0.8677275,11.59
2019-04-10 13:00:00+00:00,11.44129,0.8799198,11.13
2019-04-10 14:00:00+00:00,11.22234,0.895061,11.53
2019-04-10 15:00:00+00:00,11.28978,0.8997303,12.2
2019-04-10 16:00:00+00:00,11.65953,0.8908236,12.53
2019-04-10 17:00:00+00:00,12.0398,0.8754781,13.25
2019-04-10 18:00:00+00:00,12.55995,0.8578465,12.39
2019-04-10 19:00:00+00:00,12.45742,0.8455022,11.83
2019-04-10 20:00:00+00:00,12.09415,0.8349771,12.24
2019-04-10 21:00:00+00:00,12.07834,0.8172312,11.35
2019-04-10 22:00:00+00:00,11.63379,0.8020743,11.87
2019-04-10 23:00:00+00:00,11.64155,0.7792805,12.68
2019-04-11 00:00:00+00:00,12.0411,0.7537636,12
2019-04-11 01:00:00+00:00,12.06062,0.7073984,12.47
2019-04-11 02:00:00+00:00,12.34586,0.7137387,12.35
2019-04-11 03:00:00+00:00,12.47211,0.7271466,12.48
2019-04-11 04:00:00+00:00,12.62776,0.7431989,11.64
2019-04-11 05:00:00+00:00,12.30218,0.7617205,12.78
2019-04-11 06:00:00+00:00,12.68085,0.7792577,13.94
2019-04-11 07:00:00+00:00,13.37262,0.7945834,13.32
2019-04-11 08:00:00+00:00,13.43274,0.8103428,12.67
2019-04-11 09:00:00+00:00,13.1438,0.8278227,12.75
2019-04-11 10:00:00+00:00,12.97431,0.8458477,12.96
2019-04-11 11:00:00+00:00,12.9658,0.8608401,16.01
2019-04-11 12:00:00+00:00,14.21438,0.8552075,12.52
2019-04-11 13:00:00+00:00,13.54613,0.8727599,13.74
2019-04-11 14:00:00+00:00,13.58011,0.8746227,13.34
2019-04-11 15:00:00+00:00,13.46108,0.8814376,13.41
2019-04-11 16:00:00+00:00,13.40312,0.8843525,13.33
2019-04-11 17:00:00+00:00,13.33559,0.8851119,12.63
2019-04-11 18:00:00+00:00,12.96974,0.8891439,12.2
2019-04-11 19:00:00+00:00,12.56008,0.8896896,13.09
2019-04-11 20:00:00+00:00,12.72008,0.8756233,13.2
2019-04-11 21:00:00+00:00,12.88553,0.8575906,14.62
2019-04-11 22:00:00+00:00,13.59769,0.8315777,12.7
2019-04-11 23:00:00+00:00,13.13434,0.8150042,12.58
2019-04-12 00:00:00+00:00,12.75622,0.7924638,13.39
2019-04-12 01:00:00+00:00,13.06957,0.7462754,11.76
2019-04-12 02:00:00+00:00,12.45338,0.7536023,12.01
2019-04-12 03:00:00+00:00,12.2904,0.7660954,11.77
2019-04-12 04:00:00+00:00,12.13146,0.7823584,12.57
2019-04-12 05:00:00+00:00,12.47203,0.7954552,14
2019-04-12 06:00:00+00:00,13.30907,0.8041061,15.09
2019-04-12 07:00:00+00:00,14.19931,0.8106579,16.11
2019-04-12 08:00:00+00:00,15.03252,0.8170458,16.06
2019-04-12 09:00:00+00:00,15.45682,0.8227557,15.31
2019-04-12 10:00:00+00:00,15.40315,0.8290306,14.47
2019-04-12 11:00:00+00:00,15.02923,0.8380397,13.94
2019-04-12 12:00:00+00:00,14.5726,0.8499426,13.92
2019-04-12 13:00:00+00:00,14.27227,0.8622882,12.96
2019-04-12 14:00:00+00:00,13.69403,0.880534,12.25
2019-04-12 15:00:00+00:00,13.04169,0.9008105,12.36
2019-04-12 16:00:00+00:00,12.68801,0.9149458,11.44
2019-04-12 17:00:00+00:00,12.06636,0.9361919,13.32
2019-04-12 18:00:00+00:00,12.57056,0.9182836,12.88
2019-04-12 19:00:00+00:00,12.69421,0.9074414,12.66
2019-04-12 20:00:00+00:00,12.6583,0.8923339,12.74
2019-04-12 21:00:00+00:00,12.66242,0.8727659,13.11
2019-04-12 22:00:00+00:00,12.8213,0.8485456,12.66
2019-04-12 23:00:00+00:00,12.70222,0.8247076,12.73
2019-04-13 00:00:00+00:00,12.64484,0.7984892,12.45
2019-04-13 01:00:00+00:00,12.62002,0.7495797,13.43
2019-04-13 02:00:00+00:00,13.13766,0.751004,11.96
2019-04-13 03:00:00+00:00,12.71024,0.7614555,13.17
2019-04-13 04:00:00+00:00,13.09762,0.771946,12.26
2019-04-13 05:00:00+00:00,12.85696,0.7878505,13.08
2019-04-13 06:00:00+00:00,13.10293,0.8005386,12.25
2019-04-13 07:00:00+00:00,12.82022,0.8189893,12.78
2019-04-13 08:00:00+00:00,12.88088,0.8332024,11.98
2019-04-13 09:00:00+00:00,12.52171,0.8543993,12.7
2019-04-13 10:00:00+00:00,12.61739,0.867249,11.36
2019-04-13 11:00:00+00:00,12.02433,0.8952653,12.28
2019-04-13 12:00:00+00:00,12.11222,0.9038879,10.99
2019-04-13 13:00:00+00:00,11.55474,0.9296262,12.38
2019-04-13 14:00:00+00:00,11.87516,0.9253925,12.34
2019-04-13 15:00:00+00:00,12.06385,0.9205851,11.93
2019-04-13 16:00:00+00:00,11.98348,0.9172442,11.21
2019-04-13 17:00:00+00:00,11.58782,0.9195412,11.03
2019-04-13 18:00:00+00:00,11.26295,0.9172582,10.56
2019-04-13 19:00:00+00:00,10.85622,0.9139253,11.19
2019-04-13 20:00:00+00:00,10.9381,0.8916411,11.39
2019-04-13 21:00:00+00:00,11.09548,0.8615272,10.82
2019-04-13 22:00:00+00:00,10.90061,0.8329505,11
2019-04-13 23:00:00+00:00,10.86861,0.8001638,11.94
2019-04-14 00:00:00+00:00,11.30789,0.7626641,11.91
2019-04-14 01:00:00+00:00,11.64224,0.7074463,11.52
2019-04-14 02:00:00+00:00,11.6171,0.7094221,11.59
2019-04-14 03:00:00+00:00,11.70439,0.7207702,11.32
2019-04-14 04:00:00+00:00,11.63756,0.7376784,12.26
2019-04-14 05:00:00+00:00,12.10615,0.7548507,12.13
2019-04-14 06:00:00+00:00,12.25483,0.7725715,11.71
2019-04-14 07:00:00+00:00,12.09251,0.7930992,12.47
2019-04-14 08:00:00+00:00,12.34861,0.8097864,12.52
2019-04-14 09:00:00+00:00,12.47194,0.826596,12.57
2019-04-14 10:00:00+00:00,12.55114,0.8407627,12.29
2019-04-14 11:00:00+00:00,12.44629,0.8563899,12.91
2019-04-14 12:00:00+00:00,12.64137,0.8658717,12.55
2019-04-14 13:00:00+00:00,12.5998,0.8763666,13.05
2019-04-14 14:00:00+00:00,12.78464,0.8795286,12.44
2019-04-14 15:00:00+00:00,12.62141,0.8873602,12.43
2019-04-14 16:00:00+00:00,12.49856,0.8919488,12.03
2019-04-14 17:00:00+00:00,12.25644,0.8956606,11.8
2019-04-14 18:00:00+00:00,12.01309,0.895534,12.17
2019-04-14 19:00:00+00:00,12.05328,0.8843361,11.7
2019-04-14 20:00:00+00:00,11.86644,0.8733865,11.76
2019-04-14 21:00:00+00:00,11.77556,0.8557141,11.82
2019-04-14 22:00:00+00:00,11.74879,0.8323808,11.44
2019-04-14 23:00:00+00:00,11.54306,0.8069208,11.37
2019-04-15 00:00:00+00:00,11.3821,0.7783808,11.45
2019-04-15 01:00:00+00:00,11.44948,0.7270671,11.6
2019-04-15 02:00:00+00:00,11.62453,0.7284918,11.12
2019-04-15 03:00:00+00:00,11.50638,0.7402056,11.38
2019-04-15 04:00:00+00:00,11.6213,0.7545919,11.05
2019-04-15 05:00:00+00:00,11.5129,0.7728229,11.7
2019-04-15 06:00:00+00:00,11.77271,0.7894703,11.57
2019-04-15 07:00:00+00:00,11.82097,0.806986,11.91
2019-04-15 08:00:00+00:00,11.9524,0.8245199,11.91
2019-04-15 09:00:00+00:00,11.99861,0.8407396,12.1
2019-04-15 10:00:00+00:00,12.07272,0.8555615,11.2
2019-04-15 11:00:00+00:00,11.67338,0.8780038,11.37
2019-04-15 12:00:00+00:00,11.51532,0.8943995,10.69
2019-04-15 13:00:00+00:00,11.08495,0.9187067,9.97
2019-04-15 14:00:00+00:00,10.48379,0.949145,9.46
2019-04-15 15:00:00+00:00,9.907335,0.9788045,10.24
2019-04-15 16:00:00+00:00,9.95954,0.9793832,10.69
2019-04-15 17:00:00+00:00,10.22924,0.9610713,10.47
2019-04-15 18:00:00+00:00,10.28788,0.9405552,9.31
2019-04-15 19:00:00+00:00,9.744163,0.9354858,9.81
2019-04-15 20:00:00+00:00,9.701638,0.9098801,10.33
2019-04-15 21:00:00+00:00,9.964285,0.8688908,10.01
2019-04-15 22:00:00+00:00,9.954954,0.8294187,9.87
2019-04-15 23:00:00+00:00,9.866655,0.7942231,9.99
2019-04-16 00:00:00+00:00,9.871366,0.7592951,9.9
2019-04-16 01:00:00+00:00,9.85625,0.7023022,10.13
2019-04-16 02:00:00+00:00,10.01869,0.7033406,9.83
2019-04-16 03:00:00+00:00,10.00099,0.7173952,9.04
2019-04-16 04:00:00+00:00,9.595045,0.742622,9.07
2019-04-16 05:00:00+00:00,9.459638,0.7718459,10.03
2019-04-16 06:00:00+00:00,9.930002,0.7928436,9.35
2019-04-16 07:00:00+00:00,9.734766,0.8219719,9.11
2019-04-16 08:00:00+00:00,9.470523,0.8575907,9.92
2019-04-16 09:00:00+00:00,9.745296,0.8794413,8.98
2019-04-16 10:00:00+00:00,9.345886,0.914342,8.24
2019-04-16 11:00:00+00:00,8.730877,0.963213,7.94
2019-04-16 12:00:00+00:00,8.264744,1.009483,9.37
2019-04-16 13:00:00+00:00,8.719334,1.020522,7.52
2019-04-16 14:00:00+00:00,8.021806,1.061904,6.34
2019-04-16 15:00:00+00:00,7.089365,1.122025,6.09
2019-04-16 16:00:00+00:00,6.541616,1.15774,4.86
2019-04-16 17:00:00+00:00,5.700956,1.201706,1.93
2019-04-16 18:00:00+00:00,4.025171,1.281517,5.02
2019-04-16 19:00:00+00:00,4.668539,1.272461,8.01
2019-04-16 20:00:00+00:00,6.725667,1.157993,5.47
2019-04-16 21:00:00+00:00,6.218755,1.139246,7.94
2019-04-16 22:00:00+00:00,7.483592,1.027408,7.72
2019-04-16 23:00:00+00:00,7.8645,0.9232053,7.38
2019-04-17 00:00:00+00:00,7.78528,0.8459694,7.75
2019-04-17 01:00:00+00:00,7.794363,0.7743816,7.25
2019-04-17 02:00:00+00:00,7.448216,0.7839638,8.44
2019-04-17 03:00:00+00:00,8.232078,0.7877078,7.73
2019-04-17 04:00:00+00:00,8.141784,0.8021722,7.46
2019-04-17 05:00:00+00:00,7.976571,0.8292373,7.72
2019-04-17 06:00:00+00:00,8.065867,0.8576257,7.96
2019-04-17 07:00:00+00:00,8.20202,0.8870483,8.43
2019-04-17 08:00:00+00:00,8.49953,0.9099865,8.37
2019-04-17 09:00:00+00:00,8.543925,0.9338103,8.57
2019-04-17 10:00:00+00:00,8.592532,0.9632594,8.32
2019-04-17 11:00:00+00:00,8.427414,0.9958503,8.09
2019-04-17 12:00:00+00:00,8.192141,1.030843,8.28
2019-04-17 13:00:00+00:00,8.154871,1.054089,6.64
2019-04-17 14:00:00+00:00,7.291478,1.101063,7.38
2019-04-17 15:00:00+00:00,7.24922,1.125317,6.79
2019-04-17 16:00:00+00:00,6.985734,1.131119,5.76
2019-04-17 17:00:00+00:00,6.37367,1.141671,6.01
2019-04-17 18:00:00+00:00,6.297255,1.108516,7.4
2019-04-17 19:00:00+00:00,6.939012,1.087522,5.27
2019-04-17 20:00:00+00:00,6.090055,1.109437,6.87
2019-04-17 21:00:00+00:00,6.698686,1.027385,7.66
2019-04-17 22:00:00+00:00,7.434351,0.9503186,8.12
2019-04-17 23:00:00+00:00,8.016746,0.8717809,8.03
2019-04-18 00:00:00+00:00,8.181442,0.8090132,8.22
2019-04-18 01:00:00+00:00,8.220748,0.7414727,8.09
2019-04-18 02:00:00+00:00,8.147735,0.7428885,7.98
2019-04-18 03:00:00+00:00,8.151094,0.7593504,7.9
2019-04-18 04:00:00+00:00,8.172473,0.7834869,7.82
2019-04-18 05:00:00+00:00,8.163619,0.8130376,8.56
2019-04-18 06:00:00+00:00,8.62835,0.8353113,8.91
2019-04-18 07:00:00+00:00,9.001696,0.8541641,8.94
2019-04-18 08:00:00+00:00,9.148506,0.8730329,9.34
2019-04-18 09:00:00+00:00,9.361554,0.894798,8.92
2019-04-18 10:00:00+00:00,9.183952,0.919094,8.86
2019-04-18 11:00:00+00:00,9.035003,0.9431522,8.88
2019-04-18 12:00:00+00:00,8.922523,0.9677628,8.77
2019-04-18 13:00:00+00:00,8.795058,0.9870616,9.09
2019-04-18 14:00:00+00:00,8.891232,0.9936979,9.6
2019-04-18 15:00:00+00:00,9.196822,0.983524,10.04
2019-04-18 16:00:00+00:00,9.594338,0.9589034,9.58
2019-04-18 17:00:00+00:00,9.564374,0.9397429,9.43
2019-04-18 18:00:00+00:00,9.454969,0.9256334,9.73
2019-04-18 19:00:00+00:00,9.553391,0.896444,9.56
2019-04-18 20:00:00+00:00,9.502518,0.8696209,10.44
2019-04-18 21:00:00+00:00,9.947783,0.8296418,10.39
2019-04-18 22:00:00+00:00,10.1216,0.7933358,9.21
2019-04-18 23:00:00+00:00,9.556599,0.766736,9.76
2019-04-19 00:00:00+00:00,9.569836,0.7402658,9.9
2019-04-19 01:00:00+00:00,9.669161,0.686864,9.21
2019-04-19 02:00:00+00:00,9.347042,0.6974734,9.34
2019-04-19 03:00:00+00:00,9.391005,0.719254,9.04
2019-04-19 04:00:00+00:00,9.326366,0.7434871,8.8
2019-04-19 05:00:00+00:00,9.212442,0.7718449,9.32
2019-04-19 06:00:00+00:00,9.465659,0.7974281,9.73
2019-04-19 07:00:00+00:00,9.77247,0.8205873,10.05
2019-04-19 08:00:00+00:00,10.05437,0.8403229,9.42
2019-04-19 09:00:00+00:00,9.792379,0.8692123,10.96
2019-04-19 10:00:00+00:00,10.43005,0.8795057,10.93
2019-04-19 11:00:00+00:00,10.69444,0.8879052,10.59
2019-04-19 12:00:00+00:00,10.61899,0.9007008,11.2
2019-04-19 13:00:00+00:00,10.86476,0.9027126,10.97
2019-04-19 14:00:00+00:00,10.86235,0.9067196,10.88
2019-04-19 15:00:00+00:00,10.79683,0.9094403,10.4
2019-04-19 16:00:00+00:00,10.53157,0.9129085,10.32
2019-04-19 17:00:00+00:00,10.33832,0.9133062,9.8
2019-04-19 18:00:00+00:00,9.991026,0.9118497,9.52
2019-04-19 19:00:00+00:00,9.678404,0.9051239,9.6
2019-04-19 20:00:00+00:00,9.569298,0.8871641,9.64
2019-04-19 21:00:00+00:00,9.555106,0.8592628,9.53
2019-04-19 22:00:00+00:00,9.50001,0.8282839,9.6
2019-04-19 23:00:00+00:00,9.514462,0.7932665,9.72
2019-04-20 00:00:00+00:00,9.578188,0.7584888,9.46
2019-04-20 01:00:00+00:00,9.475474,0.7035174,8.94
2019-04-20 02:00:00+00:00,9.152781,0.7125885,8.67
2019-04-20 03:00:00+00:00,8.960546,0.7333029,8.44
2019-04-20 04:00:00+00:00,8.8183,0.7596938,8.44
2019-04-20 05:00:00+00:00,8.808132,0.7863239,9.35
2019-04-20 06:00:00+00:00,9.341398,0.8033726,10.11
2019-04-20 07:00:00+00:00,9.96763,0.8159021,10.12
2019-04-20 08:00:00+00:00,10.20496,0.8315085,10.74
2019-04-20 09:00:00+00:00,10.58406,0.8444932,11.43
2019-04-20 10:00:00+00:00,11.05916,0.8523959,9.97
2019-04-20 11:00:00+00:00,10.49881,0.8784332,12.22
2019-04-20 12:00:00+00:00,11.27398,0.8791122,11.33
2019-04-20 13:00:00+00:00,11.26303,0.8838883,11.13
2019-04-20 14:00:00+00:00,11.12843,0.8909072,12
2019-04-20 15:00:00+00:00,11.45792,0.8857163,11.57
2019-04-20 16:00:00+00:00,11.44585,0.8822106,11.68
2019-04-20 17:00:00+00:00,11.4769,0.8750095,11.82
2019-04-20 18:00:00+00:00,11.57048,0.8621757,10.45
2019-04-20 19:00:00+00:00,10.95307,0.8605598,11.26
2019-04-20 20:00:00+00:00,10.99625,0.8447372,10.42
2019-04-20 21:00:00+00:00,10.61259,0.8314369,9.16
2019-04-20 22:00:00+00:00,9.762757,0.8258593,9.02
2019-04-20 23:00:00+00:00,9.269404,0.8132939,10.14
2019-04-21 00:00:00+00:00,9.646977,0.7766029,10.39
2019-04-21 01:00:00+00:00,10.0236,0.7129595,10.52
2019-04-21 02:00:00+00:00,10.32529,0.7122357,10.86
2019-04-21 03:00:00+00:00,10.73526,0.7213526,10.58
2019-04-21 04:00:00+00:00,10.80125,0.7369002,9.99
2019-04-21 05:00:00+00:00,10.52347,0.7597072,11.19
2019-04-21 06:00:00+00:00,11.04292,0.7777768,11.9
2019-04-21 07:00:00+00:00,11.61908,0.7924517,12.46
2019-04-21 08:00:00+00:00,12.11309,0.8067406,10.68
2019-04-21 09:00:00+00:00,11.44819,0.8328702,11.39
2019-04-21 10:00:00+00:00,11.36865,0.8574724,11.36
2019-04-21 11:00:00+00:00,11.30371,0.8785048,11.71
2019-04-21 12:00:00+00:00,11.41513,0.8914639,11.27
2019-04-21 13:00:00+00:00,11.26497,0.9063455,10.96
2019-04-21 14:00:00+00:00,11.02559,0.9206644,10.78
2019-04-21 15:00:00+00:00,10.81521,0.9298934,10.54
2019-04-21 16:00:00+00:00,10.59655,0.9349191,11.05
2019-04-21 17:00:00+00:00,10.73495,0.9228237,11.02
2019-04-21 18:00:00+00:00,10.80769,0.9064656,11.34
2019-04-21 19:00:00+00:00,10.99874,0.8822197,10.32
2019-04-21 20:00:00+00:00,10.58763,0.8670037,9.26
2019-04-21 21:00:00+00:00,9.817602,0.8587639,9.75
2019-04-21 22:00:00+00:00,9.673803,0.835414,8.67
2019-04-21 23:00:00+00:00,9.062151,0.8176178,8.62
2019-04-22 00:00:00+00:00,8.756867,0.7950901,8.33
2019-04-22 01:00:00+00:00,8.40999,0.7454494,8.47
2019-04-22 02:00:00+00:00,8.401719,0.7520587,8.66
2019-04-22 03:00:00+00:00,8.646553,0.7643815,8.89
2019-04-22 04:00:00+00:00,8.988955,0.7769158,8.77
2019-04-22 05:00:00+00:00,9.109731,0.793969,10.17
2019-04-22 06:00:00+00:00,9.969509,0.8039235,10.21
2019-04-22 07:00:00+00:00,10.32067,0.8155686,11.55
2019-04-22 08:00:00+00:00,11.11295,0.8258012,9.08
2019-04-22 09:00:00+00:00,10.13584,0.8570641,10.56
2019-04-22 10:00:00+00:00,10.36011,0.8775015,10.72
2019-04-22 11:00:00+00:00,10.52238,0.8917756,13.01
2019-04-22 12:00:00+00:00,11.6739,0.8830455,10.75
2019-04-22 13:00:00+00:00,11.21462,0.8911908,12.42
2019-04-22 14:00:00+00:00,11.71809,0.8828828,10.76
2019-04-22 15:00:00+00:00,11.19843,0.8936379,9.3
2019-04-22 16:00:00+00:00,10.19009,0.9214715,10.22
2019-04-22 17:00:00+00:00,10.07415,0.9282459,10.48
2019-04-22 18:00:00+00:00,10.18132,0.9169596,9.2
2019-04-22 19:00:00+00:00,9.617048,0.9177422,9.36
2019-04-22 20:00:00+00:00,9.401411,0.9048371,9.03
2019-04-22 21:00:00+00:00,9.140893,0.8866329,9.13
2019-04-22 22:00:00+00:00,9.080526,0.8568221,8.87
2019-04-22 23:00:00+00:00,8.932022,0.8241218,8.63
2019-04-23 00:00:00+00:00,8.746691,0.7908227,7.96
2019-04-23 01:00:00+00:00,8.224478,0.7425727,8.65
2019-04-23 02:00:00+00:00,8.458404,0.7418332,8.94
2019-04-23 03:00:00+00:00,8.85841,0.7493314,8.7
2019-04-23 04:00:00+00:00,8.960914,0.7652728,9.02
2019-04-23 05:00:00+00:00,9.220439,0.7850675,10.15
2019-04-23 06:00:00+00:00,9.965919,0.7998173,10.35
2019-04-23 07:00:00+00:00,10.3652,0.8132989,10.4
2019-04-23 08:00:00+00:00,10.51895,0.8291104,10.68
2019-04-23 09:00:00+00:00,10.69397,0.8437141,11.01
2019-04-23 10:00:00+00:00,10.88275,0.8582358,7.64
2019-04-23 11:00:00+00:00,9.136893,0.9357007,9.92
2019-04-23 12:00:00+00:00,9.459646,0.9510158,10.19
2019-04-23 13:00:00+00:00,9.771349,0.9523767,10.32
2019-04-23 14:00:00+00:00,9.993998,0.9489722,10.44
2019-04-23 15:00:00+00:00,10.1681,0.9401628,10.42
2019-04-23 16:00:00+00:00,10.24832,0.9286051,10.42
2019-04-23 17:00:00+00:00,10.28667,0.9129179,10.11
2019-04-23 18:00:00+00:00,10.1446,0.8991258,9.18
2019-04-23 19:00:00+00:00,9.59858,0.8937122,9.83
2019-04-23 20:00:00+00:00,9.657235,0.869078,9.31
2019-04-23 21:00:00+00:00,9.430657,0.8471187,8.91
2019-04-23 22:00:00+00:00,9.119752,0.8242294,8.79
2019-04-23 23:00:00+00:00,8.919248,0.7979338,8.64
2019-04-24 00:00:00+00:00,8.759523,0.7700835,8.53
2019-04-24 01:00:00+00:00,8.592154,0.7164404,8.35
2019-04-24 02:00:00+00:00,8.456946,0.723682,8.19
2019-04-24 03:00:00+00:00,8.43432,0.7394878,8.53
2019-04-24 04:00:00+00:00,8.713573,0.7558371,8.37
2019-04-24 05:00:00+00:00,8.746924,0.7802532,9.02
2019-04-24 06:00:00+00:00,9.143204,0.799377,8.83
2019-04-24 07:00:00+00:00,9.166656,0.8236051,9.03
2019-04-24 08:00:00+00:00,9.249731,0.8478263,9.45
2019-04-24 09:00:00+00:00,9.459032,0.8688629,8.87
2019-04-24 10:00:00+00:00,9.190256,0.8997176,9.31
2019-04-24 11:00:00+00:00,9.254414,0.9204447,8.91
2019-04-24 12:00:00+00:00,9.041686,0.9469664,8.57
2019-04-24 13:00:00+00:00,8.744333,0.9749206,7.69
2019-04-24 14:00:00+00:00,8.188032,1.003551,9.1
2019-04-24 15:00:00+00:00,8.586329,0.9979914,9.44
2019-04-24 16:00:00+00:00,9.036626,0.9636164,7.7
2019-04-24 17:00:00+00:00,8.315358,0.9835681,8.55
2019-04-24 18:00:00+00:00,8.436204,0.9595618,11.06
2019-04-24 19:00:00+00:00,9.771897,0.8994183,8.26
2019-04-24 20:00:00+00:00,9.014894,0.8804717,8.33
2019-04-24 21:00:00+00:00,8.647326,0.8639135,8.12
2019-04-24 22:00:00+00:00,8.363478,0.8461533,8.13
2019-04-24 23:00:00+00:00,8.252038,0.8217853,8.15
2019-04-25 00:00:00+00:00,8.230348,0.7921302,7.9
2019-04-25 01:00:00+00:00,7.992925,0.7358614,7.67
2019-04-25 02:00:00+00:00,7.777933,0.7447541,7.54
2019-04-25 03:00:00+00:00,7.736717,0.7617472,7.68
2019-04-25 04:00:00+00:00,7.891148,0.7811275,7.34
2019-04-25 05:00:00+00:00,7.783059,0.8090127,7.87
2019-04-25 06:00:00+00:00,8.084693,0.8297343,8.8
2019-04-25 07:00:00+00:00,8.729311,0.8428289,9.05
2019-04-25 08:00:00+00:00,9.095135,0.8572286,8.91
2019-04-25 09:00:00+00:00,9.12159,0.877311,8.68
2019-04-25 10:00:00+00:00,8.946329,0.9044795,8.27
2019-04-25 11:00:00+00:00,8.588664,0.9405107,8.76
2019-04-25 12:00:00+00:00,8.658481,0.9608918,8.46
2019-04-25 13:00:00+00:00,8.508341,0.9829229,9.28
2019-04-25 14:00:00+00:00,8.869947,0.9799525,8.04
2019-04-25 15:00:00+00:00,8.375429,1.002813,7.94
2019-04-25 16:00:00+00:00,8.094271,1.016709,8.28
2019-04-25 17:00:00+00:00,8.17254,0.9999557,8.57
2019-04-25 18:00:00+00:00,8.375958,0.9741058,8.45
2019-04-25 19:00:00+00:00,8.434825,0.9431563,7.64
2019-04-25 20:00:00+00:00,8.041662,0.9265399,7.52
2019-04-25 21:00:00+00:00,7.784534,0.912541,7.24
2019-04-25 22:00:00+00:00,7.550467,0.8874257,6.84
2019-04-25 23:00:00+00:00,7.262976,0.8629586,6.16
2019-04-26 00:00:00+00:00,6.802133,0.8498705,7.88
2019-04-26 01:00:00+00:00,7.38022,0.7766294,8.05
2019-04-26 02:00:00+00:00,7.779365,0.7674018,7.64
2019-04-26 03:00:00+00:00,7.798476,0.779951,7.18
2019-04-26 04:00:00+00:00,7.593003,0.8060935,6.97
2019-04-26 05:00:00+00:00,7.419718,0.8395332,7.62
2019-04-26 06:00:00+00:00,7.776093,0.8632765,8.12
2019-04-26 07:00:00+00:00,8.212098,0.88034,8.14
2019-04-26 08:00:00+00:00,8.350161,0.9031728,9.24
2019-04-26 09:00:00+00:00,9.024845,0.9098489,7.93
2019-04-26 10:00:00+00:00,8.499173,0.9401736,8.26
2019-04-26 11:00:00+00:00,8.389883,0.9717751,7.91
2019-04-26 12:00:00+00:00,8.097656,1.008574,7.49
2019-04-26 13:00:00+00:00,7.715284,1.048375,8.29
2019-04-26 14:00:00+00:00,7.993252,1.048801,6.77
2019-04-26 15:00:00+00:00,7.307482,1.081362,6.84
2019-04-26 16:00:00+00:00,7.036434,1.097826,7.39
2019-04-26 17:00:00+00:00,7.269876,1.066898,4.02
2019-04-26 18:00:00+00:00,5.583786,1.154255,7.97
2019-04-26 19:00:00+00:00,6.931284,1.099228,7.74
2019-04-26 20:00:00+00:00,7.482659,1.033655,7.72
2019-04-26 21:00:00+00:00,7.746679,0.9704418,7.75
2019-04-26 22:00:00+00:00,7.871926,0.9136226,8.46
2019-04-26 23:00:00+00:00,8.307745,0.8535101,8.16
2019-04-27 00:00:00+00:00,8.288824,0.8018249,7.76
2019-04-27 01:00:00+00:00,7.888645,0.7490543,7.44
2019-04-27 02:00:00+00:00,7.524436,0.7661415,6.49
2019-04-27 03:00:00+00:00,6.90405,0.8057761,6.59
2019-04-27 04:00:00+00:00,6.831546,0.847907,6.12
2019-04-27 05:00:00+00:00,6.529497,0.9019797,6.02
2019-04-27 06:00:00+00:00,6.366909,0.9583416,5.43
2019-04-27 07:00:00+00:00,5.937847,1.018599,5.99
2019-04-27 08:00:00+00:00,6.105109,1.06733,5.5
2019-04-27 09:00:00+00:00,5.795578,1.132248,4.78
2019-04-27 10:00:00+00:00,5.244884,1.191971,4.91
2019-04-27 11:00:00+00:00,5.047338,1.259418,5.72
2019-04-27 12:00:00+00:00,5.424568,1.320504,5.05
2019-04-27 13:00:00+00:00,5.188501,1.365632,3.73
2019-04-27 14:00:00+00:00,4.375617,1.391772,2.82
2019-04-27 15:00:00+00:00,3.599314,1.410007,4.19
2019-04-27 16:00:00+00:00,4.156884,1.447416,1.92
2019-04-27 17:00:00+00:00,3.13403,1.430833,3.24
2019-04-27 18:00:00+00:00,3.685367,1.428084,2.43
2019-04-27 19:00:00+00:00,3.461895,1.355828,3.06
2019-04-27 20:00:00+00:00,3.855538,1.304588,5.08
2019-04-27 21:00:00+00:00,5.296617,1.277174,5.66
2019-04-27 22:00:00+00:00,6.019625,1.197837,5.48
2019-04-27 23:00:00+00:00,6.042731,1.093679,5.29
2019-04-28 00:00:00+00:00,5.892469,1.007759,4.69
2019-04-28 01:00:00+00:00,5.094302,0.9903458,4.77
2019-04-28 02:00:00+00:00,4.83588,1.018587,3.56
2019-04-28 03:00:00+00:00,4.049089,1.057486,3.17
2019-04-28 04:00:00+00:00,3.665278,1.089081,3.21
2019-04-28 05:00:00+00:00,3.636528,1.111357,2.59
2019-04-28 06:00:00+00:00,3.300538,1.104269,2.43
2019-04-28 07:00:00+00:00,3.12773,1.099326,1.13
2019-04-28 08:00:00+00:00,2.29342,1.097116,1.13
2019-04-28 09:00:00+00:00,2.128501,1.073823,1.27
2019-04-28 10:00:00+00:00,2.151608,1.058073,1.51
2019-04-28 11:00:00+00:00,1.694175,1.32156,2.12
2019-04-28 12:00:00+00:00,2.097392,1.418732,2.83
2019-04-28 13:00:00+00:00,2.981128,1.481161,2.6
2019-04-28 14:00:00+00:00,3.330827,1.484063,2.02
2019-04-28 15:00:00+00:00,3.138595,1.418067,1.75
2019-04-28 16:00:00+00:00,2.987268,1.339764,1.26
2019-04-28 17:00:00+00:00,2.715955,1.256385,0.800000000000001
2019-04-28 18:00:00+00:00,2.420881,1.182598,1.83
2019-04-28 19:00:00+00:00,2.899442,1.188477,3.06
2019-04-28 20:00:00+00:00,4.012177,1.29863,3.5
2019-04-28 21:00:00+00:00,4.299976,1.336732,3.73
2019-04-28 22:00:00+00:00,4.3678,1.304048,3.85
2019-04-28 23:00:00+00:00,4.396835,1.218568,3.72
2019-04-29 00:00:00+00:00,4.311865,1.099872,3.37
2019-04-29 01:00:00+00:00,3.740617,1.045813,3.27
2019-04-29 02:00:00+00:00,3.462087,1.02421,3.14
2019-04-29 03:00:00+00:00,3.395147,1.019315,2.64
2019-04-29 04:00:00+00:00,3.133661,1.021026,1.97
2019-04-29 05:00:00+00:00,2.651229,1.042967,1.11
2019-04-29 06:00:00+00:00,2.139617,1.028336,1.55
2019-04-29 07:00:00+00:00,2.268203,1.030182,1.41
2019-04-29 08:00:00+00:00,1.881827,1.132316,1.35
2019-04-29 09:00:00+00:00,1.850685,1.13658,1.73
2019-04-29 10:00:00+00:00,2.020284,1.189222,1.98
2019-04-29 11:00:00+00:00,2.292964,1.208439,1.73
2019-04-29 12:00:00+00:00,2.287132,1.214019,1.64
2019-04-29 13:00:00+00:00,2.341255,1.186954,0.800000000000001
2019-04-29 14:00:00+00:00,1.863467,1.236073,3.38
2019-04-29 15:00:00+00:00,3.58214,1.286204,2.02
2019-04-29 16:00:00+00:00,3.091386,1.254184,1.36
2019-04-29 17:00:00+00:00,2.61594,1.210146,1.67
2019-04-29 18:00:00+00:00,2.776435,1.228662,4.06
2019-04-29 19:00:00+00:00,4.465009,1.249662,4.43
2019-04-29 20:00:00+00:00,5.056991,1.216001,5.21
2019-04-29 21:00:00+00:00,5.669604,1.161299,5.45
2019-04-29 22:00:00+00:00,5.919231,1.086673,6.12
2019-04-29 23:00:00+00:00,6.393408,1.018997,6.3
2019-04-30 00:00:00+00:00,6.609279,0.9538375,6.54
2019-04-30 01:00:00+00:00,6.573324,0.928144,6.45
2019-04-30 02:00:00+00:00,6.456504,0.9545463,6.42
2019-04-30 03:00:00+00:00,6.541103,0.9854603,5.56
2019-04-30 04:00:00+00:00,6.050226,1.028509,5.95
2019-04-30 05:00:00+00:00,6.209701,1.073913,5.91
2019-04-30 06:00:00+00:00,6.250181,1.116459,5.43
2019-04-30 07:00:00+00:00,5.961693,1.145341,5.44
2019-04-30 08:00:00+00:00,5.869405,1.146878,6.34
2019-04-30 09:00:00+00:00,6.331032,1.166222,6.49
2019-04-30 10:00:00+00:00,6.536295,1.177396,7.02
2019-04-30 11:00:00+00:00,6.973119,1.15802,6.11
2019-04-30 12:00:00+00:00,6.521198,1.169295,8.16
2019-04-30 13:00:00+00:00,7.569786,1.143791,5.66
2019-04-30 14:00:00+00:00,6.506911,1.14764,5.78
2019-04-30 15:00:00+00:00,6.123184,1.163895,7.03
2019-04-30 16:00:00+00:00,6.655491,1.145247,6.64
2019-04-30 17:00:00+00:00,6.721405,1.111719,6.55
2019-04-30 18:00:00+00:00,6.726937,1.077161,6.78
2019-04-30 19:00:00+00:00,6.882581,1.039086,6.59
2019-04-30 20:00:00+00:00,6.867745,0.9981675,6.27
2019-04-30 21:00:00+00:00,6.700325,0.9636842,6.6
2019-04-30 22:00:00+00:00,6.842434,0.9182306,6.81
2019-04-30 23:00:00+00:00,7.034157,0.8724523,6.83
2019-05-01 00:00:00+00:00,7.130685,0.8303392,6.52
2019-05-01 01:00:00+00:00,6.746828,0.7747421,6.94
2019-05-01 02:00:00+00:00,6.864196,0.7779316,7.26
2019-05-01 03:00:00+00:00,7.244577,0.7855915,6.16
2019-05-01 04:00:00+00:00,6.742461,0.8179899,7.71
2019-05-01 05:00:00+00:00,7.59358,0.8352562,6.73
2019-05-01 06:00:00+00:00,7.271681,0.8649997,7.34
2019-05-01 07:00:00+00:00,7.51184,0.8943225,7.55
2019-05-01 08:00:00+00:00,7.672852,0.9239265,8.59
2019-05-01 09:00:00+00:00,8.385443,0.9241666,9.7
2019-05-01 10:00:00+00:00,9.229745,0.9217592,9.6
2019-05-01 11:00:00+00:00,9.498443,0.9214619,9.24
2019-05-01 12:00:00+00:00,9.363173,0.9320481,8.68
2019-05-01 13:00:00+00:00,8.975792,0.9510746,7.54
2019-05-01 14:00:00+00:00,8.178019,0.9895768,8.32
2019-05-01 15:00:00+00:00,8.186502,1.001336,8.54
2019-05-01 16:00:00+00:00,8.313963,0.9948834,8.09
2019-05-01 17:00:00+00:00,8.155612,0.9918169,8.63
2019-05-01 18:00:00+00:00,8.385418,0.9644733,8.37
2019-05-01 19:00:00+00:00,8.370587,0.9395884,8.55
2019-05-01 20:00:00+00:00,8.476187,0.905103,8.82
2019-05-01 21:00:00+00:00,8.6745,0.8661047,8.16
2019-05-01 22:00:00+00:00,8.429424,0.8352916,7.86
2019-05-01 23:00:00+00:00,8.162356,0.8096898,7.98
2019-05-02 00:00:00+00:00,8.116811,0.7811769,7.78
2019-05-02 01:00:00+00:00,7.922123,0.7228595,8.08
2019-05-02 02:00:00+00:00,8.045149,0.7235817,7.8
2019-05-02 03:00:00+00:00,8.040586,0.7364302,6.91
2019-05-02 04:00:00+00:00,7.589386,0.7650299,6.27
2019-05-02 05:00:00+00:00,7.045929,0.8090565,7.1
2019-05-02 06:00:00+00:00,7.312335,0.8349211,6.29
2019-05-02 07:00:00+00:00,6.922333,0.8753027,6.86
2019-05-02 08:00:00+00:00,6.988767,0.917183,8.44
2019-05-02 09:00:00+00:00,7.88205,0.925901,8.76
2019-05-02 10:00:00+00:00,8.390257,0.9353104,8.6
2019-05-02 11:00:00+00:00,8.508079,0.9469589,7.86
2019-05-02 12:00:00+00:00,8.107336,0.9768788,7.54
2019-05-02 13:00:00+00:00,7.72592,1.011178,7.06
2019-05-02 14:00:00+00:00,7.320342,1.039299,7.27
2019-05-02 15:00:00+00:00,7.250747,1.049396,7.89
2019-05-02 16:00:00+00:00,7.545985,1.038296,7.43
2019-05-02 17:00:00+00:00,7.458758,1.03107,7.69
2019-05-02 18:00:00+00:00,7.588296,1.006661,7.18
2019-05-02 19:00:00+00:00,7.392228,0.9881374,8.3
2019-05-02 20:00:00+00:00,7.939566,0.9368741,7
2019-05-02 21:00:00+00:00,7.490108,0.9127996,6.6
2019-05-02 22:00:00+00:00,7.089186,0.8952287,7.19
2019-05-02 23:00:00+00:00,7.257302,0.8610865,7.65
2019-05-03 00:00:00+00:00,7.59965,0.8165991,8.19
2019-05-03 01:00:00+00:00,7.911343,0.7440524,7.8
2019-05-03 02:00:00+00:00,7.819798,0.7455113,8.1
2019-05-03 03:00:00+00:00,8.129869,0.7500687,8.53
2019-05-03 04:00:00+00:00,8.607589,0.7586058,7.18
2019-05-03 05:00:00+00:00,8.014693,0.7840942,7.89
2019-05-03 06:00:00+00:00,8.204452,0.8112683,8.62
2019-05-03 07:00:00+00:00,8.615544,0.8396239,8.14
2019-05-03 08:00:00+00:00,8.459144,0.8744596,7.79
2019-05-03 09:00:00+00:00,8.117026,0.9230099,7.72
2019-05-03 10:00:00+00:00,7.882585,0.9692437,7.81
2019-05-03 11:00:00+00:00,7.808304,1.004792,7.81
2019-05-03 12:00:00+00:00,7.707043,1.045267,7.46
2019-05-03 13:00:00+00:00,7.462817,1.085421,7.49
2019-05-03 14:00:00+00:00,7.397408,1.106251,6.31
2019-05-03 15:00:00+00:00,6.669083,1.176556,6.62
2019-05-03 16:00:00+00:00,6.49518,1.230024,7.08
2019-05-03 17:00:00+00:00,6.740543,1.236538,5.88
2019-05-03 18:00:00+00:00,6.265458,1.244065,4.59
2019-05-03 19:00:00+00:00,5.417817,1.257965,3.6
2019-05-03 20:00:00+00:00,4.618505,1.250344,5.06
2019-05-03 21:00:00+00:00,5.172344,1.206788,0.85
2019-05-03 22:00:00+00:00,3.269241,1.430102,4.29
2019-05-03 23:00:00+00:00,4.401145,1.281065,2.52
2019-05-04 00:00:00+00:00,3.959897,1.168279,2.79
2019-05-04 01:00:00+00:00,3.448169,1.188437,1.25
2019-05-04 02:00:00+00:00,2.345989,1.148477,3.06
2019-05-04 03:00:00+00:00,3.107584,1.492499,1.27
2019-05-04 04:00:00+00:00,2.320364,1.348994,2.08
2019-05-04 05:00:00+00:00,2.758524,1.446108,3.64
2019-05-04 06:00:00+00:00,3.819033,1.700575,7.55
2019-05-04 07:00:00+00:00,7.172122,2.19439,9.24
2019-05-04 08:00:00+00:00,9.149588,2.60346,10.3
2019-05-04 09:00:00+00:00,10.17414,2.861427,9.25
2019-05-04 10:00:00+00:00,9.591208,2.933937,9.45
2019-05-04 11:00:00+00:00,9.36087,2.958278,5.41
2019-05-04 12:00:00+00:00,6.652116,2.704378,6.74
2019-05-04 13:00:00+00:00,6.507879,2.566048,10.5
2019-05-04 14:00:00+00:00,9.009879,2.680876,13.39
2019-05-04 15:00:00+00:00,11.4867,2.788611,13.32
2019-05-04 16:00:00+00:00,12.19558,2.784046,13.81
2019-05-04 17:00:00+00:00,12.58896,2.731055,12.5
2019-05-04 18:00:00+00:00,12.04162,2.676427,9.51
2019-05-04 19:00:00+00:00,10.16138,2.574808,8.83
2019-05-04 20:00:00+00:00,8.881281,2.406536,8.73
2019-05-04 21:00:00+00:00,8.347412,2.257594,10.68
2019-05-04 22:00:00+00:00,9.397172,2.234205,11.88
2019-05-04 23:00:00+00:00,10.42142,2.252438,10.47
2019-05-05 00:00:00+00:00,9.883183,2.168674,8.08
2019-05-05 01:00:00+00:00,8.249706,2.083827,6.89
2019-05-05 02:00:00+00:00,6.846073,1.921597,6.48
2019-05-05 03:00:00+00:00,6.336653,1.799282,6.4
2019-05-05 04:00:00+00:00,6.313549,1.725401,7.65
2019-05-05 05:00:00+00:00,7.42628,1.782335,10.24
2019-05-05 06:00:00+00:00,9.691958,1.998073,11.97
2019-05-05 07:00:00+00:00,11.21386,2.188845,10.16
2019-05-05 08:00:00+00:00,10.29431,2.159218,9.59
2019-05-05 09:00:00+00:00,9.557169,2.097455,9.25
2019-05-05 10:00:00+00:00,9.066671,2.042879,7.54
2019-05-05 11:00:00+00:00,7.742394,1.926702,11.6
2019-05-05 12:00:00+00:00,10.24912,2.085254,12.09
2019-05-05 13:00:00+00:00,11.10216,2.186313,14.86
2019-05-05 14:00:00+00:00,12.67304,2.303406,13.46
2019-05-05 15:00:00+00:00,12.39097,2.318042,14.12
2019-05-05 16:00:00+00:00,12.50953,2.30317,13.29
2019-05-05 17:00:00+00:00,12.07924,2.266817,12.4
2019-05-05 18:00:00+00:00,11.42093,2.201138,9.79
2019-05-05 19:00:00+00:00,9.712695,2.062311,8.85
2019-05-05 20:00:00+00:00,8.552576,1.913422,11.83
2019-05-05 21:00:00+00:00,10.03627,1.937587,11.43
2019-05-05 22:00:00+00:00,10.23745,1.944037,8.3
2019-05-05 23:00:00+00:00,8.449651,1.802747,8.31
2019-05-06 00:00:00+00:00,7.971984,1.717717,10.47
2019-05-06 01:00:00+00:00,9.213025,1.855094,8.66
2019-05-06 02:00:00+00:00,8.314611,1.817964,6.84
2019-05-06 03:00:00+00:00,6.906788,1.688669,6.68
2019-05-06 04:00:00+00:00,6.577245,1.623107,7.72
2019-05-06 05:00:00+00:00,7.421428,1.661222,5.96
2019-05-06 06:00:00+00:00,6.296495,1.576102,5.04
2019-05-06 07:00:00+00:00,5.407709,1.489933,4.55
2019-05-06 08:00:00+00:00,4.91406,1.426979,4.94
2019-05-06 09:00:00+00:00,5.177682,1.421509,4.23
2019-05-06 10:00:00+00:00,4.719614,1.385875,3.69
2019-05-06 11:00:00+00:00,4.285311,1.351791,3.62
2019-05-06 12:00:00+00:00,4.206866,1.343597,1.86
2019-05-06 13:00:00+00:00,2.977845,1.267613,3.93
2019-05-06 14:00:00+00:00,4.402689,1.356532,5.6
2019-05-06 15:00:00+00:00,5.911073,1.500577,6.1
2019-05-06 16:00:00+00:00,6.467995,1.603132,5.41
2019-05-06 17:00:00+00:00,5.93981,1.599524,3.15
2019-05-06 18:00:00+00:00,4.182742,1.464103,4.37
2019-05-06 19:00:00+00:00,4.848382,1.483252,4.14
2019-05-06 20:00:00+00:00,4.805972,1.448223,5.18
2019-05-06 21:00:00+00:00,5.579972,1.481512,6
2019-05-06 22:00:00+00:00,6.296901,1.534722,6.26
2019-05-06 23:00:00+00:00,6.57281,1.565708,6.41
2019-05-07 00:00:00+00:00,6.687604,1.585271,5.97
2019-05-07 01:00:00+00:00,6.189038,1.645612,4.98
2019-05-07 02:00:00+00:00,5.190259,1.59079,3.55
2019-05-07 03:00:00+00:00,4.040462,1.479305,4.39
2019-05-07 04:00:00+00:00,4.571416,1.488445,4.01
2019-05-07 05:00:00+00:00,4.427896,1.457165,3.04
2019-05-07 06:00:00+00:00,3.701955,1.381031,2.13
2019-05-07 07:00:00+00:00,2.978459,1.300244,1.4
2019-05-07 08:00:00+00:00,2.409254,1.230496,1.17
2019-05-07 09:00:00+00:00,2.213482,1.195481,0.6
2019-05-07 10:00:00+00:00,1.862004,1.166429,0.85
2019-05-07 11:00:00+00:00,2.059483,1.174087,0.98
2019-05-07 12:00:00+00:00,2.152265,1.169819,1.08
2019-05-07 13:00:00+00:00,2.25183,1.167221,1.34
2019-05-07 14:00:00+00:00,2.481492,1.176309,0.69
2019-05-07 15:00:00+00:00,2.118805,1.14539,0.61
2019-05-07 16:00:00+00:00,1.957971,1.136829,0.93
2019-05-07 17:00:00+00:00,2.301519,1.19441,0.490000000000001
2019-05-07 18:00:00+00:00,2.125489,1.217758,1.15
2019-05-07 19:00:00+00:00,2.328228,1.228372,2.76
2019-05-07 20:00:00+00:00,3.491338,1.3516,3.6
2019-05-07 21:00:00+00:00,4.166647,1.437595,3.54
2019-05-07 22:00:00+00:00,4.149121,1.404745,4.26
2019-05-07 23:00:00+00:00,4.633039,1.392563,4.19
2019-05-08 00:00:00+00:00,4.691743,1.32648,3.85
2019-05-08 01:00:00+00:00,4.16219,1.38952,3.09
2019-05-08 02:00:00+00:00,3.442951,1.439115,2.85
2019-05-08 03:00:00+00:00,3.188226,1.492642,2.92
2019-05-08 04:00:00+00:00,3.24929,1.557191,3.63
2019-05-08 05:00:00+00:00,3.842471,1.628496,1.9
2019-05-08 06:00:00+00:00,2.808303,1.597321,1.13
2019-05-08 07:00:00+00:00,2.129717,1.511432,1.19
2019-05-08 08:00:00+00:00,2.040753,1.44939,1.93
2019-05-08 09:00:00+00:00,2.451982,1.459564,1.62
2019-05-08 10:00:00+00:00,2.310182,1.449775,0.32
2019-05-08 11:00:00+00:00,1.535493,1.428655,1.64
2019-05-08 12:00:00+00:00,2.230757,1.412311,0.77
2019-05-08 13:00:00+00:00,1.937172,1.331509,2.01
2019-05-08 14:00:00+00:00,2.675658,1.37603,1.57
2019-05-08 15:00:00+00:00,2.523569,1.359593,0.54
2019-05-08 16:00:00+00:00,1.919146,1.323455,0.74
2019-05-08 17:00:00+00:00,2.009908,1.324906,1.1
2019-05-08 18:00:00+00:00,2.484738,1.392981,1.09
2019-05-08 19:00:00+00:00,2.347446,1.272162,2.12
2019-05-08 20:00:00+00:00,3.472226,1.458345,3.02
2019-05-08 21:00:00+00:00,3.78018,1.386091,2.97
2019-05-08 22:00:00+00:00,4.009233,1.384578,2.76
2019-05-08 23:00:00+00:00,3.813745,1.326343,3.43
2019-05-09 00:00:00+00:00,4.179332,1.301468,1.58
2019-05-09 01:00:00+00:00,2.755443,1.388789,1.22
2019-05-09 02:00:00+00:00,2.132816,1.498417,1.69
2019-05-09 03:00:00+00:00,2.296377,1.5474,0.58
2019-05-09 04:00:00+00:00,1.815442,1.456856,1.35
2019-05-09 05:00:00+00:00,2.21814,1.568219,1.44
2019-05-09 06:00:00+00:00,2.262719,1.564152,2.39
2019-05-09 07:00:00+00:00,2.965102,1.590402,2.13
2019-05-09 08:00:00+00:00,2.993699,1.604243,0.420000000000001
2019-05-09 09:00:00+00:00,1.805081,1.480286,2.67
2019-05-09 10:00:00+00:00,3.02472,1.604843,0.43
2019-05-09 11:00:00+00:00,1.82684,1.400057,0.95
2019-05-09 12:00:00+00:00,1.906649,1.361897,0.85
2019-05-09 13:00:00+00:00,1.82665,1.476594,2.53
2019-05-09 14:00:00+00:00,2.884852,1.560003,3.51
2019-05-09 15:00:00+00:00,3.929033,1.588744,3.76
2019-05-09 16:00:00+00:00,4.383811,1.55104,2.34
2019-05-09 17:00:00+00:00,3.488039,1.392003,2.95
2019-05-09 18:00:00+00:00,3.622348,1.35907,3.09
2019-05-09 19:00:00+00:00,3.934186,1.374241,6.36
2019-05-09 20:00:00+00:00,6.325132,1.578768,2.94
2019-05-09 21:00:00+00:00,4.252289,1.38578,2.78
2019-05-09 22:00:00+00:00,3.683218,1.292831,4.19
2019-05-09 23:00:00+00:00,4.423203,1.254233,5.31
2019-05-10 00:00:00+00:00,5.348969,1.190082,4.36
2019-05-10 01:00:00+00:00,4.676747,1.141802,4.57
2019-05-10 02:00:00+00:00,4.568225,1.170791,3.61
2019-05-10 03:00:00+00:00,3.954483,1.185421,4.77
2019-05-10 04:00:00+00:00,4.75756,1.17068,5.92
2019-05-10 05:00:00+00:00,5.955006,1.122312,5.44
2019-05-10 06:00:00+00:00,5.951049,1.081837,5.15
2019-05-10 07:00:00+00:00,5.710786,1.072023,6.08
2019-05-10 08:00:00+00:00,6.22832,1.061516,5.11
2019-05-10 09:00:00+00:00,5.695372,1.074228,4.64
2019-05-10 10:00:00+00:00,5.121787,1.122998,4.08
2019-05-10 11:00:00+00:00,4.558533,1.169742,5.13
2019-05-10 12:00:00+00:00,4.959074,1.176287,4.52
2019-05-10 13:00:00+00:00,4.790876,1.169914,4.34
2019-05-10 14:00:00+00:00,4.637683,1.169862,4.43
2019-05-10 15:00:00+00:00,4.648505,1.158627,3.68
2019-05-10 16:00:00+00:00,4.267196,1.154445,3.8
2019-05-10 17:00:00+00:00,4.194782,1.150223,3.03
2019-05-10 18:00:00+00:00,3.800007,1.148028,3.63
2019-05-10 19:00:00+00:00,4.010721,1.131347,3.73
2019-05-10 20:00:00+00:00,4.202895,1.099747,3.96
2019-05-10 21:00:00+00:00,4.462526,1.062154,4.32
2019-05-10 22:00:00+00:00,4.814442,1.015801,4.54
2019-05-10 23:00:00+00:00,5.104425,0.968089,4.84
2019-05-11 00:00:00+00:00,5.408041,0.9181014,4.79
2019-05-11 01:00:00+00:00,5.119862,0.8630308,4.99
2019-05-11 02:00:00+00:00,5.121486,0.8645492,4.84
2019-05-11 03:00:00+00:00,5.139512,0.872604,4.15
2019-05-11 04:00:00+00:00,4.772364,0.8957737,3.56
2019-05-11 05:00:00+00:00,4.316966,0.9288182,3.85
2019-05-11 06:00:00+00:00,4.315297,0.9623816,4.34
2019-05-11 07:00:00+00:00,4.606394,0.9825161,5.98
2019-05-11 08:00:00+00:00,5.759784,0.9805156,5.11
2019-05-11 09:00:00+00:00,5.562019,0.9945952,3.82
2019-05-11 10:00:00+00:00,4.813062,1.014384,6.22
2019-05-11 11:00:00+00:00,5.677681,1.063446,5.21
2019-05-11 12:00:00+00:00,5.412043,1.090392,2.02
2019-05-11 13:00:00+00:00,3.520858,1.207424,4.23
2019-05-11 14:00:00+00:00,3.97431,1.237746,4
2019-05-11 15:00:00+00:00,4.04659,1.240009,4.64
2019-05-11 16:00:00+00:00,4.532773,1.221111,4.47
2019-05-11 17:00:00+00:00,4.719771,1.175707,4.16
2019-05-11 18:00:00+00:00,4.657745,1.142112,3.88
2019-05-11 19:00:00+00:00,4.503387,1.121712,4.35
2019-05-11 20:00:00+00:00,4.772508,1.0842,4.99
2019-05-11 21:00:00+00:00,5.292593,1.03221,4.83
2019-05-11 22:00:00+00:00,5.409543,0.9783539,5.14
2019-05-11 23:00:00+00:00,5.660187,0.9213254,4.99
2019-05-12 00:00:00+00:00,5.672244,0.8751041,5.22
2019-05-12 01:00:00+00:00,5.480499,0.8217244,5.3
2019-05-12 02:00:00+00:00,5.454717,0.8250605,5.14
2019-05-12 03:00:00+00:00,5.44556,0.8416901,5.21
2019-05-12 04:00:00+00:00,5.558477,0.8625997,5.03
2019-05-12 05:00:00+00:00,5.490909,0.8923685,5.01
2019-05-12 06:00:00+00:00,5.491194,0.9159219,5.7
2019-05-12 07:00:00+00:00,5.842066,0.948747,6.06
2019-05-12 08:00:00+00:00,6.174309,0.9696578,6.67
2019-05-12 09:00:00+00:00,6.651949,0.9831628,6.24
2019-05-12 10:00:00+00:00,6.490741,1.017667,5.92
2019-05-12 11:00:00+00:00,6.216247,1.052286,6.06
2019-05-12 12:00:00+00:00,6.131202,1.087142,6.04
2019-05-12 13:00:00+00:00,6.101227,1.101193,6.01
2019-05-12 14:00:00+00:00,6.049295,1.117624,5.32
2019-05-12 15:00:00+00:00,5.680244,1.130391,4.56
2019-05-12 16:00:00+00:00,5.133264,1.15141,4.68
2019-05-12 17:00:00+00:00,4.977017,1.161478,5.24
2019-05-12 18:00:00+00:00,5.268623,1.1364,5.51
2019-05-12 19:00:00+00:00,5.588491,1.100627,5.31
2019-05-12 20:00:00+00:00,5.655389,1.064103,5.01
2019-05-12 21:00:00+00:00,5.566201,1.02142,5.14
2019-05-12 22:00:00+00:00,5.640649,0.9786606,4.97
2019-05-12 23:00:00+00:00,5.612957,0.9301717,6.15
2019-05-13 00:00:00+00:00,6.301564,0.8673869,5.91
2019-05-13 01:00:00+00:00,6.156225,0.7954974,5.9
2019-05-13 02:00:00+00:00,6.080771,0.7996287,5.87
2019-05-13 03:00:00+00:00,6.084381,0.8244999,5.97
2019-05-13 04:00:00+00:00,6.207082,0.8497353,5.44
2019-05-13 05:00:00+00:00,5.924468,0.8868591,5.4
2019-05-13 06:00:00+00:00,5.782932,0.9310196,5.04
2019-05-13 07:00:00+00:00,5.495584,0.9752377,5.55
2019-05-13 08:00:00+00:00,5.673184,1.012457,5.79
2019-05-13 09:00:00+00:00,5.870528,1.038543,5.62
2019-05-13 10:00:00+00:00,5.830761,1.062633,5.23
2019-05-13 11:00:00+00:00,5.535851,1.100906,4.29
2019-05-13 12:00:00+00:00,4.869014,1.147408,4.53
2019-05-13 13:00:00+00:00,4.779868,1.161619,3.71
2019-05-13 14:00:00+00:00,4.286764,1.18145,4.31
2019-05-13 15:00:00+00:00,4.448347,1.176032,4.68
2019-05-13 16:00:00+00:00,4.757157,1.148364,4.74
2019-05-13 17:00:00+00:00,4.953241,1.115137,3.69
2019-05-13 18:00:00+00:00,4.473107,1.101939,4.38
2019-05-13 19:00:00+00:00,4.688529,1.084296,4.46
2019-05-13 20:00:00+00:00,4.849542,1.054977,5.11
2019-05-13 21:00:00+00:00,5.33289,1.007878,5.77
2019-05-13 22:00:00+00:00,5.934759,0.949674,6.07
2019-05-13 23:00:00+00:00,6.350063,0.8978925,6.01
2019-05-14 00:00:00+00:00,6.476209,0.8517082,5.69
2019-05-14 01:00:00+00:00,6.072533,0.7963238,6.02
2019-05-14 02:00:00+00:00,6.112895,0.7988796,6.14
2019-05-14 03:00:00+00:00,6.318787,0.8060945,5.66
2019-05-14 04:00:00+00:00,6.159848,0.8265314,6.04
2019-05-14 05:00:00+00:00,6.369194,0.8486593,6.15
2019-05-14 06:00:00+00:00,6.513663,0.8696456,6.13
2019-05-14 07:00:00+00:00,6.52725,0.8962764,6.2
2019-05-14 08:00:00+00:00,6.51251,0.9293131,5.68
2019-05-14 09:00:00+00:00,6.140571,0.9751722,5.4
2019-05-14 10:00:00+00:00,5.758114,1.031982,6.17
2019-05-14 11:00:00+00:00,5.996071,1.064497,5.68
2019-05-14 12:00:00+00:00,5.811391,1.095338,5.33
2019-05-14 13:00:00+00:00,5.522469,1.134224,4.45
2019-05-14 14:00:00+00:00,4.964306,1.167589,4.89
2019-05-14 15:00:00+00:00,4.994975,1.172551,3.33
2019-05-14 16:00:00+00:00,4.234525,1.184939,6.24
2019-05-14 17:00:00+00:00,5.565304,1.127678,3.81
2019-05-14 18:00:00+00:00,4.793882,1.103541,5.15
2019-05-14 19:00:00+00:00,5.258311,1.070497,3.92
2019-05-14 20:00:00+00:00,4.795122,1.045071,4.66
2019-05-14 21:00:00+00:00,5.071843,1.001594,5.81
2019-05-14 22:00:00+00:00,5.86012,0.9327285,7.56
2019-05-14 23:00:00+00:00,7.177565,0.8670856,6.52
2019-05-15 00:00:00+00:00,7.075282,0.8182041,7.11
2019-05-15 01:00:00+00:00,7.22589,0.7479678,6.38
2019-05-15 02:00:00+00:00,6.801655,0.7564149,6.39
2019-05-15 03:00:00+00:00,6.726288,0.7757696,6.76
2019-05-15 04:00:00+00:00,6.989781,0.7912219,6.88
2019-05-15 05:00:00+00:00,7.180843,0.8101491,7.34
2019-05-15 06:00:00+00:00,7.544632,0.8255752,8.21
2019-05-15 07:00:00+00:00,8.176279,0.8355379,7.75
2019-05-15 08:00:00+00:00,8.099214,0.8587911,8.37
2019-05-15 09:00:00+00:00,8.366401,0.8791687,7.8
2019-05-15 10:00:00+00:00,8.10321,0.9102132,7.8
2019-05-15 11:00:00+00:00,7.970878,0.9371154,7.85
2019-05-15 12:00:00+00:00,7.893156,0.9614348,7.6
2019-05-15 13:00:00+00:00,7.723482,0.9817706,9.13
2019-05-15 14:00:00+00:00,8.431094,0.965412,8.42
2019-05-15 15:00:00+00:00,8.42712,0.9555652,8.61
2019-05-15 16:00:00+00:00,8.515123,0.9445776,7.96
2019-05-15 17:00:00+00:00,8.216351,0.9451136,7.46
2019-05-15 18:00:00+00:00,7.804387,0.9528899,8
2019-05-15 19:00:00+00:00,7.898776,0.9362837,7.66
2019-05-15 20:00:00+00:00,7.784965,0.9200067,7.7
2019-05-15 21:00:00+00:00,7.784412,0.8930374,7.39
2019-05-15 22:00:00+00:00,7.640453,0.8693883,7.3
2019-05-15 23:00:00+00:00,7.55091,0.8416633,7.53
2019-05-16 00:00:00+00:00,7.650884,0.8080978,7.74
2019-05-16 01:00:00+00:00,7.709082,0.7385141,8.4
2019-05-16 02:00:00+00:00,8.162339,0.7254442,7.12
2019-05-16 03:00:00+00:00,7.708681,0.7379227,8.62
2019-05-16 04:00:00+00:00,8.518136,0.7411847,8.37
2019-05-16 05:00:00+00:00,8.706189,0.7533156,8.6
2019-05-16 06:00:00+00:00,8.905352,0.772119,8.98
2019-05-16 07:00:00+00:00,9.158833,0.7919846,9.17
2019-05-16 08:00:00+00:00,9.310481,0.8144875,8.9
2019-05-16 09:00:00+00:00,9.168747,0.8440908,9.07
2019-05-16 10:00:00+00:00,9.129917,0.8735342,9.05
2019-05-16 11:00:00+00:00,9.060072,0.9009766,8.77
2019-05-16 12:00:00+00:00,8.849821,0.9304146,8.69
2019-05-16 13:00:00+00:00,8.700664,0.9532369,8.19
2019-05-16 14:00:00+00:00,8.369279,0.9781196,8.9
2019-05-16 15:00:00+00:00,8.543578,0.981074,8.71
2019-05-16 16:00:00+00:00,8.566954,0.9746471,8.09
2019-05-16 17:00:00+00:00,8.286486,0.9724443,7.33
2019-05-16 18:00:00+00:00,7.770961,0.9792758,7.18
2019-05-16 19:00:00+00:00,7.459864,0.9759983,7.5
2019-05-16 20:00:00+00:00,7.498311,0.952188,6.99
2019-05-16 21:00:00+00:00,7.294329,0.9273842,7.06
2019-05-16 22:00:00+00:00,7.262362,0.8965661,7.11
2019-05-16 23:00:00+00:00,7.305174,0.8582094,7.27
2019-05-17 00:00:00+00:00,7.428555,0.8185782,7.62
2019-05-17 01:00:00+00:00,7.533288,0.7466178,7.48
2019-05-17 02:00:00+00:00,7.511015,0.7456436,7.51
2019-05-17 03:00:00+00:00,7.641217,0.7544003,7.21
2019-05-17 04:00:00+00:00,7.574531,0.7754194,6.84
2019-05-17 05:00:00+00:00,7.354111,0.8065124,7.63
2019-05-17 06:00:00+00:00,7.739295,0.830429,8.43
2019-05-17 07:00:00+00:00,8.375136,0.8404517,8.87
2019-05-17 08:00:00+00:00,8.858601,0.8495132,8.18
2019-05-17 09:00:00+00:00,8.600405,0.8760186,9.84
2019-05-17 10:00:00+00:00,9.343404,0.8852117,9.11
2019-05-17 11:00:00+00:00,9.223181,0.9036593,8.83
2019-05-17 12:00:00+00:00,8.969111,0.9307159,7.92
2019-05-17 13:00:00+00:00,8.327403,0.9756721,7.42
2019-05-17 14:00:00+00:00,7.732471,1.027359,7.33
2019-05-17 15:00:00+00:00,7.40113,1.064366,6.77
2019-05-17 16:00:00+00:00,7.013745,1.086078,6.57
2019-05-17 17:00:00+00:00,6.766327,1.091527,6.32
2019-05-17 18:00:00+00:00,6.579638,1.077406,6.03
2019-05-17 19:00:00+00:00,6.398814,1.050015,5.89
2019-05-17 20:00:00+00:00,6.268579,1.023362,6.38
2019-05-17 21:00:00+00:00,6.517021,0.9736885,6.08
2019-05-17 22:00:00+00:00,6.491247,0.9308311,5.98
2019-05-17 23:00:00+00:00,6.448001,0.8924726,6.39
2019-05-18 00:00:00+00:00,6.67869,0.8436846,6.11
2019-05-18 01:00:00+00:00,6.366876,0.7846844,6.55
2019-05-18 02:00:00+00:00,6.526316,0.7833731,6.74
2019-05-18 03:00:00+00:00,6.82627,0.7904494,6.99
2019-05-18 04:00:00+00:00,7.168137,0.8044347,7.1
2019-05-18 05:00:00+00:00,7.397045,0.8222036,7.7
2019-05-18 06:00:00+00:00,7.841866,0.8409409,7.97
2019-05-18 07:00:00+00:00,8.14659,0.8589002,8.94
2019-05-18 08:00:00+00:00,8.779379,0.8745025,8.59
2019-05-18 09:00:00+00:00,8.777658,0.8940843,8.52
2019-05-18 10:00:00+00:00,8.682838,0.9192858,7.32
2019-05-18 11:00:00+00:00,7.900823,0.9733778,6.72
2019-05-18 12:00:00+00:00,7.187362,1.039811,7.89
2019-05-18 13:00:00+00:00,7.503926,1.053162,7.99
2019-05-18 14:00:00+00:00,7.734741,1.046243,8.13
2019-05-18 15:00:00+00:00,7.925354,1.033555,8.94
2019-05-18 16:00:00+00:00,8.485743,0.9931716,8.52
2019-05-18 17:00:00+00:00,8.526343,0.9634106,7.36
2019-05-18 18:00:00+00:00,7.927265,0.956467,7.5
2019-05-18 19:00:00+00:00,7.714139,0.9447861,7.96
2019-05-18 20:00:00+00:00,7.877917,0.9138723,8.13
2019-05-18 21:00:00+00:00,8.07243,0.8721706,8.06
2019-05-18 22:00:00+00:00,8.138824,0.8302226,7.23
2019-05-18 23:00:00+00:00,7.721722,0.8053933,7.7
2019-05-19 00:00:00+00:00,7.805544,0.7741418,7.57
2019-05-19 01:00:00+00:00,7.628219,0.7216154,8.31
2019-05-19 02:00:00+00:00,8.035675,0.7191685,8.3
2019-05-19 03:00:00+00:00,8.310215,0.7289474,8.26
2019-05-19 04:00:00+00:00,8.483422,0.7451525,9.14
2019-05-19 05:00:00+00:00,9.105393,0.7617384,9.41
2019-05-19 06:00:00+00:00,9.488247,0.7798311,9.98
2019-05-19 07:00:00+00:00,9.926575,0.798531,10.71
2019-05-19 08:00:00+00:00,10.45675,0.8134028,10.79
2019-05-19 09:00:00+00:00,10.66037,0.8309792,10.64
2019-05-19 10:00:00+00:00,10.61138,0.8531829,10.21
2019-05-19 11:00:00+00:00,10.33772,0.8788094,10.65
2019-05-19 12:00:00+00:00,10.39402,0.8965324,9.53
2019-05-19 13:00:00+00:00,9.844303,0.9298047,10.21
2019-05-19 14:00:00+00:00,9.929553,0.9375994,6.05
2019-05-19 15:00:00+00:00,7.799932,1.064206,8.94
2019-05-19 16:00:00+00:00,8.24557,1.055788,9.03
2019-05-19 17:00:00+00:00,8.579173,1.025455,8.02
2019-05-19 18:00:00+00:00,8.262329,1.014453,8.23
2019-05-19 19:00:00+00:00,8.258821,0.9776363,8.33
2019-05-19 20:00:00+00:00,8.332263,0.9330263,9.36
2019-05-19 21:00:00+00:00,8.926974,0.8705724,8.71
2019-05-19 22:00:00+00:00,8.8505,0.8256637,9.21
2019-05-19 23:00:00+00:00,9.055863,0.7812107,9.36
2019-05-20 00:00:00+00:00,9.20392,0.7384332,8.84
2019-05-20 01:00:00+00:00,8.946072,0.6852118,8.88
2019-05-20 02:00:00+00:00,8.875847,0.6928648,8.54
2019-05-20 03:00:00+00:00,8.765213,0.7124751,8.69
2019-05-20 04:00:00+00:00,8.883767,0.7380849,10.02
2019-05-20 05:00:00+00:00,9.728566,0.7586343,10.82
2019-05-20 06:00:00+00:00,10.51658,0.774764,11.86
2019-05-20 07:00:00+00:00,11.3562,0.7896132,11.58
2019-05-20 08:00:00+00:00,11.5069,0.8073803,11.04
2019-05-20 09:00:00+00:00,11.23977,0.8314658,11.37
2019-05-20 10:00:00+00:00,11.21279,0.8552246,10.67
2019-05-20 11:00:00+00:00,10.82103,0.8867749,10.43
2019-05-20 12:00:00+00:00,10.47625,0.9196541,9.96
2019-05-20 13:00:00+00:00,10.05134,0.9557669,9.33
2019-05-20 14:00:00+00:00,9.530133,0.9959846,8.49
2019-05-20 15:00:00+00:00,8.859464,1.035411,8.84
2019-05-20 16:00:00+00:00,8.702515,1.052018,8.68
2019-05-20 17:00:00+00:00,8.603997,1.047292,8.47
2019-05-20 18:00:00+00:00,8.499011,1.025908,7.63
2019-05-20 19:00:00+00:00,8.035744,1.015704,7.83
2019-05-20 20:00:00+00:00,7.934686,0.986226,8.3
2019-05-20 21:00:00+00:00,8.163434,0.9379779,8.62
2019-05-20 22:00:00+00:00,8.457108,0.8823839,8.54
2019-05-20 23:00:00+00:00,8.54334,0.8283756,8.76
2019-05-21 00:00:00+00:00,8.677156,0.7829306,7.97
2019-05-21 01:00:00+00:00,8.183803,0.7352372,7.63
2019-05-21 02:00:00+00:00,7.756412,0.7597746,7.39
2019-05-21 03:00:00+00:00,7.547362,0.7994517,6.9
2019-05-21 04:00:00+00:00,7.243641,0.8507506,6.42
2019-05-21 05:00:00+00:00,6.865395,0.9118745,6.22
2019-05-21 06:00:00+00:00,6.578268,0.9840673,4.81
2019-05-21 07:00:00+00:00,5.561338,1.08467,3.76
2019-05-21 08:00:00+00:00,4.473292,1.213329,3.03
2019-05-21 09:00:00+00:00,3.626081,1.319308,2.87
2019-05-21 10:00:00+00:00,3.276819,1.358807,1.63
2019-05-21 11:00:00+00:00,2.472361,1.389111,1.65
2019-05-21 12:00:00+00:00,2.293965,1.370834,0.88
2019-05-21 13:00:00+00:00,2.042516,1.229309,1.12
2019-05-21 14:00:00+00:00,1.954031,1.28274,1.31
2019-05-21 15:00:00+00:00,2.080835,1.279219,1.11
2019-05-21 16:00:00+00:00,2.117364,1.223879,0.74
2019-05-21 17:00:00+00:00,1.987123,1.20287,0.58
2019-05-21 18:00:00+00:00,1.945028,1.228927,1.28
2019-05-21 19:00:00+00:00,2.397359,1.17678,2.26
2019-05-21 20:00:00+00:00,3.173346,1.143111,2.66
2019-05-21 21:00:00+00:00,3.547401,1.075168,3.03
2019-05-21 22:00:00+00:00,3.833381,0.9983765,3.6
2019-05-21 23:00:00+00:00,4.251545,0.9266683,3.98
2019-05-22 00:00:00+00:00,4.603187,0.8670207,3.8
2019-05-22 01:00:00+00:00,4.249413,0.8379804,3.4
2019-05-22 02:00:00+00:00,3.823942,0.8597518,3.4
2019-05-22 03:00:00+00:00,3.843004,0.8710023,3.57
2019-05-22 04:00:00+00:00,3.322428,1.160884,3.57
2019-05-22 05:00:00+00:00,3.272693,1.357939,3.09
2019-05-22 06:00:00+00:00,3.208836,1.481594,2.38
2019-05-22 07:00:00+00:00,3.169405,1.383052,2.57
2019-05-22 08:00:00+00:00,3.470534,1.384238,3.69
2019-05-22 09:00:00+00:00,4.195581,1.427185,5.76
2019-05-22 10:00:00+00:00,5.792497,1.497056,7.75
2019-05-22 11:00:00+00:00,7.590594,1.529782,8.59
2019-05-22 12:00:00+00:00,8.579885,1.478878,8.17
2019-05-22 13:00:00+00:00,8.494967,1.393025,9.37
2019-05-22 14:00:00+00:00,9.154241,1.304469,9.88
2019-05-22 15:00:00+00:00,9.630362,1.217547,10.33
2019-05-22 16:00:00+00:00,10.04891,1.133104,10.06
2019-05-22 17:00:00+00:00,10.03234,1.054183,9.98
2019-05-22 18:00:00+00:00,9.936563,0.9849516,9.85
2019-05-22 19:00:00+00:00,9.804388,0.9399822,10.28
2019-05-22 20:00:00+00:00,9.970556,0.8978477,9.79
2019-05-22 21:00:00+00:00,9.764276,0.8626154,8.73
2019-05-22 22:00:00+00:00,9.080315,0.8386118,8.46
2019-05-22 23:00:00+00:00,8.637743,0.8180429,8.3
2019-05-23 00:00:00+00:00,8.38028,0.7943971,8.29
2019-05-23 01:00:00+00:00,8.191235,0.7602454,7.69
2019-05-23 02:00:00+00:00,7.78269,0.7946993,7.98
2019-05-23 03:00:00+00:00,7.948344,0.841217,8.33
2019-05-23 04:00:00+00:00,8.337739,0.8486322,8.14
2019-05-23 05:00:00+00:00,8.397796,0.8558614,8.77
2019-05-23 06:00:00+00:00,8.799166,0.8577216,8
2019-05-23 07:00:00+00:00,8.459893,0.9174121,8.15
2019-05-23 08:00:00+00:00,8.372104,0.9778441,7.94
2019-05-23 09:00:00+00:00,8.185473,1.030582,8.92
2019-05-23 10:00:00+00:00,8.667488,1.053367,8.87
2019-05-23 11:00:00+00:00,8.833812,1.06866,9.21
2019-05-23 12:00:00+00:00,9.072019,1.07288,11.08
2019-05-23 13:00:00+00:00,10.15949,1.046568,10.79
2019-05-23 14:00:00+00:00,10.53523,1.011029,10.24
2019-05-23 15:00:00+00:00,10.3896,0.9833063,10.29
2019-05-23 16:00:00+00:00,10.28796,0.9635628,8.53
2019-05-23 17:00:00+00:00,9.287146,0.9769475,10.52
2019-05-23 18:00:00+00:00,9.830715,0.9414739,10.34
2019-05-23 19:00:00+00:00,10.03498,0.9045333,10.25
2019-05-23 20:00:00+00:00,10.08773,0.8659457,9.17
2019-05-23 21:00:00+00:00,9.539264,0.8364731,9.7
2019-05-23 22:00:00+00:00,9.549506,0.8025386,8.73
2019-05-23 23:00:00+00:00,9.029913,0.7785887,8.78
2019-05-24 00:00:00+00:00,8.817563,0.7556755,8.97
2019-05-24 01:00:00+00:00,8.799023,0.7073357,8.15
2019-05-24 02:00:00+00:00,8.307007,0.7344138,7.25
2019-05-24 03:00:00+00:00,7.642988,0.7858331,6.7
2019-05-24 04:00:00+00:00,7.021586,0.8693258,4.37
2019-05-24 05:00:00+00:00,5.386221,1.004962,6.9
2019-05-24 06:00:00+00:00,6.444246,1.041196,7
2019-05-24 07:00:00+00:00,6.950336,1.074002,6.65
2019-05-24 08:00:00+00:00,6.929859,1.11508,6.98
2019-05-24 09:00:00+00:00,7.114856,1.149405,7.58
2019-05-24 10:00:00+00:00,7.519522,1.178589,7.23
2019-05-24 11:00:00+00:00,7.422057,1.207858,7.59
2019-05-24 12:00:00+00:00,7.571069,1.225695,8.24
2019-05-24 13:00:00+00:00,8.005592,1.2156,8.5
2019-05-24 14:00:00+00:00,8.359745,1.1827,7.66
2019-05-24 15:00:00+00:00,8.001301,1.166575,7.61
2019-05-24 16:00:00+00:00,7.815687,1.137491,8.19
2019-05-24 17:00:00+00:00,7.979072,1.133604,10.33
2019-05-24 18:00:00+00:00,9.339733,1.05468,10.74
2019-05-24 19:00:00+00:00,10.18921,0.9696249,8.94
2019-05-24 20:00:00+00:00,9.544196,0.9076961,10.49
2019-05-24 21:00:00+00:00,10.04293,0.853988,10.34
2019-05-24 22:00:00+00:00,10.14552,0.8040928,10.48
2019-05-24 23:00:00+00:00,10.21863,0.7613802,10.7
2019-05-25 00:00:00+00:00,10.31854,0.7254272,9.88
2019-05-25 01:00:00+00:00,9.957176,0.6826616,9.19
2019-05-25 02:00:00+00:00,9.388103,0.7050101,8.62
2019-05-25 03:00:00+00:00,8.917803,0.7433982,9.46
2019-05-25 04:00:00+00:00,9.342785,0.768903,9.19
2019-05-25 05:00:00+00:00,9.421672,0.7939834,9.32
2019-05-25 06:00:00+00:00,9.552421,0.8227873,10.41
2019-05-25 07:00:00+00:00,10.21812,0.8384643,10.32
2019-05-25 08:00:00+00:00,10.41278,0.8564118,11.08
2019-05-25 09:00:00+00:00,10.84985,0.8689679,11.36
2019-05-25 10:00:00+00:00,11.13776,0.8790126,11.47
2019-05-25 11:00:00+00:00,11.27525,0.8895915,11.31
2019-05-25 12:00:00+00:00,11.23668,0.9009848,11.75
2019-05-25 13:00:00+00:00,11.3948,0.9062928,11.35
2019-05-25 14:00:00+00:00,11.28736,0.9151886,12.41
2019-05-25 15:00:00+00:00,11.71591,0.9055409,10.99
2019-05-25 16:00:00+00:00,11.28766,0.9131408,11.04
2019-05-25 17:00:00+00:00,11.03377,0.909025,9.31
2019-05-25 18:00:00+00:00,10.06754,0.9275742,9.76
2019-05-25 19:00:00+00:00,9.776785,0.9236062,9.43
2019-05-25 20:00:00+00:00,9.492411,0.9111452,9.21
2019-05-25 21:00:00+00:00,9.261398,0.8880523,9.08
2019-05-25 22:00:00+00:00,9.099595,0.8566508,8.75
2019-05-25 23:00:00+00:00,8.866817,0.8221091,8.04
2019-05-26 00:00:00+00:00,8.392314,0.7957674,6.91
2019-05-26 01:00:00+00:00,7.445415,0.7644445,6.97
2019-05-26 02:00:00+00:00,7.096467,0.7873991,6.81
2019-05-26 03:00:00+00:00,6.985737,0.8157814,6.94
2019-05-26 04:00:00+00:00,7.115083,0.8445828,7.05
2019-05-26 05:00:00+00:00,7.292266,0.8724142,7.42
2019-05-26 06:00:00+00:00,7.61426,0.8957933,7.69
2019-05-26 07:00:00+00:00,7.890056,0.9182441,7.72
2019-05-26 08:00:00+00:00,7.960966,0.9471426,8.33
2019-05-26 09:00:00+00:00,8.30695,0.9673153,6.21
2019-05-26 10:00:00+00:00,7.171306,1.028308,7.19
2019-05-26 11:00:00+00:00,7.212799,1.061784,7.27
2019-05-26 12:00:00+00:00,7.236561,1.086338,6.95
2019-05-26 13:00:00+00:00,7.078187,1.104954,7.25
2019-05-26 14:00:00+00:00,7.176138,1.107668,7.53
2019-05-26 15:00:00+00:00,7.313736,1.121282,9.54
2019-05-26 16:00:00+00:00,8.609553,1.047228,10.85
2019-05-26 17:00:00+00:00,9.933636,0.9612699,7.13
2019-05-26 18:00:00+00:00,8.462168,0.9462015,9.08
2019-05-26 19:00:00+00:00,8.8079,0.9052312,8.66
2019-05-26 20:00:00+00:00,8.731737,0.8677037,8.16
2019-05-26 21:00:00+00:00,8.417866,0.840694,8.08
2019-05-26 22:00:00+00:00,8.241286,0.812674,8.15
2019-05-26 23:00:00+00:00,8.208098,0.7844904,7.53
2019-05-27 00:00:00+00:00,7.861403,0.7630085,7.25
2019-05-27 01:00:00+00:00,7.422654,0.721094,6.94
2019-05-27 02:00:00+00:00,7.068614,0.7444031,7.09
2019-05-27 03:00:00+00:00,7.173598,0.7674181,6.87
2019-05-27 04:00:00+00:00,7.171555,0.7967092,6.71
2019-05-27 05:00:00+00:00,7.119019,0.8313797,6.99
2019-05-27 06:00:00+00:00,7.258274,0.8683011,6.73
2019-05-27 07:00:00+00:00,7.124915,0.9098296,6.88
2019-05-27 08:00:00+00:00,7.135568,0.9479475,6.32
2019-05-27 09:00:00+00:00,6.752519,0.9980075,6.82
2019-05-27 10:00:00+00:00,6.857244,1.034929,7.09
2019-05-27 11:00:00+00:00,6.994404,1.072364,6.4
2019-05-27 12:00:00+00:00,6.633408,1.117308,4.91
2019-05-27 13:00:00+00:00,5.575986,1.213903,4.98
2019-05-27 14:00:00+00:00,5.166668,1.287325,4.86
2019-05-27 15:00:00+00:00,4.971917,1.321085,3.58
2019-05-27 16:00:00+00:00,4.273702,1.346808,3.05
2019-05-27 17:00:00+00:00,3.786213,1.355286,3.1
2019-05-27 18:00:00+00:00,3.716073,1.336611,5.6
2019-05-27 19:00:00+00:00,5.322834,1.29141,5.91
2019-05-27 20:00:00+00:00,6.139645,1.210935,6.55
2019-05-27 21:00:00+00:00,6.803146,1.127435,6.78
2019-05-27 22:00:00+00:00,7.105467,1.039088,7.14
2019-05-27 23:00:00+00:00,7.372349,0.9499555,7.69
2019-05-28 00:00:00+00:00,7.749282,0.8747249,7.21
2019-05-28 01:00:00+00:00,7.397535,0.8261651,6.81
2019-05-28 02:00:00+00:00,6.945437,0.8547304,6.43
2019-05-28 03:00:00+00:00,6.657345,0.8925273,5.97
2019-05-28 04:00:00+00:00,6.334625,0.9467909,5.91
2019-05-28 05:00:00+00:00,6.227006,1.007659,6.51
2019-05-28 06:00:00+00:00,6.5947,1.063928,7.02
2019-05-28 07:00:00+00:00,7.052889,1.116587,6.94
2019-05-28 08:00:00+00:00,7.155509,1.163273,6.9
2019-05-28 09:00:00+00:00,7.140064,1.204578,7.32
2019-05-28 10:00:00+00:00,7.302675,1.260598,6.72
2019-05-28 11:00:00+00:00,6.90954,1.326168,6.53
2019-05-28 12:00:00+00:00,6.569652,1.411996,5.42
2019-05-28 13:00:00+00:00,5.811418,1.460706,4.76
2019-05-28 14:00:00+00:00,5.149483,1.501326,5.81
2019-05-28 15:00:00+00:00,5.576733,1.493393,6.16
2019-05-28 16:00:00+00:00,6.022378,1.486239,6.04
2019-05-28 17:00:00+00:00,6.177949,1.462188,5.01
2019-05-28 18:00:00+00:00,5.645104,1.418613,5.73
2019-05-28 19:00:00+00:00,5.933476,1.376378,6.42
2019-05-28 20:00:00+00:00,6.491684,1.328866,7.1
2019-05-28 21:00:00+00:00,7.113512,1.263096,7.38
2019-05-28 22:00:00+00:00,7.480289,1.175825,7.78
2019-05-28 23:00:00+00:00,7.817033,1.080044,8.63
2019-05-29 00:00:00+00:00,8.402424,0.9927239,6.6
2019-05-29 01:00:00+00:00,7.206442,0.9975049,3.91
2019-05-29 02:00:00+00:00,4.917287,1.138866,4.2
2019-05-29 03:00:00+00:00,4.356626,1.293044,3.34
2019-05-29 04:00:00+00:00,3.672614,1.495331,5.11
2019-05-29 05:00:00+00:00,4.847968,1.631816,2.79
2019-05-29 06:00:00+00:00,3.738873,1.66267,5.28
2019-05-29 07:00:00+00:00,5.171003,1.79339,5.49
2019-05-29 08:00:00+00:00,5.738575,1.856058,5.83
2019-05-29 09:00:00+00:00,6.11297,1.879673,3.44
2019-05-29 10:00:00+00:00,4.492218,1.787709,4.57
2019-05-29 11:00:00+00:00,4.618205,1.815608,4.04
2019-05-29 12:00:00+00:00,4.289343,1.78802,3.71
2019-05-29 13:00:00+00:00,4.025377,1.744445,6.03
2019-05-29 14:00:00+00:00,5.566772,1.818611,5.9
2019-05-29 15:00:00+00:00,6.029667,1.728226,4.32
2019-05-29 16:00:00+00:00,5.096114,1.671339,6.59
2019-05-29 17:00:00+00:00,6.308707,1.720981,6.04
2019-05-29 18:00:00+00:00,6.318855,1.695527,4.59
2019-05-29 19:00:00+00:00,5.400658,1.641591,5.82
2019-05-29 20:00:00+00:00,5.917535,1.617764,6.57
2019-05-29 21:00:00+00:00,6.58255,1.548745,6.43
2019-05-29 22:00:00+00:00,6.712891,1.455599,6.47
2019-05-29 23:00:00+00:00,6.754867,1.339997,6.32
2019-05-30 00:00:00+00:00,6.660162,1.21105,6.3
2019-05-30 01:00:00+00:00,6.383356,1.231914,6.16
2019-05-30 02:00:00+00:00,6.177222,1.304228,5.96
2019-05-30 03:00:00+00:00,6.107753,1.375294,5.98
2019-05-30 04:00:00+00:00,6.207386,1.40142,6.13
2019-05-30 05:00:00+00:00,6.40715,1.436542,6.78
2019-05-30 06:00:00+00:00,6.937429,1.445015,7.29
2019-05-30 07:00:00+00:00,7.457859,1.436146,8.1
2019-05-30 08:00:00+00:00,8.138825,1.409827,7.98
2019-05-30 09:00:00+00:00,8.245497,1.381023,8.63
2019-05-30 10:00:00+00:00,8.628901,1.331885,9.57
2019-05-30 11:00:00+00:00,9.342067,1.23494,8.41
2019-05-30 12:00:00+00:00,8.901093,1.17749,8.4
2019-05-30 13:00:00+00:00,8.624938,1.146924,8.78
2019-05-30 14:00:00+00:00,8.676432,1.112329,8.46
2019-05-30 15:00:00+00:00,8.548093,1.095467,7.95
2019-05-30 16:00:00+00:00,8.217679,1.060125,7.57
2019-05-30 17:00:00+00:00,7.860632,1.034225,8.18
2019-05-30 18:00:00+00:00,8.055142,0.9868271,8.29
2019-05-30 19:00:00+00:00,8.216556,0.9421203,8.26
2019-05-30 20:00:00+00:00,8.301678,0.8957035,8.21
2019-05-30 21:00:00+00:00,8.31875,0.8544969,8.53
2019-05-30 22:00:00+00:00,8.487207,0.8150532,8.87
2019-05-30 23:00:00+00:00,8.73614,0.7723987,10.23
2019-05-31 00:00:00+00:00,9.552751,0.7272387,9.05
2019-05-31 01:00:00+00:00,9.223759,0.6700277,9.04
2019-05-31 02:00:00+00:00,9.060709,0.6802264,8.68
2019-05-31 03:00:00+00:00,8.880914,0.7027144,9.05
2019-05-31 04:00:00+00:00,9.130992,0.7251123,8.66
2019-05-31 05:00:00+00:00,9.029918,0.7550923,8.98
2019-05-31 06:00:00+00:00,9.177233,0.785039,9.67
2019-05-31 07:00:00+00:00,9.622645,0.8063928,9.73
2019-05-31 08:00:00+00:00,9.800094,0.8295056,10.28
2019-05-31 09:00:00+00:00,10.1241,0.848099,9.35
2019-05-31 10:00:00+00:00,9.752855,0.876802,9.32
2019-05-31 11:00:00+00:00,9.52084,0.9077057,9.08
2019-05-31 12:00:00+00:00,9.244219,0.9396336,8.3
2019-05-31 13:00:00+00:00,8.683314,0.9827946,8
2019-05-31 14:00:00+00:00,8.243793,1.02073,6.47
2019-05-31 15:00:00+00:00,7.285547,1.079821,7.62
2019-05-31 16:00:00+00:00,7.365962,1.091017,8.64
2019-05-31 17:00:00+00:00,7.973847,1.056904,8.3
2019-05-31 18:00:00+00:00,8.175812,1.010474,9.3
2019-05-31 19:00:00+00:00,8.821619,0.9454287,10.21
2019-05-31 20:00:00+00:00,9.615582,0.8748059,8.9
2019-05-31 21:00:00+00:00,9.267181,0.8268856,9.88
2019-05-31 22:00:00+00:00,9.580985,0.7803711,11.36
2019-05-31 23:00:00+00:00,10.4633,0.7350251,9.48
2019-06-01 00:00:00+00:00,9.804869,0.7022744,11.73
2019-06-01 01:00:00+00:00,10.76102,0.6502669,9.38
2019-06-01 02:00:00+00:00,9.84661,0.662245,10.54
2019-06-01 03:00:00+00:00,10.23867,0.685293,9.85
2019-06-01 04:00:00+00:00,10.07007,0.7139279,9.88
2019-06-01 05:00:00+00:00,10.06228,0.7459165,9.79
2019-06-01 06:00:00+00:00,10.00338,0.780484,9.64
2019-06-01 07:00:00+00:00,9.872767,0.8179415,10.07
2019-06-01 08:00:00+00:00,10.01847,0.8487449,10.69
2019-06-01 09:00:00+00:00,10.38893,0.8681848,10.73
2019-06-01 10:00:00+00:00,10.53564,0.8896034,11.07
2019-06-01 11:00:00+00:00,10.74089,0.9060096,9.31
2019-06-01 12:00:00+00:00,9.965072,0.9463955,9.75
2019-06-01 13:00:00+00:00,9.731654,0.9764731,11.08
2019-06-01 14:00:00+00:00,10.24001,0.9748209,10.45
2019-06-01 15:00:00+00:00,10.24428,0.9739443,10.31
2019-06-01 16:00:00+00:00,10.17259,0.9670671,9.79
2019-06-01 17:00:00+00:00,9.874572,0.9620345,9.77
2019-06-01 18:00:00+00:00,9.726838,0.9465646,10.59
2019-06-01 19:00:00+00:00,10.07789,0.9089084,10.1
2019-06-01 20:00:00+00:00,10.02071,0.8758254,10.06
2019-06-01 21:00:00+00:00,9.972281,0.8378661,9.76
2019-06-01 22:00:00+00:00,9.782228,0.8039132,10.14
2019-06-01 23:00:00+00:00,9.877483,0.7662573,10.17
2019-06-02 00:00:00+00:00,9.918792,0.7324661,9.62
2019-06-02 01:00:00+00:00,9.675778,0.6854241,9.77
2019-06-02 02:00:00+00:00,9.67635,0.6966513,10.09
2019-06-02 03:00:00+00:00,9.971168,0.7142962,11.31
2019-06-02 04:00:00+00:00,10.84799,0.7315286,11.06
2019-06-02 05:00:00+00:00,11.09696,0.7512845,11
2019-06-02 06:00:00+00:00,11.15159,0.7752141,11.32
2019-06-02 07:00:00+00:00,11.28362,0.8010139,11.88
2019-06-02 08:00:00+00:00,11.57349,0.8236342,12.37
2019-06-02 09:00:00+00:00,11.91339,0.8416927,12.24
2019-06-02 10:00:00+00:00,11.97118,0.8612452,12.13
2019-06-02 11:00:00+00:00,11.91438,0.8806617,11.03
2019-06-02 12:00:00+00:00,11.38509,0.9093209,10.75
2019-06-02 13:00:00+00:00,10.92529,0.9400855,11.08
2019-06-02 14:00:00+00:00,10.84176,0.9539043,10.02
2019-06-02 15:00:00+00:00,10.32189,0.9790944,9.96
2019-06-02 16:00:00+00:00,10.00532,0.9933471,9.7
2019-06-02 17:00:00+00:00,9.727118,0.9987677,10.33
2019-06-02 18:00:00+00:00,9.94137,0.9691454,10.15
2019-06-02 19:00:00+00:00,9.98289,0.9389403,10.23
2019-06-02 20:00:00+00:00,10.04348,0.9025266,10.06
2019-06-02 21:00:00+00:00,9.987955,0.8647475,10.45
2019-06-02 22:00:00+00:00,10.14745,0.8206362,10.1
2019-06-02 23:00:00+00:00,10.03645,0.7804248,10.35
2019-06-03 00:00:00+00:00,10.09353,0.7410715,10.41
2019-06-03 01:00:00+00:00,10.20877,0.6886886,10.93
2019-06-03 02:00:00+00:00,10.57855,0.6942974,11.61
2019-06-03 03:00:00+00:00,11.18374,0.7102601,10.86
2019-06-03 04:00:00+00:00,11.09925,0.7294824,10.17
2019-06-03 05:00:00+00:00,10.69906,0.7587981,8.99
2019-06-03 06:00:00+00:00,9.859987,0.8055926,10.56
2019-06-03 07:00:00+00:00,10.29554,0.8312439,10.16
2019-06-03 08:00:00+00:00,10.25375,0.8615172,11.03
2019-06-03 09:00:00+00:00,10.64513,0.8791488,11.17
2019-06-03 10:00:00+00:00,10.89052,0.8916008,10.82
2019-06-03 11:00:00+00:00,10.79344,0.9108984,9.81
2019-06-03 12:00:00+00:00,10.2282,0.9451773,11.26
2019-06-03 13:00:00+00:00,10.61348,0.9452253,10.43
2019-06-03 14:00:00+00:00,10.43286,0.9557858,9.87
2019-06-03 15:00:00+00:00,10.06396,0.9692379,9.18
2019-06-03 16:00:00+00:00,9.534679,0.9861413,10.07
2019-06-03 17:00:00+00:00,9.695105,0.9696878,9.38
2019-06-03 18:00:00+00:00,9.478252,0.9564522,9.36
2019-06-03 19:00:00+00:00,9.354548,0.934661,8.85
2019-06-03 20:00:00+00:00,9.052631,0.9107587,9.27
2019-06-03 21:00:00+00:00,9.144153,0.8660289,9.73
2019-06-03 22:00:00+00:00,9.420914,0.8210301,11
2019-06-03 23:00:00+00:00,10.21239,0.7624514,8.87
2019-06-04 00:00:00+00:00,9.465089,0.7295499,9.64
2019-06-04 01:00:00+00:00,9.531699,0.6781276,11.02
2019-06-04 02:00:00+00:00,10.37189,0.680222,11.34
2019-06-04 03:00:00+00:00,10.99171,0.6920281,11.41
2019-06-04 04:00:00+00:00,11.31694,0.7110485,10.57
2019-06-04 05:00:00+00:00,11.02087,0.7355332,11.06
2019-06-04 06:00:00+00:00,11.12385,0.7622264,10.41
2019-06-04 07:00:00+00:00,10.79383,0.7959695,10.36
2019-06-04 08:00:00+00:00,10.56728,0.8318059,10.34
2019-06-04 09:00:00+00:00,10.39888,0.8673788,9.81
2019-06-04 10:00:00+00:00,10.03175,0.907429,9.87
2019-06-04 11:00:00+00:00,9.85649,0.9398124,9.89
2019-06-04 12:00:00+00:00,9.766959,0.9642884,9.06
2019-06-04 13:00:00+00:00,9.313969,0.9982403,8.98
2019-06-04 14:00:00+00:00,9.030008,1.022981,7.55
2019-06-04 15:00:00+00:00,8.210615,1.067372,7.44
2019-06-04 16:00:00+00:00,7.741652,1.092373,8.23
2019-06-04 17:00:00+00:00,7.936638,1.065852,6.96
2019-06-04 18:00:00+00:00,7.448291,1.056993,8.19
2019-06-04 19:00:00+00:00,7.849941,1.004866,9.6
2019-06-04 20:00:00+00:00,8.812228,0.9258894,9.33
2019-06-04 21:00:00+00:00,9.15439,0.8559829,8.67
2019-06-04 22:00:00+00:00,8.949333,0.8037483,8.99
2019-06-04 23:00:00+00:00,8.990487,0.7631313,8.8
2019-06-05 00:00:00+00:00,8.870639,0.7345937,5.12
2019-06-05 01:00:00+00:00,6.658703,0.7427819,7.65
2019-06-05 02:00:00+00:00,7.212142,0.7454413,4.33
2019-06-05 03:00:00+00:00,5.540298,0.8175265,8.73
2019-06-05 04:00:00+00:00,7.725992,0.8028759,8.47
2019-06-05 05:00:00+00:00,8.419769,0.800875,8.86
2019-06-05 06:00:00+00:00,8.923348,0.8131942,9.68
2019-06-05 07:00:00+00:00,9.550723,0.8248907,10.3
2019-06-05 08:00:00+00:00,10.08368,0.8359003,9.43
2019-06-05 09:00:00+00:00,9.741756,0.8622457,9.4
2019-06-05 10:00:00+00:00,9.519409,0.8932621,9.09
2019-06-05 11:00:00+00:00,9.213668,0.9275542,8.5
2019-06-05 12:00:00+00:00,8.75084,0.9668747,7.99
2019-06-05 13:00:00+00:00,8.278693,1.004521,6.98
2019-06-05 14:00:00+00:00,7.522142,1.05848,7.56
2019-06-05 15:00:00+00:00,7.439687,1.081288,8.93
2019-06-05 16:00:00+00:00,8.159208,1.044784,8.28
2019-06-05 17:00:00+00:00,8.217525,1.015067,9.25
2019-06-05 18:00:00+00:00,8.760572,0.9673007,9.82
2019-06-05 19:00:00+00:00,9.336158,0.9084184,9.94
2019-06-05 20:00:00+00:00,9.656641,0.8551125,10.49
2019-06-05 21:00:00+00:00,10.06926,0.8038089,10.79
2019-06-05 22:00:00+00:00,10.37982,0.759926,10.26
2019-06-05 23:00:00+00:00,10.18642,0.7284964,10.85
2019-06-06 00:00:00+00:00,10.36171,0.7004455,10.48
2019-06-06 01:00:00+00:00,10.28779,0.6561268,10.17
2019-06-06 02:00:00+00:00,10.09127,0.6711302,9.3
2019-06-06 03:00:00+00:00,9.589499,0.7032567,8.92
2019-06-06 04:00:00+00:00,9.226048,0.7450405,8.38
2019-06-06 05:00:00+00:00,8.798072,0.7952076,7.53
2019-06-06 06:00:00+00:00,8.157562,0.8562013,7.41
2019-06-06 07:00:00+00:00,7.814651,0.9148827,7.38
2019-06-06 08:00:00+00:00,7.652399,0.9631729,7.2
2019-06-06 09:00:00+00:00,7.472669,1.005935,8.8
2019-06-06 10:00:00+00:00,8.264991,1.011746,7.95
2019-06-06 11:00:00+00:00,8.139392,1.029602,8.48
2019-06-06 12:00:00+00:00,8.334288,1.040597,8.94
2019-06-06 13:00:00+00:00,8.64428,1.041221,8.1
2019-06-06 14:00:00+00:00,8.326965,1.052351,7.59
2019-06-06 15:00:00+00:00,7.883326,1.069459,9.14
2019-06-06 16:00:00+00:00,8.507588,1.039667,10.02
2019-06-06 17:00:00+00:00,9.315106,0.9832854,9.93
2019-06-06 18:00:00+00:00,9.652246,0.9319488,10.7
2019-06-06 19:00:00+00:00,10.18457,0.8815215,9.49
2019-06-06 20:00:00+00:00,9.766632,0.8458751,9.07
2019-06-06 21:00:00+00:00,9.309876,0.8197693,8.48
2019-06-06 22:00:00+00:00,8.770933,0.8016177,8.7
2019-06-06 23:00:00+00:00,8.657814,0.7767603,9.1
2019-06-07 00:00:00+00:00,8.833412,0.746352,7.85
2019-06-07 01:00:00+00:00,8.151492,0.7085562,7.59
2019-06-07 02:00:00+00:00,7.716593,0.7366949,8
2019-06-07 03:00:00+00:00,7.920724,0.7646487,7.39
2019-06-07 04:00:00+00:00,7.709093,0.8028313,7.23
2019-06-07 05:00:00+00:00,7.578695,0.8455133,7.11
2019-06-07 06:00:00+00:00,7.466754,0.8893711,7.44
2019-06-07 07:00:00+00:00,7.603466,0.9286038,8.05
2019-06-07 08:00:00+00:00,7.994287,0.9587055,8.51
2019-06-07 09:00:00+00:00,8.392823,0.9819653,8.05
2019-06-07 10:00:00+00:00,8.255218,1.011029,7.74
2019-06-07 11:00:00+00:00,7.97889,1.047307,7.7
2019-06-07 12:00:00+00:00,7.805006,1.077508,7.54
2019-06-07 13:00:00+00:00,7.614594,1.103353,6.91
2019-06-07 14:00:00+00:00,7.199934,1.127097,7.64
2019-06-07 15:00:00+00:00,7.420376,1.117699,7.99
2019-06-07 16:00:00+00:00,7.738926,1.08787,8.23
2019-06-07 17:00:00+00:00,8.042055,1.04776,7.65
2019-06-07 18:00:00+00:00,7.87018,1.014661,7.31
2019-06-07 19:00:00+00:00,7.602413,0.9855412,7.09
2019-06-07 20:00:00+00:00,7.379198,0.9525344,7.15
2019-06-07 21:00:00+00:00,7.328892,0.9180214,6.88
2019-06-07 22:00:00+00:00,7.179929,0.8825601,6.96
2019-06-07 23:00:00+00:00,7.182824,0.8453209,6.78
2019-06-08 00:00:00+00:00,7.099907,0.8103127,6.7
2019-06-08 01:00:00+00:00,6.806315,0.7652697,7.01
2019-06-08 02:00:00+00:00,6.901659,0.7772866,6.64
2019-06-08 03:00:00+00:00,6.822147,0.8040788,7.04
2019-06-08 04:00:00+00:00,7.162223,0.8273547,7.08
2019-06-08 05:00:00+00:00,7.370247,0.8490996,6.55
2019-06-08 06:00:00+00:00,7.091085,0.8869002,7.38
2019-06-08 07:00:00+00:00,7.483994,0.9141523,7.87
2019-06-08 08:00:00+00:00,7.89823,0.9310492,7.99
2019-06-08 09:00:00+00:00,8.052463,0.9560156,8
2019-06-08 10:00:00+00:00,8.062604,0.9834819,8.34
2019-06-08 11:00:00+00:00,8.207487,1.006277,8.07
2019-06-08 12:00:00+00:00,8.098404,1.027167,7.62
2019-06-08 13:00:00+00:00,7.785399,1.051916,6.59
2019-06-08 14:00:00+00:00,7.077527,1.095293,5.51
2019-06-08 15:00:00+00:00,6.355139,1.097926,5.6
2019-06-08 16:00:00+00:00,5.872124,1.162026,8.29
2019-06-08 17:00:00+00:00,7.22982,1.096062,9.02
2019-06-08 18:00:00+00:00,8.32408,1.009572,7.62
2019-06-08 19:00:00+00:00,8.040113,0.9557857,7.9
2019-06-08 20:00:00+00:00,8.045945,0.908863,7.24
2019-06-08 21:00:00+00:00,7.667434,0.8755498,7.33
2019-06-08 22:00:00+00:00,7.558349,0.8425965,7.12
2019-06-08 23:00:00+00:00,7.405205,0.8137875,6.63
2019-06-09 00:00:00+00:00,7.087347,0.7932476,6.51
2019-06-09 01:00:00+00:00,6.679003,0.752692,6.43
2019-06-09 02:00:00+00:00,6.467526,0.774828,6.2
2019-06-09 03:00:00+00:00,6.359428,0.8072454,5.64
2019-06-09 04:00:00+00:00,6.0356,0.8538788,5.68
2019-06-09 05:00:00+00:00,5.974379,0.9032599,5.34
2019-06-09 06:00:00+00:00,5.734046,0.9572191,4.1
2019-06-09 07:00:00+00:00,4.829109,1.039121,4.02
2019-06-09 08:00:00+00:00,4.402617,1.119625,4.2
2019-06-09 09:00:00+00:00,4.326081,1.180776,2.35
2019-06-09 10:00:00+00:00,3.153867,1.269308,3.58
2019-06-09 11:00:00+00:00,3.491454,1.323046,3.69
2019-06-09 12:00:00+00:00,3.748534,1.338447,3.86
2019-06-09 13:00:00+00:00,4.023707,1.341548,4.21
2019-06-09 14:00:00+00:00,4.373327,1.358665,3.61
2019-06-09 15:00:00+00:00,4.114007,1.379121,2.56
2019-06-09 16:00:00+00:00,3.424818,1.359132,2.1
2019-06-09 17:00:00+00:00,3.023172,1.348119,2.09
2019-06-09 18:00:00+00:00,2.991389,1.332289,3.27
2019-06-09 19:00:00+00:00,3.796984,1.308046,5.57
2019-06-09 20:00:00+00:00,5.627182,1.382448,4.56
2019-06-09 21:00:00+00:00,5.330431,1.318607,6.6
2019-06-09 22:00:00+00:00,6.600852,1.301868,7.65
2019-06-09 23:00:00+00:00,7.566674,1.238953,7.29
2019-06-10 00:00:00+00:00,7.552734,1.123975,7.16
2019-06-10 01:00:00+00:00,7.311521,1.121586,6.66
2019-06-10 02:00:00+00:00,6.841208,1.174529,5.78
2019-06-10 03:00:00+00:00,6.186725,1.233656,5.83
2019-06-10 04:00:00+00:00,6.078581,1.295511,6.01
2019-06-10 05:00:00+00:00,6.226,1.331602,6.56
2019-06-10 06:00:00+00:00,6.672353,1.353972,6.78
2019-06-10 07:00:00+00:00,6.974208,1.354906,7.45
2019-06-10 08:00:00+00:00,7.469952,1.353008,8.01
2019-06-10 09:00:00+00:00,7.985075,1.322628,7.71
2019-06-10 10:00:00+00:00,7.939099,1.282675,8.08
2019-06-10 11:00:00+00:00,8.086283,1.246881,7.25
2019-06-10 12:00:00+00:00,7.607934,1.23634,7.21
2019-06-10 13:00:00+00:00,7.338892,1.2366,6.84
2019-06-10 14:00:00+00:00,6.996925,1.233304,5.51
2019-06-10 15:00:00+00:00,6.128485,1.246346,6.41
2019-06-10 16:00:00+00:00,6.299407,1.208783,5.85
2019-06-10 17:00:00+00:00,6.112639,1.168233,6.03
2019-06-10 18:00:00+00:00,6.18104,1.120783,5.64
2019-06-10 19:00:00+00:00,6.044071,1.078293,6.75
2019-06-10 20:00:00+00:00,6.659427,1.005876,6.95
2019-06-10 21:00:00+00:00,7.048762,0.9351467,7.21
2019-06-10 22:00:00+00:00,7.353325,0.8738759,7.46
2019-06-10 23:00:00+00:00,7.595849,0.8209041,7.33
2019-06-11 00:00:00+00:00,7.593729,0.7759629,7.8
2019-06-11 01:00:00+00:00,7.701535,0.7206059,7.95
2019-06-11 02:00:00+00:00,7.828522,0.7273363,7.92
2019-06-11 03:00:00+00:00,7.959156,0.7472737,7.75
2019-06-11 04:00:00+00:00,7.978368,0.7741789,7.2
2019-06-11 05:00:00+00:00,7.67659,0.812513,6.96
2019-06-11 06:00:00+00:00,7.43843,0.853626,6.91
2019-06-11 07:00:00+00:00,7.275414,0.9002717,7.59
2019-06-11 08:00:00+00:00,7.628897,0.9233385,8.62
2019-06-11 09:00:00+00:00,8.366757,0.9264349,8.28
2019-06-11 10:00:00+00:00,8.401462,0.9448244,8.51
2019-06-11 11:00:00+00:00,8.524033,0.9564077,8.21
2019-06-11 12:00:00+00:00,8.359014,0.9753197,7.91
2019-06-11 13:00:00+00:00,8.089128,0.9975294,7.82
2019-06-11 14:00:00+00:00,7.931024,1.005623,7.12
2019-06-11 15:00:00+00:00,7.457526,1.029598,6.41
2019-06-11 16:00:00+00:00,6.873827,1.058975,7.07
2019-06-11 17:00:00+00:00,6.959812,1.051318,6.74
2019-06-11 18:00:00+00:00,6.877053,1.030714,5.77
2019-06-11 19:00:00+00:00,6.367149,1.023962,7.02
2019-06-11 20:00:00+00:00,6.829206,0.9805266,8.21
2019-06-11 21:00:00+00:00,7.729155,0.9087912,7.49
2019-06-11 22:00:00+00:00,7.731663,0.8538719,7.49
2019-06-11 23:00:00+00:00,7.716397,0.8130183,7.6
2019-06-12 00:00:00+00:00,7.753186,0.7769478,7.55
2019-06-12 01:00:00+00:00,7.578651,0.7213033,7.67
2019-06-12 02:00:00+00:00,7.598149,0.7280017,7.13
2019-06-12 03:00:00+00:00,7.377672,0.7529866,7.17
2019-06-12 04:00:00+00:00,7.405281,0.7821142,7.28
2019-06-12 05:00:00+00:00,7.523887,0.8116685,7.42
2019-06-12 06:00:00+00:00,7.63041,0.8472639,7.5
2019-06-12 07:00:00+00:00,7.687726,0.8842669,7.41
2019-06-12 08:00:00+00:00,7.622146,0.9239174,7.2
2019-06-12 09:00:00+00:00,7.447318,0.9645447,7.58
2019-06-12 10:00:00+00:00,7.567156,0.9935423,8.84
2019-06-12 11:00:00+00:00,8.340316,0.9903144,8.92
2019-06-12 12:00:00+00:00,8.675447,0.9896895,9.09
2019-06-12 13:00:00+00:00,8.902684,0.9838433,8.46
2019-06-12 14:00:00+00:00,8.654512,0.986526,8.85
2019-06-12 15:00:00+00:00,8.717878,0.9821705,9.03
2019-06-12 16:00:00+00:00,8.845875,0.9666634,8.98
2019-06-12 17:00:00+00:00,8.886763,0.9463243,8.53
2019-06-12 18:00:00+00:00,8.666533,0.93153,8.63
2019-06-12 19:00:00+00:00,8.610155,0.9112305,8.22
2019-06-12 20:00:00+00:00,8.379159,0.8882115,8.26
2019-06-12 21:00:00+00:00,8.307006,0.858561,8.19
2019-06-12 22:00:00+00:00,8.251801,0.8250167,8.02
2019-06-12 23:00:00+00:00,8.144545,0.7926894,7.5
2019-06-13 00:00:00+00:00,7.827044,0.7664759,7.04
2019-06-13 01:00:00+00:00,7.301731,0.7260999,6.4
2019-06-13 02:00:00+00:00,6.711649,0.7554067,6.06
2019-06-13 03:00:00+00:00,6.384768,0.7950806,5.83
2019-06-13 04:00:00+00:00,6.200055,0.8367884,5.8
2019-06-13 05:00:00+00:00,6.141078,0.8806884,5.95
2019-06-13 06:00:00+00:00,6.224626,0.918713,6.45
2019-06-13 07:00:00+00:00,6.580456,0.9424344,6.4
2019-06-13 08:00:00+00:00,6.668331,0.9649855,7.72
2019-06-13 09:00:00+00:00,7.448359,0.9804771,8.21
2019-06-13 10:00:00+00:00,7.994486,0.9889697,7.61
2019-06-13 11:00:00+00:00,7.858014,0.9970618,7.75
2019-06-13 12:00:00+00:00,7.819083,1.011711,8.31
2019-06-13 13:00:00+00:00,8.07401,1.016068,6.61
2019-06-13 14:00:00+00:00,7.221489,1.054006,6.67
2019-06-13 15:00:00+00:00,6.87495,1.080236,6.64
2019-06-13 16:00:00+00:00,6.714592,1.090187,6.25
2019-06-13 17:00:00+00:00,6.493365,1.082001,6.38
2019-06-13 18:00:00+00:00,6.53044,1.046787,6.77
2019-06-13 19:00:00+00:00,6.772137,1.009858,6.97
2019-06-13 20:00:00+00:00,7.027413,0.9591514,6.96
2019-06-13 21:00:00+00:00,7.155457,0.906827,7.39
2019-06-13 22:00:00+00:00,7.45557,0.8550476,7.37
2019-06-13 23:00:00+00:00,7.563137,0.8080107,7.21
2019-06-14 00:00:00+00:00,7.510746,0.7700754,6.98
2019-06-14 01:00:00+00:00,7.185545,0.7209168,6.88
2019-06-14 02:00:00+00:00,6.98521,0.7363022,6.91
2019-06-14 03:00:00+00:00,7.045468,0.7576063,7.49
2019-06-14 04:00:00+00:00,7.542268,0.7722343,7.45
2019-06-14 05:00:00+00:00,7.741073,0.7920188,7.5
2019-06-14 06:00:00+00:00,7.839195,0.8180646,7.13
2019-06-14 07:00:00+00:00,7.612781,0.8545786,8.05
2019-06-14 08:00:00+00:00,8.060242,0.8734814,7.9
2019-06-14 09:00:00+00:00,8.07601,0.9001092,8.34
2019-06-14 10:00:00+00:00,8.275038,0.9225532,7.62
2019-06-14 11:00:00+00:00,7.922306,0.9575374,8.06
2019-06-14 12:00:00+00:00,7.945313,0.9858867,8.58
2019-06-14 13:00:00+00:00,8.217111,0.993879,8.91
2019-06-14 14:00:00+00:00,8.539587,0.983138,9.28
2019-06-14 15:00:00+00:00,8.889812,0.9628223,9.1
2019-06-14 16:00:00+00:00,8.972017,0.9414164,8.72
2019-06-14 17:00:00+00:00,8.802682,0.9283362,8.51
2019-06-14 18:00:00+00:00,8.627993,0.9115899,8.09
2019-06-14 19:00:00+00:00,8.331532,0.8967315,8.21
2019-06-14 20:00:00+00:00,8.269638,0.8725978,7.65
2019-06-14 21:00:00+00:00,7.960157,0.854069,7.95
2019-06-14 22:00:00+00:00,7.993219,0.825016,8.18
2019-06-14 23:00:00+00:00,8.147411,0.7884679,7.71
2019-06-15 00:00:00+00:00,7.96711,0.7609968,7.39
2019-06-15 01:00:00+00:00,7.590269,0.7136443,7.58
2019-06-15 02:00:00+00:00,7.565651,0.7224137,7.34
2019-06-15 03:00:00+00:00,7.525824,0.7422529,7.69
2019-06-15 04:00:00+00:00,7.824402,0.7596325,7.76
2019-06-15 05:00:00+00:00,8.023535,0.7802134,8.12
2019-06-15 06:00:00+00:00,8.309104,0.802398,8.44
2019-06-15 07:00:00+00:00,8.569366,0.8256397,8.09
2019-06-15 08:00:00+00:00,8.417413,0.859239,8.53
2019-06-15 09:00:00+00:00,8.548697,0.8880509,8.87
2019-06-15 10:00:00+00:00,8.764194,0.9066635,8.27
2019-06-15 11:00:00+00:00,8.48778,0.9380704,7.8
2019-06-15 12:00:00+00:00,8.07854,0.9761735,8.4
2019-06-15 13:00:00+00:00,8.179828,0.9921063,7.68
2019-06-15 14:00:00+00:00,7.864455,1.011843,7.53
2019-06-15 15:00:00+00:00,7.652739,1.021462,8.71
2019-06-15 16:00:00+00:00,8.217303,0.9818255,8.19
2019-06-15 17:00:00+00:00,8.206656,0.961598,7.71
2019-06-15 18:00:00+00:00,7.963928,0.9466957,7.82
2019-06-15 19:00:00+00:00,7.905885,0.9253733,7.93
2019-06-15 20:00:00+00:00,7.944589,0.897149,7.35
2019-06-15 21:00:00+00:00,7.666084,0.8761401,7.15
2019-06-15 22:00:00+00:00,7.45062,0.8529403,8.33
2019-06-15 23:00:00+00:00,8.021181,0.8004099,8.29
2019-06-16 00:00:00+00:00,8.250607,0.7544523,8.4
2019-06-16 01:00:00+00:00,8.329657,0.6919421,8.42
2019-06-16 02:00:00+00:00,8.394454,0.6932803,8.75
2019-06-16 03:00:00+00:00,8.722017,0.7047805,8.31
2019-06-16 04:00:00+00:00,8.626424,0.7295699,8.24
2019-06-16 05:00:00+00:00,8.569412,0.7601554,9.31
2019-06-16 06:00:00+00:00,9.147693,0.783699,10.03
2019-06-16 07:00:00+00:00,9.81179,0.7948638,9.24
2019-06-16 08:00:00+00:00,9.621169,0.8182054,8.86
2019-06-16 09:00:00+00:00,9.243158,0.8572858,8.1
2019-06-16 10:00:00+00:00,8.661339,0.9028103,8.03
2019-06-16 11:00:00+00:00,8.329329,0.9431245,8.77
2019-06-16 12:00:00+00:00,8.446847,0.9746379,8.02
2019-06-16 13:00:00+00:00,8.11917,1.011341,9.13
2019-06-16 14:00:00+00:00,8.516389,1.013311,8.73
2019-06-16 15:00:00+00:00,8.562769,1.00466,8.41
2019-06-16 16:00:00+00:00,8.452312,0.9933342,8.4
2019-06-16 17:00:00+00:00,8.391475,0.9777128,8.92
2019-06-16 18:00:00+00:00,8.656221,0.9414008,8.73
2019-06-16 19:00:00+00:00,8.694967,0.9070633,8.47
2019-06-16 20:00:00+00:00,8.584959,0.8733325,8.16
2019-06-16 21:00:00+00:00,8.378214,0.8410335,8.94
2019-06-16 22:00:00+00:00,8.694064,0.8006722,7.8
2019-06-16 23:00:00+00:00,8.228555,0.7740552,8.41
2019-06-17 00:00:00+00:00,8.354517,0.7419958,8.53
2019-06-17 01:00:00+00:00,8.404219,0.6872715,8.78
2019-06-17 02:00:00+00:00,8.598538,0.6926513,9.19
2019-06-17 03:00:00+00:00,9.040312,0.7051958,9.31
2019-06-17 04:00:00+00:00,9.353524,0.7236199,9.17
2019-06-17 05:00:00+00:00,9.417178,0.7484965,9.03
2019-06-17 06:00:00+00:00,9.343683,0.7794154,9.44
2019-06-17 07:00:00+00:00,9.509908,0.8090134,9.86
2019-06-17 08:00:00+00:00,9.763775,0.8355516,10.35
2019-06-17 09:00:00+00:00,10.06022,0.8606818,9.95
2019-06-17 10:00:00+00:00,9.981973,0.8864325,10.12
2019-06-17 11:00:00+00:00,9.990479,0.9111278,10.27
2019-06-17 12:00:00+00:00,10.05453,0.9255173,8.47
2019-06-17 13:00:00+00:00,9.171062,0.970221,9.06
2019-06-17 14:00:00+00:00,9.008069,0.9899501,8.22
2019-06-17 15:00:00+00:00,8.514954,1.018425,7.86
2019-06-17 16:00:00+00:00,8.096457,1.040795,7.96
2019-06-17 17:00:00+00:00,7.953211,1.04142,8.23
2019-06-17 18:00:00+00:00,8.058238,1.016632,8.05
2019-06-17 19:00:00+00:00,8.057364,0.982028,9.01
2019-06-17 20:00:00+00:00,8.581114,0.9252608,8.55
2019-06-17 21:00:00+00:00,8.592706,0.8772586,9.04
2019-06-17 22:00:00+00:00,8.847192,0.8260649,8.74
2019-06-17 23:00:00+00:00,8.791536,0.7776377,9.5
2019-06-18 00:00:00+00:00,9.152047,0.7356359,9.73
2019-06-18 01:00:00+00:00,9.419925,0.6778644,9.39
2019-06-18 02:00:00+00:00,9.341031,0.68593,9.47
2019-06-18 03:00:00+00:00,9.451184,0.7071152,9.91
2019-06-18 04:00:00+00:00,9.835378,0.7294888,9.61
2019-06-18 05:00:00+00:00,9.844545,0.7571643,8.99
2019-06-18 06:00:00+00:00,9.476099,0.7966119,8.06
2019-06-18 07:00:00+00:00,8.763424,0.8531559,9.81
2019-06-18 08:00:00+00:00,9.390221,0.8798972,10.05
2019-06-18 09:00:00+00:00,9.758499,0.8999935,11.61
2019-06-18 10:00:00+00:00,10.70547,0.9023888,10.92
2019-06-18 11:00:00+00:00,10.84468,0.9010094,9.01
2019-06-18 12:00:00+00:00,9.969514,0.9255317,10.81
2019-06-18 13:00:00+00:00,10.28227,0.9362777,11.34
2019-06-18 14:00:00+00:00,10.69084,0.9359231,9.96
2019-06-18 15:00:00+00:00,10.26757,0.9462384,11.79
2019-06-18 16:00:00+00:00,10.8852,0.9259416,11.06
2019-06-18 17:00:00+00:00,10.88597,0.9110687,11.61
2019-06-18 18:00:00+00:00,11.13024,0.8864546,11.51
2019-06-18 19:00:00+00:00,11.21399,0.8604669,11.51
2019-06-18 20:00:00+00:00,11.24015,0.8333322,10.54
2019-06-18 21:00:00+00:00,10.75741,0.8124185,9.89
2019-06-18 22:00:00+00:00,10.16729,0.7940385,9.24
2019-06-18 23:00:00+00:00,9.539679,0.7794027,9.26
2019-06-19 00:00:00+00:00,9.25631,0.75963,9.03
2019-06-19 01:00:00+00:00,8.998289,0.7166858,8.71
2019-06-19 02:00:00+00:00,8.746122,0.7357639,8.17
2019-06-19 03:00:00+00:00,8.44285,0.7669631,8.75
2019-06-19 04:00:00+00:00,8.751164,0.79234,9.27
2019-06-19 05:00:00+00:00,9.225252,0.8137155,8.4
2019-06-19 06:00:00+00:00,8.912078,0.8496345,9.42
2019-06-19 07:00:00+00:00,9.355901,0.8704035,8.39
2019-06-19 08:00:00+00:00,8.91791,0.9096637,10.03
2019-06-19 09:00:00+00:00,9.576338,0.9222842,8.04
2019-06-19 10:00:00+00:00,8.764544,0.9682462,8.45
2019-06-19 11:00:00+00:00,8.548453,1.011588,9.5
2019-06-19 12:00:00+00:00,9.00441,1.020564,9.55
2019-06-19 13:00:00+00:00,9.246228,1.018257,9.95
2019-06-19 14:00:00+00:00,9.585288,0.9975803,10.49
2019-06-19 15:00:00+00:00,10.01856,0.9708482,11.01
2019-06-19 16:00:00+00:00,10.47891,0.9364478,10.64
2019-06-19 17:00:00+00:00,10.52383,0.9067217,9.37
2019-06-19 18:00:00+00:00,9.879815,0.8952222,9.38
2019-06-19 19:00:00+00:00,9.541555,0.8803176,8.35
2019-06-19 20:00:00+00:00,8.861565,0.8724909,9.2
2019-06-19 21:00:00+00:00,8.987621,0.8418404,8.72
2019-06-19 22:00:00+00:00,8.810243,0.813953,8.39
2019-06-19 23:00:00+00:00,8.559566,0.7870626,8.92
2019-06-20 00:00:00+00:00,8.737763,0.7504536,8.54
2019-06-20 01:00:00+00:00,8.561931,0.6998864,8.14
2019-06-20 02:00:00+00:00,8.277055,0.7144085,8.08
2019-06-20 03:00:00+00:00,8.221308,0.741558,7.93
2019-06-20 04:00:00+00:00,8.180541,0.7734799,8.53
2019-06-20 05:00:00+00:00,8.571928,0.7989893,8.69
2019-06-20 06:00:00+00:00,8.837239,0.8224114,8.18
2019-06-20 07:00:00+00:00,8.656197,0.8517721,8.6
2019-06-20 08:00:00+00:00,8.784969,0.8769173,7.9
2019-06-20 09:00:00+00:00,8.397317,0.915177,8.01
2019-06-20 10:00:00+00:00,8.210467,0.956143,8.04
2019-06-20 11:00:00+00:00,8.110079,0.9883527,7.93
2019-06-20 12:00:00+00:00,7.99381,1.013537,8.28
2019-06-20 13:00:00+00:00,8.114893,1.02129,8.18
2019-06-20 14:00:00+00:00,8.137496,1.019242,8.7
2019-06-20 15:00:00+00:00,8.415315,1.001373,8.75
2019-06-20 16:00:00+00:00,8.573256,0.9793985,8.38
2019-06-20 17:00:00+00:00,8.473677,0.9574847,8.39
2019-06-20 18:00:00+00:00,8.434146,0.9317232,8.11
2019-06-20 19:00:00+00:00,8.273088,0.9079038,7.91
2019-06-20 20:00:00+00:00,8.10245,0.882702,7.82
2019-06-20 21:00:00+00:00,7.989275,0.8538412,8.37
2019-06-20 22:00:00+00:00,8.235674,0.8166462,8.4
2019-06-20 23:00:00+00:00,8.362258,0.7790139,8.07
2019-06-21 00:00:00+00:00,8.232497,0.7484539,7.67
2019-06-21 01:00:00+00:00,7.851465,0.6993265,8.03
2019-06-21 02:00:00+00:00,7.925698,0.7081377,8.12
2019-06-21 03:00:00+00:00,8.125987,0.7246359,8.05
2019-06-21 04:00:00+00:00,8.214248,0.751484,8.21
2019-06-21 05:00:00+00:00,8.373557,0.7802671,7.8
2019-06-21 06:00:00+00:00,8.182889,0.8175778,7.61
2019-06-21 07:00:00+00:00,7.97753,0.8596436,7.85
2019-06-21 08:00:00+00:00,7.990734,0.8990223,8.63
2019-06-21 09:00:00+00:00,8.428141,0.9194752,8.61
2019-06-21 10:00:00+00:00,8.5464,0.9442789,8.5
2019-06-21 11:00:00+00:00,8.485935,0.9743899,7.02
2019-06-21 12:00:00+00:00,7.628794,1.032658,8.01
2019-06-21 13:00:00+00:00,7.757454,1.055863,7.04
2019-06-21 14:00:00+00:00,7.288207,1.094191,7.22
2019-06-21 15:00:00+00:00,7.190081,1.110826,8.36
2019-06-21 16:00:00+00:00,7.805761,1.08051,8.06
2019-06-21 17:00:00+00:00,7.981572,1.041217,7.52
2019-06-21 18:00:00+00:00,7.785601,1.009455,7.62
2019-06-21 19:00:00+00:00,7.750029,0.9770777,7.93
2019-06-21 20:00:00+00:00,7.918057,0.9331654,7.8
2019-06-21 21:00:00+00:00,7.913499,0.8963498,7.58
2019-06-21 22:00:00+00:00,7.78911,0.8581056,7.09
2019-06-21 23:00:00+00:00,7.45896,0.8330902,6.75
2019-06-22 00:00:00+00:00,7.12369,0.8262103,6.28
2019-06-22 01:00:00+00:00,6.483755,0.8013971,1.78
2019-06-22 02:00:00+00:00,3.387494,1.074598,1.71
2019-06-22 03:00:00+00:00,2.382167,1.225272,2.39
2019-06-22 04:00:00+00:00,2.553736,1.43085,0.98
2019-06-22 05:00:00+00:00,2.04053,1.367011,0.48
2019-06-22 06:00:00+00:00,1.897848,1.340247,2.31
2019-06-22 07:00:00+00:00,2.950006,1.440894,1.13
2019-06-22 08:00:00+00:00,2.359203,1.367451,2.27
2019-06-22 09:00:00+00:00,2.810803,1.400191,2.99
2019-06-22 10:00:00+00:00,3.217596,1.47169,6.63
2019-06-22 11:00:00+00:00,6.002631,1.660244,4.23
2019-06-22 12:00:00+00:00,4.839679,1.602213,5.2
2019-06-22 13:00:00+00:00,5.213227,1.635552,6.44
2019-06-22 14:00:00+00:00,6.196645,1.689392,5.47
2019-06-22 15:00:00+00:00,5.778486,1.663782,5.86
2019-06-22 16:00:00+00:00,5.947398,1.662776,6.31
2019-06-22 17:00:00+00:00,6.324492,1.675419,5.83
2019-06-22 18:00:00+00:00,6.143368,1.652419,5.18
2019-06-22 19:00:00+00:00,5.697551,1.610085,5.01
2019-06-22 20:00:00+00:00,5.491071,1.531616,6.09
2019-06-22 21:00:00+00:00,6.148879,1.465069,6.79
2019-06-22 22:00:00+00:00,6.811962,1.387482,7.17
2019-06-22 23:00:00+00:00,7.24592,1.285643,6.69
2019-06-23 00:00:00+00:00,7.068862,1.161747,5.69
2019-06-23 01:00:00+00:00,6.154324,1.200637,5.43
2019-06-23 02:00:00+00:00,5.594699,1.28433,5.9
2019-06-23 03:00:00+00:00,5.836045,1.395524,4.16
2019-06-23 04:00:00+00:00,4.819308,1.362326,1.95
2019-06-23 05:00:00+00:00,3.15724,1.521931,2.43
2019-06-23 06:00:00+00:00,2.913301,1.666254,5.29
2019-06-23 07:00:00+00:00,4.815111,1.863928,4.86
2019-06-23 08:00:00+00:00,5.143195,1.961513,3.96
2019-06-23 09:00:00+00:00,4.604002,1.925047,3.92
2019-06-23 10:00:00+00:00,4.385333,1.860526,2.7
2019-06-23 11:00:00+00:00,3.465607,1.768768,5.38
2019-06-23 12:00:00+00:00,4.961342,1.883866,3.64
2019-06-23 13:00:00+00:00,4.245033,1.759121,5.46
2019-06-23 14:00:00+00:00,5.300595,1.802026,5.47
2019-06-23 15:00:00+00:00,5.60464,1.797647,4.62
2019-06-23 16:00:00+00:00,5.126797,1.727642,4.64
2019-06-23 17:00:00+00:00,5.018554,1.68848,4.1
2019-06-23 18:00:00+00:00,4.67206,1.64904,3.54
2019-06-23 19:00:00+00:00,4.279225,1.600272,7.15
2019-06-23 20:00:00+00:00,6.593709,1.673386,8.25
2019-06-23 21:00:00+00:00,7.991814,1.672884,7.59
2019-06-23 22:00:00+00:00,7.934953,1.558017,7.04
2019-06-23 23:00:00+00:00,7.503319,1.420731,6.79
2019-06-24 00:00:00+00:00,7.152022,1.288172,7.44
2019-06-24 01:00:00+00:00,7.269851,1.359774,7.2
2019-06-24 02:00:00+00:00,7.153186,1.483021,7.54
2019-06-24 03:00:00+00:00,7.476864,1.619354,7.18
2019-06-24 04:00:00+00:00,7.439585,1.749356,6.79
2019-06-24 05:00:00+00:00,7.209553,1.847506,7.1
2019-06-24 06:00:00+00:00,7.309402,1.921765,5.5
2019-06-24 07:00:00+00:00,6.278093,1.997542,5.4
2019-06-24 08:00:00+00:00,5.748963,2.058547,3.8
2019-06-24 09:00:00+00:00,4.58899,2.0316,3.85
2019-06-24 10:00:00+00:00,4.167586,2.003202,6.13
2019-06-24 11:00:00+00:00,5.44877,2.058767,6.9
2019-06-24 12:00:00+00:00,6.521902,2.080483,5.64
2019-06-24 13:00:00+00:00,6.092913,2.033419,5.63
2019-06-24 14:00:00+00:00,5.901793,1.999231,5.79
2019-06-24 15:00:00+00:00,5.927472,1.953639,4.98
2019-06-24 16:00:00+00:00,5.469785,1.816717,3.16
2019-06-24 17:00:00+00:00,4.268825,1.6364,2.74
2019-06-24 18:00:00+00:00,3.643708,1.550563,2.99
2019-06-24 19:00:00+00:00,3.639264,1.440805,4.63
2019-06-24 20:00:00+00:00,4.711148,1.411654,6.38
2019-06-24 21:00:00+00:00,6.228091,1.375652,5.56
2019-06-24 22:00:00+00:00,6.14344,1.278173,6.33
2019-06-24 23:00:00+00:00,6.570209,1.208349,6.79
2019-06-25 00:00:00+00:00,6.940284,1.134032,6.35
2019-06-25 01:00:00+00:00,6.51335,1.186098,5.71
2019-06-25 02:00:00+00:00,5.894158,1.291317,5.32
2019-06-25 03:00:00+00:00,5.56686,1.39052,5.8
2019-06-25 04:00:00+00:00,5.89689,1.5001,5.75
2019-06-25 05:00:00+00:00,6.025118,1.592952,4.39
2019-06-25 06:00:00+00:00,5.134037,1.649567,4.11
2019-06-25 07:00:00+00:00,4.607277,1.702578,3.64
2019-06-25 08:00:00+00:00,4.097851,1.721281,1.7
2019-06-25 09:00:00+00:00,2.796542,1.65106,0.63
2019-06-25 10:00:00+00:00,1.849552,1.553796,2.94
2019-06-25 11:00:00+00:00,2.863106,1.62888,5.39
2019-06-25 12:00:00+00:00,4.969924,1.825551,4.35
2019-06-25 13:00:00+00:00,4.885855,1.749842,8.78
2019-06-25 14:00:00+00:00,8.152376,2.013473,7.88
2019-06-25 15:00:00+00:00,8.204173,2.133888,4.14
2019-06-25 16:00:00+00:00,5.590768,2.019197,2.9
2019-06-25 17:00:00+00:00,4.046158,1.854933,4.06
2019-06-25 18:00:00+00:00,4.335392,1.851793,3.56
2019-06-25 19:00:00+00:00,4.19101,1.749901,3.86
2019-06-25 20:00:00+00:00,4.448974,1.710506,6.54
2019-06-25 21:00:00+00:00,6.306664,1.811491,5.77
2019-06-25 22:00:00+00:00,6.305438,1.770835,5.32
2019-06-25 23:00:00+00:00,5.976262,1.690578,0.63
2019-06-26 00:00:00+00:00,3.398824,1.583512,2.9
2019-06-26 01:00:00+00:00,3.242941,1.656176,4.72
2019-06-26 02:00:00+00:00,4.464792,1.825066,2.58
2019-06-26 03:00:00+00:00,3.505858,1.913403,1.84
2019-06-26 04:00:00+00:00,2.811687,1.741315,0.66
2019-06-26 05:00:00+00:00,2.168154,1.572154,2.13
2019-06-26 06:00:00+00:00,2.752464,1.623669,1.36
2019-06-26 07:00:00+00:00,2.264122,1.580827,3.41
2019-06-26 08:00:00+00:00,3.35063,1.795248,4.71
2019-06-26 09:00:00+00:00,4.596677,1.96263,5.4
2019-06-26 10:00:00+00:00,5.462083,2.088269,5.44
2019-06-26 11:00:00+00:00,5.630174,2.081214,5.56
2019-06-26 12:00:00+00:00,5.696991,2.00082,5.6
2019-06-26 13:00:00+00:00,5.718341,1.883489,5.08
2019-06-26 14:00:00+00:00,5.354565,1.730596,6.3
2019-06-26 15:00:00+00:00,6.261763,1.727421,0.830000000000001
2019-06-26 16:00:00+00:00,2.706764,1.399064,4.74
2019-06-26 17:00:00+00:00,4.94326,1.57318,5.44
2019-06-26 18:00:00+00:00,5.849247,1.714921,6.95
2019-06-26 19:00:00+00:00,7.081959,1.918237,5.83
2019-06-26 20:00:00+00:00,6.453952,1.919847,3.79
2019-06-26 21:00:00+00:00,4.931136,1.793114,6.82
2019-06-26 22:00:00+00:00,6.533123,1.955423,5.37
2019-06-26 23:00:00+00:00,5.982321,1.886868,3.01
2019-06-27 00:00:00+00:00,4.458653,1.688636,3.5
2019-06-27 01:00:00+00:00,4.018774,1.815926,3.74
2019-06-27 02:00:00+00:00,3.989484,1.92533,3.71
2019-06-27 03:00:00+00:00,4.142015,1.903312,2.94
2019-06-27 04:00:00+00:00,3.813879,1.774017,0.94
2019-06-27 05:00:00+00:00,2.341003,1.687363,3.78
2019-06-27 06:00:00+00:00,3.579648,1.831002,5.69
2019-06-27 07:00:00+00:00,5.369172,1.999716,7.13
2019-06-27 08:00:00+00:00,6.991005,2.137949,5.06
2019-06-27 09:00:00+00:00,5.858638,2.036507,6.81
2019-06-27 10:00:00+00:00,6.66324,2.119013,6.85
2019-06-27 11:00:00+00:00,6.890099,2.098581,7.38
2019-06-27 12:00:00+00:00,7.298319,2.085968,8.1
2019-06-27 13:00:00+00:00,7.890602,2.057967,8.66
2019-06-27 14:00:00+00:00,8.431049,2.010168,8.38
2019-06-27 15:00:00+00:00,8.421587,1.913623,8.75
2019-06-27 16:00:00+00:00,8.605011,1.871505,8.4
2019-06-27 17:00:00+00:00,8.454471,1.814186,6.74
2019-06-27 18:00:00+00:00,7.417418,1.747558,6.07
2019-06-27 19:00:00+00:00,6.601778,1.692871,6.21
2019-06-27 20:00:00+00:00,6.396362,1.616114,6.77
2019-06-27 21:00:00+00:00,6.71059,1.513377,6.12
2019-06-27 22:00:00+00:00,6.510021,1.398282,6.42
2019-06-27 23:00:00+00:00,6.631675,1.293443,6.15
2019-06-28 00:00:00+00:00,6.527514,1.213647,2.97
2019-06-28 01:00:00+00:00,4.35611,1.296884,3.05
2019-06-28 02:00:00+00:00,3.581294,1.348315,9.16
2019-06-28 03:00:00+00:00,7.546763,1.698439,7.39
2019-06-28 04:00:00+00:00,7.785553,1.863987,6.74
2019-06-28 05:00:00+00:00,7.460496,1.883942,5.15
2019-06-28 06:00:00+00:00,6.19693,1.879815,2.3
2019-06-28 07:00:00+00:00,3.976346,1.787209,2.87
2019-06-28 08:00:00+00:00,3.420465,1.730784,6.81
2019-06-28 09:00:00+00:00,5.686787,1.797726,6.27
2019-06-28 10:00:00+00:00,6.182374,1.757654,8.89
2019-06-28 11:00:00+00:00,8.192719,1.743155,9.14
2019-06-28 12:00:00+00:00,9.033051,1.63822,9.89
2019-06-28 13:00:00+00:00,9.745855,1.512486,10.18
2019-06-28 14:00:00+00:00,10.12924,1.366513,10.68
2019-06-28 15:00:00+00:00,10.4794,1.241743,8.93
2019-06-28 16:00:00+00:00,9.599201,1.153478,8.89
2019-06-28 17:00:00+00:00,9.110193,1.098443,9.41
2019-06-28 18:00:00+00:00,9.178614,1.042019,8.54
2019-06-28 19:00:00+00:00,8.755207,0.996307,9.4
2019-06-28 20:00:00+00:00,9.060213,0.9399634,8.39
2019-06-28 21:00:00+00:00,8.660176,0.9003072,8.42
2019-06-28 22:00:00+00:00,8.499327,0.8634027,7.9
2019-06-28 23:00:00+00:00,8.146572,0.8336602,7.84
2019-06-29 00:00:00+00:00,7.976785,0.8016642,7.4
2019-06-29 01:00:00+00:00,7.528002,0.7729339,7.78
2019-06-29 02:00:00+00:00,7.605226,0.8132626,7.82
2019-06-29 03:00:00+00:00,7.806427,0.8466344,7.85
2019-06-29 04:00:00+00:00,8.016488,0.8846514,8.46
2019-06-29 05:00:00+00:00,8.539299,0.9158374,8.64
2019-06-29 06:00:00+00:00,8.864567,0.9370879,9.23
2019-06-29 07:00:00+00:00,9.309456,0.9616746,9.3
2019-06-29 08:00:00+00:00,9.476516,0.9858086,9.77
2019-06-29 09:00:00+00:00,9.739184,1.012649,9.43
2019-06-29 10:00:00+00:00,9.611082,1.017887,9.68
2019-06-29 11:00:00+00:00,9.642807,1.033628,10.31
2019-06-29 12:00:00+00:00,9.956547,1.03236,10.14
2019-06-29 13:00:00+00:00,9.994491,1.032347,9.24
2019-06-29 14:00:00+00:00,9.561559,1.041289,9.3
2019-06-29 15:00:00+00:00,9.36454,1.033503,9.63
2019-06-29 16:00:00+00:00,9.436218,1.012299,9.42
2019-06-29 17:00:00+00:00,9.422175,0.9769076,8.43
2019-06-29 18:00:00+00:00,8.873587,0.9695576,8.58
2019-06-29 19:00:00+00:00,8.678555,0.947987,8.44
2019-06-29 20:00:00+00:00,8.529257,0.9190965,8.52
2019-06-29 21:00:00+00:00,8.518812,0.8804741,8.51
2019-06-29 22:00:00+00:00,8.5191,0.838538,8.51
2019-06-29 23:00:00+00:00,8.523579,0.7954673,8.89
2019-06-30 00:00:00+00:00,8.721309,0.754123,8.75
2019-06-30 01:00:00+00:00,8.676867,0.6997173,8.15
2019-06-30 02:00:00+00:00,8.31325,0.7153942,7.92
2019-06-30 03:00:00+00:00,8.133445,0.7451556,7.51
2019-06-30 04:00:00+00:00,7.900225,0.7821504,8.11
2019-06-30 05:00:00+00:00,8.233868,0.8106631,7.91
2019-06-30 06:00:00+00:00,8.243546,0.8446556,8.68
2019-06-30 07:00:00+00:00,8.676262,0.8714679,8.69
2019-06-30 08:00:00+00:00,8.815313,0.8986955,8.99
2019-06-30 09:00:00+00:00,8.996765,0.9221705,9.16
2019-06-30 10:00:00+00:00,9.113248,0.9447906,8.68
2019-06-30 11:00:00+00:00,8.863219,0.9746957,8.85
2019-06-30 12:00:00+00:00,8.821618,0.9935911,8.26
2019-06-30 13:00:00+00:00,8.473598,1.017539,8.42
2019-06-30 14:00:00+00:00,8.394259,1.027922,8.01
2019-06-30 15:00:00+00:00,8.147547,1.037805,8.18
2019-06-30 16:00:00+00:00,8.126291,1.031464,8.84
2019-06-30 17:00:00+00:00,8.498201,0.9993337,7.85
2019-06-30 18:00:00+00:00,8.180285,0.9745169,6.37
2019-06-30 19:00:00+00:00,7.271544,0.9715551,8.39
2019-06-30 20:00:00+00:00,7.928908,0.9214341,9.21
2019-06-30 21:00:00+00:00,8.702478,0.8538283,10.27
2019-06-30 22:00:00+00:00,9.609021,0.7867643,10.2
2019-06-30 23:00:00+00:00,9.915631,0.73702,10.99
2019-07-01 00:00:00+00:00,10.39405,0.6977723,11.06
2019-07-01 01:00:00+00:00,10.66762,0.647637,10.08
2019-07-01 02:00:00+00:00,10.21705,0.6591911,9.69
2019-07-01 03:00:00+00:00,9.86612,0.6889525,9.33
2019-07-01 04:00:00+00:00,9.574633,0.7274809,8.02
2019-07-01 05:00:00+00:00,8.647594,0.795412,7.94
2019-07-01 06:00:00+00:00,8.21314,0.8655479,9.27
2019-07-01 07:00:00+00:00,8.831329,0.8986455,8.9
2019-07-01 08:00:00+00:00,8.905097,0.9332426,9.39
2019-07-01 09:00:00+00:00,9.201415,0.9579876,7.4
2019-07-01 10:00:00+00:00,8.178381,1.030694,6.87
2019-07-01 11:00:00+00:00,7.329365,1.130075,5.89
2019-07-01 12:00:00+00:00,6.413635,1.238226,8.98
2019-07-01 13:00:00+00:00,7.779236,1.200517,9.11
2019-07-01 14:00:00+00:00,8.515409,1.168142,8.62
2019-07-01 15:00:00+00:00,8.617674,1.135306,8.51
2019-07-01 16:00:00+00:00,8.594525,1.099187,8.69
2019-07-01 17:00:00+00:00,8.667027,1.058675,8.19
2019-07-01 18:00:00+00:00,8.42116,1.026182,8.02
2019-07-01 19:00:00+00:00,8.216622,0.9944229,7.95
2019-07-01 20:00:00+00:00,8.086185,0.9603889,7.72
2019-07-01 21:00:00+00:00,7.915971,0.9249722,7.39
2019-07-01 22:00:00+00:00,7.66726,0.8972796,7.5
2019-07-01 23:00:00+00:00,7.633818,0.8594877,7.35
2019-07-02 00:00:00+00:00,7.549073,0.8194771,7.15
2019-07-02 01:00:00+00:00,7.250286,0.778609,6.48
2019-07-02 02:00:00+00:00,6.719202,0.8101436,6.33
2019-07-02 03:00:00+00:00,6.547303,0.8477271,6.53
2019-07-02 04:00:00+00:00,6.685841,0.8876088,6.43
2019-07-02 05:00:00+00:00,6.710705,0.9206741,6.11
2019-07-02 06:00:00+00:00,6.527738,0.9569952,7.3
2019-07-02 07:00:00+00:00,7.160605,0.9888912,7.6
2019-07-02 08:00:00+00:00,7.566557,1.010088,8.06
2019-07-02 09:00:00+00:00,7.973802,1.025988,8.65
2019-07-02 10:00:00+00:00,8.44224,1.027045,8
2019-07-02 11:00:00+00:00,8.175653,1.041812,8.33
2019-07-02 12:00:00+00:00,8.215014,1.051165,8.22
2019-07-02 13:00:00+00:00,8.117591,1.074962,8.11
2019-07-02 14:00:00+00:00,8.003798,1.08935,7.94
2019-07-02 15:00:00+00:00,7.849336,1.105173,6.84
2019-07-02 16:00:00+00:00,7.215796,1.128674,6.18
2019-07-02 17:00:00+00:00,6.600527,1.153318,6.55
2019-07-02 18:00:00+00:00,6.585971,1.140081,7.77
2019-07-02 19:00:00+00:00,7.339159,1.08025,8.63
2019-07-02 20:00:00+00:00,8.205015,0.9979219,8.08
2019-07-02 21:00:00+00:00,8.248205,0.9307958,8.19
2019-07-02 22:00:00+00:00,8.292884,0.8723112,7.79
2019-07-02 23:00:00+00:00,8.056429,0.8241489,7.75
2019-07-03 00:00:00+00:00,7.920227,0.7872574,7.6
2019-07-03 01:00:00+00:00,7.654844,0.7479699,7.01
2019-07-03 02:00:00+00:00,7.163651,0.7844312,6.7
2019-07-03 03:00:00+00:00,6.894525,0.8354686,6.69
2019-07-03 04:00:00+00:00,6.884407,0.8869368,6.59
2019-07-03 05:00:00+00:00,6.855385,0.944765,6.49
2019-07-03 06:00:00+00:00,6.801878,1.005451,6.17
2019-07-03 07:00:00+00:00,6.555678,1.064377,6.6
2019-07-03 08:00:00+00:00,6.717031,1.110514,6.47
2019-07-03 09:00:00+00:00,6.656366,1.157467,6.67
2019-07-03 10:00:00+00:00,6.722167,1.196558,6.04
2019-07-03 11:00:00+00:00,6.324543,1.2347,6.4
2019-07-03 12:00:00+00:00,6.314429,1.280296,4.83
2019-07-03 13:00:00+00:00,5.401124,1.322979,5.4
2019-07-03 14:00:00+00:00,5.377273,1.333239,4.85
2019-07-03 15:00:00+00:00,5.103714,1.316498,4.61
2019-07-03 16:00:00+00:00,4.885512,1.31434,4.87
2019-07-03 17:00:00+00:00,5.005296,1.300109,3.75
2019-07-03 18:00:00+00:00,4.471508,1.281163,5.53
2019-07-03 19:00:00+00:00,5.435318,1.224555,6.03
2019-07-03 20:00:00+00:00,6.138935,1.15873,6.17
2019-07-03 21:00:00+00:00,6.474835,1.081331,6.71
2019-07-03 22:00:00+00:00,6.905583,1.000604,6.04
2019-07-03 23:00:00+00:00,6.61902,0.9305304,6.94
2019-07-04 00:00:00+00:00,7.039754,0.8698108,6.5
2019-07-04 01:00:00+00:00,6.672059,0.8398674,6.27
2019-07-04 02:00:00+00:00,6.347215,0.87452,6.21
2019-07-04 03:00:00+00:00,6.314568,0.9159765,5.94
2019-07-04 04:00:00+00:00,6.202669,0.9667959,6.14
2019-07-04 05:00:00+00:00,6.356538,1.010693,5.25
2019-07-04 06:00:00+00:00,5.820908,1.066289,6.56
2019-07-04 07:00:00+00:00,6.468497,1.112362,6.13
2019-07-04 08:00:00+00:00,6.369001,1.160907,5.53
2019-07-04 09:00:00+00:00,5.91891,1.21473,7.04
2019-07-04 10:00:00+00:00,6.67971,1.242959,6.22
2019-07-04 11:00:00+00:00,6.458575,1.247398,6.49
2019-07-04 12:00:00+00:00,6.517271,1.241085,6.03
2019-07-04 13:00:00+00:00,6.235343,1.24006,5.33
2019-07-04 14:00:00+00:00,5.686094,1.259819,4.63
2019-07-04 15:00:00+00:00,5.043148,1.30023,4.82
2019-07-04 16:00:00+00:00,4.955678,1.294263,3.65
2019-07-04 17:00:00+00:00,4.332003,1.283205,3.61
2019-07-04 18:00:00+00:00,4.155509,1.256109,4.27
2019-07-04 19:00:00+00:00,4.571974,1.197248,5.41
2019-07-04 20:00:00+00:00,5.483948,1.129303,5.61
2019-07-04 21:00:00+00:00,5.94457,1.053579,5.26
2019-07-04 22:00:00+00:00,5.880104,0.9845656,5.58
2019-07-04 23:00:00+00:00,6.041902,0.9297926,5.92
2019-07-05 00:00:00+00:00,6.289021,0.8739908,6.65
2019-07-05 01:00:00+00:00,6.53527,0.8355662,7.14
2019-07-05 02:00:00+00:00,6.937165,0.8485157,7.13
2019-07-05 03:00:00+00:00,7.181672,0.8718536,7.03
2019-07-05 04:00:00+00:00,7.26868,0.9021987,6.87
2019-07-05 05:00:00+00:00,7.211749,0.940327,6.94
2019-07-05 06:00:00+00:00,7.200166,0.9901205,6.71
2019-07-05 07:00:00+00:00,7.003446,1.044142,5.73
2019-07-05 08:00:00+00:00,6.257301,1.119557,5.59
2019-07-05 09:00:00+00:00,5.875611,1.186051,5.95
2019-07-05 10:00:00+00:00,5.910075,1.238795,6.67
2019-07-05 11:00:00+00:00,6.383872,1.263869,7.3
2019-07-05 12:00:00+00:00,6.968081,1.270391,6.41
2019-07-05 13:00:00+00:00,6.652171,1.281195,5.21
2019-07-05 14:00:00+00:00,5.796312,1.308672,5.28
2019-07-05 15:00:00+00:00,5.51295,1.302546,5.18
2019-07-05 16:00:00+00:00,5.377781,1.285406,6.26
2019-07-05 17:00:00+00:00,6.041392,1.223296,6.1
2019-07-05 18:00:00+00:00,6.252627,1.160035,7.1
2019-07-05 19:00:00+00:00,6.972776,1.092901,7.07
2019-07-05 20:00:00+00:00,7.229329,1.023774,7.09
2019-07-05 21:00:00+00:00,7.321343,0.9617848,7.17
2019-07-05 22:00:00+00:00,7.379202,0.9086415,7.38
2019-07-05 23:00:00+00:00,7.504888,0.8579719,7.68
2019-07-06 00:00:00+00:00,7.709126,0.8104618,6.76
2019-07-06 01:00:00+00:00,7.054235,0.7814366,6.64
2019-07-06 02:00:00+00:00,6.695424,0.8201034,6.38
2019-07-06 03:00:00+00:00,6.520057,0.8671052,6.47
2019-07-06 04:00:00+00:00,6.607803,0.9190722,5.94
2019-07-06 05:00:00+00:00,6.341309,0.9771479,5
2019-07-06 06:00:00+00:00,5.632771,1.051267,5.64
2019-07-06 07:00:00+00:00,5.773406,1.108084,5.38
2019-07-06 08:00:00+00:00,5.650657,1.149463,5.26
2019-07-06 09:00:00+00:00,5.430389,1.226228,6.23
2019-07-06 10:00:00+00:00,5.967208,1.268049,7.13
2019-07-06 11:00:00+00:00,6.75503,1.287531,6.92
2019-07-06 12:00:00+00:00,6.911328,1.290403,7.13
2019-07-06 13:00:00+00:00,7.101785,1.271631,7.68
2019-07-06 14:00:00+00:00,7.477312,1.247893,6.53
2019-07-06 15:00:00+00:00,6.914182,1.240867,7.55
2019-07-06 16:00:00+00:00,7.309816,1.208585,7.56
2019-07-06 17:00:00+00:00,7.499862,1.171738,8.27
2019-07-06 18:00:00+00:00,8.024384,1.111942,8.85
2019-07-06 19:00:00+00:00,8.585852,1.041722,8.52
2019-07-06 20:00:00+00:00,8.604525,0.9763309,8.56
2019-07-06 21:00:00+00:00,8.604282,0.9164327,7.63
2019-07-06 22:00:00+00:00,8.057525,0.869346,7.6
2019-07-06 23:00:00+00:00,7.81673,0.8310882,7.23
2019-07-07 00:00:00+00:00,7.527159,0.7975935,7.3
2019-07-07 01:00:00+00:00,7.310729,0.7625258,7.11
2019-07-07 02:00:00+00:00,7.120599,0.7891961,7.13
2019-07-07 03:00:00+00:00,7.195157,0.8253415,7.45
2019-07-07 04:00:00+00:00,7.530552,0.8588927,8
2019-07-07 05:00:00+00:00,8.056452,0.889968,7.81
2019-07-07 06:00:00+00:00,8.146632,0.9207492,8.78
2019-07-07 07:00:00+00:00,8.745667,0.9452011,8.32
2019-07-07 08:00:00+00:00,8.658317,0.978082,8.52
2019-07-07 09:00:00+00:00,8.651342,1.001707,8.7
2019-07-07 10:00:00+00:00,8.724667,1.016748,9.51
2019-07-07 11:00:00+00:00,9.130011,1.02413,9.34
2019-07-07 12:00:00+00:00,9.21323,1.025302,9.45
2019-07-07 13:00:00+00:00,9.32101,1.017974,10.58
2019-07-07 14:00:00+00:00,9.901978,0.993354,10.44
2019-07-07 15:00:00+00:00,10.12289,0.9653451,9.53
2019-07-07 16:00:00+00:00,9.763515,0.9540854,9.21
2019-07-07 17:00:00+00:00,9.401341,0.9461591,8.84
2019-07-07 18:00:00+00:00,9.001315,0.9454976,8.53
2019-07-07 19:00:00+00:00,8.715664,0.9227532,9.05
2019-07-07 20:00:00+00:00,8.856914,0.8867399,9.22
2019-07-07 21:00:00+00:00,9.0381,0.8424739,8.98
2019-07-07 22:00:00+00:00,9.000847,0.8032951,8.28
2019-07-07 23:00:00+00:00,8.608355,0.774922,8.19
2019-07-08 00:00:00+00:00,8.380031,0.7496594,8.19
2019-07-08 01:00:00+00:00,8.213986,0.7023421,8.28
2019-07-08 02:00:00+00:00,8.221605,0.7143822,8.68
2019-07-08 03:00:00+00:00,8.582714,0.7299328,8.51
2019-07-08 04:00:00+00:00,8.708184,0.7515055,8.6
2019-07-08 05:00:00+00:00,8.840415,0.7774766,8.59
2019-07-08 06:00:00+00:00,8.888651,0.8055903,10.47
2019-07-08 07:00:00+00:00,9.90746,0.8198519,11.03
2019-07-08 08:00:00+00:00,10.61064,0.8283526,10.44
2019-07-08 09:00:00+00:00,10.5612,0.8474346,11.22
2019-07-08 10:00:00+00:00,10.86008,0.8636246,8.91
2019-07-08 11:00:00+00:00,9.785303,0.9163489,10.3
2019-07-08 12:00:00+00:00,9.94441,0.9332122,10.59
2019-07-08 13:00:00+00:00,10.14641,0.9422313,9.92
2019-07-08 14:00:00+00:00,9.95165,0.9537459,9.97
2019-07-08 15:00:00+00:00,9.871437,0.9572421,9.49
2019-07-08 16:00:00+00:00,9.603644,0.9624698,13.03
2019-07-08 17:00:00+00:00,11.12892,0.9055042,9.11
2019-07-08 18:00:00+00:00,10.15336,0.9044108,8.88
2019-07-08 19:00:00+00:00,9.464398,0.9034854,8.91
2019-07-08 20:00:00+00:00,9.127352,0.890497,9.2
2019-07-08 21:00:00+00:00,9.121881,0.8607927,9.79
2019-07-08 22:00:00+00:00,9.43903,0.816237,9.69
2019-07-08 23:00:00+00:00,9.549934,0.7756175,9.69
2019-07-09 00:00:00+00:00,9.596231,0.7374203,10.75
2019-07-09 01:00:00+00:00,10.25757,0.6751925,9.22
2019-07-09 02:00:00+00:00,9.774944,0.6843003,10.63
2019-07-09 03:00:00+00:00,10.40605,0.6981958,8.99
2019-07-09 04:00:00+00:00,9.837468,0.7255624,10.28
2019-07-09 05:00:00+00:00,10.26345,0.7502934,11.56
2019-07-09 06:00:00+00:00,11.04358,0.7711433,11.15
2019-07-09 07:00:00+00:00,11.15836,0.7956277,10.92
2019-07-09 08:00:00+00:00,11.00708,0.8271918,11.98
2019-07-09 09:00:00+00:00,11.3794,0.8477238,12.52
2019-07-09 10:00:00+00:00,11.78333,0.8615502,12.14
2019-07-09 11:00:00+00:00,11.80278,0.8777576,12.19
2019-07-09 12:00:00+00:00,11.80827,0.8917852,12.3
2019-07-09 13:00:00+00:00,11.84676,0.9016413,11.94
2019-07-09 14:00:00+00:00,11.70347,0.9132224,11.76
2019-07-09 15:00:00+00:00,11.53753,0.9220226,11.31
2019-07-09 16:00:00+00:00,11.23262,0.9322785,11.22
2019-07-09 17:00:00+00:00,11.04719,0.9316321,10.46
2019-07-09 18:00:00+00:00,10.61478,0.9350043,9.28
2019-07-09 19:00:00+00:00,9.833479,0.9471532,6.97
2019-07-09 20:00:00+00:00,8.306941,0.9983409,8.42
2019-07-09 21:00:00+00:00,8.271445,0.9725384,8.44
2019-07-09 22:00:00+00:00,8.333271,0.9269962,9.11
2019-07-09 23:00:00+00:00,8.74288,0.8640641,8.81
2019-07-10 00:00:00+00:00,8.794589,0.8080639,8.62
2019-07-10 01:00:00+00:00,8.664178,0.7459748,8.89
2019-07-10 02:00:00+00:00,8.791653,0.7471634,9.17
2019-07-10 03:00:00+00:00,9.102497,0.7593094,8.63
2019-07-10 04:00:00+00:00,8.971231,0.7841388,8.14
2019-07-10 05:00:00+00:00,8.664796,0.8187531,7.77
2019-07-10 06:00:00+00:00,8.294548,0.8642633,7.94
2019-07-10 07:00:00+00:00,8.201781,0.9069473,7.88
2019-07-10 08:00:00+00:00,8.076255,0.950951,8.36
2019-07-10 09:00:00+00:00,8.270924,0.9784927,8.61
2019-07-10 10:00:00+00:00,8.460137,0.999562,7.98
2019-07-10 11:00:00+00:00,8.207009,1.024991,7.4
2019-07-10 12:00:00+00:00,7.744951,1.061903,7.26
2019-07-10 13:00:00+00:00,7.439651,1.090323,6.81
2019-07-10 14:00:00+00:00,7.072707,1.110778,5.72
2019-07-10 15:00:00+00:00,6.368423,1.135614,6.56
2019-07-10 16:00:00+00:00,6.503351,1.111338,7.82
2019-07-10 17:00:00+00:00,7.246742,1.060214,5.3
2019-07-10 18:00:00+00:00,6.256995,1.067608,5.94
2019-07-10 19:00:00+00:00,6.18333,1.044283,6.87
2019-07-10 20:00:00+00:00,6.71551,0.9782625,5
2019-07-10 21:00:00+00:00,5.934336,0.967021,7.61
2019-07-10 22:00:00+00:00,7.111073,0.8910136,6.91
2019-07-10 23:00:00+00:00,7.197594,0.8304803,6.88
2019-07-11 00:00:00+00:00,7.210973,0.7858536,6.61
2019-07-11 01:00:00+00:00,6.854594,0.7367613,6.88
2019-07-11 02:00:00+00:00,6.884243,0.74604,7.06
2019-07-11 03:00:00+00:00,7.143361,0.7585439,7.07
2019-07-11 04:00:00+00:00,7.316575,0.7800205,7.16
2019-07-11 05:00:00+00:00,7.458938,0.8066141,7.34
2019-07-11 06:00:00+00:00,7.631079,0.8310477,7.28
2019-07-11 07:00:00+00:00,7.616287,0.8619172,7.32
2019-07-11 08:00:00+00:00,7.559167,0.8992818,7.19
2019-07-11 09:00:00+00:00,7.420555,0.9363409,5.58
2019-07-11 10:00:00+00:00,6.382958,1.013569,7.4
2019-07-11 11:00:00+00:00,6.911807,1.038898,8.98
2019-07-11 12:00:00+00:00,8.084847,1.004589,6.81
2019-07-11 13:00:00+00:00,7.394216,1.021124,5.78
2019-07-11 14:00:00+00:00,6.506043,1.069019,3.52
2019-07-11 15:00:00+00:00,4.915835,1.176858,7.26
2019-07-11 16:00:00+00:00,6.178749,1.139889,6.99
2019-07-11 17:00:00+00:00,6.742289,1.05759,8.67
2019-07-11 18:00:00+00:00,7.942373,0.9805829,9.03
2019-07-11 19:00:00+00:00,8.678755,0.9026364,8.89
2019-07-11 20:00:00+00:00,8.888165,0.8441435,8.78
2019-07-11 21:00:00+00:00,8.858582,0.8038729,7.82
2019-07-11 22:00:00+00:00,8.281699,0.7833805,7.14
2019-07-11 23:00:00+00:00,7.659934,0.7747691,7.04
2019-07-12 00:00:00+00:00,7.367736,0.7631726,6.71
2019-07-12 01:00:00+00:00,6.899285,0.7260073,6.83
2019-07-12 02:00:00+00:00,6.811923,0.7428878,7.8
2019-07-12 03:00:00+00:00,7.539598,0.7492601,7.83
2019-07-12 04:00:00+00:00,7.926845,0.7629197,8.77
2019-07-12 05:00:00+00:00,8.685781,0.7769336,9.12
2019-07-12 06:00:00+00:00,9.161687,0.7933208,9.47
2019-07-12 07:00:00+00:00,9.493254,0.814285,8.47
2019-07-12 08:00:00+00:00,8.996634,0.8519289,8.61
2019-07-12 09:00:00+00:00,8.803095,0.8923126,9.02
2019-07-12 10:00:00+00:00,8.901081,0.9205294,9.45
2019-07-12 11:00:00+00:00,9.140557,0.9379885,9.2
2019-07-12 12:00:00+00:00,9.120979,0.9547085,8.97
2019-07-12 13:00:00+00:00,8.975979,0.9722596,9.61
2019-07-12 14:00:00+00:00,9.217285,0.9709612,10.22
2019-07-12 15:00:00+00:00,9.64264,0.9521899,10.18
2019-07-12 16:00:00+00:00,9.830662,0.934503,9.93
2019-07-12 17:00:00+00:00,9.80881,0.9185022,9.44
2019-07-12 18:00:00+00:00,9.555659,0.9029501,9.15
2019-07-12 19:00:00+00:00,9.285297,0.8860224,8.65
2019-07-12 20:00:00+00:00,8.909356,0.8688366,8.15
2019-07-12 21:00:00+00:00,8.480194,0.8521907,7.75
2019-07-12 22:00:00+00:00,8.089198,0.8331136,7.88
2019-07-12 23:00:00+00:00,8.001311,0.8036946,8
2019-07-13 00:00:00+00:00,8.046675,0.7684718,8.05
2019-07-13 01:00:00+00:00,8.024091,0.7101719,8.36
2019-07-13 02:00:00+00:00,8.24133,0.7124901,7.7
2019-07-13 03:00:00+00:00,8.044868,0.7330346,7.66
2019-07-13 04:00:00+00:00,8.018045,0.7592757,7.79
2019-07-13 05:00:00+00:00,8.108387,0.7866663,8.35
2019-07-13 06:00:00+00:00,8.455467,0.8105289,8.37
2019-07-13 07:00:00+00:00,8.582296,0.835807,9.86
2019-07-13 08:00:00+00:00,9.405336,0.8482391,10.3
2019-07-13 09:00:00+00:00,9.937748,0.8590369,8.87
2019-07-13 10:00:00+00:00,9.377229,0.8926951,10.25
2019-07-13 11:00:00+00:00,9.760891,0.9076387,10.53
2019-07-13 12:00:00+00:00,10.04994,0.9163914,10.2
2019-07-13 13:00:00+00:00,10.02163,0.9271405,9.93
2019-07-13 14:00:00+00:00,9.865816,0.9378185,9.57
2019-07-13 15:00:00+00:00,9.612618,0.9473509,10.32
2019-07-13 16:00:00+00:00,9.84584,0.9352959,9.65
2019-07-13 17:00:00+00:00,9.649164,0.9302545,9.01
2019-07-13 18:00:00+00:00,9.252149,0.9255462,8.66
2019-07-13 19:00:00+00:00,8.882071,0.9173335,8.4
2019-07-13 20:00:00+00:00,8.586059,0.9010124,7.99
2019-07-13 21:00:00+00:00,8.263903,0.8785509,8.47
2019-07-13 22:00:00+00:00,8.359114,0.8448613,8.4
2019-07-13 23:00:00+00:00,8.38098,0.8077046,8.32
2019-07-14 00:00:00+00:00,8.354656,0.7706797,8
2019-07-14 01:00:00+00:00,8.076877,0.7196373,7.72
2019-07-14 02:00:00+00:00,7.801969,0.7363692,7.26
2019-07-14 03:00:00+00:00,7.527467,0.765324,7.81
2019-07-14 04:00:00+00:00,7.849535,0.7872259,7.35
2019-07-14 05:00:00+00:00,7.736763,0.8188485,7.9
2019-07-14 06:00:00+00:00,8.015022,0.8482319,7.32
2019-07-14 07:00:00+00:00,7.793978,0.8810872,8.07
2019-07-14 08:00:00+00:00,8.085099,0.9078975,9.3
2019-07-14 09:00:00+00:00,8.864373,0.9148347,8.86
2019-07-14 10:00:00+00:00,8.899022,0.9329092,9.38
2019-07-14 11:00:00+00:00,9.155553,0.9437158,9.83
2019-07-14 12:00:00+00:00,9.471329,0.9456873,10.56
2019-07-14 13:00:00+00:00,9.957958,0.9383565,10.03
2019-07-14 14:00:00+00:00,9.914868,0.9369785,9.33
2019-07-14 15:00:00+00:00,9.508185,0.9489703,9.26
2019-07-14 16:00:00+00:00,9.26026,0.9550937,8.76
2019-07-14 17:00:00+00:00,8.900413,0.958776,7.6
2019-07-14 18:00:00+00:00,8.163293,0.9726963,8.01
2019-07-14 19:00:00+00:00,8.036024,0.9582132,8.04
2019-07-14 20:00:00+00:00,8.036536,0.925644,7.94
2019-07-14 21:00:00+00:00,8.019858,0.8863593,7.71
2019-07-14 22:00:00+00:00,7.909585,0.8475619,7.53
2019-07-14 23:00:00+00:00,7.7772,0.8105668,7.47
2019-07-15 00:00:00+00:00,7.697095,0.7756977,7.74
2019-07-15 01:00:00+00:00,7.69801,0.7185953,7.38
2019-07-15 02:00:00+00:00,7.506591,0.7304081,6.73
2019-07-15 03:00:00+00:00,7.155821,0.7582049,7.74
2019-07-15 04:00:00+00:00,7.718764,0.776474,7.87
2019-07-15 05:00:00+00:00,8.032821,0.7979316,8.07
2019-07-15 06:00:00+00:00,8.284058,0.8199442,8.12
2019-07-15 07:00:00+00:00,8.372124,0.8477335,8.6
2019-07-15 08:00:00+00:00,8.629398,0.8727382,8.02
2019-07-15 09:00:00+00:00,8.324405,0.9140213,8.72
2019-07-15 10:00:00+00:00,8.538534,0.9398938,8.99
2019-07-15 11:00:00+00:00,8.742712,0.957261,8.12
2019-07-15 12:00:00+00:00,8.350571,0.9889863,8.17
2019-07-15 13:00:00+00:00,8.189598,1.0091,6.65
2019-07-15 14:00:00+00:00,7.325562,1.056089,5.96
2019-07-15 15:00:00+00:00,6.588225,1.097569,8.14
2019-07-15 16:00:00+00:00,7.389346,1.052356,6.99
2019-07-15 17:00:00+00:00,7.217599,1.026212,7.05
2019-07-15 18:00:00+00:00,7.136183,1.014645,7.71
2019-07-15 19:00:00+00:00,7.475145,0.9757353,5.94
2019-07-15 20:00:00+00:00,6.710841,0.9660861,5.09
2019-07-15 21:00:00+00:00,5.935408,0.9785769,6.64
2019-07-15 22:00:00+00:00,6.535017,0.9065474,5.91
2019-07-15 23:00:00+00:00,6.420351,0.862112,6.68
2019-07-16 00:00:00+00:00,6.821007,0.8125284,7.32
2019-07-16 01:00:00+00:00,7.14641,0.7440824,7.47
2019-07-16 02:00:00+00:00,7.4047,0.7381959,8.41
2019-07-16 03:00:00+00:00,8.204369,0.7440627,9.2
2019-07-16 04:00:00+00:00,9.075524,0.7478641,8.41
2019-07-16 05:00:00+00:00,8.900312,0.7684498,8.47
2019-07-16 06:00:00+00:00,8.808821,0.8028567,7.98
2019-07-16 07:00:00+00:00,8.431069,0.8469287,9.15
2019-07-16 08:00:00+00:00,8.901119,0.8743737,9.29
2019-07-16 09:00:00+00:00,9.131401,0.8975506,9.63
2019-07-16 10:00:00+00:00,9.386929,0.9152673,9.51
2019-07-16 11:00:00+00:00,9.397025,0.9353341,9.78
2019-07-16 12:00:00+00:00,9.511735,0.9489639,9.75
2019-07-16 13:00:00+00:00,9.543605,0.9582205,9.81
2019-07-16 14:00:00+00:00,9.582294,0.9617125,9.13
2019-07-16 15:00:00+00:00,9.269136,0.9718144,9.02
2019-07-16 16:00:00+00:00,9.064946,0.9747334,9.1
2019-07-16 17:00:00+00:00,9.024141,0.9627847,9.06
2019-07-16 18:00:00+00:00,8.989402,0.9411165,8.55
2019-07-16 19:00:00+00:00,8.729706,0.9192978,9.33
2019-07-16 20:00:00+00:00,9.011005,0.8782332,9.96
2019-07-16 21:00:00+00:00,9.484068,0.8266365,9.88
2019-07-16 22:00:00+00:00,9.6582,0.7834634,9.6
2019-07-16 23:00:00+00:00,9.567741,0.7467405,9.3
2019-07-17 00:00:00+00:00,9.343559,0.7180352,9.81
2019-07-17 01:00:00+00:00,9.533222,0.6684217,10.42
2019-07-17 02:00:00+00:00,10.00078,0.6759205,8.52
2019-07-17 03:00:00+00:00,9.205515,0.7044345,9.48
2019-07-17 04:00:00+00:00,9.463629,0.73605,11.35
2019-07-17 05:00:00+00:00,10.63749,0.7542399,11.68
2019-07-17 06:00:00+00:00,11.26753,0.7748901,10.79
2019-07-17 07:00:00+00:00,11.02659,0.8050902,11
2019-07-17 08:00:00+00:00,10.98224,0.8348107,10.8
2019-07-17 09:00:00+00:00,10.81682,0.8667853,11.01
2019-07-17 10:00:00+00:00,10.82989,0.8913758,10.9
2019-07-17 11:00:00+00:00,10.7595,0.9150475,10.35
2019-07-17 12:00:00+00:00,10.46461,0.9415898,11.55
2019-07-17 13:00:00+00:00,10.84835,0.9428164,10.97
2019-07-17 14:00:00+00:00,10.79234,0.9507396,11.59
2019-07-17 15:00:00+00:00,11.05012,0.94151,10.79
2019-07-17 16:00:00+00:00,10.83558,0.9408451,11.62
2019-07-17 17:00:00+00:00,11.10848,0.9194123,12.02
2019-07-17 18:00:00+00:00,11.46122,0.8913431,10.95
2019-07-17 19:00:00+00:00,11.1387,0.8777152,10.41
2019-07-17 20:00:00+00:00,10.69912,0.8618088,10.94
2019-07-17 21:00:00+00:00,10.70077,0.8369373,12.37
2019-07-17 22:00:00+00:00,11.38633,0.7988714,13.86
2019-07-17 23:00:00+00:00,12.41147,0.7650597,13.16
2019-07-18 00:00:00+00:00,12.57753,0.7387865,12.05
2019-07-18 01:00:00+00:00,12.26265,0.6973926,9.35
2019-07-18 02:00:00+00:00,10.68621,0.7186732,11.34
2019-07-18 03:00:00+00:00,11.00546,0.7431937,9.44
2019-07-18 04:00:00+00:00,10.2394,0.781599,11.47
2019-07-18 05:00:00+00:00,10.93923,0.8023751,11.67
2019-07-18 06:00:00+00:00,11.35382,0.8227745,10.67
2019-07-18 07:00:00+00:00,11.04587,0.8525657,10.42
2019-07-18 08:00:00+00:00,10.74528,0.884673,10.54
2019-07-18 09:00:00+00:00,10.58886,0.9163007,10.89
2019-07-18 10:00:00+00:00,10.67829,0.9358118,10.41
2019-07-18 11:00:00+00:00,10.48698,0.9599751,10
2019-07-18 12:00:00+00:00,10.17746,0.986684,10.49
2019-07-18 13:00:00+00:00,10.21769,0.99637,10.05
2019-07-18 14:00:00+00:00,10.04421,1.006751,10.32
2019-07-18 15:00:00+00:00,10.08584,1.000299,9.54
2019-07-18 16:00:00+00:00,9.746418,1.002731,10.45
2019-07-18 17:00:00+00:00,10.01379,0.9728661,10.92
2019-07-18 18:00:00+00:00,10.41445,0.9303346,11.14
2019-07-18 19:00:00+00:00,10.7356,0.887091,10.54
2019-07-18 20:00:00+00:00,10.60288,0.8535093,10.87
2019-07-18 21:00:00+00:00,10.6712,0.8162322,11
2019-07-18 22:00:00+00:00,10.75604,0.7801988,11.61
2019-07-18 23:00:00+00:00,11.07216,0.7458235,12.04
2019-07-19 00:00:00+00:00,11.40367,0.7167767,11.46
2019-07-19 01:00:00+00:00,11.40423,0.6735563,10.88
2019-07-19 02:00:00+00:00,11.10792,0.6869655,10.73
2019-07-19 03:00:00+00:00,10.96106,0.7103775,10.1
2019-07-19 04:00:00+00:00,10.62005,0.7411041,10.78
2019-07-19 05:00:00+00:00,10.85623,0.766921,11.26
2019-07-19 06:00:00+00:00,11.21567,0.7888753,10.49
2019-07-19 07:00:00+00:00,10.94277,0.8225271,11.63
2019-07-19 08:00:00+00:00,11.3016,0.8448969,10.06
2019-07-19 09:00:00+00:00,10.69396,0.8868781,11.21
2019-07-19 10:00:00+00:00,10.87487,0.9078976,11.26
2019-07-19 11:00:00+00:00,10.96262,0.926999,11.55
2019-07-19 12:00:00+00:00,11.13984,0.9360604,10.82
2019-07-19 13:00:00+00:00,10.90552,0.9523754,11.2
2019-07-19 14:00:00+00:00,10.91518,0.9577621,11.33
2019-07-19 15:00:00+00:00,10.98882,0.9546913,12.41
2019-07-19 16:00:00+00:00,11.52028,0.9303065,11.52
2019-07-19 17:00:00+00:00,11.43613,0.9186499,11.45
2019-07-19 18:00:00+00:00,11.32773,0.9042372,11.8
2019-07-19 19:00:00+00:00,11.43839,0.8798573,10.99
2019-07-19 20:00:00+00:00,11.12916,0.8621327,9.86
2019-07-19 21:00:00+00:00,10.41205,0.8509705,11
2019-07-19 22:00:00+00:00,10.5705,0.819407,11.08
2019-07-19 23:00:00+00:00,10.69865,0.7858368,10.44
2019-07-20 00:00:00+00:00,10.43446,0.7559222,10.24
2019-07-20 01:00:00+00:00,10.25291,0.7083551,10.11
2019-07-20 02:00:00+00:00,10.14351,0.7192674,10.48
2019-07-20 03:00:00+00:00,10.38943,0.7355515,10.66
2019-07-20 04:00:00+00:00,10.65821,0.7545176,10.63
2019-07-20 05:00:00+00:00,10.77617,0.7776143,9.76
2019-07-20 06:00:00+00:00,10.35758,0.8125479,10.78
2019-07-20 07:00:00+00:00,10.63301,0.8378413,9.23
2019-07-20 08:00:00+00:00,9.995732,0.8800544,10.88
2019-07-20 09:00:00+00:00,10.42282,0.8980081,9.62
2019-07-20 10:00:00+00:00,10.02454,0.9328679,10.25
2019-07-20 11:00:00+00:00,10.07934,0.9526412,10.35
2019-07-20 12:00:00+00:00,10.14923,0.9649489,11.26
2019-07-20 13:00:00+00:00,10.60705,0.9566399,10.9
2019-07-20 14:00:00+00:00,10.69498,0.9522789,11.59
2019-07-20 15:00:00+00:00,11.05025,0.9345219,11.08
2019-07-20 16:00:00+00:00,10.99886,0.9262075,11.08
2019-07-20 17:00:00+00:00,10.95795,0.9138246,10.81
2019-07-20 18:00:00+00:00,10.80596,0.9009405,9.89
2019-07-20 19:00:00+00:00,10.28172,0.895588,10.21
2019-07-20 20:00:00+00:00,10.14853,0.875154,9.88
2019-07-20 21:00:00+00:00,9.938688,0.850026,9.85
2019-07-20 22:00:00+00:00,9.821186,0.818553,10.54
2019-07-20 23:00:00+00:00,10.10072,0.7786662,10.37
2019-07-21 00:00:00+00:00,10.13958,0.7429317,7.43
2019-07-21 01:00:00+00:00,8.640359,0.7145194,8.99
2019-07-21 02:00:00+00:00,8.800289,0.7270519,9.82
2019-07-21 03:00:00+00:00,9.461516,0.7344936,10.52
2019-07-21 04:00:00+00:00,10.20916,0.7450397,12.27
2019-07-21 05:00:00+00:00,11.44865,0.757186,9.2
2019-07-21 06:00:00+00:00,10.43733,0.7846621,11.63
2019-07-21 07:00:00+00:00,11.12783,0.8032759,11.17
2019-07-21 08:00:00+00:00,11.17349,0.8276007,11.1
2019-07-21 09:00:00+00:00,11.08257,0.8565826,10.98
2019-07-21 10:00:00+00:00,10.94691,0.8851543,10.24
2019-07-21 11:00:00+00:00,10.51836,0.92002,10.05
2019-07-21 12:00:00+00:00,10.19187,0.9514319,10.77
2019-07-21 13:00:00+00:00,10.32851,0.9628035,9.98
2019-07-21 14:00:00+00:00,10.05314,0.9818646,10.48
2019-07-21 15:00:00+00:00,10.14049,0.9793188,10.61
2019-07-21 16:00:00+00:00,10.26278,0.9670241,10.25
2019-07-21 17:00:00+00:00,10.18886,0.9519805,9.2
2019-07-21 18:00:00+00:00,9.642381,0.9506845,9.79
2019-07-21 19:00:00+00:00,9.62845,0.9265838,9.42
2019-07-21 20:00:00+00:00,9.460608,0.899907,10.16
2019-07-21 21:00:00+00:00,9.751855,0.854342,10.04
2019-07-21 22:00:00+00:00,9.838415,0.8122141,10.2
2019-07-21 23:00:00+00:00,9.946455,0.7699063,9.9
2019-07-22 00:00:00+00:00,9.824856,0.7341095,10.54
2019-07-22 01:00:00+00:00,10.14718,0.6805211,10.75
2019-07-22 02:00:00+00:00,10.44573,0.6870406,10.15
2019-07-22 03:00:00+00:00,10.33162,0.7061793,10.07
2019-07-22 04:00:00+00:00,10.28067,0.7332588,10.13
2019-07-22 05:00:00+00:00,10.30944,0.7621257,9.88
2019-07-22 06:00:00+00:00,10.18851,0.7950253,10.12
2019-07-22 07:00:00+00:00,10.22569,0.8266454,10.31
2019-07-22 08:00:00+00:00,10.29578,0.8565143,10.49
2019-07-22 09:00:00+00:00,10.37763,0.8830034,9.48
2019-07-22 10:00:00+00:00,9.897307,0.9229965,9.99
2019-07-22 11:00:00+00:00,9.85337,0.9515466,9.23
2019-07-22 12:00:00+00:00,9.477607,0.9851069,8.46
2019-07-22 13:00:00+00:00,8.943954,1.018563,9.99
2019-07-22 14:00:00+00:00,9.328808,1.015834,9.86
2019-07-22 15:00:00+00:00,9.511156,1.004211,10.25
2019-07-22 16:00:00+00:00,9.792812,0.980674,10.43
2019-07-22 17:00:00+00:00,10.04439,0.9489701,10.39
2019-07-22 18:00:00+00:00,10.14116,0.9191186,10.24
2019-07-22 19:00:00+00:00,10.10573,0.8890429,10.43
2019-07-22 20:00:00+00:00,10.17604,0.8531205,10.38
2019-07-22 21:00:00+00:00,10.175,0.8183159,11
2019-07-22 22:00:00+00:00,10.47068,0.7791104,11.12
2019-07-22 23:00:00+00:00,10.65164,0.7439117,11.8
2019-07-23 00:00:00+00:00,11.03651,0.7140107,10.52
2019-07-23 01:00:00+00:00,10.64424,0.6718917,10.71
2019-07-23 02:00:00+00:00,10.56546,0.6878265,9.53
2019-07-23 03:00:00+00:00,9.941119,0.7214813,10.44
2019-07-23 04:00:00+00:00,10.24678,0.7514474,9.73
2019-07-23 05:00:00+00:00,10.02546,0.7878302,9.42
2019-07-23 06:00:00+00:00,9.76723,0.8291846,8.8
2019-07-23 07:00:00+00:00,9.29574,0.8802916,9.53
2019-07-23 08:00:00+00:00,9.428338,0.9170481,9.51
2019-07-23 09:00:00+00:00,9.475969,0.9477258,10.47
2019-07-23 10:00:00+00:00,9.977569,0.9575099,9.98
2019-07-23 11:00:00+00:00,9.953995,0.9747998,10.67
2019-07-23 12:00:00+00:00,10.25998,0.9779059,9.47
2019-07-23 13:00:00+00:00,9.807537,1.005344,11.34
2019-07-23 14:00:00+00:00,10.44604,0.9890305,11.21
2019-07-23 15:00:00+00:00,10.73976,0.9716009,10.6
2019-07-23 16:00:00+00:00,10.58454,0.9615647,10.46
2019-07-23 17:00:00+00:00,10.43132,0.9471416,10.25
2019-07-23 18:00:00+00:00,10.24269,0.9300637,10.37
2019-07-23 19:00:00+00:00,10.21008,0.9035258,11.52
2019-07-23 20:00:00+00:00,10.76793,0.8602262,11.48
2019-07-23 21:00:00+00:00,11.01695,0.8230948,11.26
2019-07-23 22:00:00+00:00,11.00205,0.7893121,12.04
2019-07-23 23:00:00+00:00,11.34209,0.756802,11.69
2019-07-24 00:00:00+00:00,11.2956,0.7292868,11.35
2019-07-24 01:00:00+00:00,11.20044,0.6908382,10.45
2019-07-24 02:00:00+00:00,10.66854,0.711342,10.35
2019-07-24 03:00:00+00:00,10.4469,0.7422984,9.9
2019-07-24 04:00:00+00:00,10.16333,0.78034,9.45
2019-07-24 05:00:00+00:00,9.824883,0.8244324,9.4
2019-07-24 06:00:00+00:00,9.657296,0.8677979,10.47
2019-07-24 07:00:00+00:00,10.16208,0.8898232,11.1
2019-07-24 08:00:00+00:00,10.69487,0.9041671,10.87
2019-07-24 09:00:00+00:00,10.80093,0.9234925,10.62
2019-07-24 10:00:00+00:00,10.69423,0.9460067,9.66
2019-07-24 11:00:00+00:00,10.13733,0.9836475,10.65
2019-07-24 12:00:00+00:00,10.2833,0.9985557,10.57
2019-07-24 13:00:00+00:00,10.32765,1.007089,9.85
2019-07-24 14:00:00+00:00,9.994295,1.022746,11.33
2019-07-24 15:00:00+00:00,10.53094,0.9976705,11.52
2019-07-24 16:00:00+00:00,10.92372,0.9687266,11.33
2019-07-24 17:00:00+00:00,11.04413,0.9416766,10.63
2019-07-24 18:00:00+00:00,10.76307,0.9217206,11.9
2019-07-24 19:00:00+00:00,11.21381,0.8825225,11.23
2019-07-24 20:00:00+00:00,11.12192,0.8551195,11.25
2019-07-24 21:00:00+00:00,11.05777,0.8249912,11.07
2019-07-24 22:00:00+00:00,10.91465,0.7973145,10.91
2019-07-24 23:00:00+00:00,10.74167,0.7704384,11.04
2019-07-25 00:00:00+00:00,10.70129,0.7429773,10.25
2019-07-25 01:00:00+00:00,10.35139,0.7041067,9.9
2019-07-25 02:00:00+00:00,10.01639,0.7241362,10.4
2019-07-25 03:00:00+00:00,10.25062,0.7471766,10.44
2019-07-25 04:00:00+00:00,10.44967,0.7720596,10.92
2019-07-25 05:00:00+00:00,10.81503,0.7958254,9.87
2019-07-25 06:00:00+00:00,10.42547,0.8300073,10.69
2019-07-25 07:00:00+00:00,10.60559,0.8604283,9.35
2019-07-25 08:00:00+00:00,9.988687,0.9075174,9.61
2019-07-25 09:00:00+00:00,9.781434,0.9473206,9.99
2019-07-25 10:00:00+00:00,9.843843,0.9745356,9.99
2019-07-25 11:00:00+00:00,9.869954,0.9952123,10.28
2019-07-25 12:00:00+00:00,10.00197,1.004921,10.15
2019-07-25 13:00:00+00:00,10.00447,1.010953,10.08
2019-07-25 14:00:00+00:00,9.965611,1.010953,9.58
2019-07-25 15:00:00+00:00,9.708321,1.012333,9.03
2019-07-25 16:00:00+00:00,9.29276,1.017568,8.14
2019-07-25 17:00:00+00:00,8.633711,1.032109,8.1
2019-07-25 18:00:00+00:00,8.304618,1.023184,9.12
2019-07-25 19:00:00+00:00,8.698256,0.9719641,8.75
2019-07-25 20:00:00+00:00,8.74143,0.9224889,9.05
2019-07-25 21:00:00+00:00,8.917227,0.8706777,8.74
2019-07-25 22:00:00+00:00,8.841522,0.8208876,8.79
2019-07-25 23:00:00+00:00,8.822653,0.7763219,8.6
2019-07-26 00:00:00+00:00,8.699018,0.7401996,7.93
2019-07-26 01:00:00+00:00,8.215269,0.6984546,8.8
2019-07-26 02:00:00+00:00,8.554483,0.7037978,8.66
2019-07-26 03:00:00+00:00,8.711668,0.7230746,7.84
2019-07-26 04:00:00+00:00,8.374101,0.7544854,8.73
2019-07-26 05:00:00+00:00,8.772932,0.7830725,10.07
2019-07-26 06:00:00+00:00,9.69507,0.7995648,9.26
2019-07-26 07:00:00+00:00,9.600965,0.8247581,9.23
2019-07-26 08:00:00+00:00,9.475339,0.8591219,10.73
2019-07-26 09:00:00+00:00,10.17649,0.8714178,9.18
2019-07-26 10:00:00+00:00,9.665089,0.904934,9.73
2019-07-26 11:00:00+00:00,9.630322,0.9334809,10.02
2019-07-26 12:00:00+00:00,9.737949,0.9496496,10.1
2019-07-26 13:00:00+00:00,9.849464,0.9544297,10.91
2019-07-26 14:00:00+00:00,10.3304,0.9359192,9.92
2019-07-26 15:00:00+00:00,10.05919,0.9422475,9.29
2019-07-26 16:00:00+00:00,9.597571,0.9527553,8.7
2019-07-26 17:00:00+00:00,9.064529,0.9640974,8.45
2019-07-26 18:00:00+00:00,8.668981,0.967045,8.65
2019-07-26 19:00:00+00:00,8.606176,0.9443089,8.5
2019-07-26 20:00:00+00:00,8.524667,0.9143458,8.28
2019-07-26 21:00:00+00:00,8.392179,0.8803673,8.92
2019-07-26 22:00:00+00:00,8.676943,0.8306718,8.68
2019-07-26 23:00:00+00:00,8.69578,0.7842656,9.62
2019-07-27 00:00:00+00:00,9.179828,0.7389334,9.65
2019-07-27 01:00:00+00:00,9.403405,0.6799998,9.38
2019-07-27 02:00:00+00:00,9.368655,0.6860433,11.21
2019-07-27 03:00:00+00:00,10.52883,0.6941007,8.4
2019-07-27 04:00:00+00:00,9.465884,0.7237392,8.42
2019-07-27 05:00:00+00:00,9.024252,0.767301,8.65
2019-07-27 06:00:00+00:00,8.968564,0.8040369,9.1
2019-07-27 07:00:00+00:00,9.14999,0.8365459,9.03
2019-07-27 08:00:00+00:00,9.154899,0.8702156,9.7
2019-07-27 09:00:00+00:00,9.458161,0.8947522,10.79
2019-07-27 10:00:00+00:00,10.15696,0.8973428,10.83
2019-07-27 11:00:00+00:00,10.51327,0.897281,10.38
2019-07-27 12:00:00+00:00,10.41328,0.9102356,9.61
2019-07-27 13:00:00+00:00,9.960752,0.9350929,8.56
2019-07-27 14:00:00+00:00,9.209159,0.9747468,8.64
2019-07-27 15:00:00+00:00,8.845379,0.9983552,8.42
2019-07-27 16:00:00+00:00,8.562479,1.010323,8.45
2019-07-27 17:00:00+00:00,8.45422,1.003,11.12
2019-07-27 18:00:00+00:00,9.759139,0.9248898,7.78
2019-07-27 19:00:00+00:00,8.804293,0.9190691,8.12
2019-07-27 20:00:00+00:00,8.448311,0.9001105,10.1
2019-07-27 21:00:00+00:00,9.284381,0.84024,8.37
2019-07-27 22:00:00+00:00,8.813996,0.811223,10.77
2019-07-27 23:00:00+00:00,9.800462,0.7582446,9.53
2019-07-28 00:00:00+00:00,9.59225,0.723736,10.3
2019-07-28 01:00:00+00:00,9.912093,0.6685209,10.21
2019-07-28 02:00:00+00:00,10.02496,0.6756126,9.56
2019-07-28 03:00:00+00:00,9.790685,0.6972843,10.26
2019-07-28 04:00:00+00:00,10.13519,0.7214378,9.64
2019-07-28 05:00:00+00:00,10.02367,0.7466905,9.3
2019-07-28 06:00:00+00:00,9.796452,0.7796711,7.77
2019-07-28 07:00:00+00:00,8.809095,0.8409166,9.27
2019-07-28 08:00:00+00:00,9.110845,0.8724907,9.82
2019-07-28 09:00:00+00:00,9.522227,0.8887559,9.79
2019-07-28 10:00:00+00:00,9.672563,0.9072452,10.11
2019-07-28 11:00:00+00:00,9.878996,0.9197178,9.56
2019-07-28 12:00:00+00:00,9.649172,0.9455426,9.42
2019-07-28 13:00:00+00:00,9.43354,0.9693304,6.29
2019-07-28 14:00:00+00:00,7.857423,1.050776,9.5
2019-07-28 15:00:00+00:00,8.569773,1.025369,10.12
2019-07-28 16:00:00+00:00,9.298287,0.9788259,10.2
2019-07-28 17:00:00+00:00,9.744371,0.9348306,11.36
2019-07-28 18:00:00+00:00,10.53614,0.881928,9.12
2019-07-28 19:00:00+00:00,9.818135,0.8686759,10.16
2019-07-28 20:00:00+00:00,9.926927,0.8366096,10.85
2019-07-28 21:00:00+00:00,10.29922,0.8023543,9.52
2019-07-28 22:00:00+00:00,9.815663,0.7744212,11.17
2019-07-28 23:00:00+00:00,10.40201,0.7356528,10.28
2019-07-29 00:00:00+00:00,10.20923,0.7077326,9.92
2019-07-29 01:00:00+00:00,9.981143,0.66356,9.6
2019-07-29 02:00:00+00:00,9.742891,0.6779403,8.86
2019-07-29 03:00:00+00:00,9.342209,0.7052343,10.53
2019-07-29 04:00:00+00:00,10.11171,0.7286509,9.76
2019-07-29 05:00:00+00:00,10.0526,0.7568557,10.11
2019-07-29 06:00:00+00:00,10.20512,0.7858241,10.12
2019-07-29 07:00:00+00:00,10.24794,0.8153381,10.1
2019-07-29 08:00:00+00:00,10.21265,0.8465691,9.82
2019-07-29 09:00:00+00:00,10.0198,0.8808303,10.22
2019-07-29 10:00:00+00:00,10.11628,0.902714,10.35
2019-07-29 11:00:00+00:00,10.15868,0.9259557,9.04
2019-07-29 12:00:00+00:00,9.568598,0.9637771,9.05
2019-07-29 13:00:00+00:00,9.222076,0.9956676,8.14
2019-07-29 14:00:00+00:00,8.622976,1.034635,7.7
2019-07-29 15:00:00+00:00,8.08309,1.069494,8.41
2019-07-29 16:00:00+00:00,8.159098,1.061623,7.08
2019-07-29 17:00:00+00:00,7.594726,1.069173,8.39
2019-07-29 18:00:00+00:00,7.97212,1.024494,7.84
2019-07-29 19:00:00+00:00,7.937341,0.9794776,8.79
2019-07-29 20:00:00+00:00,8.424152,0.9157553,8.7
2019-07-29 21:00:00+00:00,8.61876,0.8589563,8.52
2019-07-29 22:00:00+00:00,8.607448,0.8103666,8.68
2019-07-29 23:00:00+00:00,8.670263,0.7670372,8.21
2019-07-30 00:00:00+00:00,8.432838,0.7353032,8.29
2019-07-30 01:00:00+00:00,8.303144,0.6843603,6.8
2019-07-30 02:00:00+00:00,7.366962,0.716912,8.73
2019-07-30 03:00:00+00:00,8.261907,0.7293037,7.41
2019-07-30 04:00:00+00:00,7.887448,0.7596045,8.55
2019-07-30 05:00:00+00:00,8.484773,0.7811866,8.89
2019-07-30 06:00:00+00:00,8.933568,0.7985124,9.67
2019-07-30 07:00:00+00:00,9.522952,0.815281,10.32
2019-07-30 08:00:00+00:00,10.06482,0.8305358,10.23
2019-07-30 09:00:00+00:00,10.17776,0.8519797,9.78
2019-07-30 10:00:00+00:00,9.93854,0.8820923,9.57
2019-07-30 11:00:00+00:00,9.668328,0.9151024,9.84
2019-07-30 12:00:00+00:00,9.64072,0.9401996,9.79
2019-07-30 13:00:00+00:00,9.578091,0.9615229,10.29
2019-07-30 14:00:00+00:00,9.818644,0.9609718,10.34
2019-07-30 15:00:00+00:00,9.985108,0.9518942,10.21
2019-07-30 16:00:00+00:00,10.01064,0.9409508,10.6
2019-07-30 17:00:00+00:00,10.22998,0.9165806,9.76
2019-07-30 18:00:00+00:00,9.949791,0.9004179,10.48
2019-07-30 19:00:00+00:00,10.15137,0.8698602,10.43
2019-07-30 20:00:00+00:00,10.23867,0.8376528,10.42
2019-07-30 21:00:00+00:00,10.26893,0.8051643,10.39
2019-07-30 22:00:00+00:00,10.25788,0.7728092,10.22
2019-07-30 23:00:00+00:00,10.15512,0.7421247,9.69
2019-07-31 00:00:00+00:00,9.819372,0.7175285,9.18
2019-07-31 01:00:00+00:00,9.43127,0.6769183,9.55
2019-07-31 02:00:00+00:00,9.487745,0.6914653,9.54
2019-07-31 03:00:00+00:00,9.614762,0.7120481,9.99
2019-07-31 04:00:00+00:00,9.99415,0.7331784,10.57
2019-07-31 05:00:00+00:00,10.46851,0.756308,9.8
2019-07-31 06:00:00+00:00,10.24472,0.7888497,11.62
2019-07-31 07:00:00+00:00,11.0442,0.8068797,8.74
2019-07-31 08:00:00+00:00,9.922067,0.8587915,10.62
2019-07-31 09:00:00+00:00,10.24071,0.8847697,11.22
2019-07-31 10:00:00+00:00,10.67065,0.8978611,12.32
2019-07-31 11:00:00+00:00,11.37483,0.8975208,10.59
2019-07-31 12:00:00+00:00,10.93319,0.9205217,10.42
2019-07-31 13:00:00+00:00,10.58677,0.9411602,10.37
2019-07-31 14:00:00+00:00,10.35743,0.9580222,10.86
2019-07-31 15:00:00+00:00,10.45463,0.9581824,11.32
2019-07-31 16:00:00+00:00,10.74724,0.9416419,10.68
2019-07-31 17:00:00+00:00,10.63276,0.9302748,10.92
2019-07-31 18:00:00+00:00,10.69945,0.9064842,10.68
2019-07-31 19:00:00+00:00,10.61241,0.8857064,10.67
2019-07-31 20:00:00+00:00,10.56234,0.8589775,11.2
2019-07-31 21:00:00+00:00,10.78807,0.8237957,11.05
2019-07-31 22:00:00+00:00,10.82677,0.7908307,10.89
2019-07-31 23:00:00+00:00,10.74751,0.7596509,9.97
2019-08-01 00:00:00+00:00,10.22633,0.7354687,10.72
2019-08-01 01:00:00+00:00,10.38234,0.690444,10.29
2019-08-01 02:00:00+00:00,10.27942,0.704886,9.84
2019-08-01 03:00:00+00:00,10.07021,0.7311136,10.39
2019-08-01 04:00:00+00:00,10.32753,0.7568942,10.01
2019-08-01 05:00:00+00:00,10.26885,0.7868622,11.26
2019-08-01 06:00:00+00:00,10.86383,0.8086514,9.78
2019-08-01 07:00:00+00:00,10.35725,0.8479329,8.41
2019-08-01 08:00:00+00:00,9.383257,0.911134,12.73
2019-08-01 09:00:00+00:00,10.9521,0.9015911,9.95
2019-08-01 10:00:00+00:00,10.40835,0.9365556,11.07
2019-08-01 11:00:00+00:00,10.62188,0.9485182,10.09
2019-08-01 12:00:00+00:00,10.28977,0.9722922,11.13
2019-08-01 13:00:00+00:00,10.56727,0.9726987,11.58
2019-08-01 14:00:00+00:00,10.91787,0.9642475,10.64
2019-08-01 15:00:00+00:00,10.69841,0.9662641,10.16
2019-08-01 16:00:00+00:00,10.34068,0.9709271,9.67
2019-08-01 17:00:00+00:00,9.925591,0.9745926,9.94
2019-08-01 18:00:00+00:00,9.836502,0.961117,10.69
2019-08-01 19:00:00+00:00,10.16859,0.924602,11.28
2019-08-01 20:00:00+00:00,10.64007,0.879912,10.84
2019-08-01 21:00:00+00:00,10.67503,0.8426259,10.92
2019-08-01 22:00:00+00:00,10.71146,0.8050864,10.34
2019-08-01 23:00:00+00:00,10.427,0.7740415,10.1
2019-08-02 00:00:00+00:00,10.13964,0.746623,9.75
2019-08-02 01:00:00+00:00,9.858989,0.7053716,11.05
2019-08-02 02:00:00+00:00,10.4793,0.7125397,11.91
2019-08-02 03:00:00+00:00,11.3068,0.7261415,12.03
2019-08-02 04:00:00+00:00,11.77209,0.7449436,12.8
2019-08-02 05:00:00+00:00,12.35671,0.7647264,12.88
2019-08-02 06:00:00+00:00,12.61862,0.7868724,12.52
2019-08-02 07:00:00+00:00,12.5428,0.8114395,12.39
2019-08-02 08:00:00+00:00,12.40452,0.8376033,9.93
2019-08-02 09:00:00+00:00,11.18632,0.8924129,12.43
2019-08-02 10:00:00+00:00,11.59179,0.9067379,11.4
2019-08-02 11:00:00+00:00,11.38154,0.9352861,11.33
2019-08-02 12:00:00+00:00,11.24125,0.9560741,11.82
2019-08-02 13:00:00+00:00,11.34895,0.9644929,11.56
2019-08-02 14:00:00+00:00,11.33373,0.9696501,10.68
2019-08-02 15:00:00+00:00,10.94342,0.9843497,9.95
2019-08-02 16:00:00+00:00,10.44532,0.9973816,11.13
2019-08-02 17:00:00+00:00,10.62768,0.984311,11.69
2019-08-02 18:00:00+00:00,11.01937,0.9547507,10.92
2019-08-02 19:00:00+00:00,10.89326,0.9352534,11.55
2019-08-02 20:00:00+00:00,11.09676,0.9004435,12.73
2019-08-02 21:00:00+00:00,11.7272,0.8579918,12.02
2019-08-02 22:00:00+00:00,11.74299,0.8242977,12.31
2019-08-02 23:00:00+00:00,11.83839,0.7921906,11.72
2019-08-03 00:00:00+00:00,11.58129,0.7652147,11.6
2019-08-03 01:00:00+00:00,11.46458,0.7233655,12.04
2019-08-03 02:00:00+00:00,11.65388,0.7346797,10.39
2019-08-03 03:00:00+00:00,10.95503,0.7621032,11.4
2019-08-03 04:00:00+00:00,11.18763,0.7848913,12.66
2019-08-03 05:00:00+00:00,11.93911,0.8007961,11.06
2019-08-03 06:00:00+00:00,11.5318,0.8295711,11.78
2019-08-03 07:00:00+00:00,11.62651,0.8524971,12.04
2019-08-03 08:00:00+00:00,11.77347,0.8726249,12.02
2019-08-03 09:00:00+00:00,11.80328,0.8931706,13.61
2019-08-03 10:00:00+00:00,12.48424,0.8936189,11.82
2019-08-03 11:00:00+00:00,12.09844,0.9153798,12.16
2019-08-03 12:00:00+00:00,11.95197,0.9309078,12.55
2019-08-03 13:00:00+00:00,12.03436,0.9375204,11.71
2019-08-03 14:00:00+00:00,11.74265,0.9518061,10.86
2019-08-03 15:00:00+00:00,11.19201,0.9734381,11.32
2019-08-03 16:00:00+00:00,11.09544,0.9759654,11.44
2019-08-03 17:00:00+00:00,11.12479,0.9665887,11.84
2019-08-03 18:00:00+00:00,11.3324,0.9447338,10.84
2019-08-03 19:00:00+00:00,11.00664,0.932774,10.84
2019-08-03 20:00:00+00:00,10.81612,0.9116085,10.33
2019-08-03 21:00:00+00:00,10.46518,0.8919621,9.56
2019-08-03 22:00:00+00:00,9.911263,0.8725634,9.19
2019-08-03 23:00:00+00:00,9.447753,0.8481985,9.54
2019-08-04 00:00:00+00:00,9.398311,0.8125699,9.5
2019-08-04 01:00:00+00:00,9.342834,0.7627347,9.06
2019-08-04 02:00:00+00:00,9.107961,0.7792485,8.98
2019-08-04 03:00:00+00:00,9.072372,0.8010693,9.25
2019-08-04 04:00:00+00:00,9.278551,0.8240793,8.27
2019-08-04 05:00:00+00:00,8.848094,0.862048,8.74
2019-08-04 06:00:00+00:00,8.902134,0.8970872,8.78
2019-08-04 07:00:00+00:00,8.906878,0.9330665,9.19
2019-08-04 08:00:00+00:00,9.127887,0.9564286,9.49
2019-08-04 09:00:00+00:00,9.336915,0.9772146,9.28
2019-08-04 10:00:00+00:00,9.245922,1.009012,9.41
2019-08-04 11:00:00+00:00,9.27104,1.028494,9.59
2019-08-04 12:00:00+00:00,9.346661,1.038393,8.96
2019-08-04 13:00:00+00:00,9.056659,1.055635,5.78
2019-08-04 14:00:00+00:00,7.24299,1.173035,6.01
2019-08-04 15:00:00+00:00,6.444381,1.253881,6.29
2019-08-04 16:00:00+00:00,6.283831,1.260726,5.76
2019-08-04 17:00:00+00:00,6.026621,1.242481,6.27
2019-08-04 18:00:00+00:00,6.245132,1.188875,7.73
2019-08-04 19:00:00+00:00,7.211257,1.101873,8.18
2019-08-04 20:00:00+00:00,7.922088,1.014368,9.37
2019-08-04 21:00:00+00:00,8.874259,0.9272845,9.94
2019-08-04 22:00:00+00:00,9.531177,0.8483178,10
2019-08-04 23:00:00+00:00,9.757881,0.7869151,10.73
2019-08-05 00:00:00+00:00,10.16505,0.7384437,8.33
2019-08-05 01:00:00+00:00,9.011978,0.7009353,10.86
2019-08-05 02:00:00+00:00,9.99555,0.715217,9.92
2019-08-05 03:00:00+00:00,9.930267,0.7410306,9.95
2019-08-05 04:00:00+00:00,9.993267,0.775337,9.29
2019-08-05 05:00:00+00:00,9.660563,0.8212024,8.17
2019-08-05 06:00:00+00:00,8.888776,0.8854973,9.35
2019-08-05 07:00:00+00:00,9.190877,0.9279146,9.5
2019-08-05 08:00:00+00:00,9.387959,0.9681158,9.51
2019-08-05 09:00:00+00:00,9.437708,1.008721,10.15
2019-08-05 10:00:00+00:00,9.776379,1.023915,10.07
2019-08-05 11:00:00+00:00,9.893809,1.038549,9.14
2019-08-05 12:00:00+00:00,9.451718,1.069023,9.5
2019-08-05 13:00:00+00:00,9.365867,1.088842,9.18
2019-08-05 14:00:00+00:00,9.15979,1.090841,8.18
2019-08-05 15:00:00+00:00,8.544644,1.112786,9.19
2019-08-05 16:00:00+00:00,8.781807,1.090394,8.18
2019-08-05 17:00:00+00:00,8.413124,1.085547,7.97
2019-08-05 18:00:00+00:00,8.165538,1.061878,8.18
2019-08-05 19:00:00+00:00,8.172859,1.02312,7.6
2019-08-05 20:00:00+00:00,7.894554,0.9856138,7.56
2019-08-05 21:00:00+00:00,7.757429,0.9426862,7.7
2019-08-05 22:00:00+00:00,7.786449,0.8938515,7.65
2019-08-05 23:00:00+00:00,7.778752,0.8473728,6.65
2019-08-06 00:00:00+00:00,7.240811,0.8157609,6.97
2019-08-06 01:00:00+00:00,7.018949,0.7766974,6.46
2019-08-06 02:00:00+00:00,6.649239,0.798813,5.91
2019-08-06 03:00:00+00:00,6.317046,0.8299353,5.55
2019-08-06 04:00:00+00:00,6.035561,0.8722239,5.24
2019-08-06 05:00:00+00:00,5.775603,0.9138296,5.17
2019-08-06 06:00:00+00:00,5.666191,0.945509,6.02
2019-08-06 07:00:00+00:00,6.158865,0.9551286,4.91
2019-08-06 08:00:00+00:00,5.61948,0.9904696,4.8
2019-08-06 09:00:00+00:00,5.305249,1.027992,2.76
2019-08-06 10:00:00+00:00,4.034766,1.094188,2.97
2019-08-06 11:00:00+00:00,3.683366,1.117634,1.79
2019-08-06 12:00:00+00:00,2.306839,1.402636,1.76
2019-08-06 13:00:00+00:00,2.00147,1.495534,4.28
2019-08-06 14:00:00+00:00,3.467791,1.564924,5.33
2019-08-06 15:00:00+00:00,5.012777,1.636191,6.49
2019-08-06 16:00:00+00:00,6.447077,1.776573,6.92
2019-08-06 17:00:00+00:00,7.072502,1.878359,7.03
2019-08-06 18:00:00+00:00,7.228193,1.932554,4.97
2019-08-06 19:00:00+00:00,5.831455,1.806207,4.79
2019-08-06 20:00:00+00:00,5.403319,1.727664,5.3
2019-08-06 21:00:00+00:00,5.649171,1.701055,3.84
2019-08-06 22:00:00+00:00,4.819521,1.584646,2.16
2019-08-06 23:00:00+00:00,3.682563,1.440282,3.02
2019-08-07 00:00:00+00:00,4.100861,1.437254,2.08
2019-08-07 01:00:00+00:00,3.2084,1.430629,5.46
2019-08-07 02:00:00+00:00,5.159913,1.637751,6.86
2019-08-07 03:00:00+00:00,6.685863,1.854947,6.27
2019-08-07 04:00:00+00:00,6.529541,1.890467,5.71
2019-08-07 05:00:00+00:00,6.04769,1.855392,6.26
2019-08-07 06:00:00+00:00,6.348392,1.88596,4.64
2019-08-07 07:00:00+00:00,5.152261,1.747033,0.99
2019-08-07 08:00:00+00:00,2.519235,1.463597,1.61
2019-08-07 09:00:00+00:00,2.507905,1.443175,2.54
2019-08-07 10:00:00+00:00,3.178896,1.535547,4.44
2019-08-07 11:00:00+00:00,4.603515,1.745071,4.46
2019-08-07 12:00:00+00:00,4.823191,1.842473,1.41
2019-08-07 13:00:00+00:00,2.802623,1.626767,5.8
2019-08-07 14:00:00+00:00,5.359112,1.939059,5.06
2019-08-07 15:00:00+00:00,5.375765,1.982269,6.97
2019-08-07 16:00:00+00:00,6.756483,2.183331,5.03
2019-08-07 17:00:00+00:00,5.687726,2.060552,4.5
2019-08-07 18:00:00+00:00,5.084104,1.955697,2.1
2019-08-07 19:00:00+00:00,3.490156,1.69533,4.04
2019-08-07 20:00:00+00:00,4.358926,1.709513,4.73
2019-08-07 21:00:00+00:00,5.032549,1.700683,3.66
2019-08-07 22:00:00+00:00,4.546537,1.580484,5.6
2019-08-07 23:00:00+00:00,5.603251,1.596539,4.78
2019-08-08 00:00:00+00:00,5.354404,1.462001,5.02
2019-08-08 01:00:00+00:00,5.182449,1.532189,3.32
2019-08-08 02:00:00+00:00,3.993588,1.583433,3.23
2019-08-08 03:00:00+00:00,3.592564,1.667988,2.97
2019-08-08 04:00:00+00:00,3.361358,1.71374,3.09
2019-08-08 05:00:00+00:00,3.443763,1.742033,4.64
2019-08-08 06:00:00+00:00,4.579246,1.860412,5.23
2019-08-08 07:00:00+00:00,5.31807,1.954381,5.55
2019-08-08 08:00:00+00:00,5.718647,2.016643,5.95
2019-08-08 09:00:00+00:00,6.063744,2.071791,5.52
2019-08-08 10:00:00+00:00,5.80076,2.062663,5.53
2019-08-08 11:00:00+00:00,5.672326,2.056452,5.78
2019-08-08 12:00:00+00:00,5.770163,2.057204,4.9
2019-08-08 13:00:00+00:00,5.238491,1.99036,5.14
2019-08-08 14:00:00+00:00,5.238521,1.957484,5.05
2019-08-08 15:00:00+00:00,5.220607,1.903605,4.73
2019-08-08 16:00:00+00:00,5.070871,1.814087,5.07
2019-08-08 17:00:00+00:00,5.284204,1.748482,5.53
2019-08-08 18:00:00+00:00,5.68332,1.68341,6.81
2019-08-08 19:00:00+00:00,6.660499,1.662633,6.78
2019-08-08 20:00:00+00:00,6.953284,1.620057,6.38
2019-08-08 21:00:00+00:00,6.779778,1.546386,6.18
2019-08-08 22:00:00+00:00,6.574729,1.457889,6.09
2019-08-08 23:00:00+00:00,6.440947,1.343956,6.09
2019-08-09 00:00:00+00:00,6.401611,1.240885,6.12
2019-08-09 01:00:00+00:00,6.169448,1.314299,6.07
2019-08-09 02:00:00+00:00,6.041544,1.43561,5.77
2019-08-09 03:00:00+00:00,5.926793,1.538048,4.66
2019-08-09 04:00:00+00:00,5.24862,1.602276,4.58
2019-08-09 05:00:00+00:00,4.977277,1.664361,4.57
2019-08-09 06:00:00+00:00,4.876433,1.701599,4.35
2019-08-09 07:00:00+00:00,4.700498,1.69249,4.03
2019-08-09 08:00:00+00:00,4.37648,1.689456,3.84
2019-08-09 09:00:00+00:00,4.119251,1.674988,4.48
2019-08-09 10:00:00+00:00,4.395605,1.708338,5.36
2019-08-09 11:00:00+00:00,5.09108,1.746839,5.25
2019-08-09 12:00:00+00:00,5.27347,1.745328,3.54
2019-08-09 13:00:00+00:00,4.249516,1.671069,2.7
2019-08-09 14:00:00+00:00,3.449375,1.609604,3.49
2019-08-09 15:00:00+00:00,3.728607,1.592337,3.23
2019-08-09 16:00:00+00:00,3.730903,1.562612,2.84
2019-08-09 17:00:00+00:00,3.573168,1.526222,2.11
2019-08-09 18:00:00+00:00,3.168576,1.476979,2.15
2019-08-09 19:00:00+00:00,3.148696,1.420256,3.65
2019-08-09 20:00:00+00:00,4.130235,1.437369,4.69
2019-08-09 21:00:00+00:00,5.049715,1.438923,4.61
2019-08-09 22:00:00+00:00,5.195654,1.363589,4.33
2019-08-09 23:00:00+00:00,5.036077,1.255242,4.39
2019-08-10 00:00:00+00:00,5.021069,1.149881,4.42
2019-08-10 01:00:00+00:00,4.671783,1.178736,4.81
2019-08-10 02:00:00+00:00,4.751035,1.241578,4.63
2019-08-10 03:00:00+00:00,4.74972,1.293246,4.84
2019-08-10 04:00:00+00:00,4.96906,1.345012,4.68
2019-08-10 05:00:00+00:00,4.947015,1.382498,6.12
2019-08-10 06:00:00+00:00,5.954528,1.435899,6.37
2019-08-10 07:00:00+00:00,6.405976,1.469079,6.26
2019-08-10 08:00:00+00:00,6.437755,1.478249,5.83
2019-08-10 09:00:00+00:00,6.117885,1.471922,5.22
2019-08-10 10:00:00+00:00,5.546509,1.471545,4.67
2019-08-10 11:00:00+00:00,4.947606,1.487048,4.45
2019-08-10 12:00:00+00:00,4.608417,1.488283,4.16
2019-08-10 13:00:00+00:00,4.341486,1.482818,4.08
2019-08-10 14:00:00+00:00,4.251528,1.467442,3.82
2019-08-10 15:00:00+00:00,4.143739,1.432613,3.67
2019-08-10 16:00:00+00:00,4.083179,1.401042,3.74
2019-08-10 17:00:00+00:00,4.168115,1.37745,3.19
2019-08-10 18:00:00+00:00,3.925607,1.342226,4.04
2019-08-10 19:00:00+00:00,4.456569,1.294315,4.75
2019-08-10 20:00:00+00:00,5.109905,1.251463,4.37
2019-08-10 21:00:00+00:00,5.057361,1.191663,5.06
2019-08-10 22:00:00+00:00,5.467683,1.134546,5.62
2019-08-10 23:00:00+00:00,5.925412,1.069152,5.66
2019-08-11 00:00:00+00:00,6.076066,0.9953002,5.39
2019-08-11 01:00:00+00:00,5.647046,1.00051,5.08
2019-08-11 02:00:00+00:00,5.241034,1.05777,5.73
2019-08-11 03:00:00+00:00,5.644491,1.127588,5.65
2019-08-11 04:00:00+00:00,5.813784,1.177936,5.17
2019-08-11 05:00:00+00:00,5.567414,1.22811,5.4
2019-08-11 06:00:00+00:00,5.642097,1.265168,5.04
2019-08-11 07:00:00+00:00,5.426889,1.272287,4.99
2019-08-11 08:00:00+00:00,5.285515,1.280341,6.49
2019-08-11 09:00:00+00:00,6.12606,1.309154,7.41
2019-08-11 10:00:00+00:00,7.037273,1.29274,6.75
2019-08-11 11:00:00+00:00,6.912283,1.270096,6.32
2019-08-11 12:00:00+00:00,6.443006,1.318588,4.39
2019-08-11 13:00:00+00:00,5.199605,1.325814,2.39
2019-08-11 14:00:00+00:00,3.563249,1.416797,2.73
2019-08-11 15:00:00+00:00,3.20603,1.424048,2.53
2019-08-11 16:00:00+00:00,3.059292,1.406464,1.38
2019-08-11 17:00:00+00:00,2.566519,1.315248,5.61
2019-08-11 18:00:00+00:00,5.062397,1.299185,3.27
2019-08-11 19:00:00+00:00,4.350883,1.260991,3.77
2019-08-11 20:00:00+00:00,4.453201,1.23357,6.52
2019-08-11 21:00:00+00:00,6.277817,1.210262,7
2019-08-11 22:00:00+00:00,7.084115,1.146092,7.15
2019-08-11 23:00:00+00:00,7.364485,1.06601,7.27
2019-08-12 00:00:00+00:00,7.466393,0.9834209,7.26
2019-08-12 01:00:00+00:00,7.31423,0.9865367,7.45
2019-08-12 02:00:00+00:00,7.343394,1.05929,7.18
2019-08-12 03:00:00+00:00,7.277853,1.143764,6.6
2019-08-12 04:00:00+00:00,6.943326,1.248349,6.51
2019-08-12 05:00:00+00:00,6.798688,1.35623,7.16
2019-08-12 06:00:00+00:00,7.150783,1.479865,6.65
2019-08-12 07:00:00+00:00,6.933793,1.617692,6.08
2019-08-12 08:00:00+00:00,6.468,1.745476,5.84
2019-08-12 09:00:00+00:00,6.122115,1.800362,5.81
2019-08-12 10:00:00+00:00,5.958626,1.823872,5.76
2019-08-12 11:00:00+00:00,5.861162,1.812542,5.71
2019-08-12 12:00:00+00:00,5.79329,1.736579,5.45
2019-08-12 13:00:00+00:00,5.605421,1.706721,5.37
2019-08-12 14:00:00+00:00,5.507082,1.600781,6.72
2019-08-12 15:00:00+00:00,6.334905,1.501994,7.11
2019-08-12 16:00:00+00:00,6.936509,1.362334,7.44
2019-08-12 17:00:00+00:00,7.385575,1.271578,7.39
2019-08-12 18:00:00+00:00,7.522959,1.215647,7.6
2019-08-12 19:00:00+00:00,7.672728,1.105866,8.46
2019-08-12 20:00:00+00:00,8.227894,1.012218,7.72
2019-08-12 21:00:00+00:00,7.995186,0.9483417,7.8
2019-08-12 22:00:00+00:00,7.929401,0.8919387,7.25
2019-08-12 23:00:00+00:00,7.580673,0.8484982,7.11
2019-08-13 00:00:00+00:00,7.373885,0.8122076,6.97
2019-08-13 01:00:00+00:00,7.04096,0.7851956,6.92
2019-08-13 02:00:00+00:00,6.87556,0.8201349,6.69
2019-08-13 03:00:00+00:00,6.783825,0.867847,6.2
2019-08-13 04:00:00+00:00,6.52791,0.9235756,6.5
2019-08-13 05:00:00+00:00,6.686721,0.9724641,6.96
2019-08-13 06:00:00+00:00,7.04124,1.011621,6.22
2019-08-13 07:00:00+00:00,6.674417,1.059059,6.73
2019-08-13 08:00:00+00:00,6.777542,1.113083,6.29
2019-08-13 09:00:00+00:00,6.500985,1.170426,5.22
2019-08-13 10:00:00+00:00,5.693606,1.254405,4.52
2019-08-13 11:00:00+00:00,4.919406,1.349666,5.45
2019-08-13 12:00:00+00:00,5.161217,1.40994,4.52
2019-08-13 13:00:00+00:00,4.756737,1.442909,4.79
2019-08-13 14:00:00+00:00,4.82969,1.462085,5.02
2019-08-13 15:00:00+00:00,5.08422,1.452811,5.05
2019-08-13 16:00:00+00:00,5.232996,1.457341,4.71
2019-08-13 17:00:00+00:00,5.10621,1.45466,4.41
2019-08-13 18:00:00+00:00,4.932674,1.406733,5.47
2019-08-13 19:00:00+00:00,5.579779,1.35095,5.78
2019-08-13 20:00:00+00:00,6.002919,1.289589,5.93
2019-08-13 21:00:00+00:00,6.234978,1.202307,6.29
2019-08-13 22:00:00+00:00,6.526511,1.115606,6.37
2019-08-13 23:00:00+00:00,6.657066,1.028712,6.57
2019-08-14 00:00:00+00:00,6.808301,0.9492787,6.85
2019-08-14 01:00:00+00:00,6.8086,0.9353923,7.42
2019-08-14 02:00:00+00:00,7.173249,0.9743139,7.58
2019-08-14 03:00:00+00:00,7.528144,1.021349,7.16
2019-08-14 04:00:00+00:00,7.454725,1.073599,7.08
2019-08-14 05:00:00+00:00,7.386817,1.138639,7.29
2019-08-14 06:00:00+00:00,7.456309,1.208787,6.05
2019-08-14 07:00:00+00:00,6.629192,1.309903,5.51
2019-08-14 08:00:00+00:00,5.885897,1.430491,6.04
2019-08-14 09:00:00+00:00,5.886942,1.537626,5.51
2019-08-14 10:00:00+00:00,5.575059,1.623781,5.08
2019-08-14 11:00:00+00:00,5.242668,1.664337,4.08
2019-08-14 12:00:00+00:00,4.580771,1.651697,3.81
2019-08-14 13:00:00+00:00,4.20824,1.625042,3.56
2019-08-14 14:00:00+00:00,3.971131,1.589081,3.78
2019-08-14 15:00:00+00:00,4.082345,1.558252,4.02
2019-08-14 16:00:00+00:00,4.317922,1.518329,4.6
2019-08-14 17:00:00+00:00,4.806129,1.47649,5.51
2019-08-14 18:00:00+00:00,5.586652,1.44045,6.83
2019-08-14 19:00:00+00:00,6.705822,1.412912,7.76
2019-08-14 20:00:00+00:00,7.632091,1.351486,7.66
2019-08-14 21:00:00+00:00,7.82116,1.252129,7.71
2019-08-14 22:00:00+00:00,7.867369,1.147831,8.1
2019-08-14 23:00:00+00:00,8.0716,1.04996,8.55
2019-08-15 00:00:00+00:00,8.373444,0.9527186,8.61
2019-08-15 01:00:00+00:00,8.467252,0.9281693,8.02
2019-08-15 02:00:00+00:00,8.111997,0.9685442,7.36
2019-08-15 03:00:00+00:00,7.64998,1.030434,7.1
2019-08-15 04:00:00+00:00,7.382901,1.103502,6.85
2019-08-15 05:00:00+00:00,7.158115,1.178769,6.84
2019-08-15 06:00:00+00:00,7.071064,1.24621,5.51
2019-08-15 07:00:00+00:00,6.137495,1.356103,6.81
2019-08-15 08:00:00+00:00,6.592208,1.399199,8.35
2019-08-15 09:00:00+00:00,7.776814,1.37894,8.04
2019-08-15 10:00:00+00:00,8.087024,1.324919,8.19
2019-08-15 11:00:00+00:00,8.255795,1.28102,8.23
2019-08-15 12:00:00+00:00,8.29043,1.251958,7.88
2019-08-15 13:00:00+00:00,8.070131,1.222356,8.87
2019-08-15 14:00:00+00:00,8.492195,1.172828,8.99
2019-08-15 15:00:00+00:00,8.741758,1.128207,9.74
2019-08-15 16:00:00+00:00,9.271228,1.061997,10.46
2019-08-15 17:00:00+00:00,9.912069,0.988757,9.68
2019-08-15 18:00:00+00:00,9.80111,0.9395151,10.48
2019-08-15 19:00:00+00:00,10.11766,0.8933733,9.41
2019-08-15 20:00:00+00:00,9.696939,0.8572773,9.57
2019-08-15 21:00:00+00:00,9.536344,0.8306568,10.52
2019-08-15 22:00:00+00:00,9.939056,0.7952299,10.28
2019-08-15 23:00:00+00:00,9.981291,0.7610697,9.92
2019-08-16 00:00:00+00:00,9.78881,0.7326195,9.03
2019-08-16 01:00:00+00:00,9.249977,0.69748,9.26
2019-08-16 02:00:00+00:00,9.166824,0.719696,7.59
2019-08-16 03:00:00+00:00,8.251807,0.7695314,8.33
2019-08-16 04:00:00+00:00,8.400715,0.8080316,9.63
2019-08-16 05:00:00+00:00,9.274373,0.8274904,10.37
2019-08-16 06:00:00+00:00,10.0513,0.8440624,9.95
2019-08-16 07:00:00+00:00,10.12435,0.8640146,10.13
2019-08-16 08:00:00+00:00,10.1967,0.8889357,10.67
2019-08-16 09:00:00+00:00,10.42757,0.9126692,11.48
2019-08-16 10:00:00+00:00,10.88775,0.9264807,10.94
2019-08-16 11:00:00+00:00,10.82577,0.9457015,10.49
2019-08-16 12:00:00+00:00,10.55212,0.968716,11.21
2019-08-16 13:00:00+00:00,10.73783,0.9730633,10.77
2019-08-16 14:00:00+00:00,10.62431,0.9816222,10.06
2019-08-16 15:00:00+00:00,10.21727,0.9966881,9.94
2019-08-16 16:00:00+00:00,9.957696,1.000678,9.67
2019-08-16 17:00:00+00:00,9.735114,0.9937818,8.4
2019-08-16 18:00:00+00:00,9.026855,1.000907,7.36
2019-08-16 19:00:00+00:00,8.167099,1.010306,10.56
2019-08-16 20:00:00+00:00,9.321198,0.9386009,10.59
2019-08-16 21:00:00+00:00,9.949396,0.8752025,9.56
2019-08-16 22:00:00+00:00,9.715545,0.8296189,10.27
2019-08-16 23:00:00+00:00,9.916982,0.785328,9.99
2019-08-17 00:00:00+00:00,9.831611,0.749123,9.67
2019-08-17 01:00:00+00:00,9.640049,0.7048239,8.83
2019-08-17 02:00:00+00:00,9.082112,0.7290306,8.9
2019-08-17 03:00:00+00:00,8.986207,0.7597094,8.81
2019-08-17 04:00:00+00:00,8.973729,0.7935697,8.07
2019-08-17 05:00:00+00:00,8.601106,0.8363039,8.37
2019-08-17 06:00:00+00:00,8.609733,0.8755341,9.62
2019-08-17 07:00:00+00:00,9.3027,0.8932844,9.72
2019-08-17 08:00:00+00:00,9.645094,0.9096617,8.87
2019-08-17 09:00:00+00:00,9.313827,0.9405672,9.46
2019-08-17 10:00:00+00:00,9.408759,0.9617571,8.51
2019-08-17 11:00:00+00:00,8.920128,1.0014,10.46
2019-08-17 12:00:00+00:00,9.64215,0.9926655,9.4
2019-08-17 13:00:00+00:00,9.458773,1.005533,8.69
2019-08-17 14:00:00+00:00,9.002989,1.026111,9.46
2019-08-17 15:00:00+00:00,9.113194,1.02315,9.27
2019-08-17 16:00:00+00:00,9.106891,1.010879,10.28
2019-08-17 17:00:00+00:00,9.616235,0.9721664,9.49
2019-08-17 18:00:00+00:00,9.490611,0.9474881,9.44
2019-08-17 19:00:00+00:00,9.398972,0.9174284,9.38
2019-08-17 20:00:00+00:00,9.32553,0.8825237,9.27
2019-08-17 21:00:00+00:00,9.233141,0.8468993,9.12
2019-08-17 22:00:00+00:00,9.112945,0.8110089,8.95
2019-08-17 23:00:00+00:00,8.960382,0.7794185,8.82
2019-08-18 00:00:00+00:00,8.819119,0.7490075,8.8
2019-08-18 01:00:00+00:00,8.713196,0.7042478,8.27
2019-08-18 02:00:00+00:00,8.386103,0.7252967,8.5
2019-08-18 03:00:00+00:00,8.498777,0.7518603,8.2
2019-08-18 04:00:00+00:00,8.479225,0.7798903,8.37
2019-08-18 05:00:00+00:00,8.60632,0.8106879,8.66
2019-08-18 06:00:00+00:00,8.801447,0.8423853,8.87
2019-08-18 07:00:00+00:00,8.996268,0.8689665,9.34
2019-08-18 08:00:00+00:00,9.254026,0.8982331,9.51
2019-08-18 09:00:00+00:00,9.41556,0.9247811,8.9
2019-08-18 10:00:00+00:00,9.127211,0.9615036,8.32
2019-08-18 11:00:00+00:00,8.649474,1.007852,8.57
2019-08-18 12:00:00+00:00,8.521561,1.039954,8.86
2019-08-18 13:00:00+00:00,8.621537,1.048707,8.21
2019-08-18 14:00:00+00:00,8.340778,1.065902,7.31
2019-08-18 15:00:00+00:00,7.744115,1.092709,6.79
2019-08-18 16:00:00+00:00,7.231476,1.102783,7.03
2019-08-18 17:00:00+00:00,7.11289,1.087548,6.08
2019-08-18 18:00:00+00:00,6.62376,1.07112,6.44
2019-08-18 19:00:00+00:00,6.610894,1.03022,6.28
2019-08-18 20:00:00+00:00,6.558907,0.9842812,6.7
2019-08-18 21:00:00+00:00,6.79275,0.9272248,6.55
2019-08-18 22:00:00+00:00,6.833826,0.8778245,6.45
2019-08-18 23:00:00+00:00,6.808391,0.8353085,6.83
2019-08-19 00:00:00+00:00,7.010642,0.7939811,7.03
2019-08-19 01:00:00+00:00,7.012946,0.7381194,6.86
2019-08-19 02:00:00+00:00,6.930813,0.7466905,6.94
2019-08-19 03:00:00+00:00,7.058755,0.7655488,6.64
2019-08-19 04:00:00+00:00,6.988426,0.7941521,6.11
2019-08-19 05:00:00+00:00,6.646939,0.8372178,6.42
2019-08-19 06:00:00+00:00,6.701071,0.8745644,6.34
2019-08-19 07:00:00+00:00,6.623316,0.9163251,6.12
2019-08-19 08:00:00+00:00,6.426369,0.9602675,6.51
2019-08-19 09:00:00+00:00,6.549628,0.9911286,6.62
2019-08-19 10:00:00+00:00,6.648278,1.012239,6.07
2019-08-19 11:00:00+00:00,6.358974,1.040611,6.3
2019-08-19 12:00:00+00:00,6.317357,1.06579,6.46
2019-08-19 13:00:00+00:00,6.423645,1.063893,5.75
2019-08-19 14:00:00+00:00,6.091489,1.069548,5.95
2019-08-19 15:00:00+00:00,6.049739,1.066716,5.88
2019-08-19 16:00:00+00:00,6.02292,1.049937,5.49
2019-08-19 17:00:00+00:00,5.803071,1.041891,5.51
2019-08-19 18:00:00+00:00,5.731645,1.027853,5.12
2019-08-19 19:00:00+00:00,5.539776,1.005174,5.03
2019-08-19 20:00:00+00:00,5.44042,0.98164,5.33
2019-08-19 21:00:00+00:00,5.604259,0.9425959,6
2019-08-19 22:00:00+00:00,6.069287,0.8944066,6.07
2019-08-19 23:00:00+00:00,6.315944,0.8502843,5.8
2019-08-20 00:00:00+00:00,6.27663,0.8177079,5.94
2019-08-20 01:00:00+00:00,6.096322,0.764235,5.83
2019-08-20 02:00:00+00:00,5.960449,0.7758852,6.02
2019-08-20 03:00:00+00:00,6.122622,0.793694,6.38
2019-08-20 04:00:00+00:00,6.486986,0.8095192,6.61
2019-08-20 05:00:00+00:00,6.787669,0.8297771,6.94
2019-08-20 06:00:00+00:00,7.116043,0.8482919,7.41
2019-08-20 07:00:00+00:00,7.486808,0.8678896,7.79
2019-08-20 08:00:00+00:00,7.807998,0.88683,7.66
2019-08-20 09:00:00+00:00,7.829477,0.9082505,7.63
2019-08-20 10:00:00+00:00,7.751175,0.9376464,9.41
2019-08-20 11:00:00+00:00,8.64543,0.9376246,9.02
2019-08-20 12:00:00+00:00,8.793365,0.9439209,9.6
2019-08-20 13:00:00+00:00,9.171468,0.9378659,9.56
2019-08-20 14:00:00+00:00,9.293527,0.9363127,8.6
2019-08-20 15:00:00+00:00,8.866875,0.9472595,8.28
2019-08-20 16:00:00+00:00,8.49049,0.9585078,8.63
2019-08-20 17:00:00+00:00,8.486943,0.9512358,8.32
2019-08-20 18:00:00+00:00,8.352304,0.9388298,8.03
2019-08-20 19:00:00+00:00,8.143505,0.9263684,7.83
2019-08-20 20:00:00+00:00,7.956101,0.9075461,8.04
2019-08-20 21:00:00+00:00,8.004709,0.8731623,7.94
2019-08-20 22:00:00+00:00,7.997073,0.8365885,8.04
2019-08-20 23:00:00+00:00,8.057814,0.7984892,7.65
2019-08-21 00:00:00+00:00,7.889318,0.7652703,5.65
2019-08-21 01:00:00+00:00,6.528865,0.7591627,7.81
2019-08-21 02:00:00+00:00,7.267579,0.751316,8.67
2019-08-21 03:00:00+00:00,8.239124,0.7463863,8.09
2019-08-21 04:00:00+00:00,8.366204,0.7590979,6.7
2019-08-21 05:00:00+00:00,7.566688,0.8066365,8.53
2019-08-21 06:00:00+00:00,8.334956,0.8268212,8.24
2019-08-21 07:00:00+00:00,8.455524,0.8494275,9.27
2019-08-21 08:00:00+00:00,9.041118,0.8658297,8.76
2019-08-21 09:00:00+00:00,8.962075,0.8920276,8.87
2019-08-21 10:00:00+00:00,8.923354,0.9212988,8.03
2019-08-21 11:00:00+00:00,8.410051,0.9660672,8.85
2019-08-21 12:00:00+00:00,8.523014,0.9926283,9.92
2019-08-21 13:00:00+00:00,9.125393,0.9863492,10.99
2019-08-21 14:00:00+00:00,10.00434,0.9519953,10.14
2019-08-21 15:00:00+00:00,9.999953,0.9417601,11.44
2019-08-21 16:00:00+00:00,10.60719,0.9135315,9.67
2019-08-21 17:00:00+00:00,10.09481,0.9059396,10.18
2019-08-21 18:00:00+00:00,10.05234,0.8890179,9.14
2019-08-21 19:00:00+00:00,9.523408,0.8832726,8.47
2019-08-21 20:00:00+00:00,8.916593,0.880079,8.58
2019-08-21 21:00:00+00:00,8.675265,0.8634917,8.67
2019-08-21 22:00:00+00:00,8.631979,0.8327246,7.73
2019-08-21 23:00:00+00:00,8.152327,0.8098536,7.5
2019-08-22 00:00:00+00:00,7.829379,0.7860779,7.77
2019-08-22 01:00:00+00:00,7.727794,0.7348542,7.63
2019-08-22 02:00:00+00:00,7.667369,0.7441484,7.86
2019-08-22 03:00:00+00:00,7.905643,0.7588885,7.87
2019-08-22 04:00:00+00:00,8.11356,0.7754888,8.56
2019-08-22 05:00:00+00:00,8.621302,0.7929098,8.96
2019-08-22 06:00:00+00:00,9.036941,0.8121275,8.88
2019-08-22 07:00:00+00:00,9.110319,0.8398381,8.66
2019-08-22 08:00:00+00:00,8.961157,0.8750882,8.57
2019-08-22 09:00:00+00:00,8.752059,0.9183503,9.09
2019-08-22 10:00:00+00:00,8.885604,0.9476585,8.76
2019-08-22 11:00:00+00:00,8.757756,0.9773362,8.58
2019-08-22 12:00:00+00:00,8.590136,1.00318,8.44
2019-08-22 13:00:00+00:00,8.434663,1.021279,8.08
2019-08-22 14:00:00+00:00,8.176702,1.037842,7.58
2019-08-22 15:00:00+00:00,7.812962,1.050845,7.47
2019-08-22 16:00:00+00:00,7.58642,1.05058,7.15
2019-08-22 17:00:00+00:00,7.343726,1.040822,6.83
2019-08-22 18:00:00+00:00,7.103666,1.019702,6.7
2019-08-22 19:00:00+00:00,6.947231,0.9905775,6.87
2019-08-22 20:00:00+00:00,6.999252,0.9457498,7.15
2019-08-22 21:00:00+00:00,7.188504,0.897804,7.13
2019-08-22 22:00:00+00:00,7.285982,0.8501814,7.04
2019-08-22 23:00:00+00:00,7.292328,0.8088576,7.43
2019-08-23 00:00:00+00:00,7.5044,0.7697057,7.16
2019-08-23 01:00:00+00:00,7.324808,0.7156253,7.34
2019-08-23 02:00:00+00:00,7.386792,0.7213498,7.24
2019-08-23 03:00:00+00:00,7.462626,0.7373615,7.07
2019-08-23 04:00:00+00:00,7.458164,0.7619069,7.15
2019-08-23 05:00:00+00:00,7.513544,0.79118,7.66
2019-08-23 06:00:00+00:00,7.823761,0.8154695,9.32
2019-08-23 07:00:00+00:00,8.865552,0.8238575,8
2019-08-23 08:00:00+00:00,8.486524,0.8579967,9.04
2019-08-23 09:00:00+00:00,8.786595,0.8880541,9.09
2019-08-23 10:00:00+00:00,8.888618,0.9144191,9.33
2019-08-23 11:00:00+00:00,9.024079,0.9353542,8.21
2019-08-23 12:00:00+00:00,8.528277,0.9683081,7.9
2019-08-23 13:00:00+00:00,8.095326,1.005173,7.5
2019-08-23 14:00:00+00:00,7.676122,1.038386,8.35
2019-08-23 15:00:00+00:00,7.934463,1.02736,8.8
2019-08-23 16:00:00+00:00,8.301463,1.001207,7.01
2019-08-23 17:00:00+00:00,7.614841,1.005712,8.26
2019-08-23 18:00:00+00:00,7.924498,0.9708937,8.19
2019-08-23 19:00:00+00:00,8.033272,0.9406942,8.16
2019-08-23 20:00:00+00:00,8.099444,0.9018312,8.75
2019-08-23 21:00:00+00:00,8.442202,0.8564652,8.04
2019-08-23 22:00:00+00:00,8.234932,0.8177992,8.07
2019-08-23 23:00:00+00:00,8.164492,0.7809171,7.2
2019-08-24 00:00:00+00:00,7.682409,0.7563881,7.87
2019-08-24 01:00:00+00:00,7.720644,0.7091402,7.93
2019-08-24 02:00:00+00:00,7.813797,0.7184626,7.11
2019-08-24 03:00:00+00:00,7.473658,0.7486979,6.85
2019-08-24 04:00:00+00:00,7.252731,0.788357,7.75
2019-08-24 05:00:00+00:00,7.76729,0.8119323,8.23
2019-08-24 06:00:00+00:00,8.22862,0.8373371,8.89
2019-08-24 07:00:00+00:00,8.781717,0.8573532,10.39
2019-08-24 08:00:00+00:00,9.810083,0.8650616,10.7
2019-08-24 09:00:00+00:00,10.31637,0.8774351,11.74
2019-08-24 10:00:00+00:00,10.99828,0.8838496,11.11
2019-08-24 11:00:00+00:00,10.94644,0.898566,11.11
2019-08-24 12:00:00+00:00,10.87767,0.9153326,10.84
2019-08-24 13:00:00+00:00,10.69246,0.9338598,10.13
2019-08-24 14:00:00+00:00,10.26141,0.9581267,9.99
2019-08-24 15:00:00+00:00,9.964879,0.9775251,10.8
2019-08-24 16:00:00+00:00,10.23145,0.9654435,10.08
2019-08-24 17:00:00+00:00,10.04696,0.9616095,9.83
2019-08-24 18:00:00+00:00,9.847117,0.9501322,9.38
2019-08-24 19:00:00+00:00,9.526257,0.9361923,8.67
2019-08-24 20:00:00+00:00,9.019813,0.9240113,9.08
2019-08-24 21:00:00+00:00,8.982992,0.8916692,9.53
2019-08-24 22:00:00+00:00,9.217529,0.8455059,9.5
2019-08-24 23:00:00+00:00,9.318991,0.8008196,9.97
2019-08-25 00:00:00+00:00,9.591587,0.7567424,9.61
2019-08-25 01:00:00+00:00,9.543907,0.7072162,10.27
2019-08-25 02:00:00+00:00,9.915312,0.7159311,10.63
2019-08-25 03:00:00+00:00,10.37028,0.7332956,11.43
2019-08-25 04:00:00+00:00,11.05075,0.7534481,11.61
2019-08-25 05:00:00+00:00,11.45285,0.7754666,11.32
2019-08-25 06:00:00+00:00,11.43909,0.8035278,11.12
2019-08-25 07:00:00+00:00,11.29942,0.8350323,11.41
2019-08-25 08:00:00+00:00,11.33035,0.8642148,9.22
2019-08-25 09:00:00+00:00,10.25418,0.9252906,10.77
2019-08-25 10:00:00+00:00,10.43197,0.9478183,9.37
2019-08-25 11:00:00+00:00,9.890409,0.990277,10.77
2019-08-25 12:00:00+00:00,10.22007,0.9962944,11.5
2019-08-25 13:00:00+00:00,10.74832,0.9848063,11.56
2019-08-25 14:00:00+00:00,11.06047,0.9736387,11.09
2019-08-25 15:00:00+00:00,11.01634,0.9675905,11.29
2019-08-25 16:00:00+00:00,11.0762,0.9540135,11.3
2019-08-25 17:00:00+00:00,11.11596,0.9369335,10.97
2019-08-25 18:00:00+00:00,10.992,0.9208186,11.11
2019-08-25 19:00:00+00:00,10.97667,0.8986688,11
2019-08-25 20:00:00+00:00,10.91421,0.8744609,10.67
2019-08-25 21:00:00+00:00,10.71998,0.8495809,10.96
2019-08-25 22:00:00+00:00,10.73605,0.8192903,11.37
2019-08-25 23:00:00+00:00,10.92956,0.7850838,11.67
2019-08-26 00:00:00+00:00,11.14873,0.752857,11.94
2019-08-26 01:00:00+00:00,11.50149,0.7070755,11.56
2019-08-26 02:00:00+00:00,11.50392,0.7191449,11.07
2019-08-26 03:00:00+00:00,11.3031,0.7413954,11.11
2019-08-26 04:00:00+00:00,11.25735,0.7680938,11.07
2019-08-26 05:00:00+00:00,11.23757,0.7961283,10.97
2019-08-26 06:00:00+00:00,11.1681,0.8257529,11.53
2019-08-26 07:00:00+00:00,11.36889,0.8499141,12.56
2019-08-26 08:00:00+00:00,11.91917,0.8630156,10.97
2019-08-26 09:00:00+00:00,11.45681,0.8959802,12.44
2019-08-26 10:00:00+00:00,11.82985,0.9050027,11.82
2019-08-26 11:00:00+00:00,11.75555,0.924104,11.42
2019-08-26 12:00:00+00:00,11.5107,0.945214,10.73
2019-08-26 13:00:00+00:00,11.07282,0.9714113,10.61
2019-08-26 14:00:00+00:00,10.77125,0.990351,10.04
2019-08-26 15:00:00+00:00,10.34405,1.012554,10.14
2019-08-26 16:00:00+00:00,10.17284,1.015913,9.42
2019-08-26 17:00:00+00:00,9.775617,1.021694,8.9
2019-08-26 18:00:00+00:00,9.301198,1.025837,8.63
2019-08-26 19:00:00+00:00,8.935143,1.014056,8.57
2019-08-26 20:00:00+00:00,8.715152,0.9876422,8.5
2019-08-26 21:00:00+00:00,8.59792,0.944365,8.33
2019-08-26 22:00:00+00:00,8.473125,0.8960999,8.2
2019-08-26 23:00:00+00:00,8.356339,0.8471771,8.11
2019-08-27 00:00:00+00:00,8.260672,0.8004016,8.09
2019-08-27 01:00:00+00:00,8.135974,0.7395434,8.27
2019-08-27 02:00:00+00:00,8.245632,0.7395738,9.15
2019-08-27 03:00:00+00:00,8.932961,0.7407362,8.23
2019-08-27 04:00:00+00:00,8.73282,0.7636901,8.5
2019-08-27 05:00:00+00:00,8.833592,0.7881311,10.66
2019-08-27 06:00:00+00:00,10.05434,0.7954336,9.45
2019-08-27 07:00:00+00:00,9.893567,0.8199029,8.93
2019-08-27 08:00:00+00:00,9.487772,0.8582665,8.42
2019-08-27 09:00:00+00:00,8.956902,0.9083023,9
2019-08-27 10:00:00+00:00,8.951186,0.9412711,7.91
2019-08-27 11:00:00+00:00,8.378762,0.9911823,7.88
2019-08-27 12:00:00+00:00,8.018163,1.037312,7.8
2019-08-27 13:00:00+00:00,7.770741,1.072862,8.59
2019-08-27 14:00:00+00:00,8.045822,1.070055,6.81
2019-08-27 15:00:00+00:00,7.350982,1.095962,8.67
2019-08-27 16:00:00+00:00,7.93887,1.056834,7.76
2019-08-27 17:00:00+00:00,7.82684,1.027897,8.06
2019-08-27 18:00:00+00:00,7.941386,0.9881395,7.95
2019-08-27 19:00:00+00:00,7.966457,0.9451008,7.64
2019-08-27 20:00:00+00:00,7.826396,0.9081451,7.54
2019-08-27 21:00:00+00:00,7.718889,0.8716215,7.34
2019-08-27 22:00:00+00:00,7.580206,0.8357849,7.48
2019-08-27 23:00:00+00:00,7.607747,0.7981403,6.95
2019-08-28 00:00:00+00:00,7.345779,0.7706763,6.81
2019-08-28 01:00:00+00:00,6.985558,0.729244,6.55
2019-08-28 02:00:00+00:00,6.700861,0.7496644,6.13
2019-08-28 03:00:00+00:00,6.44588,0.7827446,5.78
2019-08-28 04:00:00+00:00,6.215502,0.8216248,6.03
2019-08-28 05:00:00+00:00,6.31715,0.855947,6.91
2019-08-28 06:00:00+00:00,6.894928,0.8786272,7.1
2019-08-28 07:00:00+00:00,7.21208,0.9009891,7.55
2019-08-28 08:00:00+00:00,7.570135,0.9222244,7.54
2019-08-28 09:00:00+00:00,7.650939,0.9476432,7.51
2019-08-28 10:00:00+00:00,7.621444,0.9751329,7.46
2019-08-28 11:00:00+00:00,7.530845,1.004182,6.96
2019-08-28 12:00:00+00:00,7.175491,1.040427,6.12
2019-08-28 13:00:00+00:00,6.558165,1.083329,6.46
2019-08-28 14:00:00+00:00,6.457995,1.101012,5.22
2019-08-28 15:00:00+00:00,5.787739,1.127202,4.97
2019-08-28 16:00:00+00:00,5.353636,1.149036,4.98
2019-08-28 17:00:00+00:00,5.203006,1.145017,5.41
2019-08-28 18:00:00+00:00,5.458078,1.097904,5.31
2019-08-28 19:00:00+00:00,5.570804,1.048878,5.21
2019-08-28 20:00:00+00:00,5.601078,1.005654,5.31
2019-08-28 21:00:00+00:00,5.711455,0.9552339,5.45
2019-08-28 22:00:00+00:00,5.861892,0.9069831,5.77
2019-08-28 23:00:00+00:00,6.120237,0.8578445,6.23
2019-08-29 00:00:00+00:00,6.485728,0.8079711,6.59
2019-08-29 01:00:00+00:00,6.584922,0.7537282,6.37
2019-08-29 02:00:00+00:00,6.478456,0.7648525,6.29
2019-08-29 03:00:00+00:00,6.483349,0.7906581,6.03
2019-08-29 04:00:00+00:00,6.393201,0.8223566,5.63
2019-08-29 05:00:00+00:00,6.124614,0.8654668,6.32
2019-08-29 06:00:00+00:00,6.501886,0.8894922,6.24
2019-08-29 07:00:00+00:00,6.57452,0.9145123,5.83
2019-08-29 08:00:00+00:00,6.280077,0.9578922,5.94
2019-08-29 09:00:00+00:00,6.182726,0.9975532,5.75
2019-08-29 10:00:00+00:00,6.011532,1.03069,5.11
2019-08-29 11:00:00+00:00,5.526416,1.07753,5.17
2019-08-29 12:00:00+00:00,5.257836,1.133596,4.14
2019-08-29 13:00:00+00:00,4.47547,1.227068,2.66
2019-08-29 14:00:00+00:00,3.417213,1.314773,1.96
2019-08-29 15:00:00+00:00,2.789991,1.316622,3.53
2019-08-29 16:00:00+00:00,3.51509,1.265845,2.19
2019-08-29 17:00:00+00:00,3.136633,1.208058,4.23
2019-08-29 18:00:00+00:00,4.291751,1.1524,4.7
2019-08-29 19:00:00+00:00,4.999976,1.075838,5.71
2019-08-29 20:00:00+00:00,5.872649,0.9984289,4.52
2019-08-29 21:00:00+00:00,5.390526,0.9361004,5.55
2019-08-29 22:00:00+00:00,5.853837,0.88344,5.18
2019-08-29 23:00:00+00:00,5.772959,0.8483771,5.6
2019-08-30 00:00:00+00:00,5.995802,0.8152301,6.15
2019-08-30 01:00:00+00:00,6.122337,0.769599,6.56
2019-08-30 02:00:00+00:00,6.435947,0.7765275,6.4
2019-08-30 03:00:00+00:00,6.533473,0.7993827,6.67
2019-08-30 04:00:00+00:00,6.806618,0.8274447,6.77
2019-08-30 05:00:00+00:00,6.985913,0.8581219,7.02
2019-08-30 06:00:00+00:00,7.187249,0.8929752,6.85
2019-08-30 07:00:00+00:00,7.109755,0.9347931,6.57
2019-08-30 08:00:00+00:00,6.88333,0.9787802,6.43
2019-08-30 09:00:00+00:00,6.676867,1.022654,4.95
2019-08-30 10:00:00+00:00,5.604556,1.120327,7.58
2019-08-30 11:00:00+00:00,6.75225,1.119808,7.32
2019-08-30 12:00:00+00:00,7.101958,1.103358,7.58
2019-08-30 13:00:00+00:00,7.420047,1.077313,7.94
2019-08-30 14:00:00+00:00,7.756611,1.042563,7.92
2019-08-30 15:00:00+00:00,7.884177,1.011886,7.78
2019-08-30 16:00:00+00:00,7.849186,0.9896844,7.15
2019-08-30 17:00:00+00:00,7.49724,0.9733977,7.02
2019-08-30 18:00:00+00:00,7.276072,0.957404,7.27
2019-08-30 19:00:00+00:00,7.331871,0.9283643,7.04
2019-08-30 20:00:00+00:00,7.252384,0.8989338,7.14
2019-08-30 21:00:00+00:00,7.283831,0.867677,7.74
2019-08-30 22:00:00+00:00,7.645512,0.8224047,7.14
2019-08-30 23:00:00+00:00,7.473595,0.7890065,7.63
2019-08-31 00:00:00+00:00,7.667883,0.756195,7.13
2019-08-31 01:00:00+00:00,7.31843,0.7120749,6.95
2019-08-31 02:00:00+00:00,7.073382,0.7324966,8
2019-08-31 03:00:00+00:00,7.772771,0.7424839,7.89
2019-08-31 04:00:00+00:00,8.062565,0.7596344,8.13
2019-08-31 05:00:00+00:00,8.32889,0.7861063,7.21
2019-08-31 06:00:00+00:00,7.862265,0.8284596,8.5
2019-08-31 07:00:00+00:00,8.405934,0.8535082,7.96
2019-08-31 08:00:00+00:00,8.270116,0.8872049,4.22
2019-08-31 09:00:00+00:00,6.049556,1.023247,5.95
2019-08-31 10:00:00+00:00,5.973526,1.083336,8.95
2019-08-31 11:00:00+00:00,7.625989,1.04063,7.84
2019-08-31 12:00:00+00:00,7.781624,1.026304,8.34
2019-08-31 13:00:00+00:00,8.116528,1.011185,4.65
2019-08-31 14:00:00+00:00,6.280926,1.087602,7.61
2019-08-31 15:00:00+00:00,6.978095,1.065655,7.07
2019-08-31 16:00:00+00:00,7.040291,1.038915,6.27
2019-08-31 17:00:00+00:00,6.693339,1.021127,6.26
2019-08-31 18:00:00+00:00,6.561393,0.9929506,5.33
2019-08-31 19:00:00+00:00,6.054309,0.9740254,10.2
2019-08-31 20:00:00+00:00,8.403713,0.9013304,8.39
2019-08-31 21:00:00+00:00,8.46064,0.8441892,8.56
2019-08-31 22:00:00+00:00,8.547538,0.7991157,8.87
2019-08-31 23:00:00+00:00,8.731226,0.7545267,7.18
2019-09-01 00:00:00+00:00,7.887715,0.7354606,7.16
2019-09-01 01:00:00+00:00,7.385376,0.7014602,8.12
2019-09-01 02:00:00+00:00,7.747911,0.7156204,7.82
2019-09-01 03:00:00+00:00,7.815374,0.7410825,7.43
2019-09-01 04:00:00+00:00,7.67539,0.7792287,6.89
2019-09-01 05:00:00+00:00,7.378909,0.8203992,7.22
2019-09-01 06:00:00+00:00,7.42492,0.8630233,7.2
2019-09-01 07:00:00+00:00,7.402753,0.9047228,7.66
2019-09-01 08:00:00+00:00,7.594299,0.9436631,7.58
2019-09-01 09:00:00+00:00,7.591552,0.9805602,7.18
2019-09-01 10:00:00+00:00,7.31876,1.02709,7.61
2019-09-01 11:00:00+00:00,7.398974,1.060115,7.23
2019-09-01 12:00:00+00:00,7.253823,1.081991,7.82
2019-09-01 13:00:00+00:00,7.472684,1.091647,7.25
2019-09-01 14:00:00+00:00,7.270911,1.10259,7.81
2019-09-01 15:00:00+00:00,7.50947,1.085946,7.59
2019-09-01 16:00:00+00:00,7.505641,1.069875,7.18
2019-09-01 17:00:00+00:00,7.318731,1.049504,6.81
2019-09-01 18:00:00+00:00,7.044047,1.034015,7.73
2019-09-01 19:00:00+00:00,7.446395,0.9922842,8.69
2019-09-01 20:00:00+00:00,8.19875,0.918362,7.78
2019-09-01 21:00:00+00:00,8.026391,0.868466,8.46
2019-09-01 22:00:00+00:00,8.311844,0.8194686,7.58
2019-09-01 23:00:00+00:00,7.938855,0.7860556,8.74
2019-09-02 00:00:00+00:00,8.401266,0.7500537,7.57
2019-09-02 01:00:00+00:00,7.789661,0.7259945,6.67
2019-09-02 02:00:00+00:00,7.005951,0.7629282,7.02
2019-09-02 03:00:00+00:00,7.030776,0.8015018,7.54
2019-09-02 04:00:00+00:00,7.471694,0.8288173,7.15
2019-09-02 05:00:00+00:00,7.436401,0.8682039,7.05
2019-09-02 06:00:00+00:00,7.355102,0.9135432,8.3
2019-09-02 07:00:00+00:00,8.057499,0.9395141,8.96
2019-09-02 08:00:00+00:00,8.702146,0.9525414,8.47
2019-09-02 09:00:00+00:00,8.615519,0.9813886,8.04
2019-09-02 10:00:00+00:00,8.282722,1.020571,7.46
2019-09-02 11:00:00+00:00,7.789935,1.064842,9.37
2019-09-02 12:00:00+00:00,8.575699,1.059837,9.77
2019-09-02 13:00:00+00:00,9.205564,1.027761,8.96
2019-09-02 14:00:00+00:00,9.038428,1.024441,8.9
2019-09-02 15:00:00+00:00,8.90434,1.021599,9.01
2019-09-02 16:00:00+00:00,8.88389,1.009221,8.75
2019-09-02 17:00:00+00:00,8.753526,0.9935085,7.6
2019-09-02 18:00:00+00:00,8.122385,0.9891233,8.7
2019-09-02 19:00:00+00:00,8.373921,0.9541151,8.35
2019-09-02 20:00:00+00:00,8.348316,0.9164404,8.25
2019-09-02 21:00:00+00:00,8.296365,0.8776128,8.39
2019-09-02 22:00:00+00:00,8.353971,0.8355654,7.8
2019-09-02 23:00:00+00:00,8.07412,0.8018528,7.71
2019-09-03 00:00:00+00:00,7.908767,0.7708597,9.49
2019-09-03 01:00:00+00:00,8.763044,0.7073992,7.15
2019-09-03 02:00:00+00:00,7.798491,0.7326074,7.15
2019-09-03 03:00:00+00:00,7.501253,0.7686909,7.97
2019-09-03 04:00:00+00:00,7.937526,0.7927392,7.66
2019-09-03 05:00:00+00:00,7.949749,0.824851,7.98
2019-09-03 06:00:00+00:00,8.133069,0.8565147,8.22
2019-09-03 07:00:00+00:00,8.314404,0.8860811,8.18
2019-09-03 08:00:00+00:00,8.34392,0.9156734,8.21
2019-09-03 09:00:00+00:00,8.326311,0.9458961,8.29
2019-09-03 10:00:00+00:00,8.300797,0.9764042,8.15
2019-09-03 11:00:00+00:00,8.168398,1.008543,7.88
2019-09-03 12:00:00+00:00,7.933601,1.040997,8.11
2019-09-03 13:00:00+00:00,7.92215,1.059073,7.99
2019-09-03 14:00:00+00:00,7.853108,1.068487,8.3
2019-09-03 15:00:00+00:00,7.96904,1.063264,7.52
2019-09-03 16:00:00+00:00,7.648949,1.063693,7.45
2019-09-03 17:00:00+00:00,7.476174,1.051462,7.35
2019-09-03 18:00:00+00:00,7.373544,1.02643,7.4
2019-09-03 19:00:00+00:00,7.384716,0.9890572,7.32
2019-09-03 20:00:00+00:00,7.375807,0.9485115,7.09
2019-09-03 21:00:00+00:00,7.274541,0.9090684,6.74
2019-09-03 22:00:00+00:00,7.062175,0.8752207,6.78
2019-09-03 23:00:00+00:00,7.016803,0.8373505,6.61
2019-09-04 00:00:00+00:00,6.924981,0.8043236,6.78
2019-09-04 01:00:00+00:00,6.788992,0.7564994,6.66
2019-09-04 02:00:00+00:00,6.683862,0.7726735,6.02
2019-09-04 03:00:00+00:00,6.338258,0.81034,6.62
2019-09-04 04:00:00+00:00,6.64924,0.8417486,6.6
2019-09-04 05:00:00+00:00,6.816093,0.8680338,6.62
2019-09-04 06:00:00+00:00,6.925488,0.8933308,8.15
2019-09-04 07:00:00+00:00,7.830833,0.9113969,7.96
2019-09-04 08:00:00+00:00,8.031201,0.9303997,8.23
2019-09-04 09:00:00+00:00,8.22765,0.9509611,8.73
2019-09-04 10:00:00+00:00,8.519195,0.9691501,9.07
2019-09-04 11:00:00+00:00,8.782997,0.9822027,7.53
2019-09-04 12:00:00+00:00,8.067153,1.019861,8.86
2019-09-04 13:00:00+00:00,8.385125,1.029046,8.27
2019-09-04 14:00:00+00:00,8.226975,1.040487,8.3
2019-09-04 15:00:00+00:00,8.186275,1.03808,9.03
2019-09-04 16:00:00+00:00,8.549667,1.011919,7.07
2019-09-04 17:00:00+00:00,7.758593,1.016414,7.75
2019-09-04 18:00:00+00:00,7.712181,0.9984787,8.06
2019-09-04 19:00:00+00:00,7.880693,0.960265,8.28
2019-09-04 20:00:00+00:00,8.099235,0.9145547,8.98
2019-09-04 21:00:00+00:00,8.577738,0.8614534,9.73
2019-09-04 22:00:00+00:00,9.19311,0.8040979,9.4
2019-09-04 23:00:00+00:00,9.275829,0.7601008,9.39
2019-09-05 00:00:00+00:00,9.274727,0.726005,9.23
2019-09-05 01:00:00+00:00,9.188537,0.6808483,9.34
2019-09-05 02:00:00+00:00,9.235703,0.6954908,9.91
2019-09-05 03:00:00+00:00,9.678925,0.7161641,10.34
2019-09-05 04:00:00+00:00,10.17313,0.738887,9.62
2019-09-05 05:00:00+00:00,9.978489,0.7735311,10.04
2019-09-05 06:00:00+00:00,10.09367,0.8085952,10.35
2019-09-05 07:00:00+00:00,10.26782,0.8407199,10.09
2019-09-05 08:00:00+00:00,10.16596,0.8777654,10.28
2019-09-05 09:00:00+00:00,10.15946,0.9123622,10.79
2019-09-05 10:00:00+00:00,10.35039,0.9378307,10.55
2019-09-05 11:00:00+00:00,10.34655,0.9599122,11.85
2019-09-05 12:00:00+00:00,10.89823,0.9605988,9.35
2019-09-05 13:00:00+00:00,10.05642,1.00286,12.24
2019-09-05 14:00:00+00:00,10.89452,0.9787183,9.06
2019-09-05 15:00:00+00:00,9.954534,1.013315,9.02
2019-09-05 16:00:00+00:00,9.383487,1.035273,9.23
2019-09-05 17:00:00+00:00,9.204632,1.03269,10.35
2019-09-05 18:00:00+00:00,9.659825,0.9932521,9.91
2019-09-05 19:00:00+00:00,9.732553,0.9572453,10.21
2019-09-05 20:00:00+00:00,9.916407,0.9129919,10.61
2019-09-05 21:00:00+00:00,10.2027,0.8650268,10.38
2019-09-05 22:00:00+00:00,10.22752,0.8229434,10.12
2019-09-05 23:00:00+00:00,10.08868,0.7865295,9.77
2019-09-06 00:00:00+00:00,9.821515,0.7561512,9.64
2019-09-06 01:00:00+00:00,9.657397,0.7139574,9.61
2019-09-06 02:00:00+00:00,9.594892,0.7309887,9.72
2019-09-06 03:00:00+00:00,9.717501,0.7544902,9.84
2019-09-06 04:00:00+00:00,9.892182,0.7811838,10.09
2019-09-06 05:00:00+00:00,10.11992,0.8084094,10.28
2019-09-06 06:00:00+00:00,10.2912,0.8375831,10.73
2019-09-06 07:00:00+00:00,10.5505,0.8645028,10.76
2019-09-06 08:00:00+00:00,10.63081,0.8933939,10.91
2019-09-06 09:00:00+00:00,10.67431,0.9221812,10.42
2019-09-06 10:00:00+00:00,10.43568,0.9555677,10.14
2019-09-06 11:00:00+00:00,10.14,0.9916202,10.7
2019-09-06 12:00:00+00:00,10.2429,1.006043,10.81
2019-09-06 13:00:00+00:00,10.35821,1.011894,9.9
2019-09-06 14:00:00+00:00,10.00275,1.030343,10.18
2019-09-06 15:00:00+00:00,9.950049,1.0301,9.94
2019-09-06 16:00:00+00:00,9.825658,1.025772,9.32
2019-09-06 17:00:00+00:00,9.484423,1.023192,9.69
2019-09-06 18:00:00+00:00,9.502134,0.9965475,9.6
2019-09-06 19:00:00+00:00,9.496998,0.9627143,10.36
2019-09-06 20:00:00+00:00,9.86537,0.9142773,10.57
2019-09-06 21:00:00+00:00,10.15972,0.865846,10.97
2019-09-06 22:00:00+00:00,10.4886,0.8184265,10.14
2019-09-06 23:00:00+00:00,10.21546,0.7834138,10.73
2019-09-07 00:00:00+00:00,10.33402,0.7502792,11.01
2019-09-07 01:00:00+00:00,10.6088,0.7059917,11.33
2019-09-07 02:00:00+00:00,10.93219,0.7196253,11.34
2019-09-07 03:00:00+00:00,11.14341,0.7425702,11.81
2019-09-07 04:00:00+00:00,11.53339,0.7663586,11.35
2019-09-07 05:00:00+00:00,11.49455,0.7948835,12.97
2019-09-07 06:00:00+00:00,12.20173,0.8161566,11.9
2019-09-07 07:00:00+00:00,12.04881,0.8441133,11.6
2019-09-07 08:00:00+00:00,11.79002,0.8748605,12.61
2019-09-07 09:00:00+00:00,12.06547,0.8924016,13.85
2019-09-07 10:00:00+00:00,12.71931,0.8965754,13.09
2019-09-07 11:00:00+00:00,12.75735,0.9100543,13.57
2019-09-07 12:00:00+00:00,12.94503,0.9147664,13.03
2019-09-07 13:00:00+00:00,12.84834,0.9248988,13.13
2019-09-07 14:00:00+00:00,12.81742,0.9299293,11.98
2019-09-07 15:00:00+00:00,12.34752,0.9473462,12.77
2019-09-07 16:00:00+00:00,12.37492,0.9449016,12.62
2019-09-07 17:00:00+00:00,12.3544,0.9424178,12.1
2019-09-07 18:00:00+00:00,12.13431,0.9408095,12.44
2019-09-07 19:00:00+00:00,12.15343,0.926756,12.77
2019-09-07 20:00:00+00:00,12.30849,0.9066281,12.43
2019-09-07 21:00:00+00:00,12.25505,0.8883978,14.46
2019-09-07 22:00:00+00:00,13.05107,0.8540859,13.38
2019-09-07 23:00:00+00:00,13.0536,0.8362234,12.91
2019-09-08 00:00:00+00:00,12.81455,0.8161112,11.96
2019-09-08 01:00:00+00:00,12.34664,0.7796807,11.79
2019-09-08 02:00:00+00:00,12.01851,0.7934917,12.11
2019-09-08 03:00:00+00:00,12.05646,0.8102069,11.86
2019-09-08 04:00:00+00:00,11.99334,0.8312327,12.06
2019-09-08 05:00:00+00:00,12.07221,0.8499517,12.67
2019-09-08 06:00:00+00:00,12.37144,0.8640013,13.39
2019-09-08 07:00:00+00:00,12.80384,0.8740749,13.58
2019-09-08 08:00:00+00:00,13.09103,0.8841167,13.87
2019-09-08 09:00:00+00:00,13.32783,0.8920814,13.69
2019-09-08 10:00:00+00:00,13.36835,0.9021088,13.55
2019-09-08 11:00:00+00:00,13.32192,0.9120038,13.66
2019-09-08 12:00:00+00:00,13.32777,0.9187921,11.57
2019-09-08 13:00:00+00:00,12.5113,0.9511042,11.26
2019-09-08 14:00:00+00:00,11.85383,0.9790956,12.22
2019-09-08 15:00:00+00:00,11.86332,0.9821784,11.35
2019-09-08 16:00:00+00:00,11.53124,0.9964915,11.44
2019-09-08 17:00:00+00:00,11.38716,0.9949314,12.6
2019-09-08 18:00:00+00:00,11.80116,0.967237,12.49
2019-09-08 19:00:00+00:00,12.01647,0.943262,12.44
2019-09-08 20:00:00+00:00,12.10632,0.9180841,12.75
2019-09-08 21:00:00+00:00,12.28576,0.8885152,11.58
2019-09-08 22:00:00+00:00,11.87045,0.870332,11.75
2019-09-08 23:00:00+00:00,11.68179,0.8451679,11.54
2019-09-09 00:00:00+00:00,11.47799,0.8204654,10.62
2019-09-09 01:00:00+00:00,10.962,0.7843243,11.57
2019-09-09 02:00:00+00:00,11.18836,0.7924377,12.24
2019-09-09 03:00:00+00:00,11.6903,0.8040265,11.83
2019-09-09 04:00:00+00:00,11.78005,0.8216057,11.76
2019-09-09 05:00:00+00:00,11.78846,0.8418223,12.61
2019-09-09 06:00:00+00:00,12.15488,0.8565463,12.28
2019-09-09 07:00:00+00:00,12.19853,0.8746823,13.14
2019-09-09 08:00:00+00:00,12.53055,0.8857945,12.98
2019-09-09 09:00:00+00:00,12.61834,0.8999858,12.82
2019-09-09 10:00:00+00:00,12.60472,0.9126686,13.55
2019-09-09 11:00:00+00:00,12.84665,0.9171538,12.73
2019-09-09 12:00:00+00:00,12.6722,0.9310208,12.59
2019-09-09 13:00:00+00:00,12.50835,0.9414814,12.46
2019-09-09 14:00:00+00:00,12.34735,0.9510744,12.09
2019-09-09 15:00:00+00:00,12.09281,0.9616972,12.08
2019-09-09 16:00:00+00:00,11.95106,0.9642544,11.9
2019-09-09 17:00:00+00:00,11.7898,0.9640761,11.75
2019-09-09 18:00:00+00:00,11.66102,0.9564651,12.33
2019-09-09 19:00:00+00:00,11.84796,0.9339374,11
2019-09-09 20:00:00+00:00,11.37263,0.9283736,12.47
2019-09-09 21:00:00+00:00,11.73748,0.8937347,12.81
2019-09-09 22:00:00+00:00,12.09623,0.8621935,11.73
2019-09-09 23:00:00+00:00,11.81178,0.8378619,12.2
2019-09-10 00:00:00+00:00,11.82881,0.8094246,12.75
2019-09-10 01:00:00+00:00,12.17941,0.7649824,12.03
2019-09-10 02:00:00+00:00,12.05551,0.7764902,11.79
2019-09-10 03:00:00+00:00,11.92054,0.7945178,12.19
2019-09-10 04:00:00+00:00,12.06914,0.8133504,10.5
2019-09-10 05:00:00+00:00,11.35417,0.8497318,11.3
2019-09-10 06:00:00+00:00,11.35732,0.8740932,11.84
2019-09-10 07:00:00+00:00,11.60292,0.8921638,11.75
2019-09-10 08:00:00+00:00,11.66553,0.9121624,11.72
2019-09-10 09:00:00+00:00,11.64696,0.9322814,12.52
2019-09-10 10:00:00+00:00,11.95644,0.9394638,12.98
2019-09-10 11:00:00+00:00,12.31302,0.9404913,12.76
2019-09-10 12:00:00+00:00,12.40592,0.9456726,12.59
2019-09-10 13:00:00+00:00,12.37649,0.9509622,11.93
2019-09-10 14:00:00+00:00,12.07736,0.9631194,9.92
2019-09-10 15:00:00+00:00,11.04861,1.003965,10.58
2019-09-10 16:00:00+00:00,10.69272,1.018054,9.49
2019-09-10 17:00:00+00:00,10.05938,1.042071,8.9
2019-09-10 18:00:00+00:00,9.450492,1.058345,9.09
2019-09-10 19:00:00+00:00,9.219252,1.046109,9.32
2019-09-10 20:00:00+00:00,9.229716,1.010512,9.75
2019-09-10 21:00:00+00:00,9.454004,0.9578946,9.5
2019-09-10 22:00:00+00:00,9.46867,0.9052055,9.58
2019-09-10 23:00:00+00:00,9.504715,0.851858,9.62
2019-09-11 00:00:00+00:00,9.523297,0.8029099,9.89
2019-09-11 01:00:00+00:00,9.697374,0.7421342,9.74
2019-09-11 02:00:00+00:00,9.741981,0.7482445,9.64
2019-09-11 03:00:00+00:00,9.770859,0.7665839,9.64
2019-09-11 04:00:00+00:00,9.822316,0.7908329,8.8
2019-09-11 05:00:00+00:00,9.358378,0.8331285,9.35
2019-09-11 06:00:00+00:00,9.445189,0.8647144,9.84
2019-09-11 07:00:00+00:00,9.703798,0.8901414,9.81
2019-09-11 08:00:00+00:00,9.789363,0.9159091,9.39
2019-09-11 09:00:00+00:00,9.57252,0.9506272,9.22
2019-09-11 10:00:00+00:00,9.35368,0.9841754,8.58
2019-09-11 11:00:00+00:00,8.913123,1.024693,8.65
2019-09-11 12:00:00+00:00,8.682864,1.056275,8.01
2019-09-11 13:00:00+00:00,8.250213,1.091706,8.03
2019-09-11 14:00:00+00:00,8.042935,1.107623,7.54
2019-09-11 15:00:00+00:00,7.720789,1.117605,7.68
2019-09-11 16:00:00+00:00,7.632419,1.105861,7.7
2019-09-11 17:00:00+00:00,7.632058,1.076087,7.81
2019-09-11 18:00:00+00:00,7.703043,1.036849,8.01
2019-09-11 19:00:00+00:00,7.856703,0.989427,7.55
2019-09-11 20:00:00+00:00,7.717811,0.9468598,7.29
2019-09-11 21:00:00+00:00,7.531232,0.9064435,7.35
2019-09-11 22:00:00+00:00,7.49134,0.863708,7.31
2019-09-11 23:00:00+00:00,7.469041,0.8217716,7
2019-09-12 00:00:00+00:00,7.307075,0.7878934,7.26
2019-09-12 01:00:00+00:00,7.234974,0.7364934,6.91
2019-09-12 02:00:00+00:00,7.026227,0.7526695,7.64
2019-09-12 03:00:00+00:00,7.496731,0.7676529,6.84
2019-09-12 04:00:00+00:00,7.259481,0.7991092,7.3
2019-09-12 05:00:00+00:00,7.478069,0.8286639,7.7
2019-09-12 06:00:00+00:00,7.796127,0.8539395,7.83
2019-09-12 07:00:00+00:00,7.959383,0.8827481,7.74
2019-09-12 08:00:00+00:00,7.92745,0.9166164,7.94
2019-09-12 09:00:00+00:00,7.964038,0.9500616,7.2
2019-09-12 10:00:00+00:00,7.546452,0.9936033,8.26
2019-09-12 11:00:00+00:00,7.874126,1.013773,8.05
2019-09-12 12:00:00+00:00,7.916534,1.026756,7.6
2019-09-12 13:00:00+00:00,7.678109,1.048162,9.66
2019-09-12 14:00:00+00:00,8.601669,1.024511,4.33
2019-09-12 15:00:00+00:00,6.434539,1.101807,5.52
2019-09-12 16:00:00+00:00,5.827341,1.165705,10.24
2019-09-12 17:00:00+00:00,8.134154,1.044266,7.57
2019-09-12 18:00:00+00:00,7.884342,0.989068,6.87
2019-09-12 19:00:00+00:00,7.37611,0.9658946,7.44
2019-09-12 20:00:00+00:00,7.458858,0.9230444,7.5
2019-09-12 21:00:00+00:00,7.544204,0.8785854,8.19
2019-09-12 22:00:00+00:00,7.956261,0.8308077,7.93
2019-09-12 23:00:00+00:00,7.985283,0.7927034,7.75
2019-09-13 00:00:00+00:00,7.894468,0.7591954,7.95
2019-09-13 01:00:00+00:00,7.860489,0.7113726,7.28
2019-09-13 02:00:00+00:00,7.481537,0.7307398,7.94
2019-09-13 03:00:00+00:00,7.855948,0.7499456,7.55
2019-09-13 04:00:00+00:00,7.825975,0.7805306,6.96
2019-09-13 05:00:00+00:00,7.485307,0.8244964,8.22
2019-09-13 06:00:00+00:00,8.087698,0.8506539,8.26
2019-09-13 07:00:00+00:00,8.329028,0.8767289,8.65
2019-09-13 08:00:00+00:00,8.614499,0.9013361,8.83
2019-09-13 09:00:00+00:00,8.775697,0.9271966,8.65
2019-09-13 10:00:00+00:00,8.714282,0.9557142,8.34
2019-09-13 11:00:00+00:00,8.466558,0.9916204,8.73
2019-09-13 12:00:00+00:00,8.532436,1.011527,8.42
2019-09-13 13:00:00+00:00,8.383547,1.032742,7.78
2019-09-13 14:00:00+00:00,7.983846,1.057886,7.66
2019-09-13 15:00:00+00:00,7.726491,1.072233,7.28
2019-09-13 16:00:00+00:00,7.429441,1.074895,6.99
2019-09-13 17:00:00+00:00,7.157179,1.069063,6.88
2019-09-13 18:00:00+00:00,7.001649,1.047141,6.96
2019-09-13 19:00:00+00:00,6.996927,1.011305,7.25
2019-09-13 20:00:00+00:00,7.177571,0.9631565,7.05
2019-09-13 21:00:00+00:00,7.189216,0.9142808,7.46
2019-09-13 22:00:00+00:00,7.443293,0.8560963,8.05
2019-09-13 23:00:00+00:00,7.873189,0.8029998,7.57
2019-09-14 00:00:00+00:00,7.78741,0.7634842,7.74
2019-09-14 01:00:00+00:00,7.735085,0.7128218,7.95
2019-09-14 02:00:00+00:00,7.863245,0.7218015,7.5
2019-09-14 03:00:00+00:00,7.758159,0.7447667,8.42
2019-09-14 04:00:00+00:00,8.337544,0.7650098,8.02
2019-09-14 05:00:00+00:00,8.319537,0.7973148,7.46
2019-09-14 06:00:00+00:00,7.952005,0.8445721,6.37
2019-09-14 07:00:00+00:00,7.168604,0.9081956,8.06
2019-09-14 08:00:00+00:00,7.703898,0.9397771,8.48
2019-09-14 09:00:00+00:00,8.148408,0.9571474,7.25
2019-09-14 10:00:00+00:00,7.61737,1.006852,6.78
2019-09-14 11:00:00+00:00,7.113746,1.058357,6.23
2019-09-14 12:00:00+00:00,6.533597,1.118572,6.58
2019-09-14 13:00:00+00:00,6.45558,1.144273,8.54
2019-09-14 14:00:00+00:00,7.54819,1.0891,6.03
2019-09-14 15:00:00+00:00,6.692852,1.109277,6.08
2019-09-14 16:00:00+00:00,6.353785,1.109699,6.52
2019-09-14 17:00:00+00:00,6.470934,1.075403,6.1
2019-09-14 18:00:00+00:00,6.327494,1.045249,6.27
2019-09-14 19:00:00+00:00,6.389363,1.004331,6.29
2019-09-14 20:00:00+00:00,6.460353,0.9583769,6.24
2019-09-14 21:00:00+00:00,6.492454,0.9128119,6.54
2019-09-14 22:00:00+00:00,6.689526,0.8665143,7.03
2019-09-14 23:00:00+00:00,7.050383,0.8182612,7.28
2019-09-15 00:00:00+00:00,7.332845,0.7727752,7.34
2019-09-15 01:00:00+00:00,7.333251,0.7209417,6.07
2019-09-15 02:00:00+00:00,6.571022,0.7483914,5.75
2019-09-15 03:00:00+00:00,6.176631,0.7884964,6.11
2019-09-15 04:00:00+00:00,6.308718,0.8206527,6.02
2019-09-15 05:00:00+00:00,6.312179,0.8573023,6.16
2019-09-15 06:00:00+00:00,6.393547,0.8929667,8.4
2019-09-15 07:00:00+00:00,7.777189,0.8972544,6.39
2019-09-15 08:00:00+00:00,7.099795,0.9301808,6.03
2019-09-15 09:00:00+00:00,6.509943,0.9943871,5.38
2019-09-15 10:00:00+00:00,5.864503,1.058379,4.83
2019-09-15 11:00:00+00:00,5.216564,1.131281,4.06
2019-09-15 12:00:00+00:00,4.578653,1.179414,3.12
2019-09-15 13:00:00+00:00,3.686967,1.269825,3.41
2019-09-15 14:00:00+00:00,3.614654,1.258151,3.11
2019-09-15 15:00:00+00:00,3.484426,1.231763,3.21
2019-09-15 16:00:00+00:00,3.463853,1.241727,2.59
2019-09-15 17:00:00+00:00,3.170725,1.255781,1.69
2019-09-15 18:00:00+00:00,2.746913,1.198744,2.62
2019-09-15 19:00:00+00:00,3.233806,1.149519,6.16
2019-09-15 20:00:00+00:00,5.671223,1.117381,5.81
2019-09-15 21:00:00+00:00,6.161614,1.033387,6.17
2019-09-15 22:00:00+00:00,6.506399,0.9636868,6.85
2019-09-15 23:00:00+00:00,6.984282,0.9009941,5.76
2019-09-16 00:00:00+00:00,6.437709,0.8600717,5.71
2019-09-16 01:00:00+00:00,5.92551,0.8426991,5.69
2019-09-16 02:00:00+00:00,5.694183,0.8849101,5.48
2019-09-16 03:00:00+00:00,5.594855,0.9312994,5.71
2019-09-16 04:00:00+00:00,5.814808,0.974879,5.58
2019-09-16 05:00:00+00:00,5.806712,1.03129,6.07
2019-09-16 06:00:00+00:00,6.164711,1.071533,7.22
2019-09-16 07:00:00+00:00,7.058825,1.091103,6.77
2019-09-16 08:00:00+00:00,7.052079,1.112727,8.13
2019-09-16 09:00:00+00:00,7.846588,1.126331,9.13
2019-09-16 10:00:00+00:00,8.708068,1.122123,9.61
2019-09-16 11:00:00+00:00,9.275242,1.105455,10.31
2019-09-16 12:00:00+00:00,9.841781,1.090688,10.79
2019-09-16 13:00:00+00:00,10.25942,1.055044,9.46
2019-09-16 14:00:00+00:00,9.685641,1.072426,5.87
2019-09-16 15:00:00+00:00,7.549443,1.168554,9.34
2019-09-16 16:00:00+00:00,8.339741,1.124285,8.29
2019-09-16 17:00:00+00:00,8.214504,1.086364,8.55
2019-09-16 18:00:00+00:00,8.345696,1.047773,8.81
2019-09-16 19:00:00+00:00,8.575913,1.004096,9.04
2019-09-16 20:00:00+00:00,8.831682,0.9509781,10.32
2019-09-16 21:00:00+00:00,9.625099,0.8857784,10.51
2019-09-16 22:00:00+00:00,10.04389,0.8308015,9.75
2019-09-16 23:00:00+00:00,9.785101,0.7869927,8.87
2019-09-17 00:00:00+00:00,9.16729,0.7583601,8.44
2019-09-17 01:00:00+00:00,8.628569,0.73412,8.14
2019-09-17 02:00:00+00:00,8.216549,0.7728421,8.55
2019-09-17 03:00:00+00:00,8.407384,0.8127735,8.24
2019-09-17 04:00:00+00:00,8.401682,0.8576141,8.02
2019-09-17 05:00:00+00:00,8.314485,0.9048116,8.61
2019-09-17 06:00:00+00:00,8.592905,0.954657,9.6
2019-09-17 07:00:00+00:00,9.279261,0.9887391,11.31
2019-09-17 08:00:00+00:00,10.44923,1.010669,10.14
2019-09-17 09:00:00+00:00,10.3517,1.037335,9.96
2019-09-17 10:00:00+00:00,10.13024,1.075828,10.06
2019-09-17 11:00:00+00:00,10.03533,1.104765,9.24
2019-09-17 12:00:00+00:00,9.56003,1.139211,9.42
2019-09-17 13:00:00+00:00,9.367132,1.151945,9.71
2019-09-17 14:00:00+00:00,9.413271,1.132847,9.03
2019-09-17 15:00:00+00:00,9.122151,1.126328,9.07
2019-09-17 16:00:00+00:00,9.01062,1.114312,9.23
2019-09-17 17:00:00+00:00,9.04985,1.083473,9.19
2019-09-17 18:00:00+00:00,9.07992,1.04332,9.45
2019-09-17 19:00:00+00:00,9.232929,0.9948041,9.79
2019-09-17 20:00:00+00:00,9.482734,0.9434577,9.49
2019-09-17 21:00:00+00:00,9.454887,0.89348,9.39
2019-09-17 22:00:00+00:00,9.369442,0.8487248,8.58
2019-09-17 23:00:00+00:00,8.892145,0.8147883,8.12
2019-09-18 00:00:00+00:00,8.427212,0.7875509,8.12
2019-09-18 01:00:00+00:00,8.153274,0.7551057,7.99
2019-09-18 02:00:00+00:00,7.988426,0.7812055,8.85
2019-09-18 03:00:00+00:00,8.550052,0.8060483,8.72
2019-09-18 04:00:00+00:00,8.775745,0.8382379,8.55
2019-09-18 05:00:00+00:00,8.806854,0.8752913,9.29
2019-09-18 06:00:00+00:00,9.237985,0.9022486,9.81
2019-09-18 07:00:00+00:00,9.675304,0.9254373,9.59
2019-09-18 08:00:00+00:00,9.68666,0.9526705,9.87
2019-09-18 09:00:00+00:00,9.781432,0.9805933,9.72
2019-09-18 10:00:00+00:00,9.72697,1.003779,9.66
2019-09-18 11:00:00+00:00,9.607769,1.0319,11.07
2019-09-18 12:00:00+00:00,10.23624,1.024256,10.92
2019-09-18 13:00:00+00:00,10.46761,1.019071,11.14
2019-09-18 14:00:00+00:00,10.68061,1.006993,11.18
2019-09-18 15:00:00+00:00,10.80942,0.9913848,11.29
2019-09-18 16:00:00+00:00,10.92746,0.9718729,11.47
2019-09-18 17:00:00+00:00,11.07362,0.9477255,11.69
2019-09-18 18:00:00+00:00,11.24211,0.9220849,11.03
2019-09-18 19:00:00+00:00,11.02914,0.9017975,10.12
2019-09-18 20:00:00+00:00,10.46403,0.8898152,10.04
2019-09-18 21:00:00+00:00,10.11871,0.8724602,9.07
2019-09-18 22:00:00+00:00,9.462229,0.8622877,8.5
2019-09-18 23:00:00+00:00,8.863326,0.8477318,8.84
2019-09-19 00:00:00+00:00,8.767271,0.8182597,9.26
2019-09-19 01:00:00+00:00,8.909142,0.7727952,9.32
2019-09-19 02:00:00+00:00,9.064362,0.7888346,8.55
2019-09-19 03:00:00+00:00,8.805619,0.8207462,8.21
2019-09-19 04:00:00+00:00,8.561384,0.8626148,9.06
2019-09-19 05:00:00+00:00,8.976717,0.8926592,8.84
2019-09-19 06:00:00+00:00,9.035048,0.9265585,8.57
2019-09-19 07:00:00+00:00,8.876616,0.9684159,8.36
2019-09-19 08:00:00+00:00,8.656853,1.011648,8.22
2019-09-19 09:00:00+00:00,8.440783,1.054432,9.59
2019-09-19 10:00:00+00:00,9.015165,1.068502,9.24
2019-09-19 11:00:00+00:00,9.094561,1.082647,10.28
2019-09-19 12:00:00+00:00,9.643965,1.072916,10.64
2019-09-19 13:00:00+00:00,10.08612,1.052652,11.08
2019-09-19 14:00:00+00:00,10.49903,1.027365,10.56
2019-09-19 15:00:00+00:00,10.44225,1.012302,10.31
2019-09-19 16:00:00+00:00,10.27241,0.9995574,10.06
2019-09-19 17:00:00+00:00,10.07752,0.9827455,10.18
2019-09-19 18:00:00+00:00,10.028,0.9598883,9.96
2019-09-19 19:00:00+00:00,9.907066,0.9347883,10.99
2019-09-19 20:00:00+00:00,10.3787,0.8862391,8.95
2019-09-19 21:00:00+00:00,9.602223,0.8668739,9.27
2019-09-19 22:00:00+00:00,9.347418,0.8392189,8.83
2019-09-19 23:00:00+00:00,9.003159,0.8128974,8.4
2019-09-20 00:00:00+00:00,8.625978,0.7880305,8.88
2019-09-20 01:00:00+00:00,8.668867,0.7456491,8.39
2019-09-20 02:00:00+00:00,8.454609,0.7677824,8.6
2019-09-20 03:00:00+00:00,8.594296,0.7955043,7.93
2019-09-20 04:00:00+00:00,8.348383,0.8327262,9.18
2019-09-20 05:00:00+00:00,9.004861,0.8552988,9.51
2019-09-20 06:00:00+00:00,9.461643,0.8766623,10.06
2019-09-20 07:00:00+00:00,9.931,0.8947575,10.36
2019-09-20 08:00:00+00:00,10.23106,0.9152108,9.99
2019-09-20 09:00:00+00:00,10.12265,0.9438167,10.41
2019-09-20 10:00:00+00:00,10.23381,0.9638057,10
2019-09-20 11:00:00+00:00,10.08617,0.9849829,9.52
2019-09-20 12:00:00+00:00,9.736885,1.014713,10.08
2019-09-20 13:00:00+00:00,9.822086,1.021723,8.99
2019-09-20 14:00:00+00:00,9.382624,1.040538,9.17
2019-09-20 15:00:00+00:00,9.20244,1.047192,8.61
2019-09-20 16:00:00+00:00,8.860067,1.052057,8.15
2019-09-20 17:00:00+00:00,8.467385,1.052085,9.34
2019-09-20 18:00:00+00:00,8.856622,1.006033,9.18
2019-09-20 19:00:00+00:00,8.989787,0.9655841,9.3
2019-09-20 20:00:00+00:00,9.129668,0.9183468,8.8
2019-09-20 21:00:00+00:00,8.95268,0.877784,9.16
2019-09-20 22:00:00+00:00,9.03897,0.8322598,9.61
2019-09-20 23:00:00+00:00,9.302658,0.7858514,9.25
2019-09-21 00:00:00+00:00,9.230556,0.7483148,8.8
2019-09-21 01:00:00+00:00,8.961763,0.7030182,8.76
2019-09-21 02:00:00+00:00,8.850452,0.7183374,10.14
2019-09-21 03:00:00+00:00,9.674777,0.7320758,10.25
2019-09-21 04:00:00+00:00,10.14003,0.75214,10.44
2019-09-21 05:00:00+00:00,10.44657,0.7776218,11.56
2019-09-21 06:00:00+00:00,11.12457,0.7997366,10.45
2019-09-21 07:00:00+00:00,10.85124,0.8324627,11.14
2019-09-21 08:00:00+00:00,10.99572,0.8606738,10.8
2019-09-21 09:00:00+00:00,10.86792,0.8928036,10.61
2019-09-21 10:00:00+00:00,10.65425,0.9281765,9.48
2019-09-21 11:00:00+00:00,9.985771,0.9811749,10.77
2019-09-21 12:00:00+00:00,10.18206,0.9987037,9.9
2019-09-21 13:00:00+00:00,9.935935,1.023824,11.12
2019-09-21 14:00:00+00:00,10.34231,1.014003,10.43
2019-09-21 15:00:00+00:00,10.27753,1.01457,9.85
2019-09-21 16:00:00+00:00,9.986707,1.016819,9.89
2019-09-21 17:00:00+00:00,9.854655,1.006002,10.53
2019-09-21 18:00:00+00:00,10.10635,0.9720926,9.81
2019-09-21 19:00:00+00:00,9.9231,0.9481635,10.16
2019-09-21 20:00:00+00:00,9.980741,0.9125654,10.62
2019-09-21 21:00:00+00:00,10.22948,0.869944,10.97
2019-09-21 22:00:00+00:00,10.53953,0.8229088,10.39
2019-09-21 23:00:00+00:00,10.38724,0.7908399,10.93
2019-09-22 00:00:00+00:00,10.53452,0.7559118,9.93
2019-09-22 01:00:00+00:00,10.16956,0.7159639,10.36
2019-09-22 02:00:00+00:00,10.23266,0.7313759,10.09
2019-09-22 03:00:00+00:00,10.1813,0.7573643,10.61
2019-09-22 04:00:00+00:00,10.47771,0.7827468,10.27
2019-09-22 05:00:00+00:00,10.43533,0.8147635,10.91
2019-09-22 06:00:00+00:00,10.69602,0.8435198,10.45
2019-09-22 07:00:00+00:00,10.56037,0.878681,10.45
2019-09-22 08:00:00+00:00,10.47849,0.9111245,9.95
2019-09-22 09:00:00+00:00,10.15836,0.9511729,9.37
2019-09-22 10:00:00+00:00,9.676998,0.9998519,10.07
2019-09-22 11:00:00+00:00,9.747175,1.022548,9.9
2019-09-22 12:00:00+00:00,9.694166,1.04316,9.3
2019-09-22 13:00:00+00:00,9.395754,1.067631,8.29
2019-09-22 14:00:00+00:00,8.758092,1.104954,7.61
2019-09-22 15:00:00+00:00,8.110474,1.138521,7.88
2019-09-22 16:00:00+00:00,7.914546,1.13783,8.36
2019-09-22 17:00:00+00:00,8.051353,1.111786,8.91
2019-09-22 18:00:00+00:00,8.458369,1.0541,8.19
2019-09-22 19:00:00+00:00,8.302663,1.017091,8.02
2019-09-22 20:00:00+00:00,8.14793,0.974313,7.47
2019-09-22 21:00:00+00:00,7.801612,0.9362866,6.98
2019-09-22 22:00:00+00:00,7.406404,0.9002976,7.92
2019-09-22 23:00:00+00:00,7.750903,0.8463746,8.04
2019-09-23 00:00:00+00:00,7.973709,0.7950223,8.6
2019-09-23 01:00:00+00:00,8.289915,0.7421837,8.11
2019-09-23 02:00:00+00:00,8.146429,0.757999,8.25
2019-09-23 03:00:00+00:00,8.270122,0.7861943,8.32
2019-09-23 04:00:00+00:00,8.46432,0.8125547,8.51
2019-09-23 05:00:00+00:00,8.689344,0.8413473,8.73
2019-09-23 06:00:00+00:00,8.881584,0.8726073,9.79
2019-09-23 07:00:00+00:00,9.502946,0.8964839,9.05
2019-09-23 08:00:00+00:00,9.311941,0.9324357,9.96
2019-09-23 09:00:00+00:00,9.61487,0.9637436,8.6
2019-09-23 10:00:00+00:00,8.93611,1.028366,5.2
2019-09-23 11:00:00+00:00,6.86982,1.179561,8.7
2019-09-23 12:00:00+00:00,7.561054,1.215942,8.17
2019-09-23 13:00:00+00:00,7.694514,1.243042,8.76
2019-09-23 14:00:00+00:00,8.128963,1.245254,8.4
2019-09-23 15:00:00+00:00,8.191718,1.24924,7.59
2019-09-23 16:00:00+00:00,7.807129,1.26789,7.42
2019-09-23 17:00:00+00:00,7.535499,1.282275,6.93
2019-09-23 18:00:00+00:00,7.189333,1.2896,5.05
2019-09-23 19:00:00+00:00,6.083199,1.282354,8.67
2019-09-23 20:00:00+00:00,7.630179,1.24789,8.58
2019-09-23 21:00:00+00:00,8.25528,1.186187,8.71
2019-09-23 22:00:00+00:00,8.579576,1.118201,7.79
2019-09-23 23:00:00+00:00,8.171857,1.053229,8.55
2019-09-24 00:00:00+00:00,8.386681,0.987178,9.27
2019-09-24 01:00:00+00:00,8.854449,0.9901444,9.44
2019-09-24 02:00:00+00:00,9.16692,1.062256,10.39
2019-09-24 03:00:00+00:00,9.960526,1.141663,10.36
2019-09-24 04:00:00+00:00,10.31847,1.266015,10.13
2019-09-24 05:00:00+00:00,10.37468,1.387634,11.3
2019-09-24 06:00:00+00:00,10.99234,1.445183,11.23
2019-09-24 07:00:00+00:00,11.20419,1.470873,10.47
2019-09-24 08:00:00+00:00,10.94135,1.479005,9.73
2019-09-24 09:00:00+00:00,10.40032,1.475764,9.63
2019-09-24 10:00:00+00:00,9.9989,1.440048,9.03
2019-09-24 11:00:00+00:00,9.471125,1.426205,10.24
2019-09-24 12:00:00+00:00,9.74098,1.348273,9.96
2019-09-24 13:00:00+00:00,9.805785,1.278031,10.6
2019-09-24 14:00:00+00:00,10.14521,1.196712,10.81
2019-09-24 15:00:00+00:00,10.43464,1.123505,11.04
2019-09-24 16:00:00+00:00,10.68155,1.05916,10.54
2019-09-24 17:00:00+00:00,10.54802,1.014503,10.71
2019-09-24 18:00:00+00:00,10.52876,0.9759593,10.38
2019-09-24 19:00:00+00:00,10.36924,0.9434283,10.27
2019-09-24 20:00:00+00:00,10.22356,0.9085017,9.52
2019-09-24 21:00:00+00:00,9.783643,0.8821237,9.09
2019-09-24 22:00:00+00:00,9.344158,0.8566861,8.38
2019-09-24 23:00:00+00:00,8.771742,0.8359476,7.72
2019-09-25 00:00:00+00:00,8.179875,0.8157544,7.95
2019-09-25 01:00:00+00:00,7.924307,0.7838718,7.84
2019-09-25 02:00:00+00:00,7.794838,0.8081923,7.67
2019-09-25 03:00:00+00:00,7.76443,0.840763,6.99
2019-09-25 04:00:00+00:00,7.419295,0.8872675,7.4
2019-09-25 05:00:00+00:00,7.564668,0.9250983,7.14
2019-09-25 06:00:00+00:00,7.435848,0.974506,6.58
2019-09-25 07:00:00+00:00,6.97242,1.045145,6.55
2019-09-25 08:00:00+00:00,6.757481,1.103379,6.61
2019-09-25 09:00:00+00:00,6.673841,1.15243,6.19
2019-09-25 10:00:00+00:00,6.397413,1.19446,6.71
2019-09-25 11:00:00+00:00,6.560127,1.217072,5.84
2019-09-25 12:00:00+00:00,6.117893,1.24877,6.49
2019-09-25 13:00:00+00:00,6.189952,1.305495,6.27
2019-09-25 14:00:00+00:00,6.130658,1.340195,6.17
2019-09-25 15:00:00+00:00,6.103469,1.360211,4.32
2019-09-25 16:00:00+00:00,5.09981,1.383128,3.37
2019-09-25 17:00:00+00:00,4.250939,1.387828,1.94
2019-09-25 18:00:00+00:00,3.277059,1.3562,0.81
2019-09-25 19:00:00+00:00,2.457766,1.325253,1.17
2019-09-25 20:00:00+00:00,2.457809,1.250412,2.4
2019-09-25 21:00:00+00:00,3.190889,1.192242,2.97
2019-09-25 22:00:00+00:00,3.742207,1.098442,2.96
2019-09-25 23:00:00+00:00,3.883695,1.003088,3.39
2019-09-26 00:00:00+00:00,4.155423,0.9232854,2.95
2019-09-26 01:00:00+00:00,3.560246,0.9063804,3.45
2019-09-26 02:00:00+00:00,3.497919,0.9645236,3.82
2019-09-26 03:00:00+00:00,3.763676,0.9992796,4.3
2019-09-26 04:00:00+00:00,4.214572,1.043744,2.85
2019-09-26 05:00:00+00:00,3.423349,1.083356,2.59
2019-09-26 06:00:00+00:00,2.931977,1.168326,3.96
2019-09-26 07:00:00+00:00,3.667345,1.240608,4.63
2019-09-26 08:00:00+00:00,4.381144,1.303914,4.9
2019-09-26 09:00:00+00:00,4.786117,1.375308,5.29
2019-09-26 10:00:00+00:00,5.182141,1.452529,4.32
2019-09-26 11:00:00+00:00,4.600021,1.521947,1.66
2019-09-26 12:00:00+00:00,2.887871,1.476917,4.17
2019-09-26 13:00:00+00:00,3.95644,1.55708,3.52
2019-09-26 14:00:00+00:00,3.906387,1.557815,2.9
2019-09-26 15:00:00+00:00,3.595057,1.522803,3.2
2019-09-26 16:00:00+00:00,3.751334,1.530767,2.52
2019-09-26 17:00:00+00:00,3.416352,1.503826,1.61
2019-09-26 18:00:00+00:00,2.862798,1.458001,0.61
2019-09-26 19:00:00+00:00,2.300966,1.418646,1.79
2019-09-26 20:00:00+00:00,2.780409,1.354847,1.77
2019-09-26 21:00:00+00:00,3.022073,1.301549,2.53
2019-09-26 22:00:00+00:00,3.682725,1.506493,2.55
2019-09-26 23:00:00+00:00,3.700681,1.503291,3.56
2019-09-27 00:00:00+00:00,4.379058,1.491319,1.5
2019-09-27 01:00:00+00:00,2.69933,1.392997,1.8
2019-09-27 02:00:00+00:00,2.628788,1.440785,4.1
2019-09-27 03:00:00+00:00,4.32336,1.741181,3.59
2019-09-27 04:00:00+00:00,4.318914,1.86861,5.12
2019-09-27 05:00:00+00:00,5.420898,2.121391,4.92
2019-09-27 06:00:00+00:00,5.485568,2.187177,5.12
2019-09-27 07:00:00+00:00,5.553623,2.209853,5.97
2019-09-27 08:00:00+00:00,6.048608,2.249557,6.64
2019-09-27 09:00:00+00:00,6.583399,2.236818,5.77
2019-09-27 10:00:00+00:00,6.116799,2.122693,4.91
2019-09-27 11:00:00+00:00,5.339277,2.001126,4.27
2019-09-27 12:00:00+00:00,4.603271,1.920799,3.74
2019-09-27 13:00:00+00:00,4.054507,1.827155,2.99
2019-09-27 14:00:00+00:00,3.501556,1.716717,0.16
2019-09-27 15:00:00+00:00,1.997753,1.490708,0.900000000000001
2019-09-27 16:00:00+00:00,1.913282,1.443831,0.33
2019-09-27 17:00:00+00:00,1.704147,1.393922,1.07
2019-09-27 18:00:00+00:00,2.153255,1.304901,3.54
2019-09-27 19:00:00+00:00,3.924901,1.364497,4.31
2019-09-27 20:00:00+00:00,4.767629,1.344276,4.83
2019-09-27 21:00:00+00:00,5.247078,1.277472,5.05
2019-09-27 22:00:00+00:00,5.472125,1.163778,5.16
2019-09-27 23:00:00+00:00,5.590673,1.051408,4.93
2019-09-28 00:00:00+00:00,5.489644,0.9462851,5.43
2019-09-28 01:00:00+00:00,5.474005,0.9081828,5.96
2019-09-28 02:00:00+00:00,5.798006,0.9179158,5.1
2019-09-28 03:00:00+00:00,5.39781,0.9503403,4.79
2019-09-28 04:00:00+00:00,5.126126,0.9888464,5.15
2019-09-28 05:00:00+00:00,5.288106,1.026121,6.23
2019-09-28 06:00:00+00:00,6.038832,1.057329,6.63
2019-09-28 07:00:00+00:00,6.562026,1.073932,6.27
2019-09-28 08:00:00+00:00,6.479935,1.095759,5.25
2019-09-28 09:00:00+00:00,5.760614,1.138529,6.61
2019-09-28 10:00:00+00:00,6.338161,1.141364,6.94
2019-09-28 11:00:00+00:00,6.669605,1.15162,7.59
2019-09-28 12:00:00+00:00,7.171595,1.147866,8.75
2019-09-28 13:00:00+00:00,8.103187,1.105919,8.82
2019-09-28 14:00:00+00:00,8.518805,1.063476,8.91
2019-09-28 15:00:00+00:00,8.742599,1.022963,9.95
2019-09-28 16:00:00+00:00,9.357618,0.9772528,9.95
2019-09-28 17:00:00+00:00,9.622201,0.9266411,9.7
2019-09-28 18:00:00+00:00,9.61621,0.894274,9
2019-09-28 19:00:00+00:00,9.228072,0.874593,10.82
2019-09-28 20:00:00+00:00,9.984251,0.8349645,8.68
2019-09-28 21:00:00+00:00,9.227891,0.8163688,7.26
2019-09-28 22:00:00+00:00,8.130853,0.8182047,8.59
2019-09-28 23:00:00+00:00,8.350525,0.7903647,8.46
2019-09-29 00:00:00+00:00,8.394937,0.7604564,8.1
2019-09-29 01:00:00+00:00,8.175486,0.7189823,8.15
2019-09-29 02:00:00+00:00,8.149736,0.7379751,7.74
2019-09-29 03:00:00+00:00,8.012488,0.7683424,7.76
2019-09-29 04:00:00+00:00,8.052335,0.8012596,7.57
2019-09-29 05:00:00+00:00,7.982396,0.8395097,7.91
2019-09-29 06:00:00+00:00,8.123729,0.8760703,6.81
2019-09-29 07:00:00+00:00,7.541362,0.929509,8.22
2019-09-29 08:00:00+00:00,8.004981,0.959929,9.25
2019-09-29 09:00:00+00:00,8.728619,0.9709617,8.54
2019-09-29 10:00:00+00:00,8.658495,0.9957494,8.15
2019-09-29 11:00:00+00:00,8.373771,1.026569,8.38
2019-09-29 12:00:00+00:00,8.301068,1.049725,8.65
2019-09-29 13:00:00+00:00,8.401227,1.056348,7.94
2019-09-29 14:00:00+00:00,8.091106,1.069555,7.42
2019-09-29 15:00:00+00:00,7.679001,1.082588,7.34
2019-09-29 16:00:00+00:00,7.444204,1.079418,6.49
2019-09-29 17:00:00+00:00,6.976671,1.065706,8.49
2019-09-29 18:00:00+00:00,7.760694,1.007426,7.47
2019-09-29 19:00:00+00:00,7.657267,0.9621896,6.61
2019-09-29 20:00:00+00:00,7.157973,0.939118,7.58
2019-09-29 21:00:00+00:00,7.459498,0.8876922,7.95
2019-09-29 22:00:00+00:00,7.810104,0.8333288,7.39
2019-09-29 23:00:00+00:00,7.670807,0.7946356,7.57
2019-09-30 00:00:00+00:00,7.701881,0.7606276,7.72
2019-09-30 01:00:00+00:00,7.700484,0.709803,7.98
2019-09-30 02:00:00+00:00,7.888837,0.7186074,8.32
2019-09-30 03:00:00+00:00,8.262298,0.7359807,8.6
2019-09-30 04:00:00+00:00,8.648569,0.7567042,9.05
2019-09-30 05:00:00+00:00,9.092989,0.7790982,9
2019-09-30 06:00:00+00:00,9.238911,0.8065342,9.53
2019-09-30 07:00:00+00:00,9.551487,0.8331853,8.81
2019-09-30 08:00:00+00:00,9.275045,0.869918,9.26
2019-09-30 09:00:00+00:00,9.314665,0.9030296,9.84
2019-09-30 10:00:00+00:00,9.548033,0.9290903,9.25
2019-09-30 11:00:00+00:00,9.349767,0.9620556,9.54
2019-09-30 12:00:00+00:00,9.346143,0.9864578,9.04
2019-09-30 13:00:00+00:00,9.094999,1.013348,9.3
2019-09-30 14:00:00+00:00,9.081622,1.023955,8.2
2019-09-30 15:00:00+00:00,8.570185,1.046681,8.12
2019-09-30 16:00:00+00:00,8.273268,1.0528,8.43
2019-09-30 17:00:00+00:00,8.280519,1.035888,8.48
2019-09-30 18:00:00+00:00,8.334203,1.00542,9.42
2019-09-30 19:00:00+00:00,8.828253,0.9544921,9.6
2019-09-30 20:00:00+00:00,9.20343,0.8985072,9.64
2019-09-30 21:00:00+00:00,9.405208,0.8500823,9.65
2019-09-30 22:00:00+00:00,9.498662,0.8054237,9.21
2019-09-30 23:00:00+00:00,9.299688,0.771431,9.52
2019-10-01 00:00:00+00:00,9.340343,0.7385895,9.53
2019-10-01 01:00:00+00:00,9.371762,0.6921102,9.67
2019-10-01 02:00:00+00:00,9.508034,0.7070055,9.09
2019-10-01 03:00:00+00:00,9.32393,0.7371325,9.87
2019-10-01 04:00:00+00:00,9.713232,0.7668222,9.64
2019-10-01 05:00:00+00:00,9.772551,0.8010546,9.41
2019-10-01 06:00:00+00:00,9.68945,0.8384072,11.09
2019-10-01 07:00:00+00:00,10.45059,0.8601602,11.82
2019-10-01 08:00:00+00:00,11.09253,0.8792766,11.56
2019-10-01 09:00:00+00:00,11.2526,0.9020227,12.05
2019-10-01 10:00:00+00:00,11.50085,0.9197887,10.9
2019-10-01 11:00:00+00:00,11.11213,0.951702,10.78
2019-10-01 12:00:00+00:00,10.81199,0.9820794,10.64
2019-10-01 13:00:00+00:00,10.5784,1.008696,10.37
2019-10-01 14:00:00+00:00,10.32966,1.031982,11.4
2019-10-01 15:00:00+00:00,10.65321,1.02296,10.68
2019-10-01 16:00:00+00:00,10.57871,1.020219,10.95
2019-10-01 17:00:00+00:00,10.65332,1.004516,10.27
2019-10-01 18:00:00+00:00,10.41041,0.9952586,9.67
2019-10-01 19:00:00+00:00,9.997352,0.9870316,10.56
2019-10-01 20:00:00+00:00,10.16535,0.9535933,10.82
2019-10-01 21:00:00+00:00,10.39106,0.9136938,10.25
2019-10-01 22:00:00+00:00,10.24706,0.8788413,11
2019-10-01 23:00:00+00:00,10.49887,0.836486,9.87
2019-10-02 00:00:00+00:00,10.07401,0.805764,9.31
2019-10-02 01:00:00+00:00,9.568879,0.769725,10.14
2019-10-02 02:00:00+00:00,9.815213,0.7804633,9.96
2019-10-02 03:00:00+00:00,9.911831,0.8026513,10.37
2019-10-02 04:00:00+00:00,10.2249,0.8245515,10.98
2019-10-02 05:00:00+00:00,10.70487,0.8435112,9.93
2019-10-02 06:00:00+00:00,10.40773,0.8762304,11.18
2019-10-02 07:00:00+00:00,10.83412,0.8951362,11.37
2019-10-02 08:00:00+00:00,11.09964,0.9137765,10.9
2019-10-02 09:00:00+00:00,10.96487,0.9420805,11.37
2019-10-02 10:00:00+00:00,11.04685,0.9631851,11.89
2019-10-02 11:00:00+00:00,11.33954,0.9706907,11.15
2019-10-02 12:00:00+00:00,11.13359,0.9931315,10.43
2019-10-02 13:00:00+00:00,10.72153,1.019659,10.97
2019-10-02 14:00:00+00:00,10.70436,1.027531,11.28
2019-10-02 15:00:00+00:00,10.84047,1.023344,10.86
2019-10-02 16:00:00+00:00,10.75583,1.021459,11.43
2019-10-02 17:00:00+00:00,10.96475,1.000714,11.21
2019-10-02 18:00:00+00:00,10.99444,0.9826806,11.88
2019-10-02 19:00:00+00:00,11.29895,0.950643,12.39
2019-10-02 20:00:00+00:00,11.70185,0.9143855,11.63
2019-10-02 21:00:00+00:00,11.58977,0.8893115,11.84
2019-10-02 22:00:00+00:00,11.59138,0.8603927,11.67
2019-10-02 23:00:00+00:00,11.49969,0.8343358,11.8
2019-10-03 00:00:00+00:00,11.50625,0.8057246,11.73
2019-10-03 01:00:00+00:00,11.57322,0.766036,11.23
2019-10-03 02:00:00+00:00,11.39021,0.7831231,11.41
2019-10-03 03:00:00+00:00,11.39441,0.8062367,11.41
2019-10-03 04:00:00+00:00,11.42122,0.831485,11.44
2019-10-03 05:00:00+00:00,11.46095,0.8568115,11.08
2019-10-03 06:00:00+00:00,11.31433,0.8860644,13.42
2019-10-03 07:00:00+00:00,12.22316,0.8901564,11.58
2019-10-03 08:00:00+00:00,11.9322,0.9181305,11.38
2019-10-03 09:00:00+00:00,11.63772,0.9456075,13.28
2019-10-03 10:00:00+00:00,12.22848,0.9447556,13.93
2019-10-03 11:00:00+00:00,12.85206,0.9397244,13.25
2019-10-03 12:00:00+00:00,12.9087,0.9469983,12.94
2019-10-03 13:00:00+00:00,12.79784,0.9554921,12.29
2019-10-03 14:00:00+00:00,12.47165,0.9701776,12.63
2019-10-03 15:00:00+00:00,12.41433,0.9730585,11.93
2019-10-03 16:00:00+00:00,12.11186,0.9838827,12.13
2019-10-03 17:00:00+00:00,12.02359,0.9817815,12.05
2019-10-03 18:00:00+00:00,11.9414,0.976851,12.37
2019-10-03 19:00:00+00:00,12.00631,0.9622362,9.33
2019-10-03 20:00:00+00:00,10.82313,0.9854058,13.06
2019-10-03 21:00:00+00:00,11.65003,0.9348516,12.06
2019-10-03 22:00:00+00:00,11.75628,0.9096317,12.69
2019-10-03 23:00:00+00:00,12.06018,0.8737297,12.21
2019-10-04 00:00:00+00:00,12.00413,0.846391,12.38
2019-10-04 01:00:00+00:00,12.10665,0.8008198,11.91
2019-10-04 02:00:00+00:00,11.98013,0.8114673,11.68
2019-10-04 03:00:00+00:00,11.83182,0.829569,11.6
2019-10-04 04:00:00+00:00,11.73984,0.8510112,11.14
2019-10-04 05:00:00+00:00,11.47124,0.8794257,11.16
2019-10-04 06:00:00+00:00,11.32396,0.9071668,11.71
2019-10-04 07:00:00+00:00,11.46969,0.9263637,11.3
2019-10-04 08:00:00+00:00,11.37998,0.9501988,10.85
2019-10-04 09:00:00+00:00,11.10419,0.9795084,11.52
2019-10-04 10:00:00+00:00,11.21574,0.9925299,12.53
2019-10-04 11:00:00+00:00,11.70021,0.9877529,15.74
2019-10-04 12:00:00+00:00,13.19845,0.9479741,12.02
2019-10-04 13:00:00+00:00,12.65541,0.9672216,12.84
2019-10-04 14:00:00+00:00,12.57276,0.9639489,13.24
2019-10-04 15:00:00+00:00,12.69163,0.9582852,12.81
2019-10-04 16:00:00+00:00,12.59619,0.9574944,12.98
2019-10-04 17:00:00+00:00,12.60785,0.9493664,12.05
2019-10-04 18:00:00+00:00,12.24839,0.9510067,10.92
2019-10-04 19:00:00+00:00,11.56889,0.9591163,10.63
2019-10-04 20:00:00+00:00,11.04883,0.959413,10.02
2019-10-04 21:00:00+00:00,10.495,0.9574279,10.22
2019-10-04 22:00:00+00:00,10.27648,0.9376515,9.99
2019-10-04 23:00:00+00:00,10.07414,0.909401,9.59
2019-10-05 00:00:00+00:00,9.774039,0.8788098,9.8
2019-10-05 01:00:00+00:00,9.676249,0.8307401,9.74
2019-10-05 02:00:00+00:00,9.658902,0.8410673,9.63
2019-10-05 03:00:00+00:00,9.714191,0.854461,9.75
2019-10-05 04:00:00+00:00,9.794065,0.8776903,10.02
2019-10-05 05:00:00+00:00,9.991573,0.8982216,9.82
2019-10-05 06:00:00+00:00,9.968851,0.9250805,8.91
2019-10-05 07:00:00+00:00,9.508334,0.9646592,9.05
2019-10-05 08:00:00+00:00,9.326224,0.9980632,9.95
2019-10-05 09:00:00+00:00,9.612113,1.014387,8.72
2019-10-05 10:00:00+00:00,9.155202,1.054719,8.69
2019-10-05 11:00:00+00:00,8.844656,1.091958,8.3
2019-10-05 12:00:00+00:00,8.475924,1.126802,6.38
2019-10-05 13:00:00+00:00,7.492054,1.177482,7.03
2019-10-05 14:00:00+00:00,7.203614,1.194296,6.74
2019-10-05 15:00:00+00:00,6.937361,1.192818,5.72
2019-10-05 16:00:00+00:00,6.278568,1.212633,6.22
2019-10-05 17:00:00+00:00,6.198289,1.188305,6.76
2019-10-05 18:00:00+00:00,6.495704,1.120811,5.93
2019-10-05 19:00:00+00:00,6.237588,1.080878,5.51
2019-10-05 20:00:00+00:00,5.936216,1.040922,5.92
2019-10-05 21:00:00+00:00,6.039869,0.9861541,5.23
2019-10-05 22:00:00+00:00,5.766855,0.9434615,5.39
2019-10-05 23:00:00+00:00,5.763563,0.89974,5.54
2019-10-06 00:00:00+00:00,5.867891,0.8563629,5.37
2019-10-06 01:00:00+00:00,5.558306,0.8107862,5.15
2019-10-06 02:00:00+00:00,5.319214,0.8283398,6.12
2019-10-06 03:00:00+00:00,5.950791,0.829996,5.9
2019-10-06 04:00:00+00:00,6.140518,0.8422167,5.72
2019-10-06 05:00:00+00:00,6.136975,0.8667041,5.1
2019-10-06 06:00:00+00:00,5.749924,0.9066087,5.11
2019-10-06 07:00:00+00:00,5.569307,0.9472311,5.03
2019-10-06 08:00:00+00:00,5.44639,0.979125,5.17
2019-10-06 09:00:00+00:00,5.381691,1.016772,4.28
2019-10-06 10:00:00+00:00,4.830997,1.065466,4.75
2019-10-06 11:00:00+00:00,4.792683,1.100189,3.71
2019-10-06 12:00:00+00:00,4.265929,1.126655,2.13
2019-10-06 13:00:00+00:00,3.203569,1.186852,1.66
2019-10-06 14:00:00+00:00,2.553072,1.215797,1.1
2019-10-06 15:00:00+00:00,2.033432,1.220716,0.789999999999999
2019-10-06 16:00:00+00:00,1.856855,1.16127,0.64
2019-10-06 17:00:00+00:00,1.742982,1.127349,0.490000000000001
2019-10-06 18:00:00+00:00,1.756837,1.066977,1.4
2019-10-06 19:00:00+00:00,2.188301,1.045725,2.48
2019-10-06 20:00:00+00:00,2.8875,1.023371,3.22
2019-10-06 21:00:00+00:00,3.55314,0.9844292,3.58
2019-10-06 22:00:00+00:00,3.998453,0.9451221,3.74
2019-10-06 23:00:00+00:00,4.257627,0.9087948,3.63
2019-10-07 00:00:00+00:00,4.304813,0.8820291,3.9
2019-10-07 01:00:00+00:00,4.156706,0.8432785,4.13
2019-10-07 02:00:00+00:00,4.296974,0.8435984,4.09
2019-10-07 03:00:00+00:00,3.632499,1.075503,3.99
2019-10-07 04:00:00+00:00,3.358702,1.262949,3.26
2019-10-07 05:00:00+00:00,3.063981,1.398569,3.22
2019-10-07 06:00:00+00:00,3.173939,1.431015,1.18
2019-10-07 07:00:00+00:00,2.346106,1.351707,0.28
2019-10-07 08:00:00+00:00,1.768109,1.344096,1.61
2019-10-07 09:00:00+00:00,2.356771,1.408131,3.81
2019-10-07 10:00:00+00:00,4.035632,1.565098,4.39
2019-10-07 11:00:00+00:00,4.732634,1.625979,2.98
2019-10-07 12:00:00+00:00,3.822879,1.523377,2.04
2019-10-07 13:00:00+00:00,2.828236,1.525221,2.67
2019-10-07 14:00:00+00:00,2.925925,1.513985,2.19
2019-10-07 15:00:00+00:00,2.754051,1.437031,3.86
2019-10-07 16:00:00+00:00,3.744058,1.484294,1.12
2019-10-07 17:00:00+00:00,2.467386,1.321472,4.53
2019-10-07 18:00:00+00:00,4.230908,1.312682,4.44
2019-10-07 19:00:00+00:00,4.628667,1.253574,3.78
2019-10-07 20:00:00+00:00,4.334072,1.184188,4.79
2019-10-07 21:00:00+00:00,4.92078,1.107532,6.16
2019-10-07 22:00:00+00:00,5.995497,1.055259,6.02
2019-10-07 23:00:00+00:00,6.226306,0.9870784,6.11
2019-10-08 00:00:00+00:00,6.369526,0.8742087,5.49
2019-10-08 01:00:00+00:00,5.867191,0.8389053,4.69
2019-10-08 02:00:00+00:00,5.118288,0.8769299,3.78
2019-10-08 03:00:00+00:00,4.346257,0.9268507,4
2019-10-08 04:00:00+00:00,4.254153,0.9677432,4.32
2019-10-08 05:00:00+00:00,4.404837,1.004892,4.55
2019-10-08 06:00:00+00:00,4.630247,1.02554,5.25
2019-10-08 07:00:00+00:00,5.118458,1.061904,5.54
2019-10-08 08:00:00+00:00,5.497867,1.069697,3.18
2019-10-08 09:00:00+00:00,4.166022,1.114515,2.42
2019-10-08 10:00:00+00:00,3.262788,1.17089,4.42
2019-10-08 11:00:00+00:00,4.01669,1.191076,2.91
2019-10-08 12:00:00+00:00,3.471041,1.182847,4
2019-10-08 13:00:00+00:00,3.94932,1.159889,4.77
2019-10-08 14:00:00+00:00,4.68538,1.093518,1.49
2019-10-08 15:00:00+00:00,2.813157,1.21359,4.4
2019-10-08 16:00:00+00:00,3.779387,1.243213,0.81
2019-10-08 17:00:00+00:00,2.522865,1.11938,1.8
2019-10-08 18:00:00+00:00,2.623822,1.101207,4.86
2019-10-08 19:00:00+00:00,4.354336,1.083621,1.62
2019-10-08 20:00:00+00:00,3.102328,1.045098,2.74
2019-10-08 21:00:00+00:00,3.390724,1.020924,6.65
2019-10-08 22:00:00+00:00,5.882712,0.965363,5.46
2019-10-08 23:00:00+00:00,5.920643,0.8842024,5.95
2019-10-09 00:00:00+00:00,6.236835,0.8382896,6.48
2019-10-09 01:00:00+00:00,6.395939,0.7966706,7.68
2019-10-09 02:00:00+00:00,7.254578,0.7967967,6.29
2019-10-09 03:00:00+00:00,6.705763,0.8251315,6.39
2019-10-09 04:00:00+00:00,6.631313,0.865818,5.87
2019-10-09 05:00:00+00:00,6.281743,0.9137426,7.06
2019-10-09 06:00:00+00:00,6.868951,0.9500921,7.52
2019-10-09 07:00:00+00:00,7.333776,0.9787637,7.6
2019-10-09 08:00:00+00:00,7.506964,1.013406,7.76
2019-10-09 09:00:00+00:00,7.661184,1.039342,8.43
2019-10-09 10:00:00+00:00,8.061219,1.057278,6.46
2019-10-09 11:00:00+00:00,7.05251,1.12112,5.92
2019-10-09 12:00:00+00:00,6.272533,1.197999,5.48
2019-10-09 13:00:00+00:00,5.67387,1.266474,5.11
2019-10-09 14:00:00+00:00,5.236525,1.319728,4.78
2019-10-09 15:00:00+00:00,4.925836,1.324054,4.61
2019-10-09 16:00:00+00:00,4.784806,1.303876,4.81
2019-10-09 17:00:00+00:00,4.913044,1.284695,5.19
2019-10-09 18:00:00+00:00,5.253492,1.253626,5.37
2019-10-09 19:00:00+00:00,5.562188,1.192234,5.77
2019-10-09 20:00:00+00:00,5.952539,1.120548,5.9
2019-10-09 21:00:00+00:00,6.177382,1.055602,5.82
2019-10-09 22:00:00+00:00,6.20352,0.9975813,6.55
2019-10-09 23:00:00+00:00,6.631398,0.942147,6.73
2019-10-10 00:00:00+00:00,6.868937,0.8905125,6.59
2019-10-10 01:00:00+00:00,6.644861,0.8739951,7.01
2019-10-10 02:00:00+00:00,6.824924,0.9127017,6.93
2019-10-10 03:00:00+00:00,6.938384,0.9652674,6.48
2019-10-10 04:00:00+00:00,6.751572,1.031068,6.65
2019-10-10 05:00:00+00:00,6.838693,1.094321,8.34
2019-10-10 06:00:00+00:00,7.934093,1.141752,8.42
2019-10-10 07:00:00+00:00,8.391024,1.164648,9.63
2019-10-10 08:00:00+00:00,9.262858,1.162851,9.6
2019-10-10 09:00:00+00:00,9.544049,1.164087,8.61
2019-10-10 10:00:00+00:00,9.016431,1.19352,9.87
2019-10-10 11:00:00+00:00,9.395687,1.188055,8.82
2019-10-10 12:00:00+00:00,9.014599,1.193871,10.48
2019-10-10 13:00:00+00:00,9.647292,1.159412,9.34
2019-10-10 14:00:00+00:00,9.436344,1.131325,11.35
2019-10-10 15:00:00+00:00,10.32083,1.065176,12.05
2019-10-10 16:00:00+00:00,11.10593,1.005108,10.02
2019-10-10 17:00:00+00:00,10.49336,0.9892289,10.27
2019-10-10 18:00:00+00:00,10.2564,0.9658505,10.25
2019-10-10 19:00:00+00:00,10.12907,0.9429034,10.96
2019-10-10 20:00:00+00:00,10.41156,0.9080139,11.9
2019-10-10 21:00:00+00:00,10.98858,0.8692196,9.72
2019-10-10 22:00:00+00:00,10.20678,0.8496831,7.75
2019-10-10 23:00:00+00:00,8.817664,0.8504162,5.37
2019-10-11 00:00:00+00:00,7.01487,0.8809073,4.61
2019-10-11 01:00:00+00:00,5.563666,0.9113204,4.91
2019-10-11 02:00:00+00:00,4.752717,1.084327,2.64
2019-10-11 03:00:00+00:00,3.26983,1.272162,2.38
2019-10-11 04:00:00+00:00,2.872202,1.337188,2.08
2019-10-11 05:00:00+00:00,2.690377,1.40758,3.89
2019-10-11 06:00:00+00:00,3.822576,1.531184,4.82
2019-10-11 07:00:00+00:00,4.853687,1.673198,3.27
2019-10-11 08:00:00+00:00,4.102295,1.66943,3.35
2019-10-11 09:00:00+00:00,3.864845,1.692392,2.11
2019-10-11 10:00:00+00:00,2.961205,1.636976,1.26
2019-10-11 11:00:00+00:00,2.311852,1.510347,0.62
2019-10-11 12:00:00+00:00,1.790339,1.411513,2.35
2019-10-11 13:00:00+00:00,2.568573,1.407796,2.69
2019-10-11 14:00:00+00:00,2.962182,1.367494,3.67
2019-10-11 15:00:00+00:00,3.690037,1.319161,4.98
2019-10-11 16:00:00+00:00,4.733222,1.274478,4.06
2019-10-11 17:00:00+00:00,4.390262,1.216822,3.7
2019-10-11 18:00:00+00:00,4.064102,1.195554,6.78
2019-10-11 19:00:00+00:00,6.044975,1.166893,8.62
2019-10-11 20:00:00+00:00,7.91565,1.09343,9.52
2019-10-11 21:00:00+00:00,9.061939,0.9873955,10.53
2019-10-11 22:00:00+00:00,9.984291,0.8905672,10.42
2019-10-11 23:00:00+00:00,10.15274,0.8148143,10.17
2019-10-12 00:00:00+00:00,9.986626,0.7623538,8.99
2019-10-12 01:00:00+00:00,9.247393,0.7332077,7.5
2019-10-12 02:00:00+00:00,8.036787,0.7763706,7.11
2019-10-12 03:00:00+00:00,7.422123,0.835859,9.06
2019-10-12 04:00:00+00:00,8.484646,0.8622395,10.53
2019-10-12 05:00:00+00:00,9.82542,0.8757565,10.7
2019-10-12 06:00:00+00:00,10.44132,0.8928501,11.58
2019-10-12 07:00:00+00:00,11.10124,0.9073867,11.73
2019-10-12 08:00:00+00:00,11.40218,0.9230312,12.07
2019-10-12 09:00:00+00:00,11.64964,0.9347083,12.15
2019-10-12 10:00:00+00:00,11.75268,0.9448845,12.18
2019-10-12 11:00:00+00:00,11.77599,0.9629735,11.43
2019-10-12 12:00:00+00:00,11.44876,0.9880489,12.46
2019-10-12 13:00:00+00:00,11.70221,0.9939548,12.49
2019-10-12 14:00:00+00:00,11.87389,0.9967042,12.85
2019-10-12 15:00:00+00:00,12.14961,0.9925608,12.31
2019-10-12 16:00:00+00:00,12.09595,0.990927,11.58
2019-10-12 17:00:00+00:00,11.73146,0.984085,10.97
2019-10-12 18:00:00+00:00,11.26713,0.9749389,10.18
2019-10-12 19:00:00+00:00,10.65204,0.9761423,9.75
2019-10-12 20:00:00+00:00,10.11061,0.9725808,10.01
2019-10-12 21:00:00+00:00,9.949883,0.9510282,10.01
2019-10-12 22:00:00+00:00,9.896226,0.9176078,9.6
2019-10-12 23:00:00+00:00,9.673253,0.8847457,10.02
2019-10-13 00:00:00+00:00,9.750798,0.8441746,9.97
2019-10-13 01:00:00+00:00,9.762324,0.80025,10.28
2019-10-13 02:00:00+00:00,9.979022,0.8121869,10.38
2019-10-13 03:00:00+00:00,10.2243,0.8312872,10.79
2019-10-13 04:00:00+00:00,10.58404,0.8540298,11.13
2019-10-13 05:00:00+00:00,10.92641,0.8768868,11.14
2019-10-13 06:00:00+00:00,11.07406,0.9011384,11.22
2019-10-13 07:00:00+00:00,11.15438,0.9247155,10.77
2019-10-13 08:00:00+00:00,10.95254,0.9543541,11.3
2019-10-13 09:00:00+00:00,11.05526,0.9747246,11.41
2019-10-13 10:00:00+00:00,11.15865,0.9895357,12.72
2019-10-13 11:00:00+00:00,11.7388,0.9839398,11.73
2019-10-13 12:00:00+00:00,11.6365,0.9954733,10.89
2019-10-13 13:00:00+00:00,11.17963,1.017227,12.43
2019-10-13 14:00:00+00:00,11.5602,1.003445,11.17
2019-10-13 15:00:00+00:00,11.26876,1.012116,11.04
2019-10-13 16:00:00+00:00,11.01773,1.014168,10.35
2019-10-13 17:00:00+00:00,10.58905,1.019677,11.05
2019-10-13 18:00:00+00:00,10.66238,0.9997548,11.23
2019-10-13 19:00:00+00:00,10.80931,0.9712128,10.73
2019-10-13 20:00:00+00:00,10.70077,0.9421185,10.52
2019-10-13 21:00:00+00:00,10.52185,0.9141673,10.42
2019-10-13 22:00:00+00:00,10.36623,0.883535,9.81
2019-10-13 23:00:00+00:00,9.985463,0.8559146,9.62
2019-10-14 00:00:00+00:00,9.691637,0.8250054,8.9
2019-10-14 01:00:00+00:00,9.1637,0.7938575,9.08
2019-10-14 02:00:00+00:00,9.028118,0.8173516,8.89
2019-10-14 03:00:00+00:00,8.954728,0.8480843,9.36
2019-10-14 04:00:00+00:00,9.241071,0.8749859,9.62
2019-10-14 05:00:00+00:00,9.549371,0.8993542,10.12
2019-10-14 06:00:00+00:00,9.950731,0.9199433,9.78
2019-10-14 07:00:00+00:00,9.921799,0.9494342,11.03
2019-10-14 08:00:00+00:00,10.46859,0.9647785,10.86
2019-10-14 09:00:00+00:00,10.62022,0.9827554,10.62
2019-10-14 10:00:00+00:00,10.53462,1.006205,10.44
2019-10-14 11:00:00+00:00,10.38094,1.028389,9.8
2019-10-14 12:00:00+00:00,9.994809,1.057844,8.77
2019-10-14 13:00:00+00:00,9.301784,1.101922,7.84
2019-10-14 14:00:00+00:00,8.503368,1.151955,8.44
2019-10-14 15:00:00+00:00,8.36039,1.160437,8.4
2019-10-14 16:00:00+00:00,8.303472,1.148129,8.8
2019-10-14 17:00:00+00:00,8.492417,1.110946,10.22
2019-10-14 18:00:00+00:00,9.327445,1.034167,9.71
2019-10-14 19:00:00+00:00,9.521663,0.9776027,9.6
2019-10-14 20:00:00+00:00,9.541606,0.9282706,9.2
2019-10-14 21:00:00+00:00,9.331656,0.8860301,9.4
2019-10-14 22:00:00+00:00,9.309291,0.8437576,8.85
2019-10-14 23:00:00+00:00,9.007286,0.8100712,9.05
2019-10-15 00:00:00+00:00,8.960137,0.7746633,9.7
2019-10-15 01:00:00+00:00,9.292539,0.7266017,9.2
2019-10-15 02:00:00+00:00,9.204433,0.7448954,9.32
2019-10-15 03:00:00+00:00,9.323497,0.7718242,8.98
2019-10-15 04:00:00+00:00,9.23201,0.8077354,9.13
2019-10-15 05:00:00+00:00,9.267322,0.8472952,9.05
2019-10-15 06:00:00+00:00,9.235187,0.8872927,9.13
2019-10-15 07:00:00+00:00,9.239382,0.925588,9.16
2019-10-15 08:00:00+00:00,9.225963,0.9612733,8.87
2019-10-15 09:00:00+00:00,9.038504,1.000231,8.27
2019-10-15 10:00:00+00:00,8.630576,1.044819,8.24
2019-10-15 11:00:00+00:00,8.377065,1.083005,8.47
2019-10-15 12:00:00+00:00,8.334815,1.106737,8.32
2019-10-15 13:00:00+00:00,8.25249,1.119913,8.06
2019-10-15 14:00:00+00:00,8.08724,1.127456,7.8
2019-10-15 15:00:00+00:00,7.894114,1.124333,7.83
2019-10-15 16:00:00+00:00,7.825267,1.105,7.28
2019-10-15 17:00:00+00:00,7.548809,1.08274,7.25
2019-10-15 18:00:00+00:00,7.40436,1.050451,7.56
2019-10-15 19:00:00+00:00,7.491334,1.006763,7.22
2019-10-15 20:00:00+00:00,7.380028,0.965062,7.62
2019-10-15 21:00:00+00:00,7.542945,0.915026,7.23
2019-10-15 22:00:00+00:00,7.427657,0.8738124,8.25
2019-10-15 23:00:00+00:00,7.919864,0.818457,7.18
2019-10-16 00:00:00+00:00,7.57899,0.786665,7.03
2019-10-16 01:00:00+00:00,7.237546,0.7440534,7.26
2019-10-16 02:00:00+00:00,7.269612,0.7569926,8.66
2019-10-16 03:00:00+00:00,8.248664,0.7591947,7.64
2019-10-16 04:00:00+00:00,8.083828,0.7871738,7.93
2019-10-16 05:00:00+00:00,8.184562,0.8203091,7.57
2019-10-16 06:00:00+00:00,7.97956,0.8626128,7.82
2019-10-16 07:00:00+00:00,7.996251,0.9012092,6.94
2019-10-16 08:00:00+00:00,7.474586,0.956244,7.28
2019-10-16 09:00:00+00:00,7.376931,0.9993085,6.86
2019-10-16 10:00:00+00:00,7.042889,1.049745,7.59
2019-10-16 11:00:00+00:00,7.252869,1.070141,7.32
2019-10-16 12:00:00+00:00,7.216837,1.085706,6.52
2019-10-16 13:00:00+00:00,6.783355,1.113657,7.07
2019-10-16 14:00:00+00:00,6.833281,1.117976,6.63
2019-10-16 15:00:00+00:00,6.621914,1.124545,6.56
2019-10-16 16:00:00+00:00,6.521199,1.113042,6.72
2019-10-16 17:00:00+00:00,6.578117,1.086859,6.13
2019-10-16 18:00:00+00:00,6.336466,1.062068,6.44
2019-10-16 19:00:00+00:00,6.41395,1.024711,6.85
2019-10-16 20:00:00+00:00,6.711462,0.9710438,7.22
2019-10-16 21:00:00+00:00,7.066308,0.9174259,7.83
2019-10-16 22:00:00+00:00,7.582014,0.8527274,8.4
2019-10-16 23:00:00+00:00,8.112647,0.7943026,6.77
2019-10-17 00:00:00+00:00,7.435016,0.7673829,6.99
2019-10-17 01:00:00+00:00,7.083072,0.7409278,7.1
2019-10-17 02:00:00+00:00,7.02641,0.7603304,7.87
2019-10-17 03:00:00+00:00,7.617551,0.7760211,8.13
2019-10-17 04:00:00+00:00,8.06764,0.7994339,9.84
2019-10-17 05:00:00+00:00,9.289111,0.8152656,9.92
2019-10-17 06:00:00+00:00,9.789158,0.8351568,10.33
2019-10-17 07:00:00+00:00,10.16332,0.8595315,10.63
2019-10-17 08:00:00+00:00,10.38759,0.8879311,11.1
2019-10-17 09:00:00+00:00,10.66893,0.9121481,11.39
2019-10-17 10:00:00+00:00,10.87144,0.9351903,11.15
2019-10-17 11:00:00+00:00,10.83863,0.9591032,11.15
2019-10-17 12:00:00+00:00,10.79926,0.9800588,11.26
2019-10-17 13:00:00+00:00,10.82312,0.9938732,11.84
2019-10-17 14:00:00+00:00,11.11231,0.9903793,10.65
2019-10-17 15:00:00+00:00,10.72737,1.006256,11.58
2019-10-17 16:00:00+00:00,10.95739,0.9911035,11.04
2019-10-17 17:00:00+00:00,10.87245,0.981734,10.16
2019-10-17 18:00:00+00:00,10.44051,0.9785315,10.82
2019-10-17 19:00:00+00:00,10.50885,0.9535855,12.52
2019-10-17 20:00:00+00:00,11.33952,0.9050366,10.34
2019-10-17 21:00:00+00:00,10.81157,0.8861925,10.79
2019-10-17 22:00:00+00:00,10.70102,0.8560315,9.18
2019-10-17 23:00:00+00:00,9.881576,0.8406875,9
2019-10-18 00:00:00+00:00,9.342097,0.8228772,9.31
2019-10-18 01:00:00+00:00,9.199129,0.7862522,10.11
2019-10-18 02:00:00+00:00,9.613434,0.7987281,11.75
2019-10-18 03:00:00+00:00,10.79333,0.8050814,9.6
2019-10-18 04:00:00+00:00,10.27572,0.8353685,10.81
2019-10-18 05:00:00+00:00,10.61861,0.8611025,10.89
2019-10-18 06:00:00+00:00,10.79085,0.8888984,10.49
2019-10-18 07:00:00+00:00,10.64353,0.9235245,11.36
2019-10-18 08:00:00+00:00,10.93703,0.9448094,12.04
2019-10-18 09:00:00+00:00,11.37451,0.9557561,11.64
2019-10-18 10:00:00+00:00,11.38531,0.9738206,10.6
2019-10-18 11:00:00+00:00,10.91963,1.005316,10.88
2019-10-18 12:00:00+00:00,10.74303,1.026595,10.17
2019-10-18 13:00:00+00:00,10.34553,1.054496,10.9
2019-10-18 14:00:00+00:00,10.43643,1.055434,11.25
2019-10-18 15:00:00+00:00,10.67111,1.041124,10.68
2019-10-18 16:00:00+00:00,10.56729,1.03346,11.14
2019-10-18 17:00:00+00:00,10.71315,1.009308,10.42
2019-10-18 18:00:00+00:00,10.49628,0.9926597,10.5
2019-10-18 19:00:00+00:00,10.40628,0.9673951,11.95
2019-10-18 20:00:00+00:00,11.02022,0.9199518,11.9
2019-10-18 21:00:00+00:00,11.32995,0.8813073,11.57
2019-10-18 22:00:00+00:00,11.3169,0.8484553,11.7
2019-10-18 23:00:00+00:00,11.33156,0.8179982,10.41
2019-10-19 00:00:00+00:00,10.7063,0.7967359,10.61
2019-10-19 01:00:00+00:00,10.5094,0.7638284,10.57
2019-10-19 02:00:00+00:00,10.43079,0.7856681,10.07
2019-10-19 03:00:00+00:00,10.22004,0.8175603,10.75
2019-10-19 04:00:00+00:00,10.52889,0.8441021,10.43
2019-10-19 05:00:00+00:00,10.53966,0.8751963,10.35
2019-10-19 06:00:00+00:00,10.48538,0.9089136,11.65
2019-10-19 07:00:00+00:00,11.05644,0.9251968,11.68
2019-10-19 08:00:00+00:00,11.33875,0.9419193,11.29
2019-10-19 09:00:00+00:00,11.28262,0.9632719,11.04
2019-10-19 10:00:00+00:00,11.10058,0.9874266,11.21
2019-10-19 11:00:00+00:00,11.04922,1.006196,9.82
2019-10-19 12:00:00+00:00,10.41024,1.046726,10.62
2019-10-19 13:00:00+00:00,10.34887,1.062636,9.95
2019-10-19 14:00:00+00:00,10.05957,1.081551,12.81
2019-10-19 15:00:00+00:00,11.11588,1.034279,10.14
2019-10-19 16:00:00+00:00,10.59272,1.042848,12.1
2019-10-19 17:00:00+00:00,11.13657,1.000277,12.08
2019-10-19 18:00:00+00:00,11.45222,0.9665434,13.19
2019-10-19 19:00:00+00:00,12.09091,0.9231054,13.15
2019-10-19 20:00:00+00:00,12.40854,0.8905346,12.76
2019-10-19 21:00:00+00:00,12.38776,0.8638089,12.12
2019-10-19 22:00:00+00:00,12.05802,0.8434989,10.78
2019-10-19 23:00:00+00:00,11.24371,0.8311927,9.75
2019-10-20 00:00:00+00:00,10.31931,0.8220725,9.3
2019-10-20 01:00:00+00:00,9.594231,0.805077,9.08
2019-10-20 02:00:00+00:00,9.160701,0.8419027,8.37
2019-10-20 03:00:00+00:00,8.679339,0.8905771,8.27
2019-10-20 04:00:00+00:00,8.475396,0.9373357,8.53
2019-10-20 05:00:00+00:00,8.549932,0.9792041,8.47
2019-10-20 06:00:00+00:00,8.57058,1.020245,8.46
2019-10-20 07:00:00+00:00,8.570285,1.059372,8.62
2019-10-20 08:00:00+00:00,8.623886,1.095746,8.76
2019-10-20 09:00:00+00:00,8.704917,1.125304,8.01
2019-10-20 10:00:00+00:00,8.278113,1.179171,7.32
2019-10-20 11:00:00+00:00,7.681607,1.242847,9.49
2019-10-20 12:00:00+00:00,8.505994,1.240248,9.86
2019-10-20 13:00:00+00:00,9.129944,1.219691,9.31
2019-10-20 14:00:00+00:00,9.170034,1.20715,8.84
2019-10-20 15:00:00+00:00,8.927034,1.195039,9.7
2019-10-20 16:00:00+00:00,9.241717,1.158398,10.01
2019-10-20 17:00:00+00:00,9.572942,1.113461,9.55
2019-10-20 18:00:00+00:00,9.494618,1.077745,9.28
2019-10-20 19:00:00+00:00,9.309523,1.042872,9.18
2019-10-20 20:00:00+00:00,9.172093,1.002633,8.48
2019-10-20 21:00:00+00:00,8.740478,0.9743937,8.36
2019-10-20 22:00:00+00:00,8.474669,0.9411837,8.05
2019-10-20 23:00:00+00:00,8.201983,0.9042978,8.01
2019-10-21 00:00:00+00:00,8.069671,0.8669537,7.97
2019-10-21 01:00:00+00:00,7.888565,0.8529077,8.1
2019-10-21 02:00:00+00:00,7.904139,0.9029083,7.25
2019-10-21 03:00:00+00:00,7.517709,0.9753364,7.93
2019-10-21 04:00:00+00:00,7.851121,1.0483,8.29
2019-10-21 05:00:00+00:00,8.253003,1.109439,8.21
2019-10-21 06:00:00+00:00,8.375911,1.173118,8.04
2019-10-21 07:00:00+00:00,8.307728,1.238497,8.24
2019-10-21 08:00:00+00:00,8.358294,1.289168,8.1
2019-10-21 09:00:00+00:00,8.258693,1.342203,9.38
2019-10-21 10:00:00+00:00,8.885201,1.327975,9.62
2019-10-21 11:00:00+00:00,9.278515,1.303693,10.2
2019-10-21 12:00:00+00:00,9.730172,1.267955,9.96
2019-10-21 13:00:00+00:00,9.819607,1.227263,9.99
2019-10-21 14:00:00+00:00,9.83923,1.194967,9.72
2019-10-21 15:00:00+00:00,9.702277,1.163791,10.79
2019-10-21 16:00:00+00:00,10.15875,1.108206,10.81
2019-10-21 17:00:00+00:00,10.41706,1.056104,9.99
2019-10-21 18:00:00+00:00,10.13582,1.018613,10.1
2019-10-21 19:00:00+00:00,10.03207,0.9782786,10.3
2019-10-21 20:00:00+00:00,10.0859,0.9346732,9.97
2019-10-21 21:00:00+00:00,9.942269,0.8960351,10.01
2019-10-21 22:00:00+00:00,9.880371,0.8569248,10.45
2019-10-21 23:00:00+00:00,10.05174,0.8182256,10.18
2019-10-22 00:00:00+00:00,9.971492,0.7861409,10.96
2019-10-22 01:00:00+00:00,10.38366,0.7472093,9.67
2019-10-22 02:00:00+00:00,9.914653,0.773459,9.58
2019-10-22 03:00:00+00:00,9.727574,0.8102567,10.02
2019-10-22 04:00:00+00:00,9.935398,0.8448178,9.62
2019-10-22 05:00:00+00:00,9.8478,0.8842617,10.44
2019-10-22 06:00:00+00:00,10.21498,0.914789,9.6
2019-10-22 07:00:00+00:00,9.94029,0.9574385,9.71
2019-10-22 08:00:00+00:00,9.84502,0.9946356,10.19
2019-10-22 09:00:00+00:00,9.989402,1.021299,10.25
2019-10-22 10:00:00+00:00,10.05945,1.045851,9.38
2019-10-22 11:00:00+00:00,9.65941,1.083752,9.71
2019-10-22 12:00:00+00:00,9.570274,1.105215,10.59
2019-10-22 13:00:00+00:00,9.960688,1.093573,9.54
2019-10-22 14:00:00+00:00,9.659906,1.105344,9
2019-10-22 15:00:00+00:00,9.234012,1.117668,9.88
2019-10-22 16:00:00+00:00,9.444221,1.09092,10.01
2019-10-22 17:00:00+00:00,9.632056,1.058089,10.47
2019-10-22 18:00:00+00:00,9.971372,1.010365,10.53
2019-10-22 19:00:00+00:00,10.19246,0.9616936,10.84
2019-10-22 20:00:00+00:00,10.43953,0.9147296,10.65
2019-10-22 21:00:00+00:00,10.46165,0.8725322,10.54
2019-10-22 22:00:00+00:00,10.39579,0.8352244,10.17
2019-10-22 23:00:00+00:00,10.1543,0.8046072,11.02
2019-10-23 00:00:00+00:00,10.42442,0.7721506,10.53
2019-10-23 01:00:00+00:00,10.36986,0.7383339,9.98
2019-10-23 02:00:00+00:00,10.07214,0.763217,10.12
2019-10-23 03:00:00+00:00,10.07446,0.7965392,9.94
2019-10-23 04:00:00+00:00,10.03668,0.833534,10.26
2019-10-23 05:00:00+00:00,10.19742,0.86928,10.3
2019-10-23 06:00:00+00:00,10.28833,0.9040436,10.69
2019-10-23 07:00:00+00:00,10.5167,0.9317039,11.02
2019-10-23 08:00:00+00:00,10.76752,0.9541211,10.88
2019-10-23 09:00:00+00:00,10.80106,0.9774436,10.38
2019-10-23 10:00:00+00:00,10.52674,1.010887,10.61
2019-10-23 11:00:00+00:00,10.46995,1.033398,9.69
2019-10-23 12:00:00+00:00,10.00262,1.070393,10.42
2019-10-23 13:00:00+00:00,10.05488,1.081683,10.97
2019-10-23 14:00:00+00:00,10.37593,1.067003,10.93
2019-10-23 15:00:00+00:00,10.53788,1.051319,10.97
2019-10-23 16:00:00+00:00,10.65455,1.03004,11.58
2019-10-23 17:00:00+00:00,10.9831,0.9964218,10.71
2019-10-23 18:00:00+00:00,10.78392,0.9759497,10.22
2019-10-23 19:00:00+00:00,10.41162,0.9606036,9.85
2019-10-23 20:00:00+00:00,10.04139,0.9407043,10.15
2019-10-23 21:00:00+00:00,9.977742,0.911096,9.98
2019-10-23 22:00:00+00:00,9.8691,0.8785465,9.88
2019-10-23 23:00:00+00:00,9.753025,0.8458569,9.39
2019-10-24 00:00:00+00:00,9.444785,0.8155809,8.9
2019-10-24 01:00:00+00:00,9.00668,0.7868319,8.41
2019-10-24 02:00:00+00:00,8.55489,0.8211576,8.14
2019-10-24 03:00:00+00:00,8.285394,0.8661873,7.88
2019-10-24 04:00:00+00:00,8.083086,0.9169461,8.26
2019-10-24 05:00:00+00:00,8.252377,0.9596707,6.95
2019-10-24 06:00:00+00:00,7.577087,1.02902,7.12
2019-10-24 07:00:00+00:00,7.349249,1.0929,7.34
2019-10-24 08:00:00+00:00,7.364641,1.141144,8.04
2019-10-24 09:00:00+00:00,7.772823,1.163872,8.27
2019-10-24 10:00:00+00:00,8.043848,1.183727,8.02
2019-10-24 11:00:00+00:00,8.01623,1.202521,8.01
2019-10-24 12:00:00+00:00,7.97741,1.213762,6.91
2019-10-24 13:00:00+00:00,7.358268,1.237904,7.57
2019-10-24 14:00:00+00:00,7.408933,1.235741,8.25
2019-10-24 15:00:00+00:00,7.795312,1.210897,8.37
2019-10-24 16:00:00+00:00,8.090704,1.166582,7.98
2019-10-24 17:00:00+00:00,8.034719,1.124974,7.49
2019-10-24 18:00:00+00:00,7.752582,1.088825,7.33
2019-10-24 19:00:00+00:00,7.536804,1.049441,7.58
2019-10-24 20:00:00+00:00,7.579641,1.007169,7.45
2019-10-24 21:00:00+00:00,7.551658,0.9559875,7.07
2019-10-24 22:00:00+00:00,7.345498,0.9126679,6.32
2019-10-24 23:00:00+00:00,6.862454,0.8815944,6.1
2019-10-25 00:00:00+00:00,6.565164,0.8541569,6.06
2019-10-25 01:00:00+00:00,6.164445,0.8400013,6.2
2019-10-25 02:00:00+00:00,6.099227,0.8785195,5.65
2019-10-25 03:00:00+00:00,5.842064,0.9329845,5.68
2019-10-25 04:00:00+00:00,5.862018,0.9842541,5.75
2019-10-25 05:00:00+00:00,5.944342,1.035084,5.8
2019-10-25 06:00:00+00:00,5.978022,1.090019,5.66
2019-10-25 07:00:00+00:00,5.920592,1.127684,5.7
2019-10-25 08:00:00+00:00,5.787823,1.198236,5.46
2019-10-25 09:00:00+00:00,5.547814,1.265233,5.28
2019-10-25 10:00:00+00:00,5.254594,1.350284,6.49
2019-10-25 11:00:00+00:00,5.906999,1.409272,5.06
2019-10-25 12:00:00+00:00,5.338187,1.440831,3.94
2019-10-25 13:00:00+00:00,4.481225,1.482635,9.24
2019-10-25 14:00:00+00:00,7.507875,1.54797,2.33
2019-10-25 15:00:00+00:00,4.536978,1.480828,2.03
2019-10-25 16:00:00+00:00,3.311645,1.489565,3.67
2019-10-25 17:00:00+00:00,3.841408,1.427707,1.26
2019-10-25 18:00:00+00:00,2.788151,1.351122,1.55
2019-10-25 19:00:00+00:00,2.639455,1.311676,6.03
2019-10-25 20:00:00+00:00,5.31182,1.354585,7.36
2019-10-25 21:00:00+00:00,7.007895,1.307657,7.52
2019-10-25 22:00:00+00:00,7.59381,1.205833,7.39
2019-10-25 23:00:00+00:00,7.629803,1.090167,7.17
2019-10-26 00:00:00+00:00,7.449478,0.9903797,7.24
2019-10-26 01:00:00+00:00,7.267038,0.9844771,7.19
2019-10-26 02:00:00+00:00,7.145217,1.033366,6.84
2019-10-26 03:00:00+00:00,6.972908,1.095855,6.51
2019-10-26 04:00:00+00:00,6.762156,1.167212,6.42
2019-10-26 05:00:00+00:00,6.643154,1.239316,6.52
2019-10-26 06:00:00+00:00,6.655573,1.300664,6.32
2019-10-26 07:00:00+00:00,6.531508,1.359342,8.01
2019-10-26 08:00:00+00:00,7.507683,1.374111,8.04
2019-10-26 09:00:00+00:00,7.905825,1.36698,7.28
2019-10-26 10:00:00+00:00,7.581224,1.351117,6.94
2019-10-26 11:00:00+00:00,7.193437,1.346312,6.93
2019-10-26 12:00:00+00:00,6.960524,1.357342,6.31
2019-10-26 13:00:00+00:00,6.53007,1.351327,5.18
2019-10-26 14:00:00+00:00,5.721053,1.358201,6.36
2019-10-26 15:00:00+00:00,6.072246,1.312297,6.44
2019-10-26 16:00:00+00:00,6.320308,1.238602,6.25
2019-10-26 17:00:00+00:00,6.318045,1.220374,7.57
2019-10-26 18:00:00+00:00,7.129446,1.137498,8.34
2019-10-26 19:00:00+00:00,7.925127,1.054741,8.21
2019-10-26 20:00:00+00:00,8.173802,0.9841747,8.5
2019-10-26 21:00:00+00:00,8.416573,0.9192418,8.54
2019-10-26 22:00:00+00:00,8.508047,0.860321,8.16
2019-10-26 23:00:00+00:00,8.305591,0.8171067,8.62
2019-10-27 00:00:00+00:00,8.450664,0.7792166,8.74
2019-10-27 01:00:00+00:00,8.521901,0.7455065,8.61
2019-10-27 02:00:00+00:00,8.487788,0.7733039,8.56
2019-10-27 03:00:00+00:00,8.545873,0.812997,7.99
2019-10-27 04:00:00+00:00,8.301691,0.8628119,7.68
2019-10-27 05:00:00+00:00,8.056665,0.9172711,7.89
2019-10-27 06:00:00+00:00,8.069746,0.9678451,8.81
2019-10-27 07:00:00+00:00,8.591554,1.000597,8.91
2019-10-27 08:00:00+00:00,8.845609,1.029068,9.43
2019-10-27 09:00:00+00:00,9.205112,1.04838,9.37
2019-10-27 10:00:00+00:00,9.30418,1.065892,8.92
2019-10-27 11:00:00+00:00,9.08627,1.089597,8.93
2019-10-27 12:00:00+00:00,8.960938,1.103203,8.35
2019-10-27 13:00:00+00:00,8.576697,1.128591,8.16
2019-10-27 14:00:00+00:00,8.294291,1.140055,7.58
2019-10-27 15:00:00+00:00,7.892743,1.149536,8.26
2019-10-27 16:00:00+00:00,8.039664,1.123495,7.46
2019-10-27 17:00:00+00:00,7.7514,1.093727,7.46
2019-10-27 18:00:00+00:00,7.613136,1.058873,7.32
2019-10-27 19:00:00+00:00,7.483236,1.018435,7.33
2019-10-27 20:00:00+00:00,7.436316,0.9735909,7.56
2019-10-27 21:00:00+00:00,7.542363,0.9248005,7.84
2019-10-27 22:00:00+00:00,7.751371,0.8718832,7.59
2019-10-27 23:00:00+00:00,7.718128,0.8260085,6.93
2019-10-28 00:00:00+00:00,7.35486,0.7952158,7.08
2019-10-28 01:00:00+00:00,7.130908,0.7551074,7.06
2019-10-28 02:00:00+00:00,7.060789,0.7737061,6.81
2019-10-28 03:00:00+00:00,6.985946,0.8044109,7.21
2019-10-28 04:00:00+00:00,7.266912,0.8339517,6.38
2019-10-28 05:00:00+00:00,6.906321,0.8784253,6.66
2019-10-28 06:00:00+00:00,6.970217,0.9121883,7.16
2019-10-28 07:00:00+00:00,7.238036,0.9418703,7.35
2019-10-28 08:00:00+00:00,7.382802,0.9755069,7.29
2019-10-28 09:00:00+00:00,7.342759,1.014148,7.9
2019-10-28 10:00:00+00:00,7.596793,1.043007,8.43
2019-10-28 11:00:00+00:00,7.958708,1.058848,9.16
2019-10-28 12:00:00+00:00,8.528468,1.051376,9.02
2019-10-28 13:00:00+00:00,8.642179,1.059291,7.39
2019-10-28 14:00:00+00:00,7.818959,1.099797,9
2019-10-28 15:00:00+00:00,8.336761,1.071595,7.72
2019-10-28 16:00:00+00:00,7.919646,1.070975,8.52
2019-10-28 17:00:00+00:00,8.171084,1.038123,8.62
2019-10-28 18:00:00+00:00,8.380714,0.9950455,8.26
2019-10-28 19:00:00+00:00,8.300786,0.9591532,7.22
2019-10-28 20:00:00+00:00,7.718075,0.9399728,7.69
2019-10-28 21:00:00+00:00,7.710578,0.9041617,8
2019-10-28 22:00:00+00:00,7.893494,0.8595191,7.59
2019-10-28 23:00:00+00:00,7.767176,0.8218381,7.26
2019-10-29 00:00:00+00:00,7.546099,0.7896107,6.55
2019-10-29 01:00:00+00:00,6.90674,0.7655486,7.02
2019-10-29 02:00:00+00:00,6.932934,0.7889957,6.97
2019-10-29 03:00:00+00:00,7.003919,0.8233916,6.79
2019-10-29 04:00:00+00:00,6.997852,0.8632718,6.74
2019-10-29 05:00:00+00:00,6.97978,0.9093836,6.89
2019-10-29 06:00:00+00:00,7.048013,0.9565997,7.51
2019-10-29 07:00:00+00:00,7.393415,1.00036,7.29
2019-10-29 08:00:00+00:00,7.391186,1.041147,7.95
2019-10-29 09:00:00+00:00,7.757816,1.066025,6.78
2019-10-29 10:00:00+00:00,7.205359,1.111193,7.45
2019-10-29 11:00:00+00:00,7.270446,1.145628,6.64
2019-10-29 12:00:00+00:00,6.833769,1.18684,6.48
2019-10-29 13:00:00+00:00,6.551533,1.210452,5.98
2019-10-29 14:00:00+00:00,6.16025,1.227095,5.85
2019-10-29 15:00:00+00:00,5.94874,1.227606,6.04
2019-10-29 16:00:00+00:00,5.944894,1.223819,5.81
2019-10-29 17:00:00+00:00,5.848313,1.216425,5.6
2019-10-29 18:00:00+00:00,5.742396,1.202353,4.52
2019-10-29 19:00:00+00:00,5.172681,1.182334,5.81
2019-10-29 20:00:00+00:00,5.762388,1.124094,5.26
2019-10-29 21:00:00+00:00,5.720402,1.06947,6.35
2019-10-29 22:00:00+00:00,6.363402,1.012519,6.59
2019-10-29 23:00:00+00:00,6.727065,0.9570682,6.17
2019-10-30 00:00:00+00:00,6.597888,0.9072893,5.97
2019-10-30 01:00:00+00:00,6.170418,0.9063243,2.98
2019-10-30 02:00:00+00:00,4.027252,1.09686,5.5
2019-10-30 03:00:00+00:00,4.88877,1.265657,5.03
2019-10-30 04:00:00+00:00,5.004597,1.457329,5.74
2019-10-30 05:00:00+00:00,5.687827,1.660442,6.32
2019-10-30 06:00:00+00:00,6.350535,1.879215,8.88
2019-10-30 07:00:00+00:00,8.287675,2.16206,1.12
2019-10-30 08:00:00+00:00,4.166814,2.016021,4.73
2019-10-30 09:00:00+00:00,4.586172,2.157833,5.4
2019-10-30 10:00:00+00:00,5.056655,2.256512,4.33
2019-10-30 11:00:00+00:00,4.618157,2.175294,2.5
2019-10-30 12:00:00+00:00,3.504284,1.930136,3.16
2019-10-30 13:00:00+00:00,3.592252,1.855696,1.57
2019-10-30 14:00:00+00:00,2.731276,1.676617,3.05
2019-10-30 15:00:00+00:00,3.347145,1.697178,1.41
2019-10-30 16:00:00+00:00,2.591447,1.524914,2.89
2019-10-30 17:00:00+00:00,3.368012,1.5238,2.2
2019-10-30 18:00:00+00:00,3.197613,1.435066,1.56
2019-10-30 19:00:00+00:00,2.835734,1.332839,1.34
2019-10-30 20:00:00+00:00,2.665645,1.270024,3.23
2019-10-30 21:00:00+00:00,3.967404,1.391759,2.87
2019-10-30 22:00:00+00:00,3.873825,1.381335,3
2019-10-30 23:00:00+00:00,3.879683,1.346753,3.38
2019-10-31 00:00:00+00:00,4.070436,1.304533,2.31
2019-10-31 01:00:00+00:00,3.161433,1.378919,0.47
2019-10-31 02:00:00+00:00,1.858924,1.475416,1.89
2019-10-31 03:00:00+00:00,2.305505,1.50646,1.32
2019-10-31 04:00:00+00:00,2.139482,1.561146,1.73
2019-10-31 05:00:00+00:00,2.354918,1.582977,2.43
2019-10-31 06:00:00+00:00,2.786573,1.669211,3.03
2019-10-31 07:00:00+00:00,3.21223,1.714549,1.68
2019-10-31 08:00:00+00:00,2.468805,1.566068,1.03
2019-10-31 09:00:00+00:00,1.937902,1.423009,0.74
2019-10-31 10:00:00+00:00,1.659595,1.296495,1.36
2019-10-31 11:00:00+00:00,2.009905,1.243419,1.86
2019-10-31 12:00:00+00:00,2.468227,1.226932,1.52
2019-10-31 13:00:00+00:00,2.419528,1.195288,1.4
2019-10-31 14:00:00+00:00,2.387262,1.17353,1.32
2019-10-31 15:00:00+00:00,2.386648,1.162846,0.95
2019-10-31 16:00:00+00:00,2.227802,1.146005,0.390000000000001
2019-10-31 17:00:00+00:00,1.932766,1.113739,0.450000000000001
2019-10-31 18:00:00+00:00,1.962935,1.10032,0.450000000000001
2019-10-31 19:00:00+00:00,2.022534,1.100845,0.94
2019-10-31 20:00:00+00:00,2.365476,1.139974,2.83
2019-10-31 21:00:00+00:00,3.621057,1.28054,2.77
2019-10-31 22:00:00+00:00,3.702281,1.315503,3.23
2019-10-31 23:00:00+00:00,3.971792,1.334952,1.74
2019-11-01 00:00:00+00:00,3.154433,1.220479,1.62
2019-11-01 01:00:00+00:00,2.564331,1.358844,1.16
2019-11-01 02:00:00+00:00,2.042684,1.364834,1.76
2019-11-01 03:00:00+00:00,2.181179,1.479132,0.830000000000001
2019-11-01 04:00:00+00:00,1.794976,1.434089,2.27
2019-11-01 05:00:00+00:00,2.522756,1.531412,3.13
2019-11-01 06:00:00+00:00,3.134786,1.657416,5.24
2019-11-01 07:00:00+00:00,4.720445,1.919893,6.1
2019-11-01 08:00:00+00:00,5.769149,2.139934,3.17
2019-11-01 09:00:00+00:00,3.97605,1.949098,2.51
2019-11-01 10:00:00+00:00,3.094184,1.787477,2.95
2019-11-01 11:00:00+00:00,3.143319,1.704987,3.66
2019-11-01 12:00:00+00:00,3.693459,1.68892,4.89
2019-11-01 13:00:00+00:00,4.778487,1.764026,5.93
2019-11-01 14:00:00+00:00,5.834613,1.869049,5.8
2019-11-01 15:00:00+00:00,5.972272,1.880435,5.92
2019-11-01 16:00:00+00:00,6.079812,1.878804,5.63
2019-11-01 17:00:00+00:00,5.907251,1.837786,5.9
2019-11-01 18:00:00+00:00,6.071608,1.827681,4.05
2019-11-01 19:00:00+00:00,4.926534,1.676356,3.03
2019-11-01 20:00:00+00:00,4.09526,1.541984,2.24
2019-11-01 21:00:00+00:00,3.517585,1.434889,1.17
2019-11-01 22:00:00+00:00,2.812515,1.331918,1.54
2019-11-01 23:00:00+00:00,3.038006,1.349397,1.65
2019-11-02 00:00:00+00:00,3.148953,1.367056,2.76
2019-11-02 01:00:00+00:00,3.37847,1.537307,7.54
2019-11-02 02:00:00+00:00,6.587197,2.066459,7.4
2019-11-02 03:00:00+00:00,7.230536,2.298571,7.07
2019-11-02 04:00:00+00:00,7.157689,2.357584,8.47
2019-11-02 05:00:00+00:00,8.108293,2.525083,9.25
2019-11-02 06:00:00+00:00,8.859793,2.665891,9.13
2019-11-02 07:00:00+00:00,8.954073,2.7051,8.18
2019-11-02 08:00:00+00:00,8.332219,2.628329,6.01
2019-11-02 09:00:00+00:00,6.718416,2.389088,4.8
2019-11-02 10:00:00+00:00,5.383626,2.10597,5.98
2019-11-02 11:00:00+00:00,5.708548,1.993265,3.98
2019-11-02 12:00:00+00:00,4.584827,1.774943,4.42
2019-11-02 13:00:00+00:00,4.67858,1.70141,4.15
2019-11-02 14:00:00+00:00,4.574454,1.644377,4.09
2019-11-02 15:00:00+00:00,4.57544,1.626316,3.24
2019-11-02 16:00:00+00:00,4.050358,1.561727,6.7
2019-11-02 17:00:00+00:00,6.319437,1.777951,3.66
2019-11-02 18:00:00+00:00,4.708972,1.630277,2.94
2019-11-02 19:00:00+00:00,3.959488,1.528728,3.93
2019-11-02 20:00:00+00:00,4.463236,1.535143,4.48
2019-11-02 21:00:00+00:00,4.96606,1.554568,5.37
2019-11-02 22:00:00+00:00,5.684131,1.609107,5.95
2019-11-02 23:00:00+00:00,6.219217,1.660326,7.25
2019-11-03 00:00:00+00:00,7.155842,1.765418,7.7
2019-11-03 01:00:00+00:00,7.447735,1.96736,7.27
2019-11-03 02:00:00+00:00,7.086013,2.019969,6.91
2019-11-03 03:00:00+00:00,6.82826,2.023706,6.83
2019-11-03 04:00:00+00:00,6.796247,2.03606,7.01
2019-11-03 05:00:00+00:00,6.976318,2.067754,6.24
2019-11-03 06:00:00+00:00,6.52371,2.036281,4.66
2019-11-03 07:00:00+00:00,5.34381,1.906605,3.99
2019-11-03 08:00:00+00:00,4.573867,1.78525,4.82
2019-11-03 09:00:00+00:00,4.926041,1.780332,5.38
2019-11-03 10:00:00+00:00,5.410753,1.809556,5.53
2019-11-03 11:00:00+00:00,5.637255,1.827958,5.56
2019-11-03 12:00:00+00:00,5.718409,1.84042,4.87
2019-11-03 13:00:00+00:00,5.25618,1.795055,5.11
2019-11-03 14:00:00+00:00,5.315038,1.788864,5.33
2019-11-03 15:00:00+00:00,5.481838,1.789459,4.51
2019-11-03 16:00:00+00:00,4.989539,1.719624,4.7
2019-11-03 17:00:00+00:00,5.050521,1.69727,5.08
2019-11-03 18:00:00+00:00,5.349822,1.698152,2.77
2019-11-03 19:00:00+00:00,3.968546,1.521466,2.26
2019-11-03 20:00:00+00:00,3.414648,1.407251,1.7
2019-11-03 21:00:00+00:00,3.061958,1.324613,0.95
2019-11-03 22:00:00+00:00,2.703948,1.24692,1.9
2019-11-03 23:00:00+00:00,3.164118,1.231921,2.56
2019-11-04 00:00:00+00:00,3.613526,1.251931,1.7
2019-11-04 01:00:00+00:00,2.880726,1.351875,0.99
2019-11-04 02:00:00+00:00,2.324045,1.419185,3.2
2019-11-04 03:00:00+00:00,3.512986,1.700745,2.9
2019-11-04 04:00:00+00:00,3.502112,1.803877,1.25
2019-11-04 05:00:00+00:00,2.473046,1.692726,0.0700000000000012
2019-11-04 06:00:00+00:00,1.525924,1.536231,0.490000000000001
2019-11-04 07:00:00+00:00,1.481433,1.479212,0.309999999999999
2019-11-04 08:00:00+00:00,1.415755,1.422316,0.399999999999999
2019-11-04 09:00:00+00:00,1.359532,1.394361,0.719999999999999
2019-11-04 10:00:00+00:00,1.509466,1.362559,1.27
2019-11-04 11:00:00+00:00,1.886464,1.374221,1.36
2019-11-04 12:00:00+00:00,2.042371,1.357546,1.59
2019-11-04 13:00:00+00:00,2.272584,1.357008,1.59
2019-11-04 14:00:00+00:00,2.35978,1.343922,1.78
2019-11-04 15:00:00+00:00,2.53733,1.334967,1.49
2019-11-04 16:00:00+00:00,2.450981,1.296665,1.43
2019-11-04 17:00:00+00:00,2.462092,1.263249,2.33
2019-11-04 18:00:00+00:00,3.118097,1.287997,1.5
2019-11-04 19:00:00+00:00,2.746985,1.225716,1.66
2019-11-04 20:00:00+00:00,2.740796,1.212707,2.96
2019-11-04 21:00:00+00:00,3.788985,1.343453,4.02
2019-11-04 22:00:00+00:00,4.532712,1.449027,3.84
2019-11-04 23:00:00+00:00,4.503485,1.443158,3.66
2019-11-05 00:00:00+00:00,4.372139,1.389732,2.65
2019-11-05 01:00:00+00:00,3.49516,1.471085,2.85
2019-11-05 02:00:00+00:00,3.263658,1.549639,3.31
2019-11-05 03:00:00+00:00,3.535942,1.59204,3.41
2019-11-05 04:00:00+00:00,3.720251,1.592654,3.4
2019-11-05 05:00:00+00:00,3.764781,1.555254,3.09
2019-11-05 06:00:00+00:00,3.47575,1.52867,4.62
2019-11-05 07:00:00+00:00,4.300843,1.557607,4.64
2019-11-05 08:00:00+00:00,4.52554,1.547574,4.69
2019-11-05 09:00:00+00:00,4.58643,1.54149,4.54
2019-11-05 10:00:00+00:00,4.468649,1.541239,5.12
2019-11-05 11:00:00+00:00,4.790965,1.56124,4.29
2019-11-05 12:00:00+00:00,4.397563,1.539476,4.08
2019-11-05 13:00:00+00:00,4.182117,1.525928,3.79
2019-11-05 14:00:00+00:00,3.999855,1.494138,3.99
2019-11-05 15:00:00+00:00,4.123186,1.474372,4.39
2019-11-05 16:00:00+00:00,4.472861,1.454945,4.07
2019-11-05 17:00:00+00:00,4.447141,1.404754,3.71
2019-11-05 18:00:00+00:00,4.276118,1.334871,4.72
2019-11-05 19:00:00+00:00,4.881562,1.270275,4.7
2019-11-05 20:00:00+00:00,5.07793,1.221028,6.07
2019-11-05 21:00:00+00:00,5.990702,1.167941,5.32
2019-11-05 22:00:00+00:00,5.808358,1.100463,5.87
2019-11-05 23:00:00+00:00,6.069316,1.046023,4.58
2019-11-06 00:00:00+00:00,5.409537,1.00169,4.98
2019-11-06 01:00:00+00:00,5.047888,1.06277,4.53
2019-11-06 02:00:00+00:00,4.631417,1.142298,4.35
2019-11-06 03:00:00+00:00,4.480393,1.25367,5.04
2019-11-06 04:00:00+00:00,4.936729,1.37787,4.57
2019-11-06 05:00:00+00:00,4.80294,1.489624,4.25
2019-11-06 06:00:00+00:00,4.527966,1.586175,2.44
2019-11-06 07:00:00+00:00,3.315159,1.614243,1.06
2019-11-06 08:00:00+00:00,2.227216,1.552485,0.6
2019-11-06 09:00:00+00:00,1.712881,1.466388,1.67
2019-11-06 10:00:00+00:00,2.126999,1.457118,1.76
2019-11-06 11:00:00+00:00,2.28132,1.43912,2.03
2019-11-06 12:00:00+00:00,2.534096,1.404287,4.35
2019-11-06 13:00:00+00:00,4.07513,1.446,4.46
2019-11-06 14:00:00+00:00,4.515452,1.3967,3.78
2019-11-06 15:00:00+00:00,4.201734,1.290187,4.34
2019-11-06 16:00:00+00:00,4.501526,1.190966,5.97
2019-11-06 17:00:00+00:00,5.629868,1.102243,5.94
2019-11-06 18:00:00+00:00,5.919349,1.044289,1.4
2019-11-06 19:00:00+00:00,3.459308,1.060834,6.53
2019-11-06 20:00:00+00:00,5.504481,1.015815,6.21
2019-11-06 21:00:00+00:00,6.054673,0.9396867,5.55
2019-11-06 22:00:00+00:00,5.903827,0.9016423,10.07
2019-11-06 23:00:00+00:00,8.467517,0.8302942,3.65
2019-11-07 00:00:00+00:00,5.842667,0.8329505,6.9
2019-11-07 01:00:00+00:00,6.401171,0.7927414,6.92
2019-11-07 02:00:00+00:00,6.652002,0.8036748,8.29
2019-11-07 03:00:00+00:00,7.706503,0.8132952,2.9
2019-11-07 04:00:00+00:00,4.928476,0.9173498,7.51
2019-11-07 05:00:00+00:00,6.592669,0.9338178,7.55
2019-11-07 06:00:00+00:00,7.319609,0.9303486,7.23
2019-11-07 07:00:00+00:00,7.408451,0.9510311,6.57
2019-11-07 08:00:00+00:00,7.028481,0.9890226,7.37
2019-11-07 09:00:00+00:00,7.284768,1.012261,6.15
2019-11-07 10:00:00+00:00,6.715124,1.051608,6.3
2019-11-07 11:00:00+00:00,6.527678,1.080613,6.26
2019-11-07 12:00:00+00:00,6.404281,1.099222,5.4
2019-11-07 13:00:00+00:00,5.873706,1.132361,5.06
2019-11-07 14:00:00+00:00,5.439578,1.158245,5.13
2019-11-07 15:00:00+00:00,5.247525,1.167507,4.95
2019-11-07 16:00:00+00:00,5.07752,1.162802,3.95
2019-11-07 17:00:00+00:00,4.526068,1.164112,4.67
2019-11-07 18:00:00+00:00,4.621498,1.147558,4.29
2019-11-07 19:00:00+00:00,4.526657,1.11417,4.92
2019-11-07 20:00:00+00:00,4.88857,1.057218,5.92
2019-11-07 21:00:00+00:00,5.641705,0.981934,5.05
2019-11-07 22:00:00+00:00,5.499356,0.9345914,5.4
2019-11-07 23:00:00+00:00,5.652332,0.8925654,5.3
2019-11-08 00:00:00+00:00,5.671386,0.8559428,5.66
2019-11-08 01:00:00+00:00,5.647888,0.8084839,5.87
2019-11-08 02:00:00+00:00,5.809511,0.8161703,5.73
2019-11-08 03:00:00+00:00,5.900132,0.8340857,5.25
2019-11-08 04:00:00+00:00,5.709257,0.8653046,5.34
2019-11-08 05:00:00+00:00,5.702171,0.8994901,4.96
2019-11-08 06:00:00+00:00,5.477856,0.9374388,5.01
2019-11-08 07:00:00+00:00,5.363322,0.9792185,4.77
2019-11-08 08:00:00+00:00,5.147695,1.020028,4.64
2019-11-08 09:00:00+00:00,4.923966,1.0636,4.28
2019-11-08 10:00:00+00:00,4.605241,1.103964,4.18
2019-11-08 11:00:00+00:00,4.383542,1.137304,4.26
2019-11-08 12:00:00+00:00,4.282407,1.163776,3.95
2019-11-08 13:00:00+00:00,4.070436,1.181033,3.62
2019-11-08 14:00:00+00:00,3.836545,1.186194,3.51
2019-11-08 15:00:00+00:00,3.691869,1.185707,2.92
2019-11-08 16:00:00+00:00,3.420289,1.161018,3.44
2019-11-08 17:00:00+00:00,3.446244,1.202255,1.21
2019-11-08 18:00:00+00:00,2.34812,1.306023,2.73
2019-11-08 19:00:00+00:00,2.942676,1.273045,0.369999999999999
2019-11-08 20:00:00+00:00,2.144036,1.188419,1.45
2019-11-08 21:00:00+00:00,2.644224,1.119694,2.25
2019-11-08 22:00:00+00:00,3.249058,1.06624,3.55
2019-11-08 23:00:00+00:00,4.114926,1.088468,4.37
2019-11-09 00:00:00+00:00,4.773445,1.078178,1.77
2019-11-09 01:00:00+00:00,2.98057,1.17725,2.03
2019-11-09 02:00:00+00:00,2.578401,1.241509,3.95
2019-11-09 03:00:00+00:00,3.593919,1.539676,3.61
2019-11-09 04:00:00+00:00,3.590815,1.635684,3.32
2019-11-09 05:00:00+00:00,3.468821,1.603914,3.32
2019-11-09 06:00:00+00:00,3.847402,1.654984,2.42
2019-11-09 07:00:00+00:00,3.259548,1.6596,1.9
2019-11-09 08:00:00+00:00,2.91246,1.582559,2.87
2019-11-09 09:00:00+00:00,3.240327,1.6995,4.14
2019-11-09 10:00:00+00:00,3.878375,1.719784,4.99
2019-11-09 11:00:00+00:00,4.622788,1.699075,3.33
2019-11-09 12:00:00+00:00,3.727368,1.500173,4.73
2019-11-09 13:00:00+00:00,4.614925,1.49133,4.36
2019-11-09 14:00:00+00:00,4.57779,1.427469,4.44
2019-11-09 15:00:00+00:00,4.686007,1.387212,3.51
2019-11-09 16:00:00+00:00,4.110646,1.30797,3.15
2019-11-09 17:00:00+00:00,3.866027,1.255905,4.36
2019-11-09 18:00:00+00:00,4.706992,1.288275,5.77
2019-11-09 19:00:00+00:00,5.867575,1.377778,6.09
2019-11-09 20:00:00+00:00,6.274741,1.432832,4.86
2019-11-09 21:00:00+00:00,5.494611,1.380609,4.29
2019-11-09 22:00:00+00:00,5.018073,1.330417,3.77
2019-11-09 23:00:00+00:00,4.650851,1.281659,3.34
2019-11-10 00:00:00+00:00,4.059088,1.240288,2.97
2019-11-10 01:00:00+00:00,3.913339,1.409166,3.8
2019-11-10 02:00:00+00:00,4.295897,1.647448,4.46
2019-11-10 03:00:00+00:00,4.43909,1.697631,3.99
2019-11-10 04:00:00+00:00,4.150504,1.62501,2.63
2019-11-10 05:00:00+00:00,3.21889,1.456366,1.17
2019-11-10 06:00:00+00:00,2.447476,1.408464,1.12
2019-11-10 07:00:00+00:00,2.244427,1.413755,1.09
2019-11-10 08:00:00+00:00,1.898037,1.313273,1.27
2019-11-10 09:00:00+00:00,2.193504,1.332402,1.22
2019-11-10 10:00:00+00:00,2.37959,1.394202,1.24
2019-11-10 11:00:00+00:00,2.31685,1.41384,1.13
2019-11-10 12:00:00+00:00,2.090867,1.429942,2.31
2019-11-10 13:00:00+00:00,2.637532,1.510489,2.1
2019-11-10 14:00:00+00:00,2.6321,1.512708,0.95
2019-11-10 15:00:00+00:00,2.026535,1.434249,0.67
2019-11-10 16:00:00+00:00,1.795649,1.385541,0.56
2019-11-10 17:00:00+00:00,1.747309,1.352418,0.63
2019-11-10 18:00:00+00:00,1.872311,1.314716,0.97
2019-11-10 19:00:00+00:00,2.092157,1.25288,2.81
2019-11-10 20:00:00+00:00,3.467761,1.360738,3.02
2019-11-10 21:00:00+00:00,3.758268,1.351571,3.17
2019-11-10 22:00:00+00:00,3.866262,1.301347,4.11
2019-11-10 23:00:00+00:00,4.409968,1.234299,4.16
2019-11-11 00:00:00+00:00,4.565538,1.129744,3.86
2019-11-11 01:00:00+00:00,4.12921,1.126301,4
2019-11-11 02:00:00+00:00,4.02594,1.131007,3.89
2019-11-11 03:00:00+00:00,4.01673,1.118669,3.38
2019-11-11 04:00:00+00:00,3.765045,1.108595,3.64
2019-11-11 05:00:00+00:00,3.873453,1.106478,3.78
2019-11-11 06:00:00+00:00,4.042457,1.100952,5.89
2019-11-11 07:00:00+00:00,5.403301,1.096125,5.59
2019-11-11 08:00:00+00:00,5.698691,1.070214,5.27
2019-11-11 09:00:00+00:00,5.516423,1.091125,4.98
2019-11-11 10:00:00+00:00,5.164697,1.130071,4.99
2019-11-11 11:00:00+00:00,4.951887,1.171111,3.93
2019-11-11 12:00:00+00:00,4.315505,1.196845,3.95
2019-11-11 13:00:00+00:00,4.113316,1.203622,3.88
2019-11-11 14:00:00+00:00,3.983953,1.205063,4.21
2019-11-11 15:00:00+00:00,4.172507,1.17972,4.4
2019-11-11 16:00:00+00:00,4.382525,1.14911,5.06
2019-11-11 17:00:00+00:00,4.868333,1.109048,5.37
2019-11-11 18:00:00+00:00,5.260511,1.062444,4.99
2019-11-11 19:00:00+00:00,5.184949,1.044054,5.68
2019-11-11 20:00:00+00:00,5.579733,1.011182,5.94
2019-11-11 21:00:00+00:00,5.930292,0.9597513,5.82
2019-11-11 22:00:00+00:00,6.031181,0.9125789,5.75
2019-11-11 23:00:00+00:00,6.055339,0.8724414,6.3
2019-11-12 00:00:00+00:00,6.396726,0.8251787,5.83
2019-11-12 01:00:00+00:00,6.020388,0.7930697,5.28
2019-11-12 02:00:00+00:00,5.53528,0.8287072,5.17
2019-11-12 03:00:00+00:00,5.378706,0.8696401,4.5
2019-11-12 04:00:00+00:00,4.971505,0.9192883,4.57
2019-11-12 05:00:00+00:00,4.838326,0.9750429,5.08
2019-11-12 06:00:00+00:00,5.105878,1.013338,5.18
2019-11-12 07:00:00+00:00,5.241449,1.049773,5.04
2019-11-12 08:00:00+00:00,5.164805,1.091735,4.61
2019-11-12 09:00:00+00:00,4.868252,1.130652,3.77
2019-11-12 10:00:00+00:00,4.215996,1.182374,2.38
2019-11-12 11:00:00+00:00,3.169349,1.243302,2.52
2019-11-12 12:00:00+00:00,2.842067,1.275163,3.01
2019-11-12 13:00:00+00:00,3.058381,1.262387,2.54
2019-11-12 14:00:00+00:00,2.938294,1.238598,1.38
2019-11-12 15:00:00+00:00,2.347433,1.209411,1.6
2019-11-12 16:00:00+00:00,2.356625,1.169032,3.04
2019-11-12 17:00:00+00:00,3.185738,1.141438,3.63
2019-11-12 18:00:00+00:00,3.807437,1.104919,3.9
2019-11-12 19:00:00+00:00,4.181,1.062189,4.22
2019-11-12 20:00:00+00:00,4.503344,1.023869,4.79
2019-11-12 21:00:00+00:00,4.963903,0.9841843,5.1
2019-11-12 22:00:00+00:00,5.326648,0.9276786,5.07
2019-11-12 23:00:00+00:00,5.451142,0.8826605,4.78
2019-11-13 00:00:00+00:00,5.339936,0.8531643,4.75
2019-11-13 01:00:00+00:00,4.95891,0.8356109,5.24
2019-11-13 02:00:00+00:00,5.143908,0.8528274,4.81
2019-11-13 03:00:00+00:00,5.037806,0.8833387,4.79
2019-11-13 04:00:00+00:00,5.066321,0.9160371,4.91
2019-11-13 05:00:00+00:00,5.153509,0.9517544,4.57
2019-11-13 06:00:00+00:00,4.957952,0.9923955,4.62
2019-11-13 07:00:00+00:00,4.89686,1.030384,4.86
2019-11-13 08:00:00+00:00,4.944842,1.069089,5.01
2019-11-13 09:00:00+00:00,4.987102,1.106299,5.62
2019-11-13 10:00:00+00:00,5.314816,1.133362,4.17
2019-11-13 11:00:00+00:00,4.576847,1.174719,4.09
2019-11-13 12:00:00+00:00,4.169417,1.229077,4.28
2019-11-13 13:00:00+00:00,4.144874,1.247607,3.6
2019-11-13 14:00:00+00:00,3.740412,1.277841,3.62
2019-11-13 15:00:00+00:00,3.669794,1.286064,2.7
2019-11-13 16:00:00+00:00,3.23852,1.276539,2.2
2019-11-13 17:00:00+00:00,2.922442,1.264557,1.95
2019-11-13 18:00:00+00:00,2.798237,1.237519,2.49
2019-11-13 19:00:00+00:00,3.164658,1.209779,3.53
2019-11-13 20:00:00+00:00,3.944779,1.204994,3.95
2019-11-13 21:00:00+00:00,4.442701,1.173968,4.27
2019-11-13 22:00:00+00:00,4.786152,1.136066,4.91
2019-11-13 23:00:00+00:00,5.261432,1.090822,5.66
2019-11-14 00:00:00+00:00,5.835135,1.036652,5.51
2019-11-14 01:00:00+00:00,5.623733,1.063885,5.3
2019-11-14 02:00:00+00:00,5.374155,1.136699,4.92
2019-11-14 03:00:00+00:00,5.117081,1.220006,5.22
2019-11-14 04:00:00+00:00,5.304632,1.294746,4.87
2019-11-14 05:00:00+00:00,5.142146,1.36666,3.03
2019-11-14 06:00:00+00:00,3.920164,1.427825,2.92
2019-11-14 07:00:00+00:00,3.361023,1.508295,3
2019-11-14 08:00:00+00:00,3.289523,1.512734,3.94
2019-11-14 09:00:00+00:00,3.845794,1.527098,5.77
2019-11-14 10:00:00+00:00,5.108667,1.631684,2.68
2019-11-14 11:00:00+00:00,3.560968,1.588844,1.78
2019-11-14 12:00:00+00:00,2.603262,1.552039,3.03
2019-11-14 13:00:00+00:00,3.09026,1.548517,2.91
2019-11-14 14:00:00+00:00,3.242064,1.520633,2.49
2019-11-14 15:00:00+00:00,3.103253,1.47752,2.78
2019-11-14 16:00:00+00:00,3.287594,1.465355,3.16
2019-11-14 17:00:00+00:00,3.611373,1.468537,3.26
2019-11-14 18:00:00+00:00,3.802955,1.468385,3.35
2019-11-14 19:00:00+00:00,3.952866,1.471634,3.09
2019-11-14 20:00:00+00:00,3.872997,1.435898,4.3
2019-11-14 21:00:00+00:00,4.631785,1.449558,5.62
2019-11-14 22:00:00+00:00,5.658346,1.466997,7.01
2019-11-14 23:00:00+00:00,6.790699,1.472979,7.02
2019-11-15 00:00:00+00:00,7.085885,1.407176,6.99
2019-11-15 01:00:00+00:00,7.036598,1.561198,6.36
2019-11-15 02:00:00+00:00,6.567643,1.744404,5.87
2019-11-15 03:00:00+00:00,6.164047,1.918063,5.71
2019-11-15 04:00:00+00:00,5.966256,2.069969,5.58
2019-11-15 05:00:00+00:00,5.81311,2.193668,4.23
2019-11-15 06:00:00+00:00,4.903609,2.212765,4.25
2019-11-15 07:00:00+00:00,4.518084,2.217924,3.6
2019-11-15 08:00:00+00:00,4.021818,2.130681,4.22
2019-11-15 09:00:00+00:00,4.231761,2.116492,3.78
2019-11-15 10:00:00+00:00,4.05658,2.038196,4.26
2019-11-15 11:00:00+00:00,4.332595,2.022867,6.29
2019-11-15 12:00:00+00:00,5.774018,2.201937,7.21
2019-11-15 13:00:00+00:00,6.853137,2.359322,8.66
2019-11-15 14:00:00+00:00,8.121419,2.553931,8.84
2019-11-15 15:00:00+00:00,8.564219,2.638921,8.04
2019-11-15 16:00:00+00:00,8.164734,2.60211,8.91
2019-11-15 17:00:00+00:00,8.511482,2.608036,7.79
2019-11-15 18:00:00+00:00,7.966054,2.515729,5.39
2019-11-15 19:00:00+00:00,6.395841,2.277242,3.86
2019-11-15 20:00:00+00:00,5.022681,2.004426,1.96
2019-11-15 21:00:00+00:00,3.640448,1.712097,0.339999999999999
2019-11-15 22:00:00+00:00,2.509391,1.46104,7.8
2019-11-15 23:00:00+00:00,6.699539,1.839192,7.81
2019-11-16 00:00:00+00:00,7.659671,1.95778,7.36
2019-11-16 01:00:00+00:00,7.412046,2.111487,5.45
2019-11-16 02:00:00+00:00,5.918114,1.992795,1.49
2019-11-16 03:00:00+00:00,3.189475,1.666864,5.55
2019-11-16 04:00:00+00:00,5.289991,1.948798,5.29
2019-11-16 05:00:00+00:00,5.703735,2.116334,3.63
2019-11-16 06:00:00+00:00,4.485213,1.982371,4.9
2019-11-16 07:00:00+00:00,4.839982,1.969494,2.91
2019-11-16 08:00:00+00:00,3.613128,1.726098,1.21
2019-11-16 09:00:00+00:00,2.443824,1.523627,1.69
2019-11-16 10:00:00+00:00,2.465841,1.477399,2.73
2019-11-16 11:00:00+00:00,3.020039,1.479244,2.26
2019-11-16 12:00:00+00:00,2.849625,1.407036,2.24
2019-11-16 13:00:00+00:00,2.846673,1.351909,1.87
2019-11-16 14:00:00+00:00,2.655444,1.281463,0.460000000000001
2019-11-16 15:00:00+00:00,1.854939,1.193179,1.8
2019-11-16 16:00:00+00:00,2.715479,1.280332,4.57
2019-11-16 17:00:00+00:00,4.732145,1.542488,3.98
2019-11-16 18:00:00+00:00,4.577382,1.609594,2
2019-11-16 19:00:00+00:00,3.307271,1.517484,1.8
2019-11-16 20:00:00+00:00,2.950258,1.446983,2.77
2019-11-16 21:00:00+00:00,3.45735,1.450277,5.17
2019-11-16 22:00:00+00:00,4.993114,1.585587,4.33
2019-11-16 23:00:00+00:00,4.83787,1.537011,4.36
2019-11-17 00:00:00+00:00,4.830394,1.466573,3.86
2019-11-17 01:00:00+00:00,4.27762,1.565986,4.14
2019-11-17 02:00:00+00:00,4.256798,1.658312,4.06
2019-11-17 03:00:00+00:00,4.297524,1.705276,3.84
2019-11-17 04:00:00+00:00,4.244288,1.694762,3.48
2019-11-17 05:00:00+00:00,4.023851,1.636502,3.68
2019-11-17 06:00:00+00:00,4.048993,1.570563,4.9
2019-11-17 07:00:00+00:00,4.78764,1.519651,5.06
2019-11-17 08:00:00+00:00,5.114311,1.429549,7.1
2019-11-17 09:00:00+00:00,6.516949,1.369344,4.2
2019-11-17 10:00:00+00:00,5.309084,1.240378,3.94
2019-11-17 11:00:00+00:00,4.622826,1.218019,1.28
2019-11-17 12:00:00+00:00,3.041663,1.207669,4.08
2019-11-17 13:00:00+00:00,3.70356,1.218162,2.47
2019-11-17 14:00:00+00:00,3.023367,1.229884,2.27
2019-11-17 15:00:00+00:00,2.800128,1.203841,4.23
2019-11-17 16:00:00+00:00,3.721919,1.195687,8.31
2019-11-17 17:00:00+00:00,6.629366,1.153673,1.45
2019-11-17 18:00:00+00:00,3.697649,1.121791,2.1
2019-11-17 19:00:00+00:00,2.986282,1.208725,1.25
2019-11-17 20:00:00+00:00,2.416234,1.246832,0.98
2019-11-17 21:00:00+00:00,2.316795,1.144691,3.31
2019-11-17 22:00:00+00:00,3.739829,1.103934,6.4
2019-11-17 23:00:00+00:00,6.040108,1.07393,6.07
2019-11-18 00:00:00+00:00,6.406726,0.9821495,5.33
2019-11-18 01:00:00+00:00,5.792593,0.9684079,5.48
2019-11-18 02:00:00+00:00,5.655852,0.9787219,7.48
2019-11-18 03:00:00+00:00,7.087647,0.9678385,7.37
2019-11-18 04:00:00+00:00,7.548441,0.957937,6.88
2019-11-18 05:00:00+00:00,7.391564,0.9695174,7.91
2019-11-18 06:00:00+00:00,7.900708,0.9883925,8.88
2019-11-18 07:00:00+00:00,8.515991,1.017465,8.38
2019-11-18 08:00:00+00:00,8.384101,1.059166,10.59
2019-11-18 09:00:00+00:00,9.457168,1.076619,9.47
2019-11-18 10:00:00+00:00,9.395161,1.094186,11.66
2019-11-18 11:00:00+00:00,10.45461,1.07846,10.69
2019-11-18 12:00:00+00:00,10.50545,1.075782,9.85
2019-11-18 13:00:00+00:00,10.10009,1.085362,11.62
2019-11-18 14:00:00+00:00,10.69408,1.054346,10.54
2019-11-18 15:00:00+00:00,10.52701,1.04725,11.22
2019-11-18 16:00:00+00:00,10.76225,1.018552,8.57
2019-11-18 17:00:00+00:00,9.644399,1.03986,5.48
2019-11-18 18:00:00+00:00,7.520684,1.135031,5.09
2019-11-18 19:00:00+00:00,6.426862,1.152433,1.59
2019-11-18 20:00:00+00:00,4.426246,1.219002,6.43
2019-11-18 21:00:00+00:00,5.445952,1.161935,7.89
2019-11-18 22:00:00+00:00,6.822331,1.040256,6.14
2019-11-18 23:00:00+00:00,6.605484,0.9652688,7.35
2019-11-19 00:00:00+00:00,7.146572,0.8938035,7.26
2019-11-19 01:00:00+00:00,7.147977,0.8370294,7.29
2019-11-19 02:00:00+00:00,7.188505,0.8488217,7.38
2019-11-19 03:00:00+00:00,7.373615,0.8680855,8.11
2019-11-19 04:00:00+00:00,7.945168,0.8908799,7.61
2019-11-19 05:00:00+00:00,7.860816,0.9293385,9.24
2019-11-19 06:00:00+00:00,8.767392,0.9535429,9.21
2019-11-19 07:00:00+00:00,9.094331,0.9744592,7.73
2019-11-19 08:00:00+00:00,8.345869,1.027317,9.52
2019-11-19 09:00:00+00:00,8.916229,1.046963,9.95
2019-11-19 10:00:00+00:00,9.351268,1.060223,9.08
2019-11-19 11:00:00+00:00,9.083838,1.089506,9.05
2019-11-19 12:00:00+00:00,8.924034,1.113218,8.64
2019-11-19 13:00:00+00:00,8.627432,1.138634,10.61
2019-11-19 14:00:00+00:00,9.448084,1.109039,11.33
2019-11-19 15:00:00+00:00,10.24628,1.065898,5.73
2019-11-19 16:00:00+00:00,8.008628,1.135476,4.91
2019-11-19 17:00:00+00:00,6.290649,1.246733,5.38
2019-11-19 18:00:00+00:00,5.725733,1.270348,8.79
2019-11-19 19:00:00+00:00,7.311993,1.167913,8.61
2019-11-19 20:00:00+00:00,8.074202,1.07973,8.02
2019-11-19 21:00:00+00:00,8.115348,1.00808,7.35
2019-11-19 22:00:00+00:00,7.75432,0.9536786,7.33
2019-11-19 23:00:00+00:00,7.573128,0.9032893,7.19
2019-11-20 00:00:00+00:00,7.424122,0.8544279,6.86
2019-11-20 01:00:00+00:00,7.03288,0.8305552,6.57
2019-11-20 02:00:00+00:00,6.706553,0.8671033,6.77
2019-11-20 03:00:00+00:00,6.806353,0.9065395,6.43
2019-11-20 04:00:00+00:00,6.703982,0.9533607,6.43
2019-11-20 05:00:00+00:00,6.659304,1.006167,8.15
2019-11-20 06:00:00+00:00,7.72473,1.02371,8.47
2019-11-20 07:00:00+00:00,8.367378,1.029159,7.96
2019-11-20 08:00:00+00:00,8.22023,1.063245,8.27
2019-11-20 09:00:00+00:00,8.252603,1.099577,8.02
2019-11-20 10:00:00+00:00,8.13017,1.122368,8.26
2019-11-20 11:00:00+00:00,8.124909,1.145184,7.73
2019-11-20 12:00:00+00:00,7.834469,1.170712,8.42
2019-11-20 13:00:00+00:00,8.029387,1.171697,9.65
2019-11-20 14:00:00+00:00,8.791712,1.130252,8.6
2019-11-20 15:00:00+00:00,8.629855,1.112975,9.11
2019-11-20 16:00:00+00:00,8.807682,1.080405,9.64
2019-11-20 17:00:00+00:00,9.144784,1.036728,9.34
2019-11-20 18:00:00+00:00,9.189336,0.9962267,9.81
2019-11-20 19:00:00+00:00,9.442976,0.9520576,11.45
2019-11-20 20:00:00+00:00,10.37567,0.8948953,10.04
2019-11-20 21:00:00+00:00,10.13979,0.8582681,10.27
2019-11-20 22:00:00+00:00,10.1097,0.8231122,10.5
2019-11-20 23:00:00+00:00,10.19449,0.7913405,10.51
2019-11-21 00:00:00+00:00,10.22479,0.7632251,9.85
2019-11-21 01:00:00+00:00,9.966792,0.7340772,10.11
2019-11-21 02:00:00+00:00,10.00542,0.7593842,10.12
2019-11-21 03:00:00+00:00,10.10061,0.7920682,9.2
2019-11-21 04:00:00+00:00,9.710348,0.8365198,9.52
2019-11-21 05:00:00+00:00,9.707508,0.8771335,10.84
2019-11-21 06:00:00+00:00,10.34816,0.9015689,11
2019-11-21 07:00:00+00:00,10.69627,0.9281256,11.39
2019-11-21 08:00:00+00:00,11.014,0.9497389,10.93
2019-11-21 09:00:00+00:00,10.94267,0.9775011,10.17
2019-11-21 10:00:00+00:00,10.52863,1.017436,9.97
2019-11-21 11:00:00+00:00,10.19002,1.054772,9.77
2019-11-21 12:00:00+00:00,9.906737,1.087777,10.21
2019-11-21 13:00:00+00:00,9.921739,1.101585,9.69
2019-11-21 14:00:00+00:00,9.710964,1.118845,10.72
2019-11-21 15:00:00+00:00,10.03931,1.100114,10.36
2019-11-21 16:00:00+00:00,10.1021,1.083822,10.89
2019-11-21 17:00:00+00:00,10.35463,1.05268,11.08
2019-11-21 18:00:00+00:00,10.59718,1.016338,9.96
2019-11-21 19:00:00+00:00,10.23993,0.9959741,7.09
2019-11-21 20:00:00+00:00,8.681272,1.023983,11.38
2019-11-21 21:00:00+00:00,9.838228,0.946524,10.8
2019-11-21 22:00:00+00:00,10.23116,0.8941116,11.13
2019-11-21 23:00:00+00:00,10.56648,0.845013,11.61
2019-11-22 00:00:00+00:00,10.93009,0.8029938,12.59
2019-11-22 01:00:00+00:00,11.67337,0.760427,12.51
2019-11-22 02:00:00+00:00,12.02123,0.7754583,12.74
2019-11-22 03:00:00+00:00,12.31729,0.7969535,13.03
2019-11-22 04:00:00+00:00,12.59437,0.8208465,12.16
2019-11-22 05:00:00+00:00,12.35602,0.8507932,13.41
2019-11-22 06:00:00+00:00,12.73215,0.8701023,13.61
2019-11-22 07:00:00+00:00,13.01239,0.8888503,13.54
2019-11-22 08:00:00+00:00,13.12712,0.9065238,12.52
2019-11-22 09:00:00+00:00,12.78294,0.9341609,13.38
2019-11-22 10:00:00+00:00,12.88521,0.9464141,13.54
2019-11-22 11:00:00+00:00,13.00675,0.9579095,14.04
2019-11-22 12:00:00+00:00,13.27606,0.9600222,13.57
2019-11-22 13:00:00+00:00,13.25978,0.9686474,13.98
2019-11-22 14:00:00+00:00,13.40728,0.9666504,14.11
2019-11-22 15:00:00+00:00,13.54449,0.9637526,14.74
2019-11-22 16:00:00+00:00,13.84447,0.9527555,14.31
2019-11-22 17:00:00+00:00,13.87555,0.9492623,14.47
2019-11-22 18:00:00+00:00,13.93522,0.940474,13.03
2019-11-22 19:00:00+00:00,13.45771,0.9469839,15.8
2019-11-22 20:00:00+00:00,14.11369,0.9156436,14.91
2019-11-22 21:00:00+00:00,14.23604,0.9092901,14.32
2019-11-22 22:00:00+00:00,14.07489,0.8997386,14.68
2019-11-22 23:00:00+00:00,14.07639,0.8858321,14.16
2019-11-23 00:00:00+00:00,13.88176,0.8772815,12.79
2019-11-23 01:00:00+00:00,13.31858,0.8519366,12.16
2019-11-23 02:00:00+00:00,12.72406,0.8696242,12.63
2019-11-23 03:00:00+00:00,12.61859,0.884316,12.86
2019-11-23 04:00:00+00:00,12.7113,0.8983573,13.04
2019-11-23 05:00:00+00:00,12.85765,0.9105972,13.09
2019-11-23 06:00:00+00:00,12.95837,0.9229547,14
2019-11-23 07:00:00+00:00,13.34588,0.9260861,14.1
2019-11-23 08:00:00+00:00,13.58984,0.9327444,14.4
2019-11-23 09:00:00+00:00,13.82158,0.9364293,14.7
2019-11-23 10:00:00+00:00,14.03083,0.9387615,15.45
2019-11-23 11:00:00+00:00,14.39683,0.9345357,15.12
2019-11-23 12:00:00+00:00,14.51153,0.9367484,15.14
2019-11-23 13:00:00+00:00,14.57667,0.9364399,13.96
2019-11-23 14:00:00+00:00,14.22222,0.9489479,12.39
2019-11-23 15:00:00+00:00,13.43443,0.9750213,12.74
2019-11-23 16:00:00+00:00,13.0437,0.9849555,13.75
2019-11-23 17:00:00+00:00,13.17431,0.9770983,15.64
2019-11-23 18:00:00+00:00,13.94242,0.948318,15.72
2019-11-23 19:00:00+00:00,14.46202,0.9317098,14.87
2019-11-23 20:00:00+00:00,14.47157,0.923559,15.42
2019-11-23 21:00:00+00:00,14.62579,0.9081442,15.55
2019-11-23 22:00:00+00:00,14.74907,0.8973209,13.69
2019-11-23 23:00:00+00:00,14.18078,0.8991548,13.35
2019-11-24 00:00:00+00:00,13.65237,0.8923908,14.32
2019-11-24 01:00:00+00:00,13.76558,0.8536348,12.61
2019-11-24 02:00:00+00:00,13.20606,0.8749362,13.6
2019-11-24 03:00:00+00:00,13.28483,0.8808684,13.76
2019-11-24 04:00:00+00:00,13.42141,0.891775,13.02
2019-11-24 05:00:00+00:00,13.2199,0.9098489,12.65
2019-11-24 06:00:00+00:00,12.94602,0.92914,12.92
2019-11-24 07:00:00+00:00,12.88286,0.9433334,13.27
2019-11-24 08:00:00+00:00,12.98424,0.9529523,13.88
2019-11-24 09:00:00+00:00,13.25489,0.9555172,13.6
2019-11-24 10:00:00+00:00,13.30518,0.9637608,13.25
2019-11-24 11:00:00+00:00,13.19091,0.9741337,13.17
2019-11-24 12:00:00+00:00,13.07844,0.9826903,12.09
2019-11-24 13:00:00+00:00,12.59402,1.005924,12.7
2019-11-24 14:00:00+00:00,12.51469,1.009042,11.64
2019-11-24 15:00:00+00:00,12.06605,1.029701,11.71
2019-11-24 16:00:00+00:00,11.79856,1.036409,11.92
2019-11-24 17:00:00+00:00,11.71464,1.032274,12.55
2019-11-24 18:00:00+00:00,11.9239,1.011006,11.8
2019-11-24 19:00:00+00:00,11.76092,1.000214,12.07
2019-11-24 20:00:00+00:00,11.75715,0.9766515,12.2
2019-11-24 21:00:00+00:00,11.80881,0.9496055,11.35
2019-11-24 22:00:00+00:00,11.47744,0.9298486,10.78
2019-11-24 23:00:00+00:00,11.02538,0.9086519,11.25
2019-11-25 00:00:00+00:00,10.96699,0.8774937,11.14
2019-11-25 01:00:00+00:00,10.89986,0.8392398,11.47
2019-11-25 02:00:00+00:00,11.07058,0.8504092,10.75
2019-11-25 03:00:00+00:00,10.87239,0.8754287,10.97
2019-11-25 04:00:00+00:00,10.91395,0.8989468,10.42
2019-11-25 05:00:00+00:00,10.68326,0.9321411,11.72
2019-11-25 06:00:00+00:00,11.1792,0.9448481,11.48
2019-11-25 07:00:00+00:00,11.32178,0.9642184,11.11
2019-11-25 08:00:00+00:00,11.17912,0.9911346,11.64
2019-11-25 09:00:00+00:00,11.31458,1.005822,11.13
2019-11-25 10:00:00+00:00,11.14554,1.029758,11.51
2019-11-25 11:00:00+00:00,11.16308,1.044292,9.99
2019-11-25 12:00:00+00:00,10.50128,1.088987,9.73
2019-11-25 13:00:00+00:00,9.978135,1.127434,8.98
2019-11-25 14:00:00+00:00,9.367803,1.169441,8.28
2019-11-25 15:00:00+00:00,8.707973,1.211574,7.46
2019-11-25 16:00:00+00:00,7.964036,1.254992,7.73
2019-11-25 17:00:00+00:00,7.743619,1.24614,6.84
2019-11-25 18:00:00+00:00,7.289771,1.224644,4.35
2019-11-25 19:00:00+00:00,5.906479,1.244796,2.73
2019-11-25 20:00:00+00:00,4.495662,1.266647,3.3
2019-11-25 21:00:00+00:00,4.112295,1.23199,5.56
2019-11-25 22:00:00+00:00,5.132514,1.149273,7.65
2019-11-25 23:00:00+00:00,6.811894,1.055104,7.32
2019-11-26 00:00:00+00:00,7.306345,0.9633294,9.24
2019-11-26 01:00:00+00:00,8.487232,0.9275125,7.78
2019-11-26 02:00:00+00:00,8.060373,0.9481273,7.41
2019-11-26 03:00:00+00:00,7.737428,0.988201,8.51
2019-11-26 04:00:00+00:00,8.331248,1.024556,9.27
2019-11-26 05:00:00+00:00,9.021823,1.052792,10.33
2019-11-26 06:00:00+00:00,9.885766,1.070665,11.28
2019-11-26 07:00:00+00:00,10.70009,1.079507,11.52
2019-11-26 08:00:00+00:00,11.11545,1.081748,12.34
2019-11-26 09:00:00+00:00,11.62383,1.081115,12.83
2019-11-26 10:00:00+00:00,12.04104,1.076166,13.65
2019-11-26 11:00:00+00:00,12.5683,1.056649,12.51
2019-11-26 12:00:00+00:00,12.36069,1.057074,10.83
2019-11-26 13:00:00+00:00,11.53303,1.081762,5.08
2019-11-26 14:00:00+00:00,8.49676,1.278073,5.11
2019-11-26 15:00:00+00:00,6.596017,1.474946,2.64
2019-11-26 16:00:00+00:00,4.703861,1.632764,1.42
2019-11-26 17:00:00+00:00,3.329116,1.662518,0.759999999999999
2019-11-26 18:00:00+00:00,2.550308,1.548879,0.26
2019-11-26 19:00:00+00:00,1.957274,1.501699,1.43
2019-11-26 20:00:00+00:00,2.34908,1.394314,7.48
2019-11-26 21:00:00+00:00,6.14471,1.620323,9.69
2019-11-26 22:00:00+00:00,8.725044,1.77389,9.71
2019-11-26 23:00:00+00:00,9.459646,1.741751,10.79
2019-11-27 00:00:00+00:00,10.18154,1.656604,10.86
2019-11-27 01:00:00+00:00,10.58057,1.779588,8.69
2019-11-27 02:00:00+00:00,9.51942,1.938539,7.68
2019-11-27 03:00:00+00:00,8.483569,2.124205,9.16
2019-11-27 04:00:00+00:00,8.832541,2.275256,9.81
2019-11-27 05:00:00+00:00,9.3874,2.355584,10.37
2019-11-27 06:00:00+00:00,9.959681,2.359347,10.23
2019-11-27 07:00:00+00:00,10.15319,2.328629,9.74
2019-11-27 08:00:00+00:00,9.996361,2.279441,10.22
2019-11-27 09:00:00+00:00,10.09344,2.178251,8.56
2019-11-27 10:00:00+00:00,9.362128,2.132006,8.48
2019-11-27 11:00:00+00:00,8.862787,2.059872,8.48
2019-11-27 12:00:00+00:00,8.569694,1.977408,5.26
2019-11-27 13:00:00+00:00,6.912909,1.990322,3.33
2019-11-27 14:00:00+00:00,5.07276,1.998776,1.46
2019-11-27 15:00:00+00:00,3.391411,1.898885,5.62
2019-11-27 16:00:00+00:00,4.413491,1.907419,4.62
2019-11-27 17:00:00+00:00,4.594702,1.833655,4.77
2019-11-27 18:00:00+00:00,4.904917,1.801634,4.84
2019-11-27 19:00:00+00:00,5.150667,1.703846,3.67
2019-11-27 20:00:00+00:00,4.617576,1.659761,2.08
2019-11-27 21:00:00+00:00,3.632066,1.556439,2.65
2019-11-27 22:00:00+00:00,3.752524,1.57678,3.04
2019-11-27 23:00:00+00:00,3.901908,1.499501,1.37
2019-11-28 00:00:00+00:00,3.124329,1.340674,1.34
2019-11-28 01:00:00+00:00,2.466268,1.335802,1.48
2019-11-28 02:00:00+00:00,2.497342,1.417027,2.68
2019-11-28 03:00:00+00:00,3.338019,1.621494,1.89
2019-11-28 04:00:00+00:00,2.992819,1.667459,1.38
2019-11-28 05:00:00+00:00,2.514293,1.652165,0.96
2019-11-28 06:00:00+00:00,2.102368,1.595855,1.61
2019-11-28 07:00:00+00:00,2.419598,1.593917,1.33
2019-11-28 08:00:00+00:00,2.312755,1.530209,5.08
2019-11-28 09:00:00+00:00,4.47777,1.750649,6.67
2019-11-28 10:00:00+00:00,6.109621,1.840073,6.49
2019-11-28 11:00:00+00:00,6.423696,1.773778,8.75
2019-11-28 12:00:00+00:00,8.014111,1.736115,9.33
2019-11-28 13:00:00+00:00,8.884038,1.602205,10.81
2019-11-28 14:00:00+00:00,10.07295,1.44992,11.38
2019-11-28 15:00:00+00:00,10.83472,1.291324,11.09
2019-11-28 16:00:00+00:00,10.96065,1.168527,10.62
2019-11-28 17:00:00+00:00,10.70723,1.088284,10.62
2019-11-28 18:00:00+00:00,10.54199,1.030884,10.55
2019-11-28 19:00:00+00:00,10.40743,0.9862648,10
2019-11-28 20:00:00+00:00,10.05455,0.9537423,10.47
2019-11-28 21:00:00+00:00,10.10662,0.9176584,9.41
2019-11-28 22:00:00+00:00,9.604132,0.8891549,8.89
2019-11-28 23:00:00+00:00,9.102219,0.8648584,8.35
2019-11-29 00:00:00+00:00,8.601932,0.8437819,7.93
2019-11-29 01:00:00+00:00,8.062015,0.8281512,7.68
2019-11-29 02:00:00+00:00,7.70324,0.8761057,7.71
2019-11-29 03:00:00+00:00,7.686917,0.9257212,7.79
2019-11-29 04:00:00+00:00,7.813589,0.9733917,8.14
2019-11-29 05:00:00+00:00,8.138695,1.005255,8.48
2019-11-29 06:00:00+00:00,8.496853,1.026792,9.29
2019-11-29 07:00:00+00:00,9.089951,1.048689,10.15
2019-11-29 08:00:00+00:00,9.763156,1.064708,9.92
2019-11-29 09:00:00+00:00,9.901489,1.080036,10.19
2019-11-29 10:00:00+00:00,10.05146,1.092589,10.22
2019-11-29 11:00:00+00:00,10.09698,1.10185,9.9
2019-11-29 12:00:00+00:00,9.931811,1.118062,10.33
2019-11-29 13:00:00+00:00,10.02162,1.119261,10.42
2019-11-29 14:00:00+00:00,10.11607,1.110958,10.1
2019-11-29 15:00:00+00:00,9.996515,1.107443,11.37
2019-11-29 16:00:00+00:00,10.52143,1.068094,10.66
2019-11-29 17:00:00+00:00,10.50597,1.04164,10.9
2019-11-29 18:00:00+00:00,10.59502,1.007597,10.66
2019-11-29 19:00:00+00:00,10.53807,0.9755768,11.29
2019-11-29 20:00:00+00:00,10.78194,0.9354389,11.01
2019-11-29 21:00:00+00:00,10.77778,0.9013474,11.15
2019-11-29 22:00:00+00:00,10.82265,0.8669219,11.42
2019-11-29 23:00:00+00:00,10.95128,0.8341886,11.53
2019-11-30 00:00:00+00:00,11.04591,0.8044716,11.35
2019-11-30 01:00:00+00:00,11.09168,0.7720053,10.92
2019-11-30 02:00:00+00:00,10.93383,0.7947313,10.62
2019-11-30 03:00:00+00:00,10.77204,0.8261352,10.44
2019-11-30 04:00:00+00:00,10.65812,0.8606043,11.63
2019-11-30 05:00:00+00:00,11.18595,0.8830143,11.62
2019-11-30 06:00:00+00:00,11.47391,0.9056478,12.44
2019-11-30 07:00:00+00:00,11.92537,0.9222334,13.19
2019-11-30 08:00:00+00:00,12.43149,0.9334301,12.91
2019-11-30 09:00:00+00:00,12.56137,0.9494523,18.23
2019-11-30 10:00:00+00:00,14.46554,0.9174942,9.69
2019-11-30 11:00:00+00:00,12.64414,0.9845911,13.79
2019-11-30 12:00:00+00:00,12.86978,0.9710793,13.84
2019-11-30 13:00:00+00:00,13.07368,0.9761561,14.81
2019-11-30 14:00:00+00:00,13.56939,0.9632567,14.97
2019-11-30 15:00:00+00:00,13.92477,0.9527379,13.58
2019-11-30 16:00:00+00:00,13.6415,0.958191,13.3
2019-11-30 17:00:00+00:00,13.35125,0.958546,12.84
2019-11-30 18:00:00+00:00,12.9994,0.961545,12.45
2019-11-30 19:00:00+00:00,12.6336,0.9627817,11.79
2019-11-30 20:00:00+00:00,12.15101,0.965183,12.55
2019-11-30 21:00:00+00:00,12.18319,0.9463297,12.45
2019-11-30 22:00:00+00:00,12.17505,0.9289825,13
2019-11-30 23:00:00+00:00,12.37826,0.9032527,13.2
2019-12-01 00:00:00+00:00,12.56118,0.8791844,13.35
2019-12-01 01:00:00+00:00,12.76308,0.8424619,13.39
2019-12-01 02:00:00+00:00,12.91766,0.8520926,13.13
2019-12-01 03:00:00+00:00,12.92037,0.8677262,13.45
2019-12-01 04:00:00+00:00,13.06595,0.8819957,12.83
2019-12-01 05:00:00+00:00,12.91568,0.9034583,13.34
2019-12-01 06:00:00+00:00,13.05006,0.9170021,14.74
2019-12-01 07:00:00+00:00,13.62017,0.91929,14.67
2019-12-01 08:00:00+00:00,13.90686,0.9278532,13.71
2019-12-01 09:00:00+00:00,13.73252,0.9445929,14.07
2019-12-01 10:00:00+00:00,13.75855,0.9519604,10.54
2019-12-01 11:00:00+00:00,12.48997,1.013723,15.41
2019-12-01 12:00:00+00:00,13.4135,0.9771605,14.9
2019-12-01 13:00:00+00:00,13.87252,0.9763567,14.88
2019-12-01 14:00:00+00:00,14.13316,0.9705576,13.82
2019-12-01 15:00:00+00:00,13.9359,0.9785789,13.79
2019-12-01 16:00:00+00:00,13.774,0.9813368,13.81
2019-12-01 17:00:00+00:00,13.67747,0.982706,13.13
2019-12-01 18:00:00+00:00,13.38775,0.9904923,13.3
2019-12-01 19:00:00+00:00,13.24301,0.9884104,12.61
2019-12-01 20:00:00+00:00,12.90605,0.9926593,12.42
2019-12-01 21:00:00+00:00,12.61164,0.9896491,12.51
2019-12-01 22:00:00+00:00,12.45659,0.9785959,11.54
2019-12-01 23:00:00+00:00,11.98462,0.9739707,11.36
2019-12-02 00:00:00+00:00,11.60758,0.9591409,11.43
2019-12-02 01:00:00+00:00,11.40695,0.9203585,11.22
2019-12-02 02:00:00+00:00,11.27105,0.9329244,8.54
2019-12-02 03:00:00+00:00,10.00344,0.9906957,12.11
2019-12-02 04:00:00+00:00,10.93458,0.9749371,11.38
2019-12-02 05:00:00+00:00,11.18041,0.9856918,12.3
2019-12-02 06:00:00+00:00,11.67692,0.9854511,11.5
2019-12-02 07:00:00+00:00,11.59482,1.00339,11.51
2019-12-02 08:00:00+00:00,11.50191,1.021327,11.72
2019-12-02 09:00:00+00:00,11.50835,1.035924,12.63
2019-12-02 10:00:00+00:00,11.87733,1.033328,11.14
2019-12-02 11:00:00+00:00,11.48526,1.061072,9.05
2019-12-02 12:00:00+00:00,10.39886,1.122898,9.57
2019-12-02 13:00:00+00:00,9.873252,1.161219,9.15
2019-12-02 14:00:00+00:00,9.376616,1.200485,9.24
2019-12-02 15:00:00+00:00,9.175051,1.211034,9.31
2019-12-02 16:00:00+00:00,9.108524,1.202147,9.46
2019-12-02 17:00:00+00:00,9.16039,1.175097,9.61
2019-12-02 18:00:00+00:00,9.275425,1.135284,9.81
2019-12-02 19:00:00+00:00,9.43806,1.086668,9.2
2019-12-02 20:00:00+00:00,9.247891,1.047451,9.01
2019-12-02 21:00:00+00:00,9.044342,1.005372,9.1
2019-12-02 22:00:00+00:00,8.983809,0.9560882,7.93
2019-12-02 23:00:00+00:00,8.394815,0.9211686,8.68
2019-12-03 00:00:00+00:00,8.460575,0.8746524,8.38
2019-12-03 01:00:00+00:00,8.262878,0.8373533,9.62
2019-12-03 02:00:00+00:00,8.92298,0.8436496,9.51
2019-12-03 03:00:00+00:00,9.232295,0.8677067,7.81
2019-12-03 04:00:00+00:00,8.477973,0.9189517,8.99
2019-12-03 05:00:00+00:00,8.790956,0.9555478,9.47
2019-12-03 06:00:00+00:00,9.173094,0.9856899,10.34
2019-12-03 07:00:00+00:00,9.776982,1.00598,9.29
2019-12-03 08:00:00+00:00,9.494216,1.044782,9.23
2019-12-03 09:00:00+00:00,9.267457,1.08668,8.41
2019-12-03 10:00:00+00:00,8.691236,1.147114,8.68
2019-12-03 11:00:00+00:00,8.527014,1.187063,7.72
2019-12-03 12:00:00+00:00,7.893473,1.258748,6.7
2019-12-03 13:00:00+00:00,7.142405,1.32069,4.61
2019-12-03 14:00:00+00:00,5.71173,1.428809,10.95
2019-12-03 15:00:00+00:00,8.271747,1.301983,6.97
2019-12-03 16:00:00+00:00,7.633413,1.262993,8.22
2019-12-03 17:00:00+00:00,7.907701,1.21161,8.75
2019-12-03 18:00:00+00:00,8.289701,1.161503,9.6
2019-12-03 19:00:00+00:00,8.893165,1.110505,9.88
2019-12-03 20:00:00+00:00,9.367171,1.032376,8.83
2019-12-03 21:00:00+00:00,9.037479,0.97582,8.66
2019-12-03 22:00:00+00:00,8.755124,0.9353155,9.03
2019-12-03 23:00:00+00:00,8.806417,0.8898174,8.9
2019-12-04 00:00:00+00:00,8.757295,0.8488975,8.64
2019-12-04 01:00:00+00:00,8.556875,0.8316843,8.58
2019-12-04 02:00:00+00:00,8.44617,0.8753156,8.72
2019-12-04 03:00:00+00:00,8.573448,0.9240831,8.14
2019-12-04 04:00:00+00:00,8.352872,0.9862833,7.68
2019-12-04 05:00:00+00:00,8.010365,1.059036,6.66
2019-12-04 06:00:00+00:00,7.251703,1.154097,6.57
2019-12-04 07:00:00+00:00,6.870732,1.233564,7
2019-12-04 08:00:00+00:00,6.926238,1.289783,6.95
2019-12-04 09:00:00+00:00,6.933777,1.328401,7.45
2019-12-04 10:00:00+00:00,7.203619,1.340332,7.01
2019-12-04 11:00:00+00:00,7.065064,1.358665,6.01
2019-12-04 12:00:00+00:00,6.406578,1.379445,6.71
2019-12-04 13:00:00+00:00,6.512752,1.36439,4.24
2019-12-04 14:00:00+00:00,5.263171,1.372896,10.17
2019-12-04 15:00:00+00:00,7.835623,1.331948,2.84
2019-12-04 16:00:00+00:00,5.201328,1.340211,5.6
2019-12-04 17:00:00+00:00,5.317231,1.37024,7.56
2019-12-04 18:00:00+00:00,6.6038,1.270994,8.63
2019-12-04 19:00:00+00:00,7.844019,1.1537,9.37
2019-12-04 20:00:00+00:00,8.794059,1.048492,9.65
2019-12-04 21:00:00+00:00,9.305282,0.9563318,9.25
2019-12-04 22:00:00+00:00,9.247082,0.8840766,9.06
2019-12-04 23:00:00+00:00,9.073959,0.831697,8.36
2019-12-05 00:00:00+00:00,8.59927,0.7987575,8.62
2019-12-05 01:00:00+00:00,8.504745,0.7728922,10.04
2019-12-05 02:00:00+00:00,9.324352,0.7906715,8.83
2019-12-05 03:00:00+00:00,9.081589,0.8270403,9.09
2019-12-05 04:00:00+00:00,9.170076,0.8681786,9.32
2019-12-05 05:00:00+00:00,9.339357,0.9078606,9.14
2019-12-05 06:00:00+00:00,9.312449,0.9489466,8.76
2019-12-05 07:00:00+00:00,9.06102,0.9985644,8.72
2019-12-05 08:00:00+00:00,8.884904,1.046375,8.76
2019-12-05 09:00:00+00:00,8.781224,1.089608,8.93
2019-12-05 10:00:00+00:00,8.784286,1.123365,8.15
2019-12-05 11:00:00+00:00,8.409223,1.164392,8.25
2019-12-05 12:00:00+00:00,8.216642,1.19421,8.41
2019-12-05 13:00:00+00:00,8.197884,1.206995,8.61
2019-12-05 14:00:00+00:00,8.297833,1.198358,8.14
2019-12-05 15:00:00+00:00,8.122445,1.191714,8.83
2019-12-05 16:00:00+00:00,8.374427,1.156154,9.1
2019-12-05 17:00:00+00:00,8.644839,1.110794,8.84
2019-12-05 18:00:00+00:00,8.676242,1.069758,8.49
2019-12-05 19:00:00+00:00,8.508702,1.034828,8.8
2019-12-05 20:00:00+00:00,8.572186,0.9908795,9.12
2019-12-05 21:00:00+00:00,8.771004,0.9409101,8.69
2019-12-05 22:00:00+00:00,8.660626,0.8969135,8.57
2019-12-05 23:00:00+00:00,8.542698,0.8571679,9.07
2019-12-06 00:00:00+00:00,8.740322,0.814356,8.15
2019-12-06 01:00:00+00:00,8.303511,0.7853709,8.59
2019-12-06 02:00:00+00:00,8.371669,0.8110837,8.23
2019-12-06 03:00:00+00:00,8.275653,0.8499153,7.85
2019-12-06 04:00:00+00:00,8.055554,0.8999607,7.99
2019-12-06 05:00:00+00:00,8.079955,0.9447805,7.93
2019-12-06 06:00:00+00:00,8.062447,0.9887872,8.56
2019-12-06 07:00:00+00:00,8.370267,1.022497,8.69
2019-12-06 08:00:00+00:00,8.543199,1.054667,7.84
2019-12-06 09:00:00+00:00,8.123944,1.106314,7.68
2019-12-06 10:00:00+00:00,7.789264,1.158756,7.54
2019-12-06 11:00:00+00:00,7.578184,1.193729,7.9
2019-12-06 12:00:00+00:00,7.65757,1.204746,6.53
2019-12-06 13:00:00+00:00,6.978829,1.245827,6.82
2019-12-06 14:00:00+00:00,6.821261,1.249249,6.6
2019-12-06 15:00:00+00:00,6.632832,1.241923,8.01
2019-12-06 16:00:00+00:00,7.282818,1.187359,7.55
2019-12-06 17:00:00+00:00,7.271835,1.174374,6.58
2019-12-06 18:00:00+00:00,6.863524,1.138046,7.53
2019-12-06 19:00:00+00:00,7.18582,1.080058,7.94
2019-12-06 20:00:00+00:00,7.585811,1.012994,8.94
2019-12-06 21:00:00+00:00,8.315877,0.9416122,8.19
2019-12-06 22:00:00+00:00,8.229881,0.889282,8.75
2019-12-06 23:00:00+00:00,8.477365,0.8378457,9.06
2019-12-07 00:00:00+00:00,8.731406,0.794722,9.16
2019-12-07 01:00:00+00:00,8.875826,0.7574406,10.11
2019-12-07 02:00:00+00:00,9.507295,0.7759281,8.6
2019-12-07 03:00:00+00:00,8.95978,0.8200631,9.31
2019-12-07 04:00:00+00:00,9.184322,0.8616853,9.03
2019-12-07 05:00:00+00:00,9.153823,0.9060467,9.53
2019-12-07 06:00:00+00:00,9.401597,0.9447067,9.69
2019-12-07 07:00:00+00:00,9.569639,0.9808722,9.76
2019-12-07 08:00:00+00:00,9.641191,1.016635,9.47
2019-12-07 09:00:00+00:00,9.496312,1.055912,9.75
2019-12-07 10:00:00+00:00,9.519621,1.086391,9.59
2019-12-07 11:00:00+00:00,9.43541,1.116315,9.16
2019-12-07 12:00:00+00:00,9.156368,1.152343,9.48
2019-12-07 13:00:00+00:00,9.145381,1.168451,8.44
2019-12-07 14:00:00+00:00,8.669113,1.199682,8.38
2019-12-07 15:00:00+00:00,8.373574,1.215757,8.86
2019-12-07 16:00:00+00:00,8.437713,1.20693,7.51
2019-12-07 17:00:00+00:00,7.847005,1.209068,5.85
2019-12-07 18:00:00+00:00,6.771677,1.230397,6.55
2019-12-07 19:00:00+00:00,6.576893,1.206643,6.26
2019-12-07 20:00:00+00:00,6.400835,1.164061,6.71
2019-12-07 21:00:00+00:00,6.608977,1.099288,7
2019-12-07 22:00:00+00:00,6.899403,1.029881,6.63
2019-12-07 23:00:00+00:00,6.84536,0.9730903,6.49
2019-12-08 00:00:00+00:00,6.755085,0.9211258,6.21
2019-12-08 01:00:00+00:00,6.333611,0.9097331,4.28
2019-12-08 02:00:00+00:00,5.028187,0.9836902,1.98
2019-12-08 03:00:00+00:00,3.229224,1.124754,1.64
2019-12-08 04:00:00+00:00,2.554967,1.169897,3.06
2019-12-08 05:00:00+00:00,2.894993,1.2912,2.35
2019-12-08 06:00:00+00:00,2.640695,1.367015,4.41
2019-12-08 07:00:00+00:00,3.94467,1.488308,4.58
2019-12-08 08:00:00+00:00,4.495631,1.593095,5.47
2019-12-08 09:00:00+00:00,5.264577,1.726939,5.39
2019-12-08 10:00:00+00:00,5.432543,1.804054,4.57
2019-12-08 11:00:00+00:00,4.899198,1.831921,4.18
2019-12-08 12:00:00+00:00,4.467453,1.834483,2.98
2019-12-08 13:00:00+00:00,3.640561,1.761608,1.42
2019-12-08 14:00:00+00:00,2.574965,1.63694,2.17
2019-12-08 15:00:00+00:00,2.633279,1.623451,1.97
2019-12-08 16:00:00+00:00,2.584458,1.519933,1.39
2019-12-08 17:00:00+00:00,2.364182,1.376027,1.07
2019-12-08 18:00:00+00:00,2.257284,1.260915,0.66
2019-12-08 19:00:00+00:00,2.124441,1.172523,0.88
2019-12-08 20:00:00+00:00,2.334626,1.132043,2.11
2019-12-08 21:00:00+00:00,3.039452,1.167532,2.8
2019-12-08 22:00:00+00:00,3.802475,1.26638,3.39
2019-12-08 23:00:00+00:00,4.178496,1.310667,3.11
2019-12-09 00:00:00+00:00,4.016293,1.262951,3.58
2019-12-09 01:00:00+00:00,3.985187,1.345707,4.32
2019-12-09 02:00:00+00:00,4.150738,1.715325,3.98
2019-12-09 03:00:00+00:00,3.815992,1.838728,3.03
2019-12-09 04:00:00+00:00,3.179775,1.704212,2.19
2019-12-09 05:00:00+00:00,2.960244,1.644571,2.48
2019-12-09 06:00:00+00:00,3.39816,1.695598,1.89
2019-12-09 07:00:00+00:00,3.056165,1.636058,1.51
2019-12-09 08:00:00+00:00,2.625192,1.556147,1.16
2019-12-09 09:00:00+00:00,2.199909,1.478933,1.87
2019-12-09 10:00:00+00:00,2.325274,1.47914,2.39
2019-12-09 11:00:00+00:00,2.603956,1.477715,2.8
2019-12-09 12:00:00+00:00,2.910753,1.476157,2.47
2019-12-09 13:00:00+00:00,2.799531,1.447454,2.7
2019-12-09 14:00:00+00:00,2.928974,1.434788,3.86
2019-12-09 15:00:00+00:00,3.703007,1.469638,2.89
2019-12-09 16:00:00+00:00,3.362499,1.417924,2.22
2019-12-09 17:00:00+00:00,2.954453,1.365479,1.72
2019-12-09 18:00:00+00:00,2.684035,1.267476,4.1
2019-12-09 19:00:00+00:00,4.029745,1.289316,4.77
2019-12-09 20:00:00+00:00,4.80766,1.2427,4.99
2019-12-09 21:00:00+00:00,5.183426,1.188621,5.78
2019-12-09 22:00:00+00:00,5.785939,1.136275,6.54
2019-12-09 23:00:00+00:00,6.425542,1.069105,6.45
2019-12-10 00:00:00+00:00,6.563814,1.001519,6.71
2019-12-10 01:00:00+00:00,6.555685,1.024285,6.16
2019-12-10 02:00:00+00:00,6.176702,1.07574,5.8
2019-12-10 03:00:00+00:00,5.91921,1.122175,4.93
2019-12-10 04:00:00+00:00,5.337986,1.160025,5.5
2019-12-10 05:00:00+00:00,5.541226,1.241083,5.27
2019-12-10 06:00:00+00:00,5.50759,1.296834,5.15
2019-12-10 07:00:00+00:00,5.378024,1.350332,5.45
2019-12-10 08:00:00+00:00,5.500346,1.378523,5.12
2019-12-10 09:00:00+00:00,5.278101,1.404824,4.36
2019-12-10 10:00:00+00:00,4.69733,1.421296,4.85
2019-12-10 11:00:00+00:00,4.686834,1.4484,4.26
2019-12-10 12:00:00+00:00,4.312513,1.468858,5.02
2019-12-10 13:00:00+00:00,4.623109,1.487272,4.18
2019-12-10 14:00:00+00:00,4.301093,1.480335,4.05
2019-12-10 15:00:00+00:00,4.209912,1.445411,4.06
2019-12-10 16:00:00+00:00,4.219818,1.434474,4.27
2019-12-10 17:00:00+00:00,4.407014,1.421626,4.13
2019-12-10 18:00:00+00:00,4.460887,1.418259,3.86
2019-12-10 19:00:00+00:00,4.37832,1.393509,5.22
2019-12-10 20:00:00+00:00,5.221905,1.382961,5.25
2019-12-10 21:00:00+00:00,5.523532,1.335091,5.64
2019-12-10 22:00:00+00:00,5.855,1.27705,5.51
2019-12-10 23:00:00+00:00,5.872415,1.202907,5.74
2019-12-11 00:00:00+00:00,6.000564,1.13214,5.31
2019-12-11 01:00:00+00:00,5.528939,1.184595,5.76
2019-12-11 02:00:00+00:00,5.617164,1.278757,5.62
2019-12-11 03:00:00+00:00,5.646984,1.376543,6.35
2019-12-11 04:00:00+00:00,6.186547,1.47833,6.55
2019-12-11 05:00:00+00:00,6.539046,1.563044,6.38
2019-12-11 06:00:00+00:00,6.55352,1.634348,7.3
2019-12-11 07:00:00+00:00,7.112469,1.681019,6.36
2019-12-11 08:00:00+00:00,6.717129,1.700581,6.98
2019-12-11 09:00:00+00:00,6.862796,1.71422,5.98
2019-12-11 10:00:00+00:00,6.290619,1.711933,6.2
2019-12-11 11:00:00+00:00,6.121643,1.71261,6.07
2019-12-11 12:00:00+00:00,5.991064,1.678728,5.29
2019-12-11 13:00:00+00:00,5.486032,1.648127,6.64
2019-12-11 14:00:00+00:00,6.045753,1.626853,6.48
2019-12-11 15:00:00+00:00,6.242328,1.591331,6.32
2019-12-11 16:00:00+00:00,6.278147,1.531757,5.02
2019-12-11 17:00:00+00:00,5.55765,1.488135,6.45
2019-12-11 18:00:00+00:00,6.118284,1.460274,5.18
2019-12-11 19:00:00+00:00,5.640261,1.422179,6.71
2019-12-11 20:00:00+00:00,6.408472,1.381393,6.57
2019-12-11 21:00:00+00:00,6.640013,1.328559,5.3
2019-12-11 22:00:00+00:00,6.01276,1.269993,5.33
2019-12-11 23:00:00+00:00,5.807128,1.215957,5.8
2019-12-12 00:00:00+00:00,5.99757,1.159884,5.66
2019-12-12 01:00:00+00:00,5.723007,1.251393,6.54
2019-12-12 02:00:00+00:00,6.1638,1.409018,5.95
2019-12-12 03:00:00+00:00,6.067273,1.56165,5.43
2019-12-12 04:00:00+00:00,5.783789,1.68799,4.73
2019-12-12 05:00:00+00:00,5.220557,1.80211,4.28
2019-12-12 06:00:00+00:00,4.682197,1.892797,3.75
2019-12-12 07:00:00+00:00,4.172367,1.918539,3.72
2019-12-12 08:00:00+00:00,3.966119,1.921215,4.78
2019-12-12 09:00:00+00:00,4.538522,1.977505,4.28
2019-12-12 10:00:00+00:00,4.490736,1.936001,4.57
2019-12-12 11:00:00+00:00,4.681603,1.899818,3.95
2019-12-12 12:00:00+00:00,4.365781,1.807142,4.46
2019-12-12 13:00:00+00:00,4.553681,1.746652,6.18
2019-12-12 14:00:00+00:00,5.662437,1.743287,4.39
2019-12-12 15:00:00+00:00,4.890635,1.652829,3.86
2019-12-12 16:00:00+00:00,4.307028,1.600927,3.01
2019-12-12 17:00:00+00:00,3.669943,1.530965,2.89
2019-12-12 18:00:00+00:00,3.46516,1.478958,2.3
2019-12-12 19:00:00+00:00,3.157468,1.430092,2.48
2019-12-12 20:00:00+00:00,3.25857,1.370869,3.46
2019-12-12 21:00:00+00:00,3.921264,1.347854,4.34
2019-12-12 22:00:00+00:00,4.649363,1.322242,5.19
2019-12-12 23:00:00+00:00,5.358292,1.269733,5.17
2019-12-13 00:00:00+00:00,5.542618,1.186905,5.01
2019-12-13 01:00:00+00:00,5.224607,1.244269,5.35
2019-12-13 02:00:00+00:00,5.306469,1.318471,5.52
2019-12-13 03:00:00+00:00,5.551656,1.364028,5.88
2019-12-13 04:00:00+00:00,5.978372,1.361463,6.68
2019-12-13 05:00:00+00:00,6.676269,1.327247,6.78
2019-12-13 06:00:00+00:00,6.969739,1.27627,7.15
2019-12-13 07:00:00+00:00,7.241292,1.241885,7.74
2019-12-13 08:00:00+00:00,7.639437,1.212689,7.73
2019-12-13 09:00:00+00:00,7.829027,1.174214,7.84
2019-12-13 10:00:00+00:00,7.882696,1.164861,12.01
2019-12-13 11:00:00+00:00,10.05724,1.107696,10.19
2019-12-13 12:00:00+00:00,10.17672,1.076405,12.45
2019-12-13 13:00:00+00:00,11.23917,1.03779,9.99
2019-12-13 14:00:00+00:00,10.67978,1.038217,9.12
2019-12-13 15:00:00+00:00,9.827958,1.067625,6.27
2019-12-13 16:00:00+00:00,8.014535,1.154438,8.83
2019-12-13 17:00:00+00:00,8.145267,1.156124,9.06
2019-12-13 18:00:00+00:00,8.413236,1.123018,9.39
2019-12-13 19:00:00+00:00,8.76694,1.070474,9.43
2019-12-13 20:00:00+00:00,9.002771,1.015914,10.08
2019-12-13 21:00:00+00:00,9.452533,0.9538394,7.43
2019-12-13 22:00:00+00:00,8.39143,0.932744,10.62
2019-12-13 23:00:00+00:00,9.413667,0.8678741,10.33
2019-12-14 00:00:00+00:00,9.774938,0.81775,10.28
2019-12-14 01:00:00+00:00,9.962168,0.7746325,10.14
2019-12-14 02:00:00+00:00,10.00215,0.7943406,11
2019-12-14 03:00:00+00:00,10.5141,0.8196007,11.48
2019-12-14 04:00:00+00:00,10.99789,0.8480096,13.62
2019-12-14 05:00:00+00:00,12.20471,0.8661882,14.46
2019-12-14 06:00:00+00:00,13.08578,0.8817796,14.7
2019-12-14 07:00:00+00:00,13.57386,0.8947406,14.82
2019-12-14 08:00:00+00:00,13.82793,0.906433,15.7
2019-12-14 09:00:00+00:00,14.2597,0.9111872,15.25
2019-12-14 10:00:00+00:00,14.34401,0.9211515,14
2019-12-14 11:00:00+00:00,13.97283,0.9393869,15.14
2019-12-14 12:00:00+00:00,14.13389,0.9398438,14.18
2019-12-14 13:00:00+00:00,13.94275,0.9547317,14.49
2019-12-14 14:00:00+00:00,13.94106,0.9583448,13.91
2019-12-14 15:00:00+00:00,13.76565,0.9680718,14.21
2019-12-14 16:00:00+00:00,13.7427,0.9676241,13.31
2019-12-14 17:00:00+00:00,13.44391,0.9773941,12.06
2019-12-14 18:00:00+00:00,12.80547,0.9956178,12
2019-12-14 19:00:00+00:00,12.35713,1.002442,14.06
2019-12-14 20:00:00+00:00,12.86212,0.9726461,12.81
2019-12-14 21:00:00+00:00,12.72916,0.9686015,13.01
2019-12-14 22:00:00+00:00,12.69095,0.9501991,11.89
2019-12-14 23:00:00+00:00,12.22574,0.9428604,10.96
2019-12-15 00:00:00+00:00,11.54477,0.9348179,10.83
2019-12-15 01:00:00+00:00,11.08031,0.9060833,10.73
2019-12-15 02:00:00+00:00,10.85824,0.9251623,11.09
2019-12-15 03:00:00+00:00,10.9402,0.9415463,10.63
2019-12-15 04:00:00+00:00,10.82896,0.9658703,11.21
2019-12-15 05:00:00+00:00,11.01866,0.9814879,12.05
2019-12-15 06:00:00+00:00,11.43758,0.990909,11.67
2019-12-15 07:00:00+00:00,11.508,1.00864,11.83
2019-12-15 08:00:00+00:00,11.60704,1.020731,10.55
2019-12-15 09:00:00+00:00,11.11539,1.055291,9.71
2019-12-15 10:00:00+00:00,10.45701,1.100393,10.57
2019-12-15 11:00:00+00:00,10.36851,1.120768,11.3
2019-12-15 12:00:00+00:00,10.62046,1.120904,10.81
2019-12-15 13:00:00+00:00,10.57655,1.128839,11.05
2019-12-15 14:00:00+00:00,10.66469,1.12058,11.09
2019-12-15 15:00:00+00:00,10.7702,1.104592,9.36
2019-12-15 16:00:00+00:00,10.10822,1.121554,9.02
2019-12-15 17:00:00+00:00,9.516469,1.134736,10.09
2019-12-15 18:00:00+00:00,9.666831,1.104342,10.72
2019-12-15 19:00:00+00:00,10.05277,1.058192,11.5
2019-12-15 20:00:00+00:00,10.62243,1.002105,10.73
2019-12-15 21:00:00+00:00,10.61593,0.9599898,10.1
2019-12-15 22:00:00+00:00,10.29629,0.9262909,7.8
2019-12-15 23:00:00+00:00,9.038743,0.9184074,7.19
2019-12-16 00:00:00+00:00,8.065667,0.9083657,8.15
2019-12-16 01:00:00+00:00,7.917412,0.8769356,8.72
2019-12-16 02:00:00+00:00,8.304871,0.8812743,7.66
2019-12-16 03:00:00+00:00,8.01413,0.9143645,7.82
2019-12-16 04:00:00+00:00,8.015479,0.9470429,9.54
2019-12-16 05:00:00+00:00,8.965014,0.9556162,8
2019-12-16 06:00:00+00:00,8.570634,0.9946431,8.22
2019-12-16 07:00:00+00:00,8.45918,1.033312,9.05
2019-12-16 08:00:00+00:00,8.759231,1.058659,10.19
2019-12-16 09:00:00+00:00,9.406455,1.068502,10.24
2019-12-16 10:00:00+00:00,9.719131,1.080746,8.38
2019-12-16 11:00:00+00:00,8.97796,1.127974,8.73
2019-12-16 12:00:00+00:00,8.720003,1.157256,9.39
2019-12-16 13:00:00+00:00,8.887436,1.159504,11.34
2019-12-16 14:00:00+00:00,9.936348,1.108277,9.57
2019-12-16 15:00:00+00:00,9.743598,1.097103,10.85
2019-12-16 16:00:00+00:00,10.18231,1.062049,11.4
2019-12-16 17:00:00+00:00,10.66478,1.025792,11.58
2019-12-16 18:00:00+00:00,11.01944,0.9912311,10.47
2019-12-16 19:00:00+00:00,10.71881,0.9747941,10.46
2019-12-16 20:00:00+00:00,10.52204,0.9549292,11.14
2019-12-16 21:00:00+00:00,10.71425,0.925,10.78
2019-12-16 22:00:00+00:00,10.66371,0.899242,10.11
2019-12-16 23:00:00+00:00,10.32297,0.8765396,10.74
2019-12-17 00:00:00+00:00,10.40807,0.8458073,11.12
2019-12-17 01:00:00+00:00,10.713,0.807373,11.41
2019-12-17 02:00:00+00:00,11.06267,0.8247595,12.35
2019-12-17 03:00:00+00:00,11.717,0.8431115,11.87
2019-12-17 04:00:00+00:00,11.83943,0.8694782,12.71
2019-12-17 05:00:00+00:00,12.23985,0.8904119,13.31
2019-12-17 06:00:00+00:00,12.6527,0.9091357,14.58
2019-12-17 07:00:00+00:00,13.33448,0.9176154,14.57
2019-12-17 08:00:00+00:00,13.67431,0.929041,15.34
2019-12-17 09:00:00+00:00,14.10755,0.9319769,14.89
2019-12-17 10:00:00+00:00,14.21626,0.9408543,14.89
2019-12-17 11:00:00+00:00,14.25003,0.9474554,15.41
2019-12-17 12:00:00+00:00,14.4482,0.9477196,14.55
2019-12-17 13:00:00+00:00,14.29499,0.9585401,15.41
2019-12-17 14:00:00+00:00,14.47574,0.9534743,15.94
2019-12-17 15:00:00+00:00,14.76856,0.9470513,15.24
2019-12-17 16:00:00+00:00,14.73718,0.949324,15.01
2019-12-17 17:00:00+00:00,14.63225,0.9491161,15.32
2019-12-17 18:00:00+00:00,14.67094,0.9440839,14.49
2019-12-17 19:00:00+00:00,14.43018,0.9483017,15.58
2019-12-17 20:00:00+00:00,14.61118,0.9347634,15.22
2019-12-17 21:00:00+00:00,14.61099,0.9310665,13.82
2019-12-17 22:00:00+00:00,14.14156,0.9352873,13.02
2019-12-17 23:00:00+00:00,13.53874,0.9367383,12.59
2019-12-18 00:00:00+00:00,12.99438,0.9347441,13.28
2019-12-18 01:00:00+00:00,12.94984,0.8966792,12.38
2019-12-18 02:00:00+00:00,12.63939,0.9148861,13.49
2019-12-18 03:00:00+00:00,12.94758,0.9163361,13.21
2019-12-18 04:00:00+00:00,13.05111,0.9278707,13.9
2019-12-18 05:00:00+00:00,13.36936,0.9310792,14.67
2019-12-18 06:00:00+00:00,13.81975,0.9315575,14.24
2019-12-18 07:00:00+00:00,13.91082,0.940756,13.08
2019-12-18 08:00:00+00:00,13.5243,0.9619731,14.3
2019-12-18 09:00:00+00:00,13.67666,0.9630839,13.97
2019-12-18 10:00:00+00:00,13.66569,0.9742415,12.97
2019-12-18 11:00:00+00:00,13.31645,0.9948213,13.56
2019-12-18 12:00:00+00:00,13.26232,0.9997206,12.99
2019-12-18 13:00:00+00:00,13.04572,1.014149,14.07
2019-12-18 14:00:00+00:00,13.25674,1.004891,13.05
2019-12-18 15:00:00+00:00,13.05032,1.014834,13.33
2019-12-18 16:00:00+00:00,12.98108,1.01069,12.34
2019-12-18 17:00:00+00:00,12.58873,1.020096,13.29
2019-12-18 18:00:00+00:00,12.67356,1.003332,12.98
2019-12-18 19:00:00+00:00,12.63465,0.9931195,12.43
2019-12-18 20:00:00+00:00,12.39375,0.9842209,12.23
2019-12-18 21:00:00+00:00,12.15801,0.9707577,12.05
2019-12-18 22:00:00+00:00,11.94494,0.9540832,11.27
2019-12-18 23:00:00+00:00,11.50118,0.9406662,10.84
2019-12-19 00:00:00+00:00,11.04632,0.9232917,10.49
2019-12-19 01:00:00+00:00,10.60419,0.8954132,9.93
2019-12-19 02:00:00+00:00,10.15629,0.9236614,9.81
2019-12-19 03:00:00+00:00,9.940563,0.9528374,9.76
2019-12-19 04:00:00+00:00,9.862876,0.9816718,10.34
2019-12-19 05:00:00+00:00,10.14014,0.9993537,10.2
2019-12-19 06:00:00+00:00,10.21731,1.022897,10.4
2019-12-19 07:00:00+00:00,10.31278,1.045748,10.65
2019-12-19 08:00:00+00:00,10.44334,1.065441,10.33
2019-12-19 09:00:00+00:00,10.33707,1.091276,10.44
2019-12-19 10:00:00+00:00,10.29626,1.111615,9.44
2019-12-19 11:00:00+00:00,9.705667,1.165836,10.05
2019-12-19 12:00:00+00:00,9.794073,1.166833,6.97
2019-12-19 13:00:00+00:00,8.39754,1.257494,8.01
2019-12-19 14:00:00+00:00,8.053839,1.28398,7.97
2019-12-19 15:00:00+00:00,7.894252,1.284164,7.42
2019-12-19 16:00:00+00:00,7.594894,1.273688,6.82
2019-12-19 17:00:00+00:00,7.184894,1.253301,6.74
2019-12-19 18:00:00+00:00,6.949865,1.212379,7.71
2019-12-19 19:00:00+00:00,7.26363,1.158145,5.38
2019-12-19 20:00:00+00:00,6.357718,1.118275,7.35
2019-12-19 21:00:00+00:00,6.912148,1.041065,7.72
2019-12-19 22:00:00+00:00,7.403615,0.9578005,7.18
2019-12-19 23:00:00+00:00,7.349265,0.8973187,7.03
2019-12-20 00:00:00+00:00,7.240164,0.8478406,7.74
2019-12-20 01:00:00+00:00,7.45144,0.8051763,8.2
2019-12-20 02:00:00+00:00,7.880612,0.8136995,8.46
2019-12-20 03:00:00+00:00,8.340722,0.8308613,8.23
2019-12-20 04:00:00+00:00,8.432231,0.8631906,8.62
2019-12-20 05:00:00+00:00,8.717479,0.89439,8.96
2019-12-20 06:00:00+00:00,9.010065,0.9249167,9.79
2019-12-20 07:00:00+00:00,9.506659,0.951985,9.32
2019-12-20 08:00:00+00:00,9.468895,0.9855211,9.29
2019-12-20 09:00:00+00:00,9.357037,1.024586,10.14
2019-12-20 10:00:00+00:00,9.641254,1.048763,10.63
2019-12-20 11:00:00+00:00,9.975717,1.062081,10.72
2019-12-20 12:00:00+00:00,10.17359,1.074222,11.21
2019-12-20 13:00:00+00:00,10.48767,1.072811,11.83
2019-12-20 14:00:00+00:00,10.9181,1.06,10.68
2019-12-20 15:00:00+00:00,10.67505,1.065786,15.23
2019-12-20 16:00:00+00:00,12.42029,0.995817,13.53
2019-12-20 17:00:00+00:00,12.77682,0.9759415,14.69
2019-12-20 18:00:00+00:00,13.36514,0.9438933,15.38
2019-12-20 19:00:00+00:00,13.93715,0.9198728,14.68
2019-12-20 20:00:00+00:00,14.00857,0.9076517,14.06
2019-12-20 21:00:00+00:00,13.79365,0.8987546,14.72
2019-12-20 22:00:00+00:00,13.88395,0.885331,14.69
2019-12-20 23:00:00+00:00,13.9325,0.8764564,15.47
2019-12-21 00:00:00+00:00,14.23328,0.8643071,15.14
2019-12-21 01:00:00+00:00,14.42594,0.838329,14.48
2019-12-21 02:00:00+00:00,14.32166,0.851238,17
2019-12-21 03:00:00+00:00,15.13587,0.8519852,17.07
2019-12-21 04:00:00+00:00,15.62773,0.862708,17.67
2019-12-21 05:00:00+00:00,16.08285,0.8669735,18.25
2019-12-21 06:00:00+00:00,16.49167,0.8701057,18.76
2019-12-21 07:00:00+00:00,16.86038,0.8721144,17.4
2019-12-21 08:00:00+00:00,16.74344,0.8818507,18.13
2019-12-21 09:00:00+00:00,16.84893,0.8818265,17.54
2019-12-21 10:00:00+00:00,16.77107,0.8899317,18.28
2019-12-21 11:00:00+00:00,16.90804,0.8895781,18.12
2019-12-21 12:00:00+00:00,16.95873,0.8937569,17.1
2019-12-21 13:00:00+00:00,16.7362,0.902633,16.87
2019-12-21 14:00:00+00:00,16.52896,0.90834,17.12
2019-12-21 15:00:00+00:00,16.45209,0.9112011,15.1
2019-12-21 16:00:00+00:00,15.86398,0.9329658,16.02
2019-12-21 17:00:00+00:00,15.72549,0.9320265,16.08
2019-12-21 18:00:00+00:00,15.65571,0.9362104,15.14
2019-12-21 19:00:00+00:00,15.33391,0.9470721,15.45
2019-12-21 20:00:00+00:00,15.1962,0.9462916,16.2
2019-12-21 21:00:00+00:00,15.31605,0.938853,15.78
2019-12-21 22:00:00+00:00,15.25966,0.9381971,15.78
2019-12-21 23:00:00+00:00,15.20276,0.9324532,15.27
2019-12-22 00:00:00+00:00,14.99216,0.9300165,14.98
2019-12-22 01:00:00+00:00,14.85366,0.8980403,14.84
2019-12-22 02:00:00+00:00,14.73473,0.9017288,14.11
2019-12-22 03:00:00+00:00,14.41787,0.9131659,13.53
2019-12-22 04:00:00+00:00,14.01773,0.9277674,13.17
2019-12-22 05:00:00+00:00,13.64022,0.9443134,13.44
2019-12-22 06:00:00+00:00,13.51166,0.9549891,15.77
2019-12-22 07:00:00+00:00,14.24485,0.9391566,15.36
2019-12-22 08:00:00+00:00,14.55106,0.9423401,15.93
2019-12-22 09:00:00+00:00,14.87934,0.9371064,15.46
2019-12-22 10:00:00+00:00,14.91925,0.9409758,16.67
2019-12-22 11:00:00+00:00,15.2913,0.9313366,15.81
2019-12-22 12:00:00+00:00,15.28198,0.9367964,15.78
2019-12-22 13:00:00+00:00,15.21573,0.9374085,13.53
2019-12-22 14:00:00+00:00,14.46733,0.9639232,13.46
2019-12-22 15:00:00+00:00,13.9169,0.9776521,14.18
2019-12-22 16:00:00+00:00,13.83639,0.9779173,14.72
2019-12-22 17:00:00+00:00,13.96334,0.9713166,14.72
2019-12-22 18:00:00+00:00,14.04034,0.9650943,15.67
2019-12-22 19:00:00+00:00,14.40204,0.9466829,14.8
2019-12-22 20:00:00+00:00,14.32793,0.9426649,13.77
2019-12-22 21:00:00+00:00,13.89619,0.9414182,11.8
2019-12-22 22:00:00+00:00,12.88434,0.9537804,12.42
2019-12-22 23:00:00+00:00,12.46446,0.9419032,12.57
2019-12-23 00:00:00+00:00,12.27682,0.9273463,12.93
2019-12-23 01:00:00+00:00,12.34074,0.8886173,13.97
2019-12-23 02:00:00+00:00,12.8733,0.8882867,14.15
2019-12-23 03:00:00+00:00,13.28082,0.895139,15.18
2019-12-23 04:00:00+00:00,13.90273,0.896731,16.02
2019-12-23 05:00:00+00:00,14.5253,0.8984362,15.91
2019-12-23 06:00:00+00:00,14.81452,0.9036946,16.42
2019-12-23 07:00:00+00:00,15.12219,0.9047828,16.5
2019-12-23 08:00:00+00:00,15.31131,0.9080188,16.32
2019-12-23 09:00:00+00:00,15.35701,0.9125404,15.52
2019-12-23 10:00:00+00:00,15.1311,0.9228237,15.26
2019-12-23 11:00:00+00:00,14.90823,0.9315759,13.95
2019-12-23 12:00:00+00:00,14.33599,0.9538068,11.97
2019-12-23 13:00:00+00:00,13.26698,0.9963738,9.62
2019-12-23 14:00:00+00:00,11.48825,1.085059,6.38
2019-12-23 15:00:00+00:00,9.1854,1.247347,5.41
2019-12-23 16:00:00+00:00,7.209151,1.42151,6.02
2019-12-23 17:00:00+00:00,6.510544,1.47455,10.89
2019-12-23 18:00:00+00:00,8.439111,1.333864,11.78
2019-12-23 19:00:00+00:00,10.062,1.229713,11.48
2019-12-23 20:00:00+00:00,10.77367,1.151979,12.46
2019-12-23 21:00:00+00:00,11.51965,1.072096,12.53
2019-12-23 22:00:00+00:00,11.87913,1.00494,13.92
2019-12-23 23:00:00+00:00,12.58043,0.9462575,13.57
2019-12-24 00:00:00+00:00,12.74891,0.9028434,12.62
2019-12-24 01:00:00+00:00,12.53481,0.8814884,11.74
2019-12-24 02:00:00+00:00,11.99356,0.9122116,11.55
2019-12-24 03:00:00+00:00,11.6616,0.9510853,11.24
2019-12-24 04:00:00+00:00,11.38397,0.9970218,11.3
2019-12-24 05:00:00+00:00,11.29248,1.038452,11.52
2019-12-24 06:00:00+00:00,11.35417,1.073005,11.65
2019-12-24 07:00:00+00:00,11.44493,1.102196,11.59
2019-12-24 08:00:00+00:00,11.45625,1.127457,11.93
2019-12-24 09:00:00+00:00,11.59261,1.139579,12.24
2019-12-24 10:00:00+00:00,11.77682,1.143462,12.49
2019-12-24 11:00:00+00:00,11.96956,1.141808,12.65
2019-12-24 12:00:00+00:00,12.12998,1.13292,8.39
2019-12-24 13:00:00+00:00,10.44706,1.227704,7.19
2019-12-24 14:00:00+00:00,8.863222,1.300996,10.28
2019-12-24 15:00:00+00:00,9.303558,1.256306,6.92
2019-12-24 16:00:00+00:00,8.110405,1.307138,6.28
2019-12-24 17:00:00+00:00,7.048892,1.378373,4.04
2019-12-24 18:00:00+00:00,5.540679,1.461406,6.71
2019-12-24 19:00:00+00:00,6.036396,1.410227,9.07
2019-12-24 20:00:00+00:00,7.598349,1.325069,10.96
2019-12-24 21:00:00+00:00,9.408098,1.228418,11.43
2019-12-24 22:00:00+00:00,10.45577,1.13206,6.26
2019-12-24 23:00:00+00:00,8.29885,1.067951,1.57
2019-12-25 00:00:00+00:00,5.037542,1.134731,0.860000000000001
2019-12-25 01:00:00+00:00,2.880218,1.246579,5.73
2019-12-25 02:00:00+00:00,4.401072,1.333645,9.08
2019-12-25 03:00:00+00:00,7.406634,1.470573,3.75
2019-12-25 04:00:00+00:00,5.198322,1.602431,5.84
2019-12-25 05:00:00+00:00,5.707004,1.762699,3.79
2019-12-25 06:00:00+00:00,4.641011,1.81555,6.6
2019-12-25 07:00:00+00:00,5.891409,2.028199,7.43
2019-12-25 08:00:00+00:00,6.882478,2.211229,7.2
2019-12-25 09:00:00+00:00,7.127653,2.314889,7.1
2019-12-25 10:00:00+00:00,7.161376,2.352264,5.8
2019-12-25 11:00:00+00:00,6.38519,2.296591,6.15
2019-12-25 12:00:00+00:00,6.238167,2.259035,8.08
2019-12-25 13:00:00+00:00,7.285835,2.270264,10.21
2019-12-25 14:00:00+00:00,8.923449,2.300021,8.91
2019-12-25 15:00:00+00:00,8.896884,2.261896,9.97
2019-12-25 16:00:00+00:00,9.400619,2.200415,11.28
2019-12-25 17:00:00+00:00,10.25023,2.095375,10.18
2019-12-25 18:00:00+00:00,10.09016,1.993074,13.33
2019-12-25 19:00:00+00:00,11.34983,1.93672,8.81
2019-12-25 20:00:00+00:00,9.936931,1.915108,14.74
2019-12-25 21:00:00+00:00,11.75223,1.831692,20.18
2019-12-25 22:00:00+00:00,14.36017,1.763819,25.06
2019-12-25 23:00:00+00:00,16.55435,1.661094,20.48
2019-12-26 00:00:00+00:00,16.63459,1.624698,16.83
2019-12-26 01:00:00+00:00,15.80064,1.789962,14.96
2019-12-26 02:00:00+00:00,14.66013,2.029794,10.7
2019-12-26 03:00:00+00:00,12.64555,2.417446,8.43
2019-12-26 04:00:00+00:00,10.5227,2.70828,10.97
2019-12-26 05:00:00+00:00,10.22753,2.681178,13.96
2019-12-26 06:00:00+00:00,11.4145,2.563824,11.03
2019-12-26 07:00:00+00:00,10.97642,2.647614,10
2019-12-26 08:00:00+00:00,10.28453,2.692586,7.08
2019-12-26 09:00:00+00:00,8.680576,2.749545,11.74
2019-12-26 10:00:00+00:00,9.816917,2.671105,11.32
2019-12-26 11:00:00+00:00,10.27912,2.695106,13.54
2019-12-26 12:00:00+00:00,11.44155,2.661762,10.21
2019-12-26 13:00:00+00:00,10.60303,2.742343,4.9
2019-12-26 14:00:00+00:00,7.687913,2.724537,13.85
2019-12-26 15:00:00+00:00,10.31334,2.652242,12.42
2019-12-26 16:00:00+00:00,10.93972,2.68112,11.24
2019-12-26 17:00:00+00:00,10.66253,2.673436,9.34
2019-12-26 18:00:00+00:00,9.576165,2.604615,4.7
2019-12-26 19:00:00+00:00,6.768742,2.317834,4.97
2019-12-26 20:00:00+00:00,5.663416,2.0078,6.18
2019-12-26 21:00:00+00:00,6.003232,1.858226,6.67
2019-12-26 22:00:00+00:00,6.525664,1.795446,6.75
2019-12-26 23:00:00+00:00,6.808848,1.763833,7.44
2019-12-27 00:00:00+00:00,7.323753,1.785249,7.64
2019-12-27 01:00:00+00:00,7.386578,1.915378,7.07
2019-12-27 02:00:00+00:00,6.89364,1.909434,6.9
2019-12-27 03:00:00+00:00,6.680128,1.862809,6.19
2019-12-27 04:00:00+00:00,6.167024,1.757218,8.52
2019-12-27 05:00:00+00:00,7.666616,1.860298,7.92
2019-12-27 06:00:00+00:00,7.618036,1.845431,7.27
2019-12-27 07:00:00+00:00,7.145551,1.769776,8.84
2019-12-27 08:00:00+00:00,8.073372,1.821797,6.15
2019-12-27 09:00:00+00:00,6.470016,1.655887,6.26
2019-12-27 10:00:00+00:00,6.162313,1.571409,5.96
2019-12-27 11:00:00+00:00,6.26623,1.652757,8.08
2019-12-27 12:00:00+00:00,8.103231,1.909433,8.68
2019-12-27 13:00:00+00:00,8.846411,2.005936,8.38
2019-12-27 14:00:00+00:00,8.817513,1.935521,8.17
2019-12-27 15:00:00+00:00,8.622948,1.776775,8.9
2019-12-27 16:00:00+00:00,8.885709,1.578894,9
2019-12-27 17:00:00+00:00,9.015537,1.384954,9.73
2019-12-27 18:00:00+00:00,9.415479,1.222922,9.88
2019-12-27 19:00:00+00:00,9.653594,1.106458,9.26
2019-12-27 20:00:00+00:00,9.438798,1.032697,9.12
2019-12-27 21:00:00+00:00,9.226613,0.9819157,9.02
2019-12-27 22:00:00+00:00,9.049415,0.9403672,9.75
2019-12-27 23:00:00+00:00,9.315911,0.8926302,8.73
2019-12-28 00:00:00+00:00,8.941451,0.8560575,8.86
2019-12-28 01:00:00+00:00,8.840579,0.8168239,8.69
2019-12-28 02:00:00+00:00,8.76725,0.8378613,8.91
2019-12-28 03:00:00+00:00,8.92305,0.8639997,9
2019-12-28 04:00:00+00:00,9.082007,0.8933515,9.72
2019-12-28 05:00:00+00:00,9.557528,0.9156438,9.92
2019-12-28 06:00:00+00:00,9.870683,0.9392893,10.57
2019-12-28 07:00:00+00:00,10.29502,0.9590271,10.04
2019-12-28 08:00:00+00:00,10.19537,0.9907836,9.79
2019-12-28 09:00:00+00:00,9.997087,1.025283,5.78
2019-12-28 10:00:00+00:00,7.999656,1.152453,11.24
2019-12-28 11:00:00+00:00,9.304521,1.125205,7.36
2019-12-28 12:00:00+00:00,8.386134,1.184196,10.87
2019-12-28 13:00:00+00:00,9.367393,1.148348,10.95
2019-12-28 14:00:00+00:00,9.992588,1.118083,10.71
2019-12-28 15:00:00+00:00,10.25492,1.094364,10.38
2019-12-28 16:00:00+00:00,10.21891,1.081096,11.57
2019-12-28 17:00:00+00:00,10.71806,1.0432,11.11
2019-12-28 18:00:00+00:00,10.81565,1.017789,10.24
2019-12-28 19:00:00+00:00,10.46188,1.004395,11.12
2019-12-28 20:00:00+00:00,10.62016,0.9730031,9.82
2019-12-28 21:00:00+00:00,10.14823,0.9557872,11.7
2019-12-28 22:00:00+00:00,10.72147,0.9090693,11.48
2019-12-28 23:00:00+00:00,10.94046,0.8735843,10.7
2019-12-29 00:00:00+00:00,10.67131,0.8454673,10.52
2019-12-29 01:00:00+00:00,10.46254,0.8143206,9.75
2019-12-29 02:00:00+00:00,10.00598,0.8455428,8.77
2019-12-29 03:00:00+00:00,9.328399,0.8946828,7.82
2019-12-29 04:00:00+00:00,8.503112,0.9627269,7.54
2019-12-29 05:00:00+00:00,7.935146,1.032969,6.73
2019-12-29 06:00:00+00:00,7.192458,1.12062,7.17
2019-12-29 07:00:00+00:00,7.04162,1.185506,6.39
2019-12-29 08:00:00+00:00,6.519172,1.270348,5.9
2019-12-29 09:00:00+00:00,6.029072,1.349319,7.53
2019-12-29 10:00:00+00:00,6.757483,1.357487,9.52
2019-12-29 11:00:00+00:00,8.268301,1.31776,10.57
2019-12-29 12:00:00+00:00,9.545888,1.263733,11.62
2019-12-29 13:00:00+00:00,10.63302,1.19763,11.18
2019-12-29 14:00:00+00:00,10.89905,1.143257,10.95
2019-12-29 15:00:00+00:00,10.86303,1.105594,10.92
2019-12-29 16:00:00+00:00,10.78176,1.077392,11.45
2019-12-29 17:00:00+00:00,10.9615,1.04612,11.61
2019-12-29 18:00:00+00:00,11.1295,1.01585,12.03
2019-12-29 19:00:00+00:00,11.39308,0.9831274,11.87
2019-12-29 20:00:00+00:00,11.45525,0.9549866,11.66
2019-12-29 21:00:00+00:00,11.37525,0.9307773,11.58
2019-12-29 22:00:00+00:00,11.28213,0.9074007,11.56
2019-12-29 23:00:00+00:00,11.21146,0.8824393,11.33
2019-12-30 00:00:00+00:00,11.05262,0.8579978,10.45
2019-12-30 01:00:00+00:00,10.60163,0.8417876,9.8
2019-12-30 02:00:00+00:00,10.06349,0.8842528,9.41
2019-12-30 03:00:00+00:00,9.655584,0.9375758,9.8
2019-12-30 04:00:00+00:00,9.697696,0.9832594,11.63
2019-12-30 05:00:00+00:00,10.68115,0.9973978,12.24
2019-12-30 06:00:00+00:00,11.43861,1.007908,12.83
2019-12-30 07:00:00+00:00,12.03285,1.013363,13.36
2019-12-30 08:00:00+00:00,12.50507,1.011258,12.75
2019-12-30 09:00:00+00:00,12.47086,1.019913,15.33
2019-12-30 10:00:00+00:00,13.39289,0.9990428,15.26
2019-12-30 11:00:00+00:00,13.88962,0.9913028,15.01
2019-12-30 12:00:00+00:00,14.06055,0.9851322,14.46
2019-12-30 13:00:00+00:00,13.95604,0.9847118,14.65
2019-12-30 14:00:00+00:00,13.95712,0.9795482,13.63
2019-12-30 15:00:00+00:00,13.61728,0.9870728,12.92
2019-12-30 16:00:00+00:00,13.14683,0.9960296,11.99
2019-12-30 17:00:00+00:00,12.50312,1.012272,12.13
2019-12-30 18:00:00+00:00,12.16319,1.014017,11.52
2019-12-30 19:00:00+00:00,11.73728,1.018353,11.69
2019-12-30 20:00:00+00:00,11.56629,1.006209,12.35
2019-12-30 21:00:00+00:00,11.74866,0.9787718,12.42
2019-12-30 22:00:00+00:00,11.88974,0.9516806,12.53
2019-12-30 23:00:00+00:00,12.00217,0.9230282,11.98
2019-12-31 00:00:00+00:00,11.82052,0.8989154,10.69
2019-12-31 01:00:00+00:00,11.18549,0.8786082,12.44
2019-12-31 02:00:00+00:00,11.65892,0.8859947,12.55
2019-12-31 03:00:00+00:00,12.03681,0.902527,13.01
2019-12-31 04:00:00+00:00,12.45633,0.9157814,13.97
2019-12-31 05:00:00+00:00,13.0677,0.9235859,13.8
2019-12-31 06:00:00+00:00,13.31753,0.9356024,13.8
2019-12-31 07:00:00+00:00,13.42172,0.9468573,14.73
2019-12-31 08:00:00+00:00,13.78682,0.9489689,14.56
2019-12-31 09:00:00+00:00,13.93604,0.9560035,15.38
2019-12-31 10:00:00+00:00,14.2551,0.9532891,14.12
2019-12-31 11:00:00+00:00,14.0411,0.9674351,13.73
2019-12-31 12:00:00+00:00,13.75634,0.978698,12.62
2019-12-31 13:00:00+00:00,13.16385,1.003924,12.79
2019-12-31 14:00:00+00:00,12.83549,1.016768,12.33
2019-12-31 15:00:00+00:00,12.45603,1.033858,11.4
2019-12-31 16:00:00+00:00,11.87267,1.057844,10.86
2019-12-31 17:00:00+00:00,11.29989,1.076804,9.85
2019-12-31 18:00:00+00:00,10.56573,1.101114,9.73
2019-12-31 19:00:00+00:00,10.07675,1.105924,9.29
2019-12-31 20:00:00+00:00,9.608854,1.104058,10.42
2019-12-31 21:00:00+00:00,9.883113,1.056185,11.04
2019-12-31 22:00:00+00:00,10.3442,0.9995715,12.31
2019-12-31 23:00:00+00:00,11.14513,0.9373955,11.95
